Time,Current
2024-12-13 18:39:23.414,0.03699999999999999
2024-12-13 18:39:23.461,0.03699999999999999
2024-12-13 18:39:23.502,0.03699999999999999
2024-12-13 18:39:23.569,0.03699999999999999
2024-12-13 18:39:23.616,0.03699999999999999
2024-12-13 18:39:23.668,0.03699999999999999
2024-12-13 18:39:23.704,0.03699999999999999
2024-12-13 18:39:23.756,0.044
2024-12-13 18:39:23.828,0.044
2024-12-13 18:39:23.854,0.044
2024-12-13 18:39:24.091,0.02700000000000001
2024-12-13 18:39:24.123,0.02700000000000001
2024-12-13 18:39:24.164,0.02700000000000001
2024-12-13 18:39:24.216,0.02700000000000001
2024-12-13 18:39:24.289,0.02700000000000001
2024-12-13 18:39:24.320,0.02700000000000001
2024-12-13 18:39:24.356,0.02700000000000001
2024-12-13 18:39:24.388,0.02700000000000001
2024-12-13 18:39:24.445,0.029000000000000012
2024-12-13 18:39:24.481,0.029000000000000012
2024-12-13 18:39:26.615,0.044
2024-12-13 18:39:26.672,0.044
2024-12-13 18:39:26.714,0.044
2024-12-13 18:39:26.744,0.044
2024-12-13 18:39:26.770,0.044
2024-12-13 18:39:26.802,0.044
2024-12-13 18:39:26.859,0.044
2024-12-13 18:39:26.900,0.02700000000000001
2024-12-13 18:39:26.937,0.02700000000000001
2024-12-13 18:39:26.973,0.02700000000000001
2024-12-13 18:39:28.614,0.02700000000000001
2024-12-13 18:39:28.666,0.02700000000000001
2024-12-13 18:39:28.691,0.02700000000000001
2024-12-13 18:39:28.723,0.02700000000000001
2024-12-13 18:39:28.759,0.02700000000000001
2024-12-13 18:39:28.795,0.02700000000000001
2024-12-13 18:39:28.847,0.02700000000000001
2024-12-13 18:39:28.904,0.02700000000000001
2024-12-13 18:39:28.961,0.02700000000000001
2024-12-13 18:39:28.992,0.02700000000000001
2024-12-13 18:39:30.043,0.02700000000000001
2024-12-13 18:39:30.079,0.02700000000000001
2024-12-13 18:39:30.094,0.02700000000000001
2024-12-13 18:39:30.110,0.02700000000000001
2024-12-13 18:39:30.162,0.02700000000000001
2024-12-13 18:39:30.189,0.02700000000000001
2024-12-13 18:39:30.230,0.02700000000000001
2024-12-13 18:39:30.272,0.02700000000000001
2024-12-13 18:39:30.303,0.02700000000000001
2024-12-13 18:39:30.335,0.02800000000000001
2024-12-13 18:39:30.635,0.02800000000000001
2024-12-13 18:39:30.644,0.02800000000000001
2024-12-13 18:39:30.658,0.02800000000000001
2024-12-13 18:39:30.662,0.02700000000000001
2024-12-13 18:39:30.695,0.02700000000000001
2024-12-13 18:39:30.712,0.02700000000000001
2024-12-13 18:39:30.743,0.02700000000000001
2024-12-13 18:39:30.760,0.02700000000000001
2024-12-13 18:39:30.796,0.02700000000000001
2024-12-13 18:39:30.824,0.02700000000000001
2024-12-13 18:39:32.684,0.045
2024-12-13 18:39:32.741,0.045
2024-12-13 18:39:32.809,0.03399999999999999
2024-12-13 18:39:32.835,0.03399999999999999
2024-12-13 18:39:32.871,0.03399999999999999
2024-12-13 18:39:32.929,0.03399999999999999
2024-12-13 18:39:33.027,0.03399999999999999
2024-12-13 18:39:33.069,0.03399999999999999
2024-12-13 18:39:33.115,0.02700000000000001
2024-12-13 18:39:33.152,0.02700000000000001
2024-12-13 18:39:34.497,0.02700000000000001
2024-12-13 18:39:34.534,0.02700000000000001
2024-12-13 18:39:34.555,0.02700000000000001
2024-12-13 18:39:34.586,0.02700000000000001
2024-12-13 18:39:34.617,0.02700000000000001
2024-12-13 18:39:34.669,0.02700000000000001
2024-12-13 18:39:34.731,0.02700000000000001
2024-12-13 18:39:34.845,0.02700000000000001
2024-12-13 18:39:34.877,0.02700000000000001
2024-12-13 18:39:34.928,0.02700000000000001
2024-12-13 18:39:36.783,0.02700000000000001
2024-12-13 18:39:36.809,0.02700000000000001
2024-12-13 18:39:36.840,0.02700000000000001
2024-12-13 18:39:36.877,0.02700000000000001
2024-12-13 18:39:36.898,0.02700000000000001
2024-12-13 18:39:36.944,0.02700000000000001
2024-12-13 18:39:37.012,0.02700000000000001
2024-12-13 18:39:37.059,0.02700000000000001
2024-12-13 18:39:37.110,0.02700000000000001
2024-12-13 18:39:37.168,0.02700000000000001
2024-12-13 18:39:38.254,0.02700000000000001
2024-12-13 18:39:38.285,0.02700000000000001
2024-12-13 18:39:38.327,0.040999999999999995
2024-12-13 18:39:38.394,0.040999999999999995
2024-12-13 18:39:38.426,0.040999999999999995
2024-12-13 18:39:38.457,0.040999999999999995
2024-12-13 18:39:38.515,0.040999999999999995
2024-12-13 18:39:38.551,0.040999999999999995
2024-12-13 18:39:38.613,0.040999999999999995
2024-12-13 18:39:38.670,0.043
2024-12-13 18:39:39.608,0.02700000000000001
2024-12-13 18:39:39.645,0.02700000000000001
2024-12-13 18:39:39.703,0.02700000000000001
2024-12-13 18:39:39.745,0.02700000000000001
2024-12-13 18:39:39.787,0.02700000000000001
2024-12-13 18:39:39.839,0.02700000000000001
2024-12-13 18:39:39.870,0.02700000000000001
2024-12-13 18:39:39.902,0.02700000000000001
2024-12-13 18:39:39.913,0.02700000000000001
2024-12-13 18:39:39.934,0.02700000000000001
2024-12-13 18:39:41.065,0.02700000000000001
2024-12-13 18:39:41.107,0.02700000000000001
2024-12-13 18:39:41.150,0.02700000000000001
2024-12-13 18:39:41.217,0.02700000000000001
2024-12-13 18:39:41.290,0.02700000000000001
2024-12-13 18:39:41.347,0.02700000000000001
2024-12-13 18:39:41.394,0.02700000000000001
2024-12-13 18:39:41.451,0.045
2024-12-13 18:39:41.518,0.045
2024-12-13 18:39:41.570,0.045
2024-12-13 18:39:42.546,0.02700000000000001
2024-12-13 18:39:42.583,0.02700000000000001
2024-12-13 18:39:42.620,0.02700000000000001
2024-12-13 18:39:42.656,0.02700000000000001
2024-12-13 18:39:42.682,0.02700000000000001
2024-12-13 18:39:42.719,0.02700000000000001
2024-12-13 18:39:42.770,0.02700000000000001
2024-12-13 18:39:42.796,0.02700000000000001
2024-12-13 18:39:42.843,0.02700000000000001
2024-12-13 18:39:42.865,0.02700000000000001
2024-12-13 18:39:43.660,0.02700000000000001
2024-12-13 18:39:43.707,0.02700000000000001
2024-12-13 18:39:43.729,0.02700000000000001
2024-12-13 18:39:43.760,0.02700000000000001
2024-12-13 18:39:43.797,0.02700000000000001
2024-12-13 18:39:43.824,0.02700000000000001
2024-12-13 18:39:43.850,0.02700000000000001
2024-12-13 18:39:43.888,0.02700000000000001
2024-12-13 18:39:43.920,0.02700000000000001
2024-12-13 18:39:43.956,0.02700000000000001
2024-12-13 18:39:44.884,0.044
2024-12-13 18:39:44.921,0.02700000000000001
2024-12-13 18:39:44.937,0.02700000000000001
2024-12-13 18:39:44.985,0.02700000000000001
2024-12-13 18:39:45.057,0.02700000000000001
2024-12-13 18:39:45.099,0.02700000000000001
2024-12-13 18:39:45.126,0.02700000000000001
2024-12-13 18:39:45.142,0.02700000000000001
2024-12-13 18:39:45.183,0.02700000000000001
2024-12-13 18:39:45.225,0.02700000000000001
2024-12-13 18:39:45.738,0.02700000000000001
2024-12-13 18:39:45.784,0.02700000000000001
2024-12-13 18:39:45.821,0.02700000000000001
2024-12-13 18:39:45.847,0.02700000000000001
2024-12-13 18:39:45.879,0.02700000000000001
2024-12-13 18:39:45.900,0.02700000000000001
2024-12-13 18:39:45.937,0.02700000000000001
2024-12-13 18:39:45.994,0.02700000000000001
2024-12-13 18:39:46.036,0.02700000000000001
2024-12-13 18:39:46.060,0.02700000000000001
2024-12-13 18:39:46.952,0.02700000000000001
2024-12-13 18:39:46.978,0.02700000000000001
2024-12-13 18:39:47.020,0.02700000000000001
2024-12-13 18:39:47.035,0.02700000000000001
2024-12-13 18:39:47.088,0.02700000000000001
2024-12-13 18:39:47.150,0.02700000000000001
2024-12-13 18:39:47.182,0.02700000000000001
2024-12-13 18:39:47.240,0.02700000000000001
2024-12-13 18:39:47.317,0.02700000000000001
2024-12-13 18:39:47.369,0.045
2024-12-13 18:39:48.369,0.02700000000000001
2024-12-13 18:39:48.405,0.02700000000000001
2024-12-13 18:39:48.427,0.02700000000000001
2024-12-13 18:39:48.458,0.02700000000000001
2024-12-13 18:39:48.496,0.02700000000000001
2024-12-13 18:39:48.533,0.02700000000000001
2024-12-13 18:39:48.554,0.02700000000000001
2024-12-13 18:39:48.597,0.02700000000000001
2024-12-13 18:39:48.618,0.02700000000000001
2024-12-13 18:39:48.665,0.02700000000000001
2024-12-13 18:39:49.571,0.02700000000000001
2024-12-13 18:39:49.608,0.02700000000000001
2024-12-13 18:39:49.639,0.02700000000000001
2024-12-13 18:39:49.655,0.02700000000000001
2024-12-13 18:39:49.707,0.02700000000000001
2024-12-13 18:39:49.754,0.02700000000000001
2024-12-13 18:39:49.822,0.02700000000000001
2024-12-13 18:39:49.895,0.02700000000000001
2024-12-13 18:39:49.926,0.02700000000000001
2024-12-13 18:39:49.968,0.02700000000000001
2024-12-13 18:39:50.421,0.02700000000000001
2024-12-13 18:39:50.454,0.02700000000000001
2024-12-13 18:39:50.506,0.046
2024-12-13 18:39:50.548,0.046
2024-12-13 18:39:50.569,0.046
2024-12-13 18:39:50.596,0.046
2024-12-13 18:39:50.623,0.046
2024-12-13 18:39:50.659,0.046
2024-12-13 18:39:50.728,0.046
2024-12-13 18:39:50.750,0.046
2024-12-13 18:39:52.004,0.02700000000000001
2024-12-13 18:39:52.025,0.02700000000000001
2024-12-13 18:39:52.056,0.02700000000000001
2024-12-13 18:39:52.109,0.02700000000000001
2024-12-13 18:39:52.145,0.02700000000000001
2024-12-13 18:39:52.171,0.02700000000000001
2024-12-13 18:39:52.218,0.02800000000000001
2024-12-13 18:39:52.250,0.02800000000000001
2024-12-13 18:39:52.282,0.02800000000000001
2024-12-13 18:39:52.298,0.02800000000000001
2024-12-13 18:39:53.078,0.02700000000000001
2024-12-13 18:39:53.120,0.02700000000000001
2024-12-13 18:39:53.141,0.02700000000000001
2024-12-13 18:39:53.188,0.02700000000000001
2024-12-13 18:39:53.215,0.02700000000000001
2024-12-13 18:39:53.231,0.02700000000000001
2024-12-13 18:39:53.267,0.046
2024-12-13 18:39:53.309,0.046
2024-12-13 18:39:53.331,0.046
2024-12-13 18:39:53.378,0.046
2024-12-13 18:39:54.256,0.02700000000000001
2024-12-13 18:39:54.308,0.02700000000000001
2024-12-13 18:39:54.344,0.02700000000000001
2024-12-13 18:39:54.406,0.02700000000000001
2024-12-13 18:39:54.443,0.02700000000000001
2024-12-13 18:39:54.490,0.02700000000000001
2024-12-13 18:39:54.567,0.02700000000000001
2024-12-13 18:39:54.588,0.02700000000000001
2024-12-13 18:39:54.620,0.02700000000000001
2024-12-13 18:39:54.666,0.02700000000000001
2024-12-13 18:39:55.353,0.02700000000000001
2024-12-13 18:39:55.416,0.02700000000000001
2024-12-13 18:39:55.447,0.02700000000000001
2024-12-13 18:39:55.510,0.02700000000000001
2024-12-13 18:39:55.556,0.02700000000000001
2024-12-13 18:39:55.593,0.02700000000000001
2024-12-13 18:39:55.645,0.02700000000000001
2024-12-13 18:39:55.702,0.02700000000000001
2024-12-13 18:39:55.734,0.02700000000000001
2024-12-13 18:39:55.765,0.02700000000000001
2024-12-13 18:39:56.801,0.02700000000000001
2024-12-13 18:39:56.848,0.02700000000000001
2024-12-13 18:39:56.875,0.02700000000000001
2024-12-13 18:39:56.938,0.02700000000000001
2024-12-13 18:39:56.964,0.02700000000000001
2024-12-13 18:39:57.000,0.02700000000000001
2024-12-13 18:39:57.026,0.02700000000000001
2024-12-13 18:39:57.078,0.02700000000000001
2024-12-13 18:39:57.115,0.02700000000000001
2024-12-13 18:39:57.131,0.02700000000000001
2024-12-13 18:39:57.931,0.02700000000000001
2024-12-13 18:39:57.957,0.02700000000000001
2024-12-13 18:39:57.993,0.02700000000000001
2024-12-13 18:39:58.025,0.02700000000000001
2024-12-13 18:39:58.046,0.02700000000000001
2024-12-13 18:39:58.108,0.02700000000000001
2024-12-13 18:39:58.130,0.02800000000000001
2024-12-13 18:39:58.166,0.02800000000000001
2024-12-13 18:39:58.223,0.02800000000000001
2024-12-13 18:39:58.312,0.02800000000000001
2024-12-13 18:39:59.082,0.02700000000000001
2024-12-13 18:39:59.165,0.03899999999999999
2024-12-13 18:39:59.196,0.03899999999999999
2024-12-13 18:39:59.248,0.03899999999999999
2024-12-13 18:39:59.279,0.03899999999999999
2024-12-13 18:39:59.316,0.03899999999999999
2024-12-13 18:39:59.358,0.03899999999999999
2024-12-13 18:39:59.394,0.03899999999999999
2024-12-13 18:39:59.467,0.03899999999999999
2024-12-13 18:39:59.524,0.044
2024-12-13 18:40:00.331,0.02800000000000001
2024-12-13 18:40:00.339,0.02800000000000001
2024-12-13 18:40:00.369,0.02800000000000001
2024-12-13 18:40:00.395,0.02800000000000001
2024-12-13 18:40:00.412,0.02800000000000001
2024-12-13 18:40:00.460,0.02800000000000001
2024-12-13 18:40:00.474,0.02800000000000001
2024-12-13 18:40:00.484,0.02800000000000001
2024-12-13 18:40:00.489,0.02800000000000001
2024-12-13 18:40:00.502,0.02800000000000001
2024-12-13 18:40:01.215,0.02700000000000001
2024-12-13 18:40:01.251,0.02700000000000001
2024-12-13 18:40:01.262,0.02700000000000001
2024-12-13 18:40:01.304,0.02700000000000001
2024-12-13 18:40:01.330,0.02700000000000001
2024-12-13 18:40:01.398,0.02700000000000001
2024-12-13 18:40:01.424,0.02700000000000001
2024-12-13 18:40:01.507,0.02700000000000001
2024-12-13 18:40:01.543,0.02700000000000001
2024-12-13 18:40:01.560,0.02700000000000001
2024-12-13 18:40:02.478,0.046
2024-12-13 18:40:02.529,0.046
2024-12-13 18:40:02.576,0.046
2024-12-13 18:40:02.623,0.02700000000000001
2024-12-13 18:40:02.644,0.02700000000000001
2024-12-13 18:40:02.680,0.02700000000000001
2024-12-13 18:40:02.702,0.02700000000000001
2024-12-13 18:40:02.743,0.02700000000000001
2024-12-13 18:40:02.775,0.02700000000000001
2024-12-13 18:40:02.801,0.02700000000000001
2024-12-13 18:40:03.614,0.02700000000000001
2024-12-13 18:40:03.671,0.02700000000000001
2024-12-13 18:40:03.739,0.02700000000000001
2024-12-13 18:40:03.786,0.02700000000000001
2024-12-13 18:40:03.822,0.02700000000000001
2024-12-13 18:40:03.859,0.02700000000000001
2024-12-13 18:40:03.875,0.02700000000000001
2024-12-13 18:40:03.901,0.02700000000000001
2024-12-13 18:40:03.948,0.02700000000000001
2024-12-13 18:40:03.984,0.02700000000000001
2024-12-13 18:40:04.910,0.02700000000000001
2024-12-13 18:40:04.952,0.02700000000000001
2024-12-13 18:40:04.973,0.02700000000000001
2024-12-13 18:40:04.989,0.02700000000000001
2024-12-13 18:40:05.036,0.02700000000000001
2024-12-13 18:40:05.072,0.03599999999999999
2024-12-13 18:40:05.093,0.03599999999999999
2024-12-13 18:40:05.150,0.03599999999999999
2024-12-13 18:40:05.208,0.03599999999999999
2024-12-13 18:40:05.244,0.03599999999999999
2024-12-13 18:40:06.113,0.02800000000000001
2024-12-13 18:40:06.154,0.02800000000000001
2024-12-13 18:40:06.211,0.02800000000000001
2024-12-13 18:40:06.258,0.02800000000000001
2024-12-13 18:40:06.300,0.02800000000000001
2024-12-13 18:40:06.347,0.02800000000000001
2024-12-13 18:40:06.378,0.02800000000000001
2024-12-13 18:40:06.389,0.02800000000000001
2024-12-13 18:40:06.441,0.02800000000000001
2024-12-13 18:40:06.467,0.02700000000000001
2024-12-13 18:40:07.341,0.02700000000000001
2024-12-13 18:40:07.362,0.02700000000000001
2024-12-13 18:40:07.378,0.02700000000000001
2024-12-13 18:40:07.399,0.02700000000000001
2024-12-13 18:40:07.426,0.02700000000000001
2024-12-13 18:40:07.462,0.02700000000000001
2024-12-13 18:40:07.478,0.02700000000000001
2024-12-13 18:40:07.515,0.02700000000000001
2024-12-13 18:40:07.567,0.02700000000000001
2024-12-13 18:40:07.588,0.02700000000000001
2024-12-13 18:40:08.703,0.02700000000000001
2024-12-13 18:40:08.739,0.02700000000000001
2024-12-13 18:40:08.750,0.02700000000000001
2024-12-13 18:40:08.766,0.02700000000000001
2024-12-13 18:40:08.798,0.02700000000000001
2024-12-13 18:40:08.840,0.02700000000000001
2024-12-13 18:40:08.881,0.02700000000000001
2024-12-13 18:40:08.928,0.02700000000000001
2024-12-13 18:40:08.975,0.02700000000000001
2024-12-13 18:40:09.008,0.02700000000000001
2024-12-13 18:40:09.816,0.02700000000000001
2024-12-13 18:40:09.847,0.02700000000000001
2024-12-13 18:40:09.879,0.02700000000000001
2024-12-13 18:40:09.916,0.02700000000000001
2024-12-13 18:40:09.973,0.02700000000000001
2024-12-13 18:40:10.025,0.02700000000000001
2024-12-13 18:40:10.041,0.02700000000000001
2024-12-13 18:40:10.108,0.02700000000000001
2024-12-13 18:40:10.134,0.02700000000000001
2024-12-13 18:40:10.176,0.02700000000000001
2024-12-13 18:40:11.314,0.045
2024-12-13 18:40:11.361,0.045
2024-12-13 18:40:11.418,0.045
2024-12-13 18:40:11.460,0.045
2024-12-13 18:40:11.477,0.045
2024-12-13 18:40:11.503,0.045
2024-12-13 18:40:11.524,0.045
2024-12-13 18:40:11.545,0.045
2024-12-13 18:40:11.603,0.045
2024-12-13 18:40:11.650,0.02700000000000001
2024-12-13 18:40:12.347,0.02700000000000001
2024-12-13 18:40:12.410,0.02700000000000001
2024-12-13 18:40:12.447,0.02700000000000001
2024-12-13 18:40:12.483,0.02700000000000001
2024-12-13 18:40:12.536,0.02700000000000001
2024-12-13 18:40:12.567,0.02700000000000001
2024-12-13 18:40:12.609,0.02700000000000001
2024-12-13 18:40:12.630,0.02700000000000001
2024-12-13 18:40:12.698,0.02700000000000001
2024-12-13 18:40:12.745,0.02700000000000001
2024-12-13 18:40:13.769,0.02700000000000001
2024-12-13 18:40:13.786,0.02700000000000001
2024-12-13 18:40:13.822,0.02700000000000001
2024-12-13 18:40:13.854,0.02700000000000001
2024-12-13 18:40:13.870,0.02700000000000001
2024-12-13 18:40:13.928,0.02700000000000001
2024-12-13 18:40:13.970,0.02700000000000001
2024-12-13 18:40:14.022,0.02700000000000001
2024-12-13 18:40:14.063,0.02700000000000001
2024-12-13 18:40:14.105,0.046
2024-12-13 18:40:15.074,0.02700000000000001
2024-12-13 18:40:15.101,0.02700000000000001
2024-12-13 18:40:15.143,0.02700000000000001
2024-12-13 18:40:15.189,0.02700000000000001
2024-12-13 18:40:15.226,0.02700000000000001
2024-12-13 18:40:15.268,0.02700000000000001
2024-12-13 18:40:15.296,0.02700000000000001
2024-12-13 18:40:15.347,0.02700000000000001
2024-12-13 18:40:15.362,0.02700000000000001
2024-12-13 18:40:15.369,0.02700000000000001
2024-12-13 18:40:15.748,0.02700000000000001
2024-12-13 18:40:15.785,0.02700000000000001
2024-12-13 18:40:15.808,0.02700000000000001
2024-12-13 18:40:15.842,0.02700000000000001
2024-12-13 18:40:15.885,0.02700000000000001
2024-12-13 18:40:15.926,0.02700000000000001
2024-12-13 18:40:15.942,0.02700000000000001
2024-12-13 18:40:15.997,0.02700000000000001
2024-12-13 18:40:16.028,0.02700000000000001
2024-12-13 18:40:16.075,0.02700000000000001
2024-12-13 18:40:16.814,0.02700000000000001
2024-12-13 18:40:16.882,0.02700000000000001
2024-12-13 18:40:16.929,0.02700000000000001
2024-12-13 18:40:16.971,0.02700000000000001
2024-12-13 18:40:17.054,0.02700000000000001
2024-12-13 18:40:17.080,0.02700000000000001
2024-12-13 18:40:17.101,0.02700000000000001
2024-12-13 18:40:17.148,0.02700000000000001
2024-12-13 18:40:17.220,0.044
2024-12-13 18:40:17.257,0.044
2024-12-13 18:40:18.073,0.02800000000000001
2024-12-13 18:40:18.115,0.02800000000000001
2024-12-13 18:40:18.126,0.02800000000000001
2024-12-13 18:40:18.157,0.02800000000000001
2024-12-13 18:40:18.199,0.02800000000000001
2024-12-13 18:40:18.235,0.02800000000000001
2024-12-13 18:40:18.267,0.02700000000000001
2024-12-13 18:40:18.298,0.02700000000000001
2024-12-13 18:40:18.330,0.02700000000000001
2024-12-13 18:40:18.377,0.02700000000000001
2024-12-13 18:40:19.105,0.02800000000000001
2024-12-13 18:40:19.132,0.02800000000000001
2024-12-13 18:40:19.173,0.02800000000000001
2024-12-13 18:40:19.220,0.02800000000000001
2024-12-13 18:40:19.262,0.02800000000000001
2024-12-13 18:40:19.283,0.02800000000000001
2024-12-13 18:40:19.315,0.02700000000000001
2024-12-13 18:40:19.336,0.02700000000000001
2024-12-13 18:40:19.372,0.02700000000000001
2024-12-13 18:40:19.440,0.02700000000000001
2024-12-13 18:40:20.200,0.043
2024-12-13 18:40:20.232,0.043
2024-12-13 18:40:20.252,0.043
2024-12-13 18:40:20.273,0.043
2024-12-13 18:40:20.330,0.043
2024-12-13 18:40:20.352,0.041999999999999996
2024-12-13 18:40:20.372,0.041999999999999996
2024-12-13 18:40:20.404,0.041999999999999996
2024-12-13 18:40:20.435,0.041999999999999996
2024-12-13 18:40:20.457,0.041999999999999996
2024-12-13 18:40:21.328,0.02700000000000001
2024-12-13 18:40:21.364,0.02700000000000001
2024-12-13 18:40:21.396,0.02700000000000001
2024-12-13 18:40:21.438,0.02700000000000001
2024-12-13 18:40:21.490,0.02700000000000001
2024-12-13 18:40:21.526,0.02700000000000001
2024-12-13 18:40:21.604,0.02700000000000001
2024-12-13 18:40:21.635,0.02700000000000001
2024-12-13 18:40:21.697,0.02700000000000001
2024-12-13 18:40:21.760,0.02700000000000001
2024-12-13 18:40:22.553,0.02700000000000001
2024-12-13 18:40:22.569,0.02700000000000001
2024-12-13 18:40:22.600,0.02700000000000001
2024-12-13 18:40:22.617,0.02700000000000001
2024-12-13 18:40:22.638,0.02700000000000001
2024-12-13 18:40:22.675,0.02700000000000001
2024-12-13 18:40:22.691,0.02700000000000001
2024-12-13 18:40:22.718,0.02700000000000001
2024-12-13 18:40:22.744,0.02700000000000001
2024-12-13 18:40:22.797,0.02700000000000001
2024-12-13 18:40:23.766,0.02700000000000001
2024-12-13 18:40:23.808,0.02700000000000001
2024-12-13 18:40:23.855,0.02700000000000001
2024-12-13 18:40:23.902,0.02700000000000001
2024-12-13 18:40:23.924,0.02700000000000001
2024-12-13 18:40:23.935,0.02700000000000001
2024-12-13 18:40:23.992,0.02700000000000001
2024-12-13 18:40:24.033,0.02700000000000001
2024-12-13 18:40:24.064,0.02700000000000001
2024-12-13 18:40:24.096,0.02700000000000001
2024-12-13 18:40:24.974,0.02700000000000001
2024-12-13 18:40:24.995,0.02700000000000001
2024-12-13 18:40:25.048,0.02700000000000001
2024-12-13 18:40:25.074,0.02700000000000001
2024-12-13 18:40:25.090,0.02700000000000001
2024-12-13 18:40:25.122,0.02700000000000001
2024-12-13 18:40:25.148,0.02700000000000001
2024-12-13 18:40:25.164,0.02700000000000001
2024-12-13 18:40:25.205,0.02700000000000001
2024-12-13 18:40:25.237,0.02700000000000001
2024-12-13 18:40:26.132,0.03699999999999999
2024-12-13 18:40:26.158,0.03699999999999999
2024-12-13 18:40:26.189,0.03699999999999999
2024-12-13 18:40:26.241,0.047
2024-12-13 18:40:26.272,0.047
2024-12-13 18:40:26.299,0.047
2024-12-13 18:40:26.330,0.047
2024-12-13 18:40:26.352,0.047
2024-12-13 18:40:26.383,0.047
2024-12-13 18:40:26.409,0.047
2024-12-13 18:40:27.492,0.02700000000000001
2024-12-13 18:40:27.539,0.02700000000000001
2024-12-13 18:40:27.571,0.02700000000000001
2024-12-13 18:40:27.633,0.02700000000000001
2024-12-13 18:40:27.664,0.02700000000000001
2024-12-13 18:40:27.716,0.02700000000000001
2024-12-13 18:40:27.764,0.02700000000000001
2024-12-13 18:40:27.785,0.02700000000000001
2024-12-13 18:40:27.822,0.02700000000000001
2024-12-13 18:40:27.879,0.02700000000000001
2024-12-13 18:40:28.626,0.02700000000000001
2024-12-13 18:40:28.652,0.02700000000000001
2024-12-13 18:40:28.689,0.02700000000000001
2024-12-13 18:40:28.710,0.02700000000000001
2024-12-13 18:40:28.721,0.02700000000000001
2024-12-13 18:40:28.752,0.02700000000000001
2024-12-13 18:40:28.789,0.02700000000000001
2024-12-13 18:40:28.821,0.02700000000000001
2024-12-13 18:40:28.904,0.02700000000000001
2024-12-13 18:40:28.966,0.02700000000000001
2024-12-13 18:40:29.876,0.02700000000000001
2024-12-13 18:40:29.897,0.02700000000000001
2024-12-13 18:40:29.938,0.02700000000000001
2024-12-13 18:40:29.965,0.02700000000000001
2024-12-13 18:40:29.996,0.02700000000000001
2024-12-13 18:40:30.038,0.02700000000000001
2024-12-13 18:40:30.085,0.02700000000000001
2024-12-13 18:40:30.106,0.02700000000000001
2024-12-13 18:40:30.132,0.02700000000000001
2024-12-13 18:40:30.205,0.02700000000000001
2024-12-13 18:40:30.505,0.02700000000000001
2024-12-13 18:40:30.516,0.02700000000000001
2024-12-13 18:40:30.521,0.02700000000000001
2024-12-13 18:40:30.535,0.02700000000000001
2024-12-13 18:40:30.565,0.02700000000000001
2024-12-13 18:40:30.601,0.02700000000000001
2024-12-13 18:40:30.630,0.02700000000000001
2024-12-13 18:40:30.647,0.02700000000000001
2024-12-13 18:40:30.684,0.02700000000000001
2024-12-13 18:40:30.710,0.02700000000000001
2024-12-13 18:40:31.627,0.02700000000000001
2024-12-13 18:40:31.674,0.02700000000000001
2024-12-13 18:40:31.700,0.02700000000000001
2024-12-13 18:40:31.731,0.02700000000000001
2024-12-13 18:40:31.762,0.02700000000000001
2024-12-13 18:40:31.819,0.02700000000000001
2024-12-13 18:40:31.866,0.02700000000000001
2024-12-13 18:40:31.903,0.02700000000000001
2024-12-13 18:40:31.944,0.02700000000000001
2024-12-13 18:40:32.011,0.02700000000000001
2024-12-13 18:40:32.772,0.02700000000000001
2024-12-13 18:40:32.814,0.02700000000000001
2024-12-13 18:40:32.861,0.02700000000000001
2024-12-13 18:40:32.893,0.02700000000000001
2024-12-13 18:40:32.919,0.02700000000000001
2024-12-13 18:40:32.981,0.02700000000000001
2024-12-13 18:40:33.018,0.02700000000000001
2024-12-13 18:40:33.064,0.02700000000000001
2024-12-13 18:40:33.106,0.02700000000000001
2024-12-13 18:40:33.143,0.02700000000000001
2024-12-13 18:40:33.954,0.02800000000000001
2024-12-13 18:40:33.980,0.02800000000000001
2024-12-13 18:40:34.002,0.02800000000000001
2024-12-13 18:40:34.038,0.02800000000000001
2024-12-13 18:40:34.070,0.02800000000000001
2024-12-13 18:40:34.101,0.02800000000000001
2024-12-13 18:40:34.123,0.02800000000000001
2024-12-13 18:40:34.169,0.02800000000000001
2024-12-13 18:40:34.247,0.02800000000000001
2024-12-13 18:40:34.305,0.02700000000000001
2024-12-13 18:40:35.182,0.045
2024-12-13 18:40:35.224,0.045
2024-12-13 18:40:35.256,0.045
2024-12-13 18:40:35.292,0.03199999999999999
2024-12-13 18:40:35.328,0.03199999999999999
2024-12-13 18:40:35.349,0.03199999999999999
2024-12-13 18:40:35.396,0.03199999999999999
2024-12-13 18:40:35.433,0.03199999999999999
2024-12-13 18:40:35.479,0.03199999999999999
2024-12-13 18:40:35.516,0.03199999999999999
2024-12-13 18:40:36.544,0.02700000000000001
2024-12-13 18:40:36.575,0.02700000000000001
2024-12-13 18:40:36.622,0.02700000000000001
2024-12-13 18:40:36.684,0.02700000000000001
2024-12-13 18:40:36.741,0.02700000000000001
2024-12-13 18:40:36.783,0.02700000000000001
2024-12-13 18:40:36.825,0.02700000000000001
2024-12-13 18:40:36.851,0.02700000000000001
2024-12-13 18:40:36.898,0.02700000000000001
2024-12-13 18:40:36.950,0.02700000000000001
2024-12-13 18:40:38.150,0.044
2024-12-13 18:40:38.192,0.044
2024-12-13 18:40:38.228,0.044
2024-12-13 18:40:38.265,0.044
2024-12-13 18:40:38.317,0.044
2024-12-13 18:40:38.348,0.044
2024-12-13 18:40:38.405,0.02700000000000001
2024-12-13 18:40:38.442,0.02700000000000001
2024-12-13 18:40:38.473,0.02700000000000001
2024-12-13 18:40:38.530,0.02700000000000001
2024-12-13 18:40:39.412,0.02700000000000001
2024-12-13 18:40:39.444,0.02700000000000001
2024-12-13 18:40:39.501,0.02700000000000001
2024-12-13 18:40:39.527,0.02700000000000001
2024-12-13 18:40:39.600,0.02700000000000001
2024-12-13 18:40:39.642,0.02700000000000001
2024-12-13 18:40:39.673,0.02700000000000001
2024-12-13 18:40:39.746,0.02700000000000001
2024-12-13 18:40:39.787,0.02800000000000001
2024-12-13 18:40:39.814,0.02800000000000001
2024-12-13 18:40:40.701,0.02700000000000001
2024-12-13 18:40:40.732,0.02700000000000001
2024-12-13 18:40:40.764,0.02700000000000001
2024-12-13 18:40:40.795,0.02700000000000001
2024-12-13 18:40:40.811,0.041999999999999996
2024-12-13 18:40:40.842,0.041999999999999996
2024-12-13 18:40:40.899,0.041999999999999996
2024-12-13 18:40:40.920,0.041999999999999996
2024-12-13 18:40:40.957,0.041999999999999996
2024-12-13 18:40:41.004,0.041999999999999996
2024-12-13 18:40:41.910,0.02700000000000001
2024-12-13 18:40:41.958,0.02700000000000001
2024-12-13 18:40:41.989,0.02700000000000001
2024-12-13 18:40:42.041,0.02700000000000001
2024-12-13 18:40:42.083,0.02700000000000001
2024-12-13 18:40:42.125,0.02700000000000001
2024-12-13 18:40:42.162,0.02700000000000001
2024-12-13 18:40:42.199,0.02700000000000001
2024-12-13 18:40:42.220,0.02700000000000001
2024-12-13 18:40:42.293,0.02700000000000001
2024-12-13 18:40:43.321,0.02700000000000001
2024-12-13 18:40:43.327,0.02700000000000001
2024-12-13 18:40:43.369,0.02700000000000001
2024-12-13 18:40:43.421,0.02700000000000001
2024-12-13 18:40:43.468,0.02700000000000001
2024-12-13 18:40:43.510,0.02700000000000001
2024-12-13 18:40:43.572,0.02700000000000001
2024-12-13 18:40:43.640,0.02700000000000001
2024-12-13 18:40:43.666,0.02700000000000001
2024-12-13 18:40:43.703,0.02700000000000001
2024-12-13 18:40:44.525,0.02700000000000001
2024-12-13 18:40:44.561,0.02700000000000001
2024-12-13 18:40:44.583,0.02700000000000001
2024-12-13 18:40:44.624,0.02700000000000001
2024-12-13 18:40:44.661,0.02700000000000001
2024-12-13 18:40:44.712,0.02700000000000001
2024-12-13 18:40:44.744,0.02700000000000001
2024-12-13 18:40:44.796,0.02700000000000001
2024-12-13 18:40:44.833,0.02700000000000001
2024-12-13 18:40:44.869,0.02700000000000001
2024-12-13 18:40:45.422,0.02700000000000001
2024-12-13 18:40:45.438,0.02700000000000001
2024-12-13 18:40:45.461,0.02700000000000001
2024-12-13 18:40:45.474,0.02700000000000001
2024-12-13 18:40:45.487,0.02700000000000001
2024-12-13 18:40:45.501,0.02700000000000001
2024-12-13 18:40:45.510,0.02700000000000001
2024-12-13 18:40:45.535,0.02700000000000001
2024-12-13 18:40:45.547,0.02700000000000001
2024-12-13 18:40:45.557,0.02700000000000001
2024-12-13 18:40:46.424,0.02700000000000001
2024-12-13 18:40:46.445,0.02700000000000001
2024-12-13 18:40:46.487,0.02700000000000001
2024-12-13 18:40:46.518,0.02700000000000001
2024-12-13 18:40:46.560,0.02700000000000001
2024-12-13 18:40:46.617,0.02700000000000001
2024-12-13 18:40:46.639,0.02700000000000001
2024-12-13 18:40:46.686,0.02700000000000001
2024-12-13 18:40:46.743,0.03699999999999999
2024-12-13 18:40:46.805,0.03699999999999999
2024-12-13 18:40:47.894,0.02800000000000001
2024-12-13 18:40:47.947,0.02800000000000001
2024-12-13 18:40:47.999,0.02800000000000001
2024-12-13 18:40:48.056,0.02800000000000001
2024-12-13 18:40:48.124,0.02700000000000001
2024-12-13 18:40:48.155,0.02700000000000001
2024-12-13 18:40:48.172,0.02700000000000001
2024-12-13 18:40:48.208,0.02700000000000001
2024-12-13 18:40:48.245,0.02700000000000001
2024-12-13 18:40:48.266,0.02700000000000001
2024-12-13 18:40:49.029,0.02700000000000001
2024-12-13 18:40:49.060,0.02700000000000001
2024-12-13 18:40:49.133,0.02700000000000001
2024-12-13 18:40:49.169,0.02700000000000001
2024-12-13 18:40:49.180,0.02700000000000001
2024-12-13 18:40:49.206,0.02700000000000001
2024-12-13 18:40:49.253,0.02700000000000001
2024-12-13 18:40:49.290,0.02700000000000001
2024-12-13 18:40:49.326,0.02700000000000001
2024-12-13 18:40:49.342,0.02700000000000001
2024-12-13 18:40:50.456,0.02700000000000001
2024-12-13 18:40:50.472,0.02700000000000001
2024-12-13 18:40:50.524,0.02700000000000001
2024-12-13 18:40:50.556,0.02700000000000001
2024-12-13 18:40:50.583,0.02700000000000001
2024-12-13 18:40:50.608,0.02700000000000001
2024-12-13 18:40:50.630,0.02700000000000001
2024-12-13 18:40:50.677,0.02700000000000001
2024-12-13 18:40:50.708,0.02700000000000001
2024-12-13 18:40:50.740,0.02700000000000001
2024-12-13 18:40:51.722,0.02700000000000001
2024-12-13 18:40:51.743,0.02700000000000001
2024-12-13 18:40:51.774,0.02700000000000001
2024-12-13 18:40:51.801,0.02700000000000001
2024-12-13 18:40:51.822,0.02700000000000001
2024-12-13 18:40:51.854,0.02700000000000001
2024-12-13 18:40:51.895,0.02700000000000001
2024-12-13 18:40:51.927,0.02700000000000001
2024-12-13 18:40:51.963,0.02700000000000001
2024-12-13 18:40:52.020,0.02700000000000001
2024-12-13 18:40:53.103,0.045
2024-12-13 18:40:53.125,0.045
2024-12-13 18:40:53.146,0.045
2024-12-13 18:40:53.183,0.045
2024-12-13 18:40:53.224,0.045
2024-12-13 18:40:53.256,0.045
2024-12-13 18:40:53.298,0.045
2024-12-13 18:40:53.325,0.045
2024-12-13 18:40:53.383,0.02700000000000001
2024-12-13 18:40:53.424,0.02700000000000001
2024-12-13 18:40:54.314,0.02700000000000001
2024-12-13 18:40:54.351,0.02700000000000001
2024-12-13 18:40:54.408,0.02700000000000001
2024-12-13 18:40:54.455,0.02700000000000001
2024-12-13 18:40:54.497,0.02700000000000001
2024-12-13 18:40:54.549,0.02700000000000001
2024-12-13 18:40:54.585,0.02700000000000001
2024-12-13 18:40:54.627,0.02700000000000001
2024-12-13 18:40:54.658,0.02700000000000001
2024-12-13 18:40:54.695,0.02700000000000001
2024-12-13 18:40:55.746,0.02700000000000001
2024-12-13 18:40:55.799,0.045
2024-12-13 18:40:55.836,0.045
2024-12-13 18:40:55.888,0.045
2024-12-13 18:40:55.940,0.045
2024-12-13 18:40:55.966,0.045
2024-12-13 18:40:55.997,0.045
2024-12-13 18:40:56.049,0.045
2024-12-13 18:40:56.066,0.045
2024-12-13 18:40:56.112,0.045
2024-12-13 18:40:57.081,0.02700000000000001
2024-12-13 18:40:57.118,0.02700000000000001
2024-12-13 18:40:57.154,0.02700000000000001
2024-12-13 18:40:57.181,0.02700000000000001
2024-12-13 18:40:57.207,0.02700000000000001
2024-12-13 18:40:57.249,0.02700000000000001
2024-12-13 18:40:57.281,0.02700000000000001
2024-12-13 18:40:57.302,0.02700000000000001
2024-12-13 18:40:57.328,0.02700000000000001
2024-12-13 18:40:57.380,0.02700000000000001
2024-12-13 18:40:58.276,0.02700000000000001
2024-12-13 18:40:58.303,0.02700000000000001
2024-12-13 18:40:58.360,0.02700000000000001
2024-12-13 18:40:58.397,0.02700000000000001
2024-12-13 18:40:58.444,0.02700000000000001
2024-12-13 18:40:58.470,0.02700000000000001
2024-12-13 18:40:58.553,0.02700000000000001
2024-12-13 18:40:58.589,0.02700000000000001
2024-12-13 18:40:58.610,0.02700000000000001
2024-12-13 18:40:58.652,0.02700000000000001
2024-12-13 18:40:59.665,0.02700000000000001
2024-12-13 18:40:59.717,0.02700000000000001
2024-12-13 18:40:59.753,0.02700000000000001
2024-12-13 18:40:59.769,0.02700000000000001
2024-12-13 18:40:59.791,0.02700000000000001
2024-12-13 18:40:59.817,0.02700000000000001
2024-12-13 18:40:59.839,0.02700000000000001
2024-12-13 18:40:59.870,0.02700000000000001
2024-12-13 18:40:59.897,0.02700000000000001
2024-12-13 18:40:59.908,0.02700000000000001
2024-12-13 18:41:00.472,0.02700000000000001
2024-12-13 18:41:00.506,0.02700000000000001
2024-12-13 18:41:00.517,0.02700000000000001
2024-12-13 18:41:00.537,0.02700000000000001
2024-12-13 18:41:00.565,0.02700000000000001
2024-12-13 18:41:00.592,0.02700000000000001
2024-12-13 18:41:00.633,0.02800000000000001
2024-12-13 18:41:00.639,0.02800000000000001
2024-12-13 18:41:00.645,0.02800000000000001
2024-12-13 18:41:00.684,0.02800000000000001
2024-12-13 18:41:01.521,0.02700000000000001
2024-12-13 18:41:01.537,0.02700000000000001
2024-12-13 18:41:01.573,0.02700000000000001
2024-12-13 18:41:01.641,0.02700000000000001
2024-12-13 18:41:01.709,0.045
2024-12-13 18:41:01.750,0.045
2024-12-13 18:41:01.787,0.045
2024-12-13 18:41:01.839,0.045
2024-12-13 18:41:01.891,0.045
2024-12-13 18:41:01.937,0.045
2024-12-13 18:41:03.009,0.02700000000000001
2024-12-13 18:41:03.031,0.02700000000000001
2024-12-13 18:41:03.083,0.02700000000000001
2024-12-13 18:41:03.125,0.02700000000000001
2024-12-13 18:41:03.188,0.02700000000000001
2024-12-13 18:41:03.229,0.02700000000000001
2024-12-13 18:41:03.291,0.02700000000000001
2024-12-13 18:41:03.313,0.02700000000000001
2024-12-13 18:41:03.344,0.02700000000000001
2024-12-13 18:41:03.360,0.02700000000000001
2024-12-13 18:41:04.325,0.02700000000000001
2024-12-13 18:41:04.336,0.02700000000000001
2024-12-13 18:41:04.383,0.02700000000000001
2024-12-13 18:41:04.420,0.02700000000000001
2024-12-13 18:41:04.456,0.02700000000000001
2024-12-13 18:41:04.498,0.02700000000000001
2024-12-13 18:41:04.530,0.02700000000000001
2024-12-13 18:41:04.588,0.02700000000000001
2024-12-13 18:41:04.614,0.02700000000000001
2024-12-13 18:41:04.671,0.02700000000000001
2024-12-13 18:41:05.670,0.02700000000000001
2024-12-13 18:41:05.706,0.02700000000000001
2024-12-13 18:41:05.753,0.02700000000000001
2024-12-13 18:41:05.800,0.02700000000000001
2024-12-13 18:41:05.857,0.02700000000000001
2024-12-13 18:41:05.924,0.02700000000000001
2024-12-13 18:41:05.976,0.02700000000000001
2024-12-13 18:41:06.018,0.02700000000000001
2024-12-13 18:41:06.054,0.02700000000000001
2024-12-13 18:41:06.081,0.02700000000000001
2024-12-13 18:41:06.970,0.02700000000000001
2024-12-13 18:41:07.002,0.02700000000000001
2024-12-13 18:41:07.049,0.02700000000000001
2024-12-13 18:41:07.090,0.02700000000000001
2024-12-13 18:41:07.121,0.02700000000000001
2024-12-13 18:41:07.153,0.02700000000000001
2024-12-13 18:41:07.179,0.02700000000000001
2024-12-13 18:41:07.241,0.02700000000000001
2024-12-13 18:41:07.268,0.02700000000000001
2024-12-13 18:41:07.299,0.02700000000000001
2024-12-13 18:41:08.401,0.02700000000000001
2024-12-13 18:41:08.438,0.02700000000000001
2024-12-13 18:41:08.484,0.02700000000000001
2024-12-13 18:41:08.505,0.02700000000000001
2024-12-13 18:41:08.537,0.02700000000000001
2024-12-13 18:41:08.584,0.02700000000000001
2024-12-13 18:41:08.630,0.02800000000000001
2024-12-13 18:41:08.651,0.02800000000000001
2024-12-13 18:41:08.688,0.02800000000000001
2024-12-13 18:41:08.771,0.02800000000000001
2024-12-13 18:41:09.431,0.02700000000000001
2024-12-13 18:41:09.463,0.02700000000000001
2024-12-13 18:41:09.500,0.02700000000000001
2024-12-13 18:41:09.531,0.02700000000000001
2024-12-13 18:41:09.583,0.02700000000000001
2024-12-13 18:41:09.600,0.02700000000000001
2024-12-13 18:41:09.637,0.02700000000000001
2024-12-13 18:41:09.670,0.02700000000000001
2024-12-13 18:41:09.686,0.02700000000000001
2024-12-13 18:41:09.723,0.02700000000000001
2024-12-13 18:41:10.640,0.02700000000000001
2024-12-13 18:41:10.713,0.045
2024-12-13 18:41:10.760,0.045
2024-12-13 18:41:10.812,0.045
2024-12-13 18:41:10.853,0.045
2024-12-13 18:41:10.921,0.045
2024-12-13 18:41:10.946,0.045
2024-12-13 18:41:10.983,0.045
2024-12-13 18:41:11.025,0.045
2024-12-13 18:41:11.067,0.02700000000000001
2024-12-13 18:41:11.904,0.02700000000000001
2024-12-13 18:41:11.940,0.02700000000000001
2024-12-13 18:41:12.019,0.02700000000000001
2024-12-13 18:41:12.035,0.02700000000000001
2024-12-13 18:41:12.051,0.02700000000000001
2024-12-13 18:41:12.088,0.02700000000000001
2024-12-13 18:41:12.124,0.02700000000000001
2024-12-13 18:41:12.166,0.02700000000000001
2024-12-13 18:41:12.224,0.02700000000000001
2024-12-13 18:41:12.276,0.02700000000000001
2024-12-13 18:41:13.053,0.02700000000000001
2024-12-13 18:41:13.100,0.02700000000000001
2024-12-13 18:41:13.147,0.02700000000000001
2024-12-13 18:41:13.194,0.02700000000000001
2024-12-13 18:41:13.209,0.02700000000000001
2024-12-13 18:41:13.251,0.02700000000000001
2024-12-13 18:41:13.272,0.02700000000000001
2024-12-13 18:41:13.334,0.02700000000000001
2024-12-13 18:41:13.361,0.02700000000000001
2024-12-13 18:41:13.393,0.02700000000000001
2024-12-13 18:41:14.411,0.02700000000000001
2024-12-13 18:41:14.443,0.02700000000000001
2024-12-13 18:41:14.474,0.02700000000000001
2024-12-13 18:41:14.501,0.02700000000000001
2024-12-13 18:41:14.538,0.02700000000000001
2024-12-13 18:41:14.554,0.02700000000000001
2024-12-13 18:41:14.628,0.02700000000000001
2024-12-13 18:41:14.695,0.02700000000000001
2024-12-13 18:41:14.711,0.02700000000000001
2024-12-13 18:41:14.763,0.02700000000000001
2024-12-13 18:41:15.424,0.02700000000000001
2024-12-13 18:41:15.437,0.02700000000000001
2024-12-13 18:41:15.450,0.02700000000000001
2024-12-13 18:41:15.460,0.02700000000000001
2024-12-13 18:41:15.479,0.02700000000000001
2024-12-13 18:41:15.498,0.02700000000000001
2024-12-13 18:41:15.515,0.02700000000000001
2024-12-13 18:41:15.528,0.02700000000000001
2024-12-13 18:41:15.545,0.02700000000000001
2024-12-13 18:41:15.579,0.02700000000000001
2024-12-13 18:41:15.966,0.02700000000000001
2024-12-13 18:41:15.992,0.02700000000000001
2024-12-13 18:41:16.018,0.02700000000000001
2024-12-13 18:41:16.060,0.02700000000000001
2024-12-13 18:41:16.087,0.02700000000000001
2024-12-13 18:41:16.126,0.02700000000000001
2024-12-13 18:41:16.152,0.02700000000000001
2024-12-13 18:41:16.169,0.02700000000000001
2024-12-13 18:41:16.190,0.02700000000000001
2024-12-13 18:41:16.222,0.02700000000000001
2024-12-13 18:41:17.051,0.029000000000000012
2024-12-13 18:41:17.072,0.029000000000000012
2024-12-13 18:41:17.130,0.029000000000000012
2024-12-13 18:41:17.161,0.029000000000000012
2024-12-13 18:41:17.203,0.029000000000000012
2024-12-13 18:41:17.230,0.029000000000000012
2024-12-13 18:41:17.276,0.029000000000000012
2024-12-13 18:41:17.328,0.02700000000000001
2024-12-13 18:41:17.370,0.02700000000000001
2024-12-13 18:41:17.397,0.02700000000000001
2024-12-13 18:41:18.354,0.02700000000000001
2024-12-13 18:41:18.385,0.02700000000000001
2024-12-13 18:41:18.427,0.02700000000000001
2024-12-13 18:41:18.448,0.02700000000000001
2024-12-13 18:41:18.469,0.02700000000000001
2024-12-13 18:41:18.480,0.02700000000000001
2024-12-13 18:41:18.522,0.02700000000000001
2024-12-13 18:41:18.548,0.02700000000000001
2024-12-13 18:41:18.595,0.02700000000000001
2024-12-13 18:41:18.626,0.02700000000000001
2024-12-13 18:41:19.563,0.02700000000000001
2024-12-13 18:41:19.599,0.02700000000000001
2024-12-13 18:41:19.625,0.02700000000000001
2024-12-13 18:41:19.667,0.02700000000000001
2024-12-13 18:41:19.703,0.02700000000000001
2024-12-13 18:41:19.740,0.047
2024-12-13 18:41:19.813,0.047
2024-12-13 18:41:19.824,0.047
2024-12-13 18:41:19.851,0.047
2024-12-13 18:41:19.882,0.047
2024-12-13 18:41:20.653,0.02800000000000001
2024-12-13 18:41:20.669,0.02800000000000001
2024-12-13 18:41:20.684,0.02800000000000001
2024-12-13 18:41:20.715,0.02800000000000001
2024-12-13 18:41:20.731,0.02800000000000001
2024-12-13 18:41:20.783,0.02700000000000001
2024-12-13 18:41:20.793,0.02700000000000001
2024-12-13 18:41:20.827,0.02700000000000001
2024-12-13 18:41:20.874,0.02700000000000001
2024-12-13 18:41:20.905,0.02700000000000001
2024-12-13 18:41:22.029,0.02700000000000001
2024-12-13 18:41:22.040,0.02700000000000001
2024-12-13 18:41:22.057,0.02700000000000001
2024-12-13 18:41:22.088,0.02700000000000001
2024-12-13 18:41:22.125,0.02700000000000001
2024-12-13 18:41:22.142,0.02700000000000001
2024-12-13 18:41:22.188,0.02700000000000001
2024-12-13 18:41:22.235,0.02700000000000001
2024-12-13 18:41:22.256,0.02700000000000001
2024-12-13 18:41:22.282,0.02700000000000001
2024-12-13 18:41:23.323,0.02700000000000001
2024-12-13 18:41:23.366,0.02700000000000001
2024-12-13 18:41:23.449,0.02700000000000001
2024-12-13 18:41:23.475,0.02700000000000001
2024-12-13 18:41:23.522,0.02700000000000001
2024-12-13 18:41:23.570,0.02700000000000001
2024-12-13 18:41:23.601,0.02700000000000001
2024-12-13 18:41:23.632,0.02700000000000001
2024-12-13 18:41:23.669,0.02700000000000001
2024-12-13 18:41:23.742,0.02700000000000001
2024-12-13 18:41:24.618,0.02700000000000001
2024-12-13 18:41:24.644,0.02700000000000001
2024-12-13 18:41:24.717,0.02700000000000001
2024-12-13 18:41:24.779,0.02700000000000001
2024-12-13 18:41:24.801,0.02700000000000001
2024-12-13 18:41:24.858,0.02700000000000001
2024-12-13 18:41:24.947,0.02700000000000001
2024-12-13 18:41:24.963,0.02700000000000001
2024-12-13 18:41:24.984,0.02700000000000001
2024-12-13 18:41:25.005,0.02700000000000001
2024-12-13 18:41:25.828,0.045
2024-12-13 18:41:25.865,0.045
2024-12-13 18:41:25.906,0.045
2024-12-13 18:41:25.958,0.045
2024-12-13 18:41:26.010,0.02700000000000001
2024-12-13 18:41:26.078,0.02700000000000001
2024-12-13 18:41:26.135,0.02700000000000001
2024-12-13 18:41:26.166,0.02700000000000001
2024-12-13 18:41:26.183,0.02700000000000001
2024-12-13 18:41:26.266,0.02700000000000001
2024-12-13 18:41:27.191,0.02700000000000001
2024-12-13 18:41:27.232,0.02700000000000001
2024-12-13 18:41:27.253,0.02700000000000001
2024-12-13 18:41:27.305,0.02700000000000001
2024-12-13 18:41:27.362,0.02700000000000001
2024-12-13 18:41:27.410,0.02800000000000001
2024-12-13 18:41:27.446,0.02800000000000001
2024-12-13 18:41:27.472,0.02800000000000001
2024-12-13 18:41:27.493,0.02800000000000001
2024-12-13 18:41:27.519,0.02800000000000001
2024-12-13 18:41:28.375,0.02700000000000001
2024-12-13 18:41:28.432,0.02700000000000001
2024-12-13 18:41:28.489,0.041999999999999996
2024-12-13 18:41:28.531,0.041999999999999996
2024-12-13 18:41:28.557,0.041999999999999996
2024-12-13 18:41:28.614,0.041999999999999996
2024-12-13 18:41:28.630,0.041999999999999996
2024-12-13 18:41:28.692,0.041999999999999996
2024-12-13 18:41:28.739,0.041999999999999996
2024-12-13 18:41:28.776,0.041999999999999996
2024-12-13 18:41:29.607,0.02700000000000001
2024-12-13 18:41:29.628,0.02700000000000001
2024-12-13 18:41:29.649,0.02700000000000001
2024-12-13 18:41:29.701,0.02700000000000001
2024-12-13 18:41:29.752,0.02700000000000001
2024-12-13 18:41:29.778,0.02700000000000001
2024-12-13 18:41:29.799,0.02700000000000001
2024-12-13 18:41:29.832,0.02700000000000001
2024-12-13 18:41:29.863,0.02700000000000001
2024-12-13 18:41:29.916,0.02700000000000001
2024-12-13 18:41:30.479,0.02700000000000001
2024-12-13 18:41:30.492,0.02700000000000001
2024-12-13 18:41:30.498,0.02700000000000001
2024-12-13 18:41:30.507,0.02700000000000001
2024-12-13 18:41:30.522,0.02700000000000001
2024-12-13 18:41:30.533,0.02700000000000001
2024-12-13 18:41:30.562,0.02700000000000001
2024-12-13 18:41:30.590,0.02700000000000001
2024-12-13 18:41:30.607,0.02700000000000001
2024-12-13 18:41:30.629,0.02700000000000001
2024-12-13 18:41:31.542,0.02700000000000001
2024-12-13 18:41:31.593,0.045
2024-12-13 18:41:31.640,0.045
2024-12-13 18:41:31.677,0.045
2024-12-13 18:41:31.724,0.045
2024-12-13 18:41:31.765,0.045
2024-12-13 18:41:31.802,0.045
2024-12-13 18:41:31.833,0.045
2024-12-13 18:41:31.865,0.045
2024-12-13 18:41:31.901,0.045
2024-12-13 18:41:32.661,0.02700000000000001
2024-12-13 18:41:32.744,0.02700000000000001
2024-12-13 18:41:32.770,0.02700000000000001
2024-12-13 18:41:32.797,0.02700000000000001
2024-12-13 18:41:32.839,0.02700000000000001
2024-12-13 18:41:32.860,0.02700000000000001
2024-12-13 18:41:32.891,0.02700000000000001
2024-12-13 18:41:32.923,0.02700000000000001
2024-12-13 18:41:32.996,0.02700000000000001
2024-12-13 18:41:33.017,0.02700000000000001
2024-12-13 18:41:33.947,0.02700000000000001
2024-12-13 18:41:33.990,0.02700000000000001
2024-12-13 18:41:34.042,0.02700000000000001
2024-12-13 18:41:34.074,0.02700000000000001
2024-12-13 18:41:34.125,0.02700000000000001
2024-12-13 18:41:34.157,0.02700000000000001
2024-12-13 18:41:34.214,0.02700000000000001
2024-12-13 18:41:34.251,0.02700000000000001
2024-12-13 18:41:34.334,0.02700000000000001
2024-12-13 18:41:34.396,0.03799999999999999
2024-12-13 18:41:35.420,0.02700000000000001
2024-12-13 18:41:35.435,0.02700000000000001
2024-12-13 18:41:35.477,0.02700000000000001
2024-12-13 18:41:35.498,0.02700000000000001
2024-12-13 18:41:35.550,0.02700000000000001
2024-12-13 18:41:35.576,0.02700000000000001
2024-12-13 18:41:35.608,0.02700000000000001
2024-12-13 18:41:35.670,0.02700000000000001
2024-12-13 18:41:35.717,0.02700000000000001
2024-12-13 18:41:35.743,0.02700000000000001
2024-12-13 18:41:36.535,0.02700000000000001
2024-12-13 18:41:36.567,0.02700000000000001
2024-12-13 18:41:36.609,0.02700000000000001
2024-12-13 18:41:36.641,0.02700000000000001
2024-12-13 18:41:36.683,0.02700000000000001
2024-12-13 18:41:36.720,0.02700000000000001
2024-12-13 18:41:36.767,0.02700000000000001
2024-12-13 18:41:36.783,0.02700000000000001
2024-12-13 18:41:36.825,0.02700000000000001
2024-12-13 18:41:36.867,0.02700000000000001
2024-12-13 18:41:37.918,0.02700000000000001
2024-12-13 18:41:37.965,0.02700000000000001
2024-12-13 18:41:38.023,0.02700000000000001
2024-12-13 18:41:38.049,0.02700000000000001
2024-12-13 18:41:38.085,0.02700000000000001
2024-12-13 18:41:38.107,0.02700000000000001
2024-12-13 18:41:38.133,0.02700000000000001
2024-12-13 18:41:38.164,0.02700000000000001
2024-12-13 18:41:38.191,0.02700000000000001
2024-12-13 18:41:38.227,0.02700000000000001
2024-12-13 18:41:39.019,0.02700000000000001
2024-12-13 18:41:39.050,0.02700000000000001
2024-12-13 18:41:39.087,0.02700000000000001
2024-12-13 18:41:39.119,0.02700000000000001
2024-12-13 18:41:39.146,0.02700000000000001
2024-12-13 18:41:39.166,0.02700000000000001
2024-12-13 18:41:39.183,0.02700000000000001
2024-12-13 18:41:39.204,0.02700000000000001
2024-12-13 18:41:39.261,0.02700000000000001
2024-12-13 18:41:39.298,0.02700000000000001
2024-12-13 18:41:40.036,0.02700000000000001
2024-12-13 18:41:40.093,0.02700000000000001
2024-12-13 18:41:40.129,0.02700000000000001
2024-12-13 18:41:40.160,0.02700000000000001
2024-12-13 18:41:40.212,0.02700000000000001
2024-12-13 18:41:40.295,0.03499999999999999
2024-12-13 18:41:40.316,0.03499999999999999
2024-12-13 18:41:40.337,0.03499999999999999
2024-12-13 18:41:40.374,0.03499999999999999
2024-12-13 18:41:40.406,0.03499999999999999
2024-12-13 18:41:41.574,0.02800000000000001
2024-12-13 18:41:41.601,0.02800000000000001
2024-12-13 18:41:41.622,0.02800000000000001
2024-12-13 18:41:41.678,0.02800000000000001
2024-12-13 18:41:41.761,0.02700000000000001
2024-12-13 18:41:41.834,0.02700000000000001
2024-12-13 18:41:41.850,0.02700000000000001
2024-12-13 18:41:41.881,0.02700000000000001
2024-12-13 18:41:41.933,0.02700000000000001
2024-12-13 18:41:41.985,0.02700000000000001
2024-12-13 18:41:42.893,0.02700000000000001
2024-12-13 18:41:42.919,0.02700000000000001
2024-12-13 18:41:42.940,0.02700000000000001
2024-12-13 18:41:42.987,0.02700000000000001
2024-12-13 18:41:43.029,0.02700000000000001
2024-12-13 18:41:43.091,0.02700000000000001
2024-12-13 18:41:43.138,0.02700000000000001
2024-12-13 18:41:43.185,0.02700000000000001
2024-12-13 18:41:43.216,0.02700000000000001
2024-12-13 18:41:43.237,0.02700000000000001
2024-12-13 18:41:44.479,0.02700000000000001
2024-12-13 18:41:44.531,0.02700000000000001
2024-12-13 18:41:44.588,0.02700000000000001
2024-12-13 18:41:44.625,0.02700000000000001
2024-12-13 18:41:44.646,0.02700000000000001
2024-12-13 18:41:44.703,0.02700000000000001
2024-12-13 18:41:44.755,0.02700000000000001
2024-12-13 18:41:44.807,0.02700000000000001
2024-12-13 18:41:44.859,0.02700000000000001
2024-12-13 18:41:44.927,0.02700000000000001
2024-12-13 18:41:45.444,0.02700000000000001
2024-12-13 18:41:45.454,0.02700000000000001
2024-12-13 18:41:45.464,0.02700000000000001
2024-12-13 18:41:45.474,0.02700000000000001
2024-12-13 18:41:45.506,0.02700000000000001
2024-12-13 18:41:45.522,0.02700000000000001
2024-12-13 18:41:45.527,0.02700000000000001
2024-12-13 18:41:45.535,0.02700000000000001
2024-12-13 18:41:45.545,0.02700000000000001
2024-12-13 18:41:45.558,0.02700000000000001
2024-12-13 18:41:46.689,0.045
2024-12-13 18:41:46.716,0.045
2024-12-13 18:41:46.768,0.045
2024-12-13 18:41:46.820,0.045
2024-12-13 18:41:46.862,0.045
2024-12-13 18:41:46.873,0.02700000000000001
2024-12-13 18:41:46.920,0.02700000000000001
2024-12-13 18:41:46.966,0.02700000000000001
2024-12-13 18:41:47.008,0.02700000000000001
2024-12-13 18:41:47.060,0.02700000000000001
2024-12-13 18:41:47.938,0.02700000000000001
2024-12-13 18:41:47.991,0.02700000000000001
2024-12-13 18:41:48.027,0.02700000000000001
2024-12-13 18:41:48.049,0.02700000000000001
2024-12-13 18:41:48.085,0.02700000000000001
2024-12-13 18:41:48.137,0.02700000000000001
2024-12-13 18:41:48.154,0.02700000000000001
2024-12-13 18:41:48.211,0.02700000000000001
2024-12-13 18:41:48.232,0.02700000000000001
2024-12-13 18:41:48.264,0.02800000000000001
2024-12-13 18:41:48.989,0.02700000000000001
2024-12-13 18:41:49.015,0.02700000000000001
2024-12-13 18:41:49.062,0.02700000000000001
2024-12-13 18:41:49.098,0.02700000000000001
2024-12-13 18:41:49.145,0.02700000000000001
2024-12-13 18:41:49.182,0.02700000000000001
2024-12-13 18:41:49.234,0.02700000000000001
2024-12-13 18:41:49.312,0.02700000000000001
2024-12-13 18:41:49.359,0.046
2024-12-13 18:41:49.396,0.046
2024-12-13 18:41:50.433,0.02700000000000001
2024-12-13 18:41:50.470,0.02700000000000001
2024-12-13 18:41:50.507,0.02700000000000001
2024-12-13 18:41:50.544,0.02700000000000001
2024-12-13 18:41:50.565,0.02700000000000001
2024-12-13 18:41:50.581,0.02700000000000001
2024-12-13 18:41:50.633,0.02700000000000001
2024-12-13 18:41:50.675,0.02700000000000001
2024-12-13 18:41:50.701,0.02700000000000001
2024-12-13 18:41:50.748,0.02700000000000001
2024-12-13 18:41:51.657,0.02700000000000001
2024-12-13 18:41:51.683,0.02700000000000001
2024-12-13 18:41:51.715,0.02700000000000001
2024-12-13 18:41:51.747,0.02700000000000001
2024-12-13 18:41:51.783,0.02700000000000001
2024-12-13 18:41:51.841,0.02700000000000001
2024-12-13 18:41:51.903,0.02700000000000001
2024-12-13 18:41:51.940,0.02700000000000001
2024-12-13 18:41:51.977,0.02700000000000001
2024-12-13 18:41:52.003,0.02700000000000001
2024-12-13 18:41:53.158,0.02700000000000001
2024-12-13 18:41:53.185,0.02700000000000001
2024-12-13 18:41:53.206,0.02700000000000001
2024-12-13 18:41:53.227,0.02700000000000001
2024-12-13 18:41:53.243,0.02700000000000001
2024-12-13 18:41:53.265,0.02700000000000001
2024-12-13 18:41:53.301,0.02700000000000001
2024-12-13 18:41:53.339,0.02700000000000001
2024-12-13 18:41:53.386,0.02700000000000001
2024-12-13 18:41:53.417,0.02700000000000001
2024-12-13 18:41:54.284,0.02800000000000001
2024-12-13 18:41:54.315,0.02800000000000001
2024-12-13 18:41:54.341,0.02800000000000001
2024-12-13 18:41:54.357,0.02800000000000001
2024-12-13 18:41:54.389,0.02800000000000001
2024-12-13 18:41:54.431,0.02800000000000001
2024-12-13 18:41:54.477,0.02800000000000001
2024-12-13 18:41:54.545,0.02700000000000001
2024-12-13 18:41:54.592,0.02700000000000001
2024-12-13 18:41:54.603,0.02700000000000001
2024-12-13 18:41:55.790,0.044
2024-12-13 18:41:55.822,0.044
2024-12-13 18:41:55.874,0.044
2024-12-13 18:41:55.921,0.02700000000000001
2024-12-13 18:41:55.958,0.02700000000000001
2024-12-13 18:41:55.999,0.02700000000000001
2024-12-13 18:41:56.026,0.02700000000000001
2024-12-13 18:41:56.047,0.02700000000000001
2024-12-13 18:41:56.078,0.02700000000000001
2024-12-13 18:41:56.145,0.02700000000000001
2024-12-13 18:41:57.098,0.02700000000000001
2024-12-13 18:41:57.114,0.02700000000000001
2024-12-13 18:41:57.156,0.02700000000000001
2024-12-13 18:41:57.198,0.02700000000000001
2024-12-13 18:41:57.235,0.02700000000000001
2024-12-13 18:41:57.287,0.02700000000000001
2024-12-13 18:41:57.319,0.02700000000000001
2024-12-13 18:41:57.345,0.02700000000000001
2024-12-13 18:41:57.392,0.02700000000000001
2024-12-13 18:41:57.444,0.02700000000000001
2024-12-13 18:41:58.522,0.045
2024-12-13 18:41:58.569,0.045
2024-12-13 18:41:58.590,0.045
2024-12-13 18:41:58.642,0.045
2024-12-13 18:41:58.658,0.045
2024-12-13 18:41:58.705,0.02700000000000001
2024-12-13 18:41:58.747,0.02700000000000001
2024-12-13 18:41:58.778,0.02700000000000001
2024-12-13 18:41:58.794,0.02700000000000001
2024-12-13 18:41:58.831,0.02700000000000001
2024-12-13 18:41:59.643,0.02700000000000001
2024-12-13 18:41:59.659,0.02700000000000001
2024-12-13 18:41:59.716,0.02700000000000001
2024-12-13 18:41:59.748,0.02700000000000001
2024-12-13 18:41:59.811,0.02700000000000001
2024-12-13 18:41:59.848,0.02700000000000001
2024-12-13 18:41:59.858,0.02700000000000001
2024-12-13 18:41:59.905,0.02700000000000001
2024-12-13 18:41:59.937,0.02700000000000001
2024-12-13 18:41:59.948,0.02700000000000001
2024-12-13 18:42:00.488,0.02700000000000001
2024-12-13 18:42:00.498,0.02700000000000001
2024-12-13 18:42:00.509,0.02700000000000001
2024-12-13 18:42:00.520,0.02700000000000001
2024-12-13 18:42:00.548,0.02700000000000001
2024-12-13 18:42:00.571,0.02700000000000001
2024-12-13 18:42:00.581,0.02700000000000001
2024-12-13 18:42:00.592,0.02700000000000001
2024-12-13 18:42:00.620,0.02700000000000001
2024-12-13 18:42:00.656,0.02700000000000001
2024-12-13 18:42:01.797,0.045
2024-12-13 18:42:01.849,0.02700000000000001
2024-12-13 18:42:01.901,0.02700000000000001
2024-12-13 18:42:01.948,0.02700000000000001
2024-12-13 18:42:01.975,0.02700000000000001
2024-12-13 18:42:02.032,0.02700000000000001
2024-12-13 18:42:02.080,0.02700000000000001
2024-12-13 18:42:02.127,0.02700000000000001
2024-12-13 18:42:02.169,0.02800000000000001
2024-12-13 18:42:02.210,0.02800000000000001
2024-12-13 18:42:03.265,0.02700000000000001
2024-12-13 18:42:03.312,0.02700000000000001
2024-12-13 18:42:03.354,0.02700000000000001
2024-12-13 18:42:03.392,0.02700000000000001
2024-12-13 18:42:03.428,0.02700000000000001
2024-12-13 18:42:03.460,0.02700000000000001
2024-12-13 18:42:03.476,0.02700000000000001
2024-12-13 18:42:03.502,0.02700000000000001
2024-12-13 18:42:03.565,0.02700000000000001
2024-12-13 18:42:03.601,0.02700000000000001
2024-12-13 18:42:04.608,0.02700000000000001
2024-12-13 18:42:04.629,0.02700000000000001
2024-12-13 18:42:04.666,0.02700000000000001
2024-12-13 18:42:04.692,0.02700000000000001
2024-12-13 18:42:04.739,0.02700000000000001
2024-12-13 18:42:04.765,0.02700000000000001
2024-12-13 18:42:04.781,0.02700000000000001
2024-12-13 18:42:04.833,0.02700000000000001
2024-12-13 18:42:04.865,0.02700000000000001
2024-12-13 18:42:04.901,0.02700000000000001
2024-12-13 18:42:05.597,0.02700000000000001
2024-12-13 18:42:05.613,0.02700000000000001
2024-12-13 18:42:05.650,0.02700000000000001
2024-12-13 18:42:05.681,0.02700000000000001
2024-12-13 18:42:05.718,0.02700000000000001
2024-12-13 18:42:05.754,0.02700000000000001
2024-12-13 18:42:05.801,0.02700000000000001
2024-12-13 18:42:05.848,0.02700000000000001
2024-12-13 18:42:05.932,0.02700000000000001
2024-12-13 18:42:05.958,0.02700000000000001
2024-12-13 18:42:06.865,0.02700000000000001
2024-12-13 18:42:06.918,0.02700000000000001
2024-12-13 18:42:06.934,0.02700000000000001
2024-12-13 18:42:06.965,0.02700000000000001
2024-12-13 18:42:06.992,0.02700000000000001
2024-12-13 18:42:07.018,0.02700000000000001
2024-12-13 18:42:07.049,0.02700000000000001
2024-12-13 18:42:07.091,0.02700000000000001
2024-12-13 18:42:07.122,0.02700000000000001
2024-12-13 18:42:07.184,0.02700000000000001
2024-12-13 18:42:08.088,0.02800000000000001
2024-12-13 18:42:08.114,0.02800000000000001
2024-12-13 18:42:08.150,0.02800000000000001
2024-12-13 18:42:08.187,0.02800000000000001
2024-12-13 18:42:08.208,0.02800000000000001
2024-12-13 18:42:08.260,0.02800000000000001
2024-12-13 18:42:08.271,0.02800000000000001
2024-12-13 18:42:08.287,0.02800000000000001
2024-12-13 18:42:08.303,0.02800000000000001
2024-12-13 18:42:08.330,0.02800000000000001
2024-12-13 18:42:09.390,0.02800000000000001
2024-12-13 18:42:09.432,0.02800000000000001
2024-12-13 18:42:09.474,0.02700000000000001
2024-12-13 18:42:09.510,0.02700000000000001
2024-12-13 18:42:09.541,0.02700000000000001
2024-12-13 18:42:09.583,0.02700000000000001
2024-12-13 18:42:09.609,0.02700000000000001
2024-12-13 18:42:09.625,0.02700000000000001
2024-12-13 18:42:09.672,0.02700000000000001
2024-12-13 18:42:09.693,0.02700000000000001
2024-12-13 18:42:10.674,0.03499999999999999
2024-12-13 18:42:10.716,0.03499999999999999
2024-12-13 18:42:10.752,0.03499999999999999
2024-12-13 18:42:10.805,0.03499999999999999
2024-12-13 18:42:10.868,0.02700000000000001
2024-12-13 18:42:10.889,0.02700000000000001
2024-12-13 18:42:10.910,0.02700000000000001
2024-12-13 18:42:10.947,0.02700000000000001
2024-12-13 18:42:10.979,0.02700000000000001
2024-12-13 18:42:11.021,0.02700000000000001
2024-12-13 18:42:12.072,0.02700000000000001
2024-12-13 18:42:12.104,0.02700000000000001
2024-12-13 18:42:12.171,0.02700000000000001
2024-12-13 18:42:12.249,0.02700000000000001
2024-12-13 18:42:12.301,0.02700000000000001
2024-12-13 18:42:12.333,0.02700000000000001
2024-12-13 18:42:12.364,0.02700000000000001
2024-12-13 18:42:12.390,0.02700000000000001
2024-12-13 18:42:12.407,0.02700000000000001
2024-12-13 18:42:12.433,0.02700000000000001
2024-12-13 18:42:13.697,0.02700000000000001
2024-12-13 18:42:13.728,0.02700000000000001
2024-12-13 18:42:13.776,0.02700000000000001
2024-12-13 18:42:13.828,0.02700000000000001
2024-12-13 18:42:13.844,0.02700000000000001
2024-12-13 18:42:13.865,0.02700000000000001
2024-12-13 18:42:13.922,0.02700000000000001
2024-12-13 18:42:13.984,0.02700000000000001
2024-12-13 18:42:14.042,0.02700000000000001
2024-12-13 18:42:14.083,0.02700000000000001
2024-12-13 18:42:14.960,0.02700000000000001
2024-12-13 18:42:15.017,0.02700000000000001
2024-12-13 18:42:15.054,0.02800000000000001
2024-12-13 18:42:15.070,0.02800000000000001
2024-12-13 18:42:15.112,0.02800000000000001
2024-12-13 18:42:15.139,0.02800000000000001
2024-12-13 18:42:15.181,0.02800000000000001
2024-12-13 18:42:15.212,0.02800000000000001
2024-12-13 18:42:15.269,0.02800000000000001
2024-12-13 18:42:15.316,0.02800000000000001
2024-12-13 18:42:15.807,0.02700000000000001
2024-12-13 18:42:15.830,0.02700000000000001
2024-12-13 18:42:15.852,0.02700000000000001
2024-12-13 18:42:15.859,0.02700000000000001
2024-12-13 18:42:15.890,0.02700000000000001
2024-12-13 18:42:15.901,0.02700000000000001
2024-12-13 18:42:15.933,0.02700000000000001
2024-12-13 18:42:15.960,0.02700000000000001
2024-12-13 18:42:15.992,0.02700000000000001
2024-12-13 18:42:16.034,0.02700000000000001
2024-12-13 18:42:16.998,0.02700000000000001
2024-12-13 18:42:17.035,0.02700000000000001
2024-12-13 18:42:17.066,0.02700000000000001
2024-12-13 18:42:17.118,0.02700000000000001
2024-12-13 18:42:17.144,0.02700000000000001
2024-12-13 18:42:17.160,0.02700000000000001
2024-12-13 18:42:17.197,0.02700000000000001
2024-12-13 18:42:17.223,0.02700000000000001
2024-12-13 18:42:17.250,0.02700000000000001
2024-12-13 18:42:17.275,0.02700000000000001
2024-12-13 18:42:18.007,0.02700000000000001
2024-12-13 18:42:18.065,0.02700000000000001
2024-12-13 18:42:18.142,0.02700000000000001
2024-12-13 18:42:18.184,0.02700000000000001
2024-12-13 18:42:18.205,0.02700000000000001
2024-12-13 18:42:18.252,0.02700000000000001
2024-12-13 18:42:18.304,0.02700000000000001
2024-12-13 18:42:18.330,0.02700000000000001
2024-12-13 18:42:18.362,0.02700000000000001
2024-12-13 18:42:18.403,0.02700000000000001
2024-12-13 18:42:19.548,0.02700000000000001
2024-12-13 18:42:19.570,0.02700000000000001
2024-12-13 18:42:19.591,0.02700000000000001
2024-12-13 18:42:19.622,0.02700000000000001
2024-12-13 18:42:19.653,0.02700000000000001
2024-12-13 18:42:19.664,0.02700000000000001
2024-12-13 18:42:19.696,0.02700000000000001
2024-12-13 18:42:19.727,0.02700000000000001
2024-12-13 18:42:19.764,0.02700000000000001
2024-12-13 18:42:19.795,0.02700000000000001
2024-12-13 18:42:20.790,0.02700000000000001
2024-12-13 18:42:20.832,0.02700000000000001
2024-12-13 18:42:20.895,0.02700000000000001
2024-12-13 18:42:20.921,0.02700000000000001
2024-12-13 18:42:20.947,0.02700000000000001
2024-12-13 18:42:21.004,0.02700000000000001
2024-12-13 18:42:21.041,0.02700000000000001
2024-12-13 18:42:21.067,0.02700000000000001
2024-12-13 18:42:21.094,0.02700000000000001
2024-12-13 18:42:21.146,0.02700000000000001
2024-12-13 18:42:22.167,0.02800000000000001
2024-12-13 18:42:22.193,0.02800000000000001
2024-12-13 18:42:22.261,0.02800000000000001
2024-12-13 18:42:22.298,0.045
2024-12-13 18:42:22.324,0.045
2024-12-13 18:42:22.371,0.045
2024-12-13 18:42:22.398,0.045
2024-12-13 18:42:22.435,0.045
2024-12-13 18:42:22.498,0.045
2024-12-13 18:42:22.534,0.045
2024-12-13 18:42:23.719,0.02700000000000001
2024-12-13 18:42:23.772,0.02700000000000001
2024-12-13 18:42:23.815,0.02700000000000001
2024-12-13 18:42:23.851,0.02700000000000001
2024-12-13 18:42:23.882,0.02700000000000001
2024-12-13 18:42:23.914,0.02700000000000001
2024-12-13 18:42:23.976,0.02700000000000001
2024-12-13 18:42:24.023,0.02800000000000001
2024-12-13 18:42:24.074,0.02800000000000001
2024-12-13 18:42:24.096,0.02800000000000001
2024-12-13 18:42:25.105,0.045
2024-12-13 18:42:25.136,0.045
2024-12-13 18:42:25.209,0.045
2024-12-13 18:42:25.261,0.045
2024-12-13 18:42:25.328,0.045
2024-12-13 18:42:25.365,0.045
2024-12-13 18:42:25.407,0.03299999999999999
2024-12-13 18:42:25.439,0.03299999999999999
2024-12-13 18:42:25.445,0.03299999999999999
2024-12-13 18:42:25.491,0.03299999999999999
2024-12-13 18:42:26.624,0.02700000000000001
2024-12-13 18:42:26.646,0.02700000000000001
2024-12-13 18:42:26.677,0.02700000000000001
2024-12-13 18:42:26.724,0.02700000000000001
2024-12-13 18:42:26.766,0.02700000000000001
2024-12-13 18:42:26.818,0.02700000000000001
2024-12-13 18:42:26.844,0.02700000000000001
2024-12-13 18:42:26.875,0.02700000000000001
2024-12-13 18:42:26.927,0.02700000000000001
2024-12-13 18:42:26.979,0.02700000000000001
2024-12-13 18:42:27.843,0.02700000000000001
2024-12-13 18:42:27.890,0.02700000000000001
2024-12-13 18:42:27.921,0.02700000000000001
2024-12-13 18:42:27.943,0.02700000000000001
2024-12-13 18:42:27.980,0.02700000000000001
2024-12-13 18:42:28.027,0.02700000000000001
2024-12-13 18:42:28.037,0.02700000000000001
2024-12-13 18:42:28.100,0.02700000000000001
2024-12-13 18:42:28.116,0.02700000000000001
2024-12-13 18:42:28.194,0.045
2024-12-13 18:42:28.994,0.02700000000000001
2024-12-13 18:42:29.015,0.02700000000000001
2024-12-13 18:42:29.057,0.02700000000000001
2024-12-13 18:42:29.114,0.02700000000000001
2024-12-13 18:42:29.146,0.02700000000000001
2024-12-13 18:42:29.208,0.02700000000000001
2024-12-13 18:42:29.249,0.02700000000000001
2024-12-13 18:42:29.291,0.02700000000000001
2024-12-13 18:42:29.323,0.02700000000000001
2024-12-13 18:42:29.365,0.02700000000000001
2024-12-13 18:42:30.362,0.02700000000000001
2024-12-13 18:42:30.375,0.02700000000000001
2024-12-13 18:42:30.389,0.02700000000000001
2024-12-13 18:42:30.394,0.02700000000000001
2024-12-13 18:42:30.401,0.02700000000000001
2024-12-13 18:42:30.407,0.02700000000000001
2024-12-13 18:42:30.417,0.02700000000000001
2024-12-13 18:42:30.427,0.02700000000000001
2024-12-13 18:42:30.432,0.02700000000000001
2024-12-13 18:42:30.438,0.02700000000000001
2024-12-13 18:42:31.496,0.039999999999999994
2024-12-13 18:42:31.564,0.039999999999999994
2024-12-13 18:42:31.606,0.039999999999999994
2024-12-13 18:42:31.637,0.039999999999999994
2024-12-13 18:42:31.658,0.02700000000000001
2024-12-13 18:42:31.679,0.02700000000000001
2024-12-13 18:42:31.711,0.02700000000000001
2024-12-13 18:42:31.742,0.02700000000000001
2024-12-13 18:42:31.789,0.02700000000000001
2024-12-13 18:42:31.821,0.02700000000000001
2024-12-13 18:42:32.857,0.02700000000000001
2024-12-13 18:42:32.879,0.02700000000000001
2024-12-13 18:42:32.915,0.02700000000000001
2024-12-13 18:42:32.973,0.02700000000000001
2024-12-13 18:42:33.067,0.02700000000000001
2024-12-13 18:42:33.083,0.02700000000000001
2024-12-13 18:42:33.124,0.02700000000000001
2024-12-13 18:42:33.161,0.02700000000000001
2024-12-13 18:42:33.187,0.02700000000000001
2024-12-13 18:42:33.203,0.02700000000000001
2024-12-13 18:42:34.286,0.045
2024-12-13 18:42:34.297,0.045
2024-12-13 18:42:34.334,0.045
2024-12-13 18:42:34.376,0.045
2024-12-13 18:42:34.412,0.045
2024-12-13 18:42:34.459,0.02700000000000001
2024-12-13 18:42:34.485,0.02700000000000001
2024-12-13 18:42:34.533,0.02700000000000001
2024-12-13 18:42:34.564,0.02700000000000001
2024-12-13 18:42:34.585,0.02700000000000001
2024-12-13 18:42:35.742,0.02700000000000001
2024-12-13 18:42:35.768,0.02700000000000001
2024-12-13 18:42:35.836,0.02700000000000001
2024-12-13 18:42:35.883,0.02700000000000001
2024-12-13 18:42:35.925,0.02700000000000001
2024-12-13 18:42:35.941,0.02700000000000001
2024-12-13 18:42:35.999,0.02700000000000001
2024-12-13 18:42:36.030,0.02700000000000001
2024-12-13 18:42:36.067,0.02700000000000001
2024-12-13 18:42:36.083,0.02700000000000001
2024-12-13 18:42:37.138,0.03699999999999999
2024-12-13 18:42:37.154,0.03699999999999999
2024-12-13 18:42:37.242,0.045
2024-12-13 18:42:37.269,0.045
2024-12-13 18:42:37.337,0.045
2024-12-13 18:42:37.378,0.045
2024-12-13 18:42:37.410,0.045
2024-12-13 18:42:37.451,0.045
2024-12-13 18:42:37.493,0.045
2024-12-13 18:42:37.524,0.045
2024-12-13 18:42:38.620,0.02700000000000001
2024-12-13 18:42:38.678,0.02700000000000001
2024-12-13 18:42:38.730,0.02700000000000001
2024-12-13 18:42:38.767,0.02700000000000001
2024-12-13 18:42:38.809,0.02700000000000001
2024-12-13 18:42:38.845,0.02700000000000001
2024-12-13 18:42:38.871,0.02700000000000001
2024-12-13 18:42:38.918,0.02700000000000001
2024-12-13 18:42:38.975,0.02700000000000001
2024-12-13 18:42:39.022,0.02700000000000001
2024-12-13 18:42:40.256,0.048
2024-12-13 18:42:40.329,0.048
2024-12-13 18:42:40.366,0.02700000000000001
2024-12-13 18:42:40.407,0.02700000000000001
2024-12-13 18:42:40.434,0.02700000000000001
2024-12-13 18:42:40.475,0.02700000000000001
2024-12-13 18:42:40.506,0.02700000000000001
2024-12-13 18:42:40.548,0.02700000000000001
2024-12-13 18:42:40.585,0.02700000000000001
2024-12-13 18:42:40.617,0.02700000000000001
2024-12-13 18:42:41.349,0.02700000000000001
2024-12-13 18:42:41.376,0.02700000000000001
2024-12-13 18:42:41.410,0.02700000000000001
2024-12-13 18:42:41.442,0.02700000000000001
2024-12-13 18:42:41.478,0.02700000000000001
2024-12-13 18:42:41.505,0.02700000000000001
2024-12-13 18:42:41.532,0.02700000000000001
2024-12-13 18:42:41.543,0.02700000000000001
2024-12-13 18:42:41.595,0.02700000000000001
2024-12-13 18:42:41.626,0.02700000000000001
2024-12-13 18:42:42.287,0.02700000000000001
2024-12-13 18:42:42.308,0.02700000000000001
2024-12-13 18:42:42.370,0.02700000000000001
2024-12-13 18:42:42.423,0.02700000000000001
2024-12-13 18:42:42.454,0.02700000000000001
2024-12-13 18:42:42.502,0.02700000000000001
2024-12-13 18:42:42.554,0.02700000000000001
2024-12-13 18:42:42.570,0.02700000000000001
2024-12-13 18:42:42.597,0.02700000000000001
2024-12-13 18:42:42.623,0.02700000000000001
2024-12-13 18:42:43.331,0.045
2024-12-13 18:42:43.337,0.045
2024-12-13 18:42:43.348,0.045
2024-12-13 18:42:43.365,0.045
2024-12-13 18:42:43.407,0.045
2024-12-13 18:42:43.454,0.045
2024-12-13 18:42:43.495,0.02700000000000001
2024-12-13 18:42:43.526,0.02700000000000001
2024-12-13 18:42:43.563,0.02700000000000001
2024-12-13 18:42:43.620,0.02700000000000001
2024-12-13 18:42:44.324,0.02700000000000001
2024-12-13 18:42:44.366,0.02700000000000001
2024-12-13 18:42:44.408,0.02700000000000001
2024-12-13 18:42:44.440,0.02700000000000001
2024-12-13 18:42:44.466,0.02700000000000001
2024-12-13 18:42:44.508,0.02700000000000001
2024-12-13 18:42:44.545,0.02700000000000001
2024-12-13 18:42:44.592,0.02700000000000001
2024-12-13 18:42:44.614,0.02700000000000001
2024-12-13 18:42:44.661,0.02700000000000001
2024-12-13 18:42:45.311,0.02700000000000001
2024-12-13 18:42:45.321,0.02700000000000001
2024-12-13 18:42:45.353,0.02700000000000001
2024-12-13 18:42:45.388,0.02700000000000001
2024-12-13 18:42:45.409,0.02700000000000001
2024-12-13 18:42:45.441,0.02700000000000001
2024-12-13 18:42:45.446,0.02700000000000001
2024-12-13 18:42:45.456,0.02700000000000001
2024-12-13 18:42:45.462,0.02700000000000001
2024-12-13 18:42:45.476,0.02700000000000001
2024-12-13 18:42:45.766,0.02700000000000001
2024-12-13 18:42:45.819,0.02700000000000001
2024-12-13 18:42:45.871,0.02700000000000001
2024-12-13 18:42:45.933,0.045
2024-12-13 18:42:45.970,0.045
2024-12-13 18:42:45.991,0.045
2024-12-13 18:42:46.028,0.045
2024-12-13 18:42:46.059,0.045
2024-12-13 18:42:46.106,0.045
2024-12-13 18:42:46.148,0.045
2024-12-13 18:42:46.874,0.02700000000000001
2024-12-13 18:42:46.900,0.02700000000000001
2024-12-13 18:42:46.911,0.02700000000000001
2024-12-13 18:42:46.978,0.02700000000000001
2024-12-13 18:42:47.025,0.02700000000000001
2024-12-13 18:42:47.083,0.02700000000000001
2024-12-13 18:42:47.130,0.02700000000000001
2024-12-13 18:42:47.182,0.02700000000000001
2024-12-13 18:42:47.228,0.02700000000000001
2024-12-13 18:42:47.286,0.02700000000000001
2024-12-13 18:42:47.949,0.02700000000000001
2024-12-13 18:42:48.001,0.02700000000000001
2024-12-13 18:42:48.074,0.02700000000000001
2024-12-13 18:42:48.131,0.02700000000000001
2024-12-13 18:42:48.147,0.02700000000000001
2024-12-13 18:42:48.179,0.02700000000000001
2024-12-13 18:42:48.200,0.02700000000000001
2024-12-13 18:42:48.236,0.02700000000000001
2024-12-13 18:42:48.263,0.02700000000000001
2024-12-13 18:42:48.284,0.02700000000000001
2024-12-13 18:42:48.924,0.02700000000000001
2024-12-13 18:42:48.982,0.02700000000000001
2024-12-13 18:42:49.044,0.045
2024-12-13 18:42:49.101,0.045
2024-12-13 18:42:49.117,0.045
2024-12-13 18:42:49.143,0.045
2024-12-13 18:42:49.170,0.045
2024-12-13 18:42:49.197,0.045
2024-12-13 18:42:49.264,0.045
2024-12-13 18:42:49.306,0.045
2024-12-13 18:42:50.039,0.02800000000000001
2024-12-13 18:42:50.055,0.02800000000000001
2024-12-13 18:42:50.086,0.02700000000000001
2024-12-13 18:42:50.117,0.02700000000000001
2024-12-13 18:42:50.149,0.02700000000000001
2024-12-13 18:42:50.206,0.02700000000000001
2024-12-13 18:42:50.243,0.02700000000000001
2024-12-13 18:42:50.274,0.02700000000000001
2024-12-13 18:42:50.321,0.02700000000000001
2024-12-13 18:42:50.368,0.02700000000000001
2024-12-13 18:42:51.133,0.02700000000000001
2024-12-13 18:42:51.170,0.02700000000000001
2024-12-13 18:42:51.206,0.02700000000000001
2024-12-13 18:42:51.243,0.02700000000000001
2024-12-13 18:42:51.269,0.02700000000000001
2024-12-13 18:42:51.305,0.02700000000000001
2024-12-13 18:42:51.352,0.02700000000000001
2024-12-13 18:42:51.363,0.02700000000000001
2024-12-13 18:42:51.384,0.02700000000000001
2024-12-13 18:42:51.421,0.02700000000000001
2024-12-13 18:42:52.102,0.045
2024-12-13 18:42:52.164,0.045
2024-12-13 18:42:52.196,0.03499999999999999
2024-12-13 18:42:52.228,0.03499999999999999
2024-12-13 18:42:52.269,0.03499999999999999
2024-12-13 18:42:52.306,0.03499999999999999
2024-12-13 18:42:52.348,0.03499999999999999
2024-12-13 18:42:52.385,0.03499999999999999
2024-12-13 18:42:52.422,0.03499999999999999
2024-12-13 18:42:52.453,0.03499999999999999
2024-12-13 18:42:53.165,0.02700000000000001
2024-12-13 18:42:53.196,0.02700000000000001
2024-12-13 18:42:53.227,0.02700000000000001
2024-12-13 18:42:53.274,0.02700000000000001
2024-12-13 18:42:53.305,0.02700000000000001
2024-12-13 18:42:53.358,0.02700000000000001
2024-12-13 18:42:53.410,0.02700000000000001
2024-12-13 18:42:53.436,0.02700000000000001
2024-12-13 18:42:53.462,0.02700000000000001
2024-12-13 18:42:53.498,0.02700000000000001
2024-12-13 18:42:54.313,0.02700000000000001
2024-12-13 18:42:54.334,0.02700000000000001
2024-12-13 18:42:54.376,0.02700000000000001
2024-12-13 18:42:54.418,0.02700000000000001
2024-12-13 18:42:54.444,0.02700000000000001
2024-12-13 18:42:54.501,0.02700000000000001
2024-12-13 18:42:54.527,0.02700000000000001
2024-12-13 18:42:54.580,0.02700000000000001
2024-12-13 18:42:54.622,0.02700000000000001
2024-12-13 18:42:54.648,0.02700000000000001
2024-12-13 18:42:55.323,0.02700000000000001
2024-12-13 18:42:55.345,0.02700000000000001
2024-12-13 18:42:55.413,0.02700000000000001
2024-12-13 18:42:55.449,0.02700000000000001
2024-12-13 18:42:55.496,0.02700000000000001
2024-12-13 18:42:55.523,0.02700000000000001
2024-12-13 18:42:55.555,0.02700000000000001
2024-12-13 18:42:55.597,0.02700000000000001
2024-12-13 18:42:55.629,0.02700000000000001
2024-12-13 18:42:55.675,0.02700000000000001
2024-12-13 18:42:56.364,0.02700000000000001
2024-12-13 18:42:56.421,0.02700000000000001
2024-12-13 18:42:56.463,0.02700000000000001
2024-12-13 18:42:56.500,0.02700000000000001
2024-12-13 18:42:56.547,0.02700000000000001
2024-12-13 18:42:56.573,0.02700000000000001
2024-12-13 18:42:56.599,0.02700000000000001
2024-12-13 18:42:56.631,0.02700000000000001
2024-12-13 18:42:56.667,0.02700000000000001
2024-12-13 18:42:56.688,0.02700000000000001
2024-12-13 18:42:57.476,0.02700000000000001
2024-12-13 18:42:57.512,0.02700000000000001
2024-12-13 18:42:57.559,0.02700000000000001
2024-12-13 18:42:57.585,0.02700000000000001
2024-12-13 18:42:57.632,0.02700000000000001
2024-12-13 18:42:57.669,0.02700000000000001
2024-12-13 18:42:57.721,0.02700000000000001
2024-12-13 18:42:57.752,0.044
2024-12-13 18:42:57.774,0.044
2024-12-13 18:42:57.820,0.044
2024-12-13 18:42:58.447,0.02700000000000001
2024-12-13 18:42:58.474,0.02700000000000001
2024-12-13 18:42:58.495,0.02700000000000001
2024-12-13 18:42:58.512,0.02700000000000001
2024-12-13 18:42:58.543,0.02700000000000001
2024-12-13 18:42:58.575,0.02700000000000001
2024-12-13 18:42:58.601,0.02700000000000001
2024-12-13 18:42:58.648,0.02700000000000001
2024-12-13 18:42:58.695,0.02700000000000001
2024-12-13 18:42:58.716,0.02700000000000001
2024-12-13 18:42:59.405,0.02700000000000001
2024-12-13 18:42:59.431,0.02700000000000001
2024-12-13 18:42:59.447,0.02700000000000001
2024-12-13 18:42:59.488,0.02700000000000001
2024-12-13 18:42:59.525,0.02700000000000001
2024-12-13 18:42:59.546,0.02700000000000001
2024-12-13 18:42:59.568,0.02700000000000001
2024-12-13 18:42:59.573,0.02700000000000001
2024-12-13 18:42:59.594,0.02700000000000001
2024-12-13 18:42:59.625,0.02700000000000001
2024-12-13 18:43:00.201,0.02700000000000001
2024-12-13 18:43:00.232,0.02700000000000001
2024-12-13 18:43:00.269,0.02700000000000001
2024-12-13 18:43:00.311,0.02700000000000001
2024-12-13 18:43:00.367,0.02700000000000001
2024-12-13 18:43:00.373,0.02700000000000001
2024-12-13 18:43:00.392,0.02700000000000001
2024-12-13 18:43:00.407,0.02700000000000001
2024-12-13 18:43:00.412,0.02700000000000001
2024-12-13 18:43:00.437,0.02700000000000001
2024-12-13 18:43:00.668,0.02700000000000001
2024-12-13 18:43:00.688,0.02700000000000001
2024-12-13 18:43:00.708,0.02700000000000001
2024-12-13 18:43:00.729,0.02700000000000001
2024-12-13 18:43:00.760,0.02700000000000001
2024-12-13 18:43:00.792,0.02700000000000001
2024-12-13 18:43:00.819,0.02700000000000001
2024-12-13 18:43:00.845,0.02700000000000001
2024-12-13 18:43:00.891,0.046
2024-12-13 18:43:00.912,0.046
2024-12-13 18:43:01.501,0.02700000000000001
2024-12-13 18:43:01.548,0.02700000000000001
2024-12-13 18:43:01.584,0.02700000000000001
2024-12-13 18:43:01.616,0.02700000000000001
2024-12-13 18:43:01.673,0.02700000000000001
2024-12-13 18:43:01.689,0.02700000000000001
2024-12-13 18:43:01.725,0.02700000000000001
2024-12-13 18:43:01.773,0.02700000000000001
2024-12-13 18:43:01.799,0.02700000000000001
2024-12-13 18:43:01.825,0.02700000000000001
2024-12-13 18:43:02.448,0.02700000000000001
2024-12-13 18:43:02.474,0.02700000000000001
2024-12-13 18:43:02.511,0.02700000000000001
2024-12-13 18:43:02.574,0.02700000000000001
2024-12-13 18:43:02.631,0.02800000000000001
2024-12-13 18:43:02.667,0.02800000000000001
2024-12-13 18:43:02.710,0.02800000000000001
2024-12-13 18:43:02.762,0.02800000000000001
2024-12-13 18:43:02.830,0.02800000000000001
2024-12-13 18:43:02.856,0.02800000000000001
2024-12-13 18:43:03.555,0.02700000000000001
2024-12-13 18:43:03.582,0.02700000000000001
2024-12-13 18:43:03.649,0.02700000000000001
2024-12-13 18:43:03.737,0.03699999999999999
2024-12-13 18:43:03.799,0.03699999999999999
2024-12-13 18:43:03.841,0.03699999999999999
2024-12-13 18:43:03.898,0.03699999999999999
2024-12-13 18:43:03.930,0.03699999999999999
2024-12-13 18:43:03.946,0.03699999999999999
2024-12-13 18:43:04.019,0.045
2024-12-13 18:43:04.735,0.02700000000000001
2024-12-13 18:43:04.786,0.02700000000000001
2024-12-13 18:43:04.803,0.02700000000000001
2024-12-13 18:43:04.834,0.02700000000000001
2024-12-13 18:43:04.870,0.02700000000000001
2024-12-13 18:43:04.897,0.02700000000000001
2024-12-13 18:43:04.934,0.02700000000000001
2024-12-13 18:43:04.981,0.02700000000000001
2024-12-13 18:43:05.017,0.02700000000000001
2024-12-13 18:43:05.033,0.02700000000000001
2024-12-13 18:43:05.684,0.02700000000000001
2024-12-13 18:43:05.762,0.02700000000000001
2024-12-13 18:43:05.788,0.02700000000000001
2024-12-13 18:43:05.806,0.02700000000000001
2024-12-13 18:43:05.848,0.02700000000000001
2024-12-13 18:43:05.890,0.02700000000000001
2024-12-13 18:43:05.947,0.02700000000000001
2024-12-13 18:43:05.983,0.02700000000000001
2024-12-13 18:43:06.036,0.02700000000000001
2024-12-13 18:43:06.067,0.02700000000000001
2024-12-13 18:43:06.703,0.02700000000000001
2024-12-13 18:43:06.719,0.02700000000000001
2024-12-13 18:43:06.751,0.02700000000000001
2024-12-13 18:43:06.808,0.02700000000000001
2024-12-13 18:43:06.840,0.045
2024-12-13 18:43:06.897,0.045
2024-12-13 18:43:06.923,0.045
2024-12-13 18:43:06.960,0.045
2024-12-13 18:43:06.996,0.045
2024-12-13 18:43:07.033,0.045
2024-12-13 18:43:07.726,0.02700000000000001
2024-12-13 18:43:07.779,0.02700000000000001
2024-12-13 18:43:07.810,0.02700000000000001
2024-12-13 18:43:07.872,0.02700000000000001
2024-12-13 18:43:07.924,0.02700000000000001
2024-12-13 18:43:07.950,0.02700000000000001
2024-12-13 18:43:07.976,0.02700000000000001
2024-12-13 18:43:08.028,0.02700000000000001
2024-12-13 18:43:08.060,0.02700000000000001
2024-12-13 18:43:08.096,0.02700000000000001
2024-12-13 18:43:08.785,0.02700000000000001
2024-12-13 18:43:08.796,0.02700000000000001
2024-12-13 18:43:08.843,0.02700000000000001
2024-12-13 18:43:08.874,0.02700000000000001
2024-12-13 18:43:08.922,0.02700000000000001
2024-12-13 18:43:08.964,0.02700000000000001
2024-12-13 18:43:08.995,0.02700000000000001
2024-12-13 18:43:09.021,0.02700000000000001
2024-12-13 18:43:09.032,0.02700000000000001
2024-12-13 18:43:09.058,0.02700000000000001
2024-12-13 18:43:09.510,0.02700000000000001
2024-12-13 18:43:09.541,0.02700000000000001
2024-12-13 18:43:09.568,0.02700000000000001
2024-12-13 18:43:09.593,0.03299999999999999
2024-12-13 18:43:09.630,0.03299999999999999
2024-12-13 18:43:09.687,0.03299999999999999
2024-12-13 18:43:09.760,0.03299999999999999
2024-12-13 18:43:09.822,0.03299999999999999
2024-12-13 18:43:09.854,0.03299999999999999
2024-12-13 18:43:09.875,0.03299999999999999
2024-12-13 18:43:10.497,0.02700000000000001
2024-12-13 18:43:10.529,0.02700000000000001
2024-12-13 18:43:10.560,0.02700000000000001
2024-12-13 18:43:10.581,0.02700000000000001
2024-12-13 18:43:10.622,0.02800000000000001
2024-12-13 18:43:10.643,0.02800000000000001
2024-12-13 18:43:10.680,0.02800000000000001
2024-12-13 18:43:10.768,0.02800000000000001
2024-12-13 18:43:10.809,0.02800000000000001
2024-12-13 18:43:10.851,0.02800000000000001
2024-12-13 18:43:11.380,0.02700000000000001
2024-12-13 18:43:11.417,0.02700000000000001
2024-12-13 18:43:11.454,0.02700000000000001
2024-12-13 18:43:11.490,0.02700000000000001
2024-12-13 18:43:11.537,0.02700000000000001
2024-12-13 18:43:11.569,0.02700000000000001
2024-12-13 18:43:11.610,0.02700000000000001
2024-12-13 18:43:11.637,0.02700000000000001
2024-12-13 18:43:11.653,0.02700000000000001
2024-12-13 18:43:11.695,0.02700000000000001
2024-12-13 18:43:12.256,0.02700000000000001
2024-12-13 18:43:12.292,0.02700000000000001
2024-12-13 18:43:12.318,0.02700000000000001
2024-12-13 18:43:12.386,0.02700000000000001
2024-12-13 18:43:12.428,0.02700000000000001
2024-12-13 18:43:12.476,0.02700000000000001
2024-12-13 18:43:12.533,0.02700000000000001
2024-12-13 18:43:12.621,0.02700000000000001
2024-12-13 18:43:12.648,0.02700000000000001
2024-12-13 18:43:12.664,0.02700000000000001
2024-12-13 18:43:13.372,0.02800000000000001
2024-12-13 18:43:13.409,0.02700000000000001
2024-12-13 18:43:13.440,0.02700000000000001
2024-12-13 18:43:13.461,0.02700000000000001
2024-12-13 18:43:13.487,0.02700000000000001
2024-12-13 18:43:13.518,0.02700000000000001
2024-12-13 18:43:13.539,0.02700000000000001
2024-12-13 18:43:13.566,0.02700000000000001
2024-12-13 18:43:13.608,0.02700000000000001
2024-12-13 18:43:13.644,0.02700000000000001
2024-12-13 18:43:14.389,0.02700000000000001
2024-12-13 18:43:14.436,0.02700000000000001
2024-12-13 18:43:14.488,0.02700000000000001
2024-12-13 18:43:14.520,0.02700000000000001
2024-12-13 18:43:14.551,0.02700000000000001
2024-12-13 18:43:14.597,0.02700000000000001
2024-12-13 18:43:14.619,0.02700000000000001
2024-12-13 18:43:14.655,0.02700000000000001
2024-12-13 18:43:14.681,0.02700000000000001
2024-12-13 18:43:14.723,0.02700000000000001
2024-12-13 18:43:15.344,0.02700000000000001
2024-12-13 18:43:15.369,0.02700000000000001
2024-12-13 18:43:15.394,0.02700000000000001
2024-12-13 18:43:15.428,0.02700000000000001
2024-12-13 18:43:15.441,0.02700000000000001
2024-12-13 18:43:15.451,0.02700000000000001
2024-12-13 18:43:15.485,0.02700000000000001
2024-12-13 18:43:15.496,0.02700000000000001
2024-12-13 18:43:15.524,0.02700000000000001
2024-12-13 18:43:15.530,0.02700000000000001
2024-12-13 18:43:15.893,0.045
2024-12-13 18:43:15.924,0.045
2024-12-13 18:43:15.945,0.045
2024-12-13 18:43:15.977,0.045
2024-12-13 18:43:16.013,0.045
2024-12-13 18:43:16.037,0.045
2024-12-13 18:43:16.052,0.045
2024-12-13 18:43:16.074,0.045
2024-12-13 18:43:16.105,0.045
2024-12-13 18:43:16.147,0.045
2024-12-13 18:43:16.837,0.02800000000000001
2024-12-13 18:43:16.874,0.02700000000000001
2024-12-13 18:43:16.932,0.02700000000000001
2024-12-13 18:43:16.974,0.02700000000000001
2024-12-13 18:43:17.021,0.02700000000000001
2024-12-13 18:43:17.052,0.02700000000000001
2024-12-13 18:43:17.079,0.02700000000000001
2024-12-13 18:43:17.147,0.02700000000000001
2024-12-13 18:43:17.183,0.02700000000000001
2024-12-13 18:43:17.199,0.02700000000000001
2024-12-13 18:43:18.035,0.02700000000000001
2024-12-13 18:43:18.051,0.02700000000000001
2024-12-13 18:43:18.062,0.02700000000000001
2024-12-13 18:43:18.089,0.02700000000000001
2024-12-13 18:43:18.120,0.02700000000000001
2024-12-13 18:43:18.146,0.02700000000000001
2024-12-13 18:43:18.177,0.02700000000000001
2024-12-13 18:43:18.214,0.02700000000000001
2024-12-13 18:43:18.282,0.02700000000000001
2024-12-13 18:43:18.308,0.02700000000000001
2024-12-13 18:43:19.114,0.03499999999999999
2024-12-13 18:43:19.135,0.03499999999999999
2024-12-13 18:43:19.171,0.03499999999999999
2024-12-13 18:43:19.192,0.03499999999999999
2024-12-13 18:43:19.249,0.03499999999999999
2024-12-13 18:43:19.276,0.03499999999999999
2024-12-13 18:43:19.323,0.02700000000000001
2024-12-13 18:43:19.369,0.02700000000000001
2024-12-13 18:43:19.412,0.02700000000000001
2024-12-13 18:43:19.458,0.02700000000000001
2024-12-13 18:43:20.274,0.02700000000000001
2024-12-13 18:43:20.322,0.02700000000000001
2024-12-13 18:43:20.368,0.02700000000000001
2024-12-13 18:43:20.389,0.02700000000000001
2024-12-13 18:43:20.405,0.02700000000000001
2024-12-13 18:43:20.432,0.02700000000000001
2024-12-13 18:43:20.473,0.02700000000000001
2024-12-13 18:43:20.505,0.02700000000000001
2024-12-13 18:43:20.537,0.02700000000000001
2024-12-13 18:43:20.578,0.02700000000000001
2024-12-13 18:43:21.278,0.02700000000000001
2024-12-13 18:43:21.341,0.02700000000000001
2024-12-13 18:43:21.372,0.02700000000000001
2024-12-13 18:43:21.414,0.02700000000000001
2024-12-13 18:43:21.460,0.02700000000000001
2024-12-13 18:43:21.543,0.02700000000000001
2024-12-13 18:43:21.584,0.02700000000000001
2024-12-13 18:43:21.626,0.02700000000000001
2024-12-13 18:43:21.704,0.02700000000000001
2024-12-13 18:43:21.755,0.047
2024-12-13 18:43:22.535,0.02700000000000001
2024-12-13 18:43:22.562,0.02700000000000001
2024-12-13 18:43:22.577,0.02700000000000001
2024-12-13 18:43:22.598,0.02700000000000001
2024-12-13 18:43:22.651,0.02700000000000001
2024-12-13 18:43:22.687,0.02700000000000001
2024-12-13 18:43:22.734,0.02700000000000001
2024-12-13 18:43:22.786,0.02700000000000001
2024-12-13 18:43:22.828,0.02700000000000001
2024-12-13 18:43:22.875,0.02700000000000001
2024-12-13 18:43:23.625,0.02800000000000001
2024-12-13 18:43:23.662,0.02800000000000001
2024-12-13 18:43:23.709,0.02800000000000001
2024-12-13 18:43:23.740,0.02800000000000001
2024-12-13 18:43:23.767,0.02800000000000001
2024-12-13 18:43:23.798,0.02800000000000001
2024-12-13 18:43:23.840,0.02700000000000001
2024-12-13 18:43:23.892,0.02700000000000001
2024-12-13 18:43:23.939,0.02700000000000001
2024-12-13 18:43:23.966,0.02700000000000001
2024-12-13 18:43:24.732,0.03899999999999999
2024-12-13 18:43:24.773,0.03899999999999999
2024-12-13 18:43:24.800,0.03899999999999999
2024-12-13 18:43:24.867,0.045
2024-12-13 18:43:24.904,0.045
2024-12-13 18:43:24.930,0.045
2024-12-13 18:43:24.957,0.045
2024-12-13 18:43:25.003,0.045
2024-12-13 18:43:25.040,0.045
2024-12-13 18:43:25.077,0.045
2024-12-13 18:43:25.746,0.02700000000000001
2024-12-13 18:43:25.793,0.02700000000000001
2024-12-13 18:43:25.866,0.02700000000000001
2024-12-13 18:43:25.918,0.02700000000000001
2024-12-13 18:43:25.960,0.02700000000000001
2024-12-13 18:43:25.986,0.02700000000000001
2024-12-13 18:43:26.017,0.02700000000000001
2024-12-13 18:43:26.038,0.02700000000000001
2024-12-13 18:43:26.065,0.02700000000000001
2024-12-13 18:43:26.101,0.02700000000000001
2024-12-13 18:43:26.886,0.02700000000000001
2024-12-13 18:43:26.927,0.02700000000000001
2024-12-13 18:43:26.964,0.02700000000000001
2024-12-13 18:43:27.005,0.02700000000000001
2024-12-13 18:43:27.042,0.02700000000000001
2024-12-13 18:43:27.100,0.02700000000000001
2024-12-13 18:43:27.147,0.02700000000000001
2024-12-13 18:43:27.168,0.02700000000000001
2024-12-13 18:43:27.199,0.02700000000000001
2024-12-13 18:43:27.252,0.02700000000000001
2024-12-13 18:43:28.090,0.02700000000000001
2024-12-13 18:43:28.142,0.02700000000000001
2024-12-13 18:43:28.184,0.02700000000000001
2024-12-13 18:43:28.241,0.02700000000000001
2024-12-13 18:43:28.298,0.02700000000000001
2024-12-13 18:43:28.355,0.02700000000000001
2024-12-13 18:43:28.387,0.02700000000000001
2024-12-13 18:43:28.428,0.02700000000000001
2024-12-13 18:43:28.486,0.02700000000000001
2024-12-13 18:43:28.511,0.02700000000000001
2024-12-13 18:43:29.151,0.02700000000000001
2024-12-13 18:43:29.178,0.02700000000000001
2024-12-13 18:43:29.214,0.02700000000000001
2024-12-13 18:43:29.261,0.02700000000000001
2024-12-13 18:43:29.303,0.02700000000000001
2024-12-13 18:43:29.370,0.02700000000000001
2024-12-13 18:43:29.406,0.02700000000000001
2024-12-13 18:43:29.448,0.02700000000000001
2024-12-13 18:43:29.484,0.02700000000000001
2024-12-13 18:43:29.567,0.02700000000000001
2024-12-13 18:43:30.339,0.02700000000000001
2024-12-13 18:43:30.370,0.02700000000000001
2024-12-13 18:43:30.381,0.02700000000000001
2024-12-13 18:43:30.415,0.031000000000000014
2024-12-13 18:43:30.420,0.031000000000000014
2024-12-13 18:43:30.433,0.031000000000000014
2024-12-13 18:43:30.439,0.031000000000000014
2024-12-13 18:43:30.452,0.031000000000000014
2024-12-13 18:43:30.465,0.031000000000000014
2024-12-13 18:43:30.475,0.031000000000000014
2024-12-13 18:43:31.116,0.02700000000000001
2024-12-13 18:43:31.158,0.02700000000000001
2024-12-13 18:43:31.210,0.02700000000000001
2024-12-13 18:43:31.226,0.02700000000000001
2024-12-13 18:43:31.273,0.02700000000000001
2024-12-13 18:43:31.299,0.02700000000000001
2024-12-13 18:43:31.325,0.02700000000000001
2024-12-13 18:43:31.356,0.02700000000000001
2024-12-13 18:43:31.383,0.02700000000000001
2024-12-13 18:43:31.395,0.02700000000000001
2024-12-13 18:43:32.024,0.02700000000000001
2024-12-13 18:43:32.061,0.02700000000000001
2024-12-13 18:43:32.077,0.02700000000000001
2024-12-13 18:43:32.109,0.02700000000000001
2024-12-13 18:43:32.140,0.02700000000000001
2024-12-13 18:43:32.171,0.02700000000000001
2024-12-13 18:43:32.213,0.02700000000000001
2024-12-13 18:43:32.224,0.02700000000000001
2024-12-13 18:43:32.257,0.02700000000000001
2024-12-13 18:43:32.283,0.02700000000000001
2024-12-13 18:43:32.927,0.02700000000000001
2024-12-13 18:43:32.943,0.02700000000000001
2024-12-13 18:43:32.969,0.02700000000000001
2024-12-13 18:43:32.996,0.02700000000000001
2024-12-13 18:43:33.037,0.02700000000000001
2024-12-13 18:43:33.068,0.02700000000000001
2024-12-13 18:43:33.095,0.02700000000000001
2024-12-13 18:43:33.137,0.02700000000000001
2024-12-13 18:43:33.173,0.02700000000000001
2024-12-13 18:43:33.220,0.02700000000000001
2024-12-13 18:43:33.977,0.02700000000000001
2024-12-13 18:43:34.025,0.02700000000000001
2024-12-13 18:43:34.051,0.02700000000000001
2024-12-13 18:43:34.082,0.02700000000000001
2024-12-13 18:43:34.114,0.02700000000000001
2024-12-13 18:43:34.150,0.02700000000000001
2024-12-13 18:43:34.203,0.02700000000000001
2024-12-13 18:43:34.219,0.02700000000000001
2024-12-13 18:43:34.271,0.02700000000000001
2024-12-13 18:43:34.313,0.02700000000000001
2024-12-13 18:43:35.092,0.02700000000000001
2024-12-13 18:43:35.134,0.02700000000000001
2024-12-13 18:43:35.170,0.02700000000000001
2024-12-13 18:43:35.196,0.02700000000000001
2024-12-13 18:43:35.223,0.02700000000000001
2024-12-13 18:43:35.264,0.02700000000000001
2024-12-13 18:43:35.317,0.02700000000000001
2024-12-13 18:43:35.348,0.02700000000000001
2024-12-13 18:43:35.400,0.02700000000000001
2024-12-13 18:43:35.457,0.02700000000000001
2024-12-13 18:43:36.072,0.02700000000000001
2024-12-13 18:43:36.125,0.02700000000000001
2024-12-13 18:43:36.182,0.02700000000000001
2024-12-13 18:43:36.235,0.02700000000000001
2024-12-13 18:43:36.261,0.02700000000000001
2024-12-13 18:43:36.313,0.02700000000000001
2024-12-13 18:43:36.349,0.02700000000000001
2024-12-13 18:43:36.376,0.02700000000000001
2024-12-13 18:43:36.418,0.02700000000000001
2024-12-13 18:43:36.434,0.02700000000000001
2024-12-13 18:43:37.304,0.02700000000000001
2024-12-13 18:43:37.356,0.02700000000000001
2024-12-13 18:43:37.387,0.02800000000000001
2024-12-13 18:43:37.413,0.02800000000000001
2024-12-13 18:43:37.434,0.02800000000000001
2024-12-13 18:43:37.466,0.02800000000000001
2024-12-13 18:43:37.507,0.02800000000000001
2024-12-13 18:43:37.564,0.02800000000000001
2024-12-13 18:43:37.590,0.02800000000000001
2024-12-13 18:43:37.616,0.02800000000000001
2024-12-13 18:43:38.215,0.02700000000000001
2024-12-13 18:43:38.257,0.02700000000000001
2024-12-13 18:43:38.283,0.02700000000000001
2024-12-13 18:43:38.325,0.02700000000000001
2024-12-13 18:43:38.367,0.02700000000000001
2024-12-13 18:43:38.404,0.02700000000000001
2024-12-13 18:43:38.471,0.02800000000000001
2024-12-13 18:43:38.507,0.02800000000000001
2024-12-13 18:43:38.555,0.02800000000000001
2024-12-13 18:43:38.617,0.02800000000000001
2024-12-13 18:43:39.221,0.02700000000000001
2024-12-13 18:43:39.248,0.02700000000000001
2024-12-13 18:43:39.295,0.02700000000000001
2024-12-13 18:43:39.331,0.02700000000000001
2024-12-13 18:43:39.378,0.02700000000000001
2024-12-13 18:43:39.404,0.02700000000000001
2024-12-13 18:43:39.477,0.045
2024-12-13 18:43:39.528,0.045
2024-12-13 18:43:39.570,0.045
2024-12-13 18:43:39.601,0.045
2024-12-13 18:43:40.405,0.02700000000000001
2024-12-13 18:43:40.452,0.02700000000000001
2024-12-13 18:43:40.509,0.02700000000000001
2024-12-13 18:43:40.535,0.02700000000000001
2024-12-13 18:43:40.577,0.02700000000000001
2024-12-13 18:43:40.603,0.02700000000000001
2024-12-13 18:43:40.634,0.02700000000000001
2024-12-13 18:43:40.686,0.02700000000000001
2024-12-13 18:43:40.717,0.02700000000000001
2024-12-13 18:43:40.754,0.02700000000000001
2024-12-13 18:43:41.660,0.02700000000000001
2024-12-13 18:43:41.707,0.02700000000000001
2024-12-13 18:43:41.728,0.02700000000000001
2024-12-13 18:43:41.760,0.02700000000000001
2024-12-13 18:43:41.776,0.02700000000000001
2024-12-13 18:43:41.813,0.02700000000000001
2024-12-13 18:43:41.859,0.02700000000000001
2024-12-13 18:43:41.912,0.02700000000000001
2024-12-13 18:43:41.943,0.02700000000000001
2024-12-13 18:43:42.006,0.02700000000000001
2024-12-13 18:43:42.745,0.044
2024-12-13 18:43:42.767,0.044
2024-12-13 18:43:42.809,0.044
2024-12-13 18:43:42.840,0.044
2024-12-13 18:43:42.882,0.044
2024-12-13 18:43:42.950,0.02700000000000001
2024-12-13 18:43:43.017,0.02700000000000001
2024-12-13 18:43:43.059,0.02700000000000001
2024-12-13 18:43:43.101,0.02700000000000001
2024-12-13 18:43:43.147,0.02700000000000001
2024-12-13 18:43:43.758,0.02700000000000001
2024-12-13 18:43:43.800,0.02700000000000001
2024-12-13 18:43:43.821,0.02700000000000001
2024-12-13 18:43:43.842,0.02700000000000001
2024-12-13 18:43:43.874,0.02700000000000001
2024-12-13 18:43:43.910,0.02700000000000001
2024-12-13 18:43:43.957,0.02700000000000001
2024-12-13 18:43:43.974,0.02700000000000001
2024-12-13 18:43:44.006,0.02700000000000001
2024-12-13 18:43:44.042,0.02700000000000001
2024-12-13 18:43:44.657,0.02700000000000001
2024-12-13 18:43:44.709,0.02700000000000001
2024-12-13 18:43:44.724,0.02700000000000001
2024-12-13 18:43:44.792,0.02700000000000001
2024-12-13 18:43:44.819,0.02700000000000001
2024-12-13 18:43:44.866,0.02700000000000001
2024-12-13 18:43:44.892,0.02700000000000001
2024-12-13 18:43:44.954,0.02700000000000001
2024-12-13 18:43:45.001,0.02700000000000001
2024-12-13 18:43:45.032,0.02700000000000001
2024-12-13 18:43:45.634,0.046
2024-12-13 18:43:45.655,0.046
2024-12-13 18:43:45.671,0.046
2024-12-13 18:43:45.704,0.046
2024-12-13 18:43:45.745,0.03499999999999999
2024-12-13 18:43:45.766,0.03499999999999999
2024-12-13 18:43:45.808,0.03499999999999999
2024-12-13 18:43:45.844,0.03499999999999999
2024-12-13 18:43:45.865,0.03499999999999999
2024-12-13 18:43:45.887,0.03499999999999999
2024-12-13 18:43:46.591,0.02700000000000001
2024-12-13 18:43:46.644,0.02700000000000001
2024-12-13 18:43:46.686,0.02700000000000001
2024-12-13 18:43:46.698,0.02700000000000001
2024-12-13 18:43:46.754,0.02700000000000001
2024-12-13 18:43:46.812,0.02700000000000001
2024-12-13 18:43:46.848,0.02700000000000001
2024-12-13 18:43:46.885,0.02700000000000001
2024-12-13 18:43:46.922,0.02700000000000001
2024-12-13 18:43:46.948,0.02700000000000001
2024-12-13 18:43:47.760,0.02700000000000001
2024-12-13 18:43:47.797,0.02700000000000001
2024-12-13 18:43:47.849,0.02700000000000001
2024-12-13 18:43:47.885,0.02700000000000001
2024-12-13 18:43:47.921,0.02700000000000001
2024-12-13 18:43:47.942,0.02700000000000001
2024-12-13 18:43:47.994,0.02700000000000001
2024-12-13 18:43:48.021,0.02700000000000001
2024-12-13 18:43:48.058,0.02700000000000001
2024-12-13 18:43:48.118,0.02700000000000001
2024-12-13 18:43:49.086,0.02700000000000001
2024-12-13 18:43:49.123,0.02700000000000001
2024-12-13 18:43:49.134,0.02700000000000001
2024-12-13 18:43:49.171,0.02700000000000001
2024-12-13 18:43:49.202,0.02700000000000001
2024-12-13 18:43:49.249,0.02700000000000001
2024-12-13 18:43:49.265,0.02700000000000001
2024-12-13 18:43:49.302,0.02700000000000001
2024-12-13 18:43:49.355,0.02700000000000001
2024-12-13 18:43:49.406,0.02700000000000001
2024-12-13 18:43:50.027,0.02700000000000001
2024-12-13 18:43:50.064,0.02700000000000001
2024-12-13 18:43:50.090,0.02700000000000001
2024-12-13 18:43:50.147,0.02700000000000001
2024-12-13 18:43:50.194,0.02700000000000001
2024-12-13 18:43:50.205,0.02700000000000001
2024-12-13 18:43:50.232,0.02700000000000001
2024-12-13 18:43:50.247,0.02700000000000001
2024-12-13 18:43:50.284,0.02800000000000001
2024-12-13 18:43:50.330,0.02800000000000001
2024-12-13 18:43:51.056,0.02700000000000001
2024-12-13 18:43:51.114,0.02700000000000001
2024-12-13 18:43:51.161,0.02700000000000001
2024-12-13 18:43:51.203,0.02700000000000001
2024-12-13 18:43:51.240,0.02700000000000001
2024-12-13 18:43:51.271,0.02700000000000001
2024-12-13 18:43:51.307,0.02700000000000001
2024-12-13 18:43:51.344,0.043
2024-12-13 18:43:51.360,0.043
2024-12-13 18:43:51.402,0.043
2024-12-13 18:43:52.076,0.02700000000000001
2024-12-13 18:43:52.102,0.02700000000000001
2024-12-13 18:43:52.139,0.02700000000000001
2024-12-13 18:43:52.145,0.02700000000000001
2024-12-13 18:43:52.165,0.02700000000000001
2024-12-13 18:43:52.212,0.02700000000000001
2024-12-13 18:43:52.233,0.02700000000000001
2024-12-13 18:43:52.296,0.02700000000000001
2024-12-13 18:43:52.337,0.02700000000000001
2024-12-13 18:43:52.374,0.02700000000000001
2024-12-13 18:43:53.067,0.02700000000000001
2024-12-13 18:43:53.124,0.02700000000000001
2024-12-13 18:43:53.155,0.02700000000000001
2024-12-13 18:43:53.197,0.02700000000000001
2024-12-13 18:43:53.228,0.02700000000000001
2024-12-13 18:43:53.260,0.02700000000000001
2024-12-13 18:43:53.296,0.02700000000000001
2024-12-13 18:43:53.327,0.02700000000000001
2024-12-13 18:43:53.369,0.02700000000000001
2024-12-13 18:43:53.411,0.02700000000000001
2024-12-13 18:43:54.108,0.02700000000000001
2024-12-13 18:43:54.155,0.02700000000000001
2024-12-13 18:43:54.166,0.02700000000000001
2024-12-13 18:43:54.183,0.02700000000000001
2024-12-13 18:43:54.209,0.02700000000000001
2024-12-13 18:43:54.256,0.02700000000000001
2024-12-13 18:43:54.277,0.02700000000000001
2024-12-13 18:43:54.334,0.02700000000000001
2024-12-13 18:43:54.360,0.02700000000000001
2024-12-13 18:43:54.392,0.02700000000000001
2024-12-13 18:43:55.195,0.02700000000000001
2024-12-13 18:43:55.241,0.02700000000000001
2024-12-13 18:43:55.268,0.02700000000000001
2024-12-13 18:43:55.299,0.02700000000000001
2024-12-13 18:43:55.321,0.02700000000000001
2024-12-13 18:43:55.357,0.02700000000000001
2024-12-13 18:43:55.404,0.02700000000000001
2024-12-13 18:43:55.441,0.02700000000000001
2024-12-13 18:43:55.472,0.02700000000000001
2024-12-13 18:43:55.519,0.02700000000000001
2024-12-13 18:43:56.281,0.02700000000000001
2024-12-13 18:43:56.327,0.02700000000000001
2024-12-13 18:43:56.359,0.02700000000000001
2024-12-13 18:43:56.375,0.02700000000000001
2024-12-13 18:43:56.396,0.02700000000000001
2024-12-13 18:43:56.443,0.02700000000000001
2024-12-13 18:43:56.480,0.02700000000000001
2024-12-13 18:43:56.501,0.02700000000000001
2024-12-13 18:43:56.517,0.02700000000000001
2024-12-13 18:43:56.548,0.02700000000000001
2024-12-13 18:43:57.242,0.03699999999999999
2024-12-13 18:43:57.273,0.03699999999999999
2024-12-13 18:43:57.331,0.03699999999999999
2024-12-13 18:43:57.388,0.03699999999999999
2024-12-13 18:43:57.430,0.03699999999999999
2024-12-13 18:43:57.466,0.03699999999999999
2024-12-13 18:43:57.523,0.03699999999999999
2024-12-13 18:43:57.555,0.03699999999999999
2024-12-13 18:43:57.591,0.044
2024-12-13 18:43:57.638,0.044
2024-12-13 18:43:58.636,0.02700000000000001
2024-12-13 18:43:58.673,0.02700000000000001
2024-12-13 18:43:58.704,0.02700000000000001
2024-12-13 18:43:58.735,0.02700000000000001
2024-12-13 18:43:58.757,0.02700000000000001
2024-12-13 18:43:58.793,0.02700000000000001
2024-12-13 18:43:58.824,0.02700000000000001
2024-12-13 18:43:58.851,0.02700000000000001
2024-12-13 18:43:58.866,0.02700000000000001
2024-12-13 18:43:58.904,0.02700000000000001
2024-12-13 18:43:59.683,0.02700000000000001
2024-12-13 18:43:59.740,0.02700000000000001
2024-12-13 18:43:59.793,0.02700000000000001
2024-12-13 18:43:59.829,0.02700000000000001
2024-12-13 18:43:59.861,0.02700000000000001
2024-12-13 18:43:59.913,0.02700000000000001
2024-12-13 18:43:59.945,0.02700000000000001
2024-12-13 18:43:59.971,0.02700000000000001
2024-12-13 18:43:59.986,0.02700000000000001
2024-12-13 18:44:00.039,0.02700000000000001
2024-12-13 18:44:00.531,0.045
2024-12-13 18:44:00.536,0.045
2024-12-13 18:44:00.552,0.045
2024-12-13 18:44:00.562,0.045
2024-12-13 18:44:00.568,0.045
2024-12-13 18:44:00.579,0.045
2024-12-13 18:44:00.590,0.045
2024-12-13 18:44:00.600,0.045
2024-12-13 18:44:00.610,0.045
2024-12-13 18:44:00.636,0.045
2024-12-13 18:44:01.295,0.02700000000000001
2024-12-13 18:44:01.321,0.02700000000000001
2024-12-13 18:44:01.368,0.02700000000000001
2024-12-13 18:44:01.431,0.02700000000000001
2024-12-13 18:44:01.462,0.02700000000000001
2024-12-13 18:44:01.514,0.02700000000000001
2024-12-13 18:44:01.520,0.02700000000000001
2024-12-13 18:44:01.557,0.02700000000000001
2024-12-13 18:44:01.593,0.02700000000000001
2024-12-13 18:44:01.625,0.02700000000000001
2024-12-13 18:44:02.349,0.02700000000000001
2024-12-13 18:44:02.390,0.02700000000000001
2024-12-13 18:44:02.432,0.02700000000000001
2024-12-13 18:44:02.459,0.02700000000000001
2024-12-13 18:44:02.485,0.02700000000000001
2024-12-13 18:44:02.537,0.02700000000000001
2024-12-13 18:44:02.584,0.02700000000000001
2024-12-13 18:44:02.605,0.02700000000000001
2024-12-13 18:44:02.642,0.02700000000000001
2024-12-13 18:44:02.684,0.02700000000000001
2024-12-13 18:44:03.376,0.030000000000000013
2024-12-13 18:44:03.412,0.030000000000000013
2024-12-13 18:44:03.470,0.030000000000000013
2024-12-13 18:44:03.506,0.045
2024-12-13 18:44:03.558,0.045
2024-12-13 18:44:03.584,0.045
2024-12-13 18:44:03.610,0.045
2024-12-13 18:44:03.642,0.045
2024-12-13 18:44:03.679,0.045
2024-12-13 18:44:03.720,0.045
2024-12-13 18:44:04.506,0.02800000000000001
2024-12-13 18:44:04.547,0.02700000000000001
2024-12-13 18:44:04.574,0.02700000000000001
2024-12-13 18:44:04.600,0.02700000000000001
2024-12-13 18:44:04.621,0.02700000000000001
2024-12-13 18:44:04.643,0.02700000000000001
2024-12-13 18:44:04.663,0.02700000000000001
2024-12-13 18:44:04.726,0.02700000000000001
2024-12-13 18:44:04.757,0.02700000000000001
2024-12-13 18:44:04.804,0.02700000000000001
2024-12-13 18:44:05.461,0.02700000000000001
2024-12-13 18:44:05.488,0.02700000000000001
2024-12-13 18:44:05.520,0.02700000000000001
2024-12-13 18:44:05.551,0.02700000000000001
2024-12-13 18:44:05.593,0.02700000000000001
2024-12-13 18:44:05.645,0.02700000000000001
2024-12-13 18:44:05.682,0.02700000000000001
2024-12-13 18:44:05.724,0.02700000000000001
2024-12-13 18:44:05.755,0.02700000000000001
2024-12-13 18:44:05.807,0.02700000000000001
2024-12-13 18:44:06.713,0.02800000000000001
2024-12-13 18:44:06.750,0.02800000000000001
2024-12-13 18:44:06.823,0.02800000000000001
2024-12-13 18:44:06.865,0.02800000000000001
2024-12-13 18:44:06.917,0.02800000000000001
2024-12-13 18:44:06.948,0.02800000000000001
2024-12-13 18:44:06.983,0.02700000000000001
2024-12-13 18:44:06.998,0.02700000000000001
2024-12-13 18:44:07.030,0.02700000000000001
2024-12-13 18:44:07.056,0.02700000000000001
2024-12-13 18:44:07.779,0.02700000000000001
2024-12-13 18:44:07.811,0.02700000000000001
2024-12-13 18:44:07.853,0.02700000000000001
2024-12-13 18:44:07.874,0.02700000000000001
2024-12-13 18:44:07.895,0.02700000000000001
2024-12-13 18:44:07.957,0.02700000000000001
2024-12-13 18:44:08.030,0.02700000000000001
2024-12-13 18:44:08.067,0.02700000000000001
2024-12-13 18:44:08.119,0.02700000000000001
2024-12-13 18:44:08.197,0.02700000000000001
2024-12-13 18:44:09.074,0.02700000000000001
2024-12-13 18:44:09.090,0.02700000000000001
2024-12-13 18:44:09.126,0.02700000000000001
2024-12-13 18:44:09.158,0.02700000000000001
2024-12-13 18:44:09.184,0.02700000000000001
2024-12-13 18:44:09.252,0.02700000000000001
2024-12-13 18:44:09.413,0.02700000000000001
2024-12-13 18:44:09.460,0.045
2024-12-13 18:44:09.564,0.045
2024-12-13 18:44:09.626,0.045
2024-12-13 18:44:10.253,0.02800000000000001
2024-12-13 18:44:10.279,0.02800000000000001
2024-12-13 18:44:10.316,0.02800000000000001
2024-12-13 18:44:10.363,0.02800000000000001
2024-12-13 18:44:10.401,0.02800000000000001
2024-12-13 18:44:10.468,0.02700000000000001
2024-12-13 18:44:10.510,0.02700000000000001
2024-12-13 18:44:10.526,0.02700000000000001
2024-12-13 18:44:10.547,0.02700000000000001
2024-12-13 18:44:10.573,0.02700000000000001
2024-12-13 18:44:11.447,0.02800000000000001
2024-12-13 18:44:11.479,0.02800000000000001
2024-12-13 18:44:11.531,0.02700000000000001
2024-12-13 18:44:11.557,0.02700000000000001
2024-12-13 18:44:11.604,0.02700000000000001
2024-12-13 18:44:11.630,0.02700000000000001
2024-12-13 18:44:11.666,0.02700000000000001
2024-12-13 18:44:11.728,0.02700000000000001
2024-12-13 18:44:11.750,0.02700000000000001
2024-12-13 18:44:11.776,0.02700000000000001
2024-12-13 18:44:12.656,0.03399999999999999
2024-12-13 18:44:12.693,0.03399999999999999
2024-12-13 18:44:12.734,0.03399999999999999
2024-12-13 18:44:12.746,0.03399999999999999
2024-12-13 18:44:12.798,0.03399999999999999
2024-12-13 18:44:12.824,0.03399999999999999
2024-12-13 18:44:12.866,0.03399999999999999
2024-12-13 18:44:12.908,0.02700000000000001
2024-12-13 18:44:12.960,0.02700000000000001
2024-12-13 18:44:13.003,0.02700000000000001
2024-12-13 18:44:13.855,0.02700000000000001
2024-12-13 18:44:13.907,0.02700000000000001
2024-12-13 18:44:13.949,0.02700000000000001
2024-12-13 18:44:14.007,0.02700000000000001
2024-12-13 18:44:14.033,0.02700000000000001
2024-12-13 18:44:14.086,0.02700000000000001
2024-12-13 18:44:14.102,0.02700000000000001
2024-12-13 18:44:14.134,0.02700000000000001
2024-12-13 18:44:14.155,0.02700000000000001
2024-12-13 18:44:14.197,0.02700000000000001
2024-12-13 18:44:14.862,0.02700000000000001
2024-12-13 18:44:14.878,0.02700000000000001
2024-12-13 18:44:14.894,0.02700000000000001
2024-12-13 18:44:14.921,0.02700000000000001
2024-12-13 18:44:14.963,0.02700000000000001
2024-12-13 18:44:15.004,0.02700000000000001
2024-12-13 18:44:15.061,0.02700000000000001
2024-12-13 18:44:15.104,0.02700000000000001
2024-12-13 18:44:15.140,0.02700000000000001
2024-12-13 18:44:15.192,0.02700000000000001
2024-12-13 18:44:15.526,0.045
2024-12-13 18:44:15.566,0.045
2024-12-13 18:44:15.592,0.045
2024-12-13 18:44:15.626,0.045
2024-12-13 18:44:15.644,0.045
2024-12-13 18:44:15.664,0.045
2024-12-13 18:44:15.706,0.02700000000000001
2024-12-13 18:44:15.725,0.02700000000000001
2024-12-13 18:44:15.744,0.02700000000000001
2024-12-13 18:44:15.797,0.02700000000000001
2024-12-13 18:44:16.414,0.02700000000000001
2024-12-13 18:44:16.456,0.02700000000000001
2024-12-13 18:44:16.483,0.02700000000000001
2024-12-13 18:44:16.509,0.02700000000000001
2024-12-13 18:44:16.551,0.02700000000000001
2024-12-13 18:44:16.593,0.02700000000000001
2024-12-13 18:44:16.619,0.02700000000000001
2024-12-13 18:44:16.656,0.02700000000000001
2024-12-13 18:44:16.708,0.02700000000000001
2024-12-13 18:44:16.743,0.02700000000000001
2024-12-13 18:44:17.535,0.02700000000000001
2024-12-13 18:44:17.566,0.02700000000000001
2024-12-13 18:44:17.577,0.02700000000000001
2024-12-13 18:44:17.593,0.02700000000000001
2024-12-13 18:44:17.624,0.02700000000000001
2024-12-13 18:44:17.661,0.02700000000000001
2024-12-13 18:44:17.698,0.02700000000000001
2024-12-13 18:44:17.725,0.02700000000000001
2024-12-13 18:44:17.751,0.02700000000000001
2024-12-13 18:44:17.808,0.02700000000000001
2024-12-13 18:44:18.582,0.03599999999999999
2024-12-13 18:44:18.644,0.03599999999999999
2024-12-13 18:44:18.686,0.03599999999999999
2024-12-13 18:44:18.707,0.03599999999999999
2024-12-13 18:44:18.738,0.03599999999999999
2024-12-13 18:44:18.755,0.03599999999999999
2024-12-13 18:44:18.849,0.02700000000000001
2024-12-13 18:44:18.869,0.02700000000000001
2024-12-13 18:44:18.896,0.02700000000000001
2024-12-13 18:44:18.917,0.02700000000000001
2024-12-13 18:44:19.653,0.02700000000000001
2024-12-13 18:44:19.679,0.02700000000000001
2024-12-13 18:44:19.711,0.02700000000000001
2024-12-13 18:44:19.737,0.02700000000000001
2024-12-13 18:44:19.759,0.02700000000000001
2024-12-13 18:44:19.790,0.02700000000000001
2024-12-13 18:44:19.832,0.02700000000000001
2024-12-13 18:44:19.868,0.02700000000000001
2024-12-13 18:44:19.910,0.02700000000000001
2024-12-13 18:44:19.957,0.02700000000000001
2024-12-13 18:44:20.806,0.02700000000000001
2024-12-13 18:44:20.832,0.02700000000000001
2024-12-13 18:44:20.864,0.02700000000000001
2024-12-13 18:44:20.895,0.02700000000000001
2024-12-13 18:44:20.932,0.02700000000000001
2024-12-13 18:44:20.963,0.02700000000000001
2024-12-13 18:44:20.995,0.02700000000000001
2024-12-13 18:44:21.062,0.02700000000000001
2024-12-13 18:44:21.104,0.02700000000000001
2024-12-13 18:44:21.151,0.02700000000000001
2024-12-13 18:44:21.937,0.02700000000000001
2024-12-13 18:44:21.989,0.02700000000000001
2024-12-13 18:44:22.025,0.02700000000000001
2024-12-13 18:44:22.052,0.02700000000000001
2024-12-13 18:44:22.083,0.02700000000000001
2024-12-13 18:44:22.115,0.02700000000000001
2024-12-13 18:44:22.136,0.02700000000000001
2024-12-13 18:44:22.173,0.02700000000000001
2024-12-13 18:44:22.194,0.02700000000000001
2024-12-13 18:44:22.246,0.02700000000000001
2024-12-13 18:44:23.008,0.02800000000000001
2024-12-13 18:44:23.024,0.02800000000000001
2024-12-13 18:44:23.071,0.02800000000000001
2024-12-13 18:44:23.128,0.02800000000000001
2024-12-13 18:44:23.159,0.02800000000000001
2024-12-13 18:44:23.176,0.02800000000000001
2024-12-13 18:44:23.197,0.02800000000000001
2024-12-13 18:44:23.218,0.02800000000000001
2024-12-13 18:44:23.235,0.02800000000000001
2024-12-13 18:44:23.267,0.02800000000000001
2024-12-13 18:44:23.873,0.02700000000000001
2024-12-13 18:44:23.904,0.02700000000000001
2024-12-13 18:44:23.941,0.02700000000000001
2024-12-13 18:44:23.967,0.02700000000000001
2024-12-13 18:44:24.004,0.02700000000000001
2024-12-13 18:44:24.050,0.03699999999999999
2024-12-13 18:44:24.082,0.03699999999999999
2024-12-13 18:44:24.150,0.03699999999999999
2024-12-13 18:44:24.176,0.03699999999999999
2024-12-13 18:44:24.182,0.03699999999999999
2024-12-13 18:44:24.972,0.02700000000000001
2024-12-13 18:44:25.013,0.02700000000000001
2024-12-13 18:44:25.070,0.02700000000000001
2024-12-13 18:44:25.127,0.02700000000000001
2024-12-13 18:44:25.144,0.02700000000000001
2024-12-13 18:44:25.154,0.02700000000000001
2024-12-13 18:44:25.217,0.02700000000000001
2024-12-13 18:44:25.248,0.02700000000000001
2024-12-13 18:44:25.264,0.02700000000000001
2024-12-13 18:44:25.306,0.02700000000000001
2024-12-13 18:44:26.150,0.02700000000000001
2024-12-13 18:44:26.177,0.02700000000000001
2024-12-13 18:44:26.198,0.02700000000000001
2024-12-13 18:44:26.209,0.02700000000000001
2024-12-13 18:44:26.256,0.02700000000000001
2024-12-13 18:44:26.309,0.02700000000000001
2024-12-13 18:44:26.366,0.02700000000000001
2024-12-13 18:44:26.402,0.02700000000000001
2024-12-13 18:44:26.429,0.02700000000000001
2024-12-13 18:44:26.460,0.02700000000000001
2024-12-13 18:44:27.371,0.046
2024-12-13 18:44:27.402,0.046
2024-12-13 18:44:27.460,0.046
2024-12-13 18:44:27.522,0.02700000000000001
2024-12-13 18:44:27.574,0.02700000000000001
2024-12-13 18:44:27.632,0.02700000000000001
2024-12-13 18:44:27.678,0.02700000000000001
2024-12-13 18:44:27.710,0.02700000000000001
2024-12-13 18:44:27.741,0.02700000000000001
2024-12-13 18:44:27.798,0.02700000000000001
2024-12-13 18:44:28.525,0.02700000000000001
2024-12-13 18:44:28.567,0.02700000000000001
2024-12-13 18:44:28.608,0.02700000000000001
2024-12-13 18:44:28.630,0.02700000000000001
2024-12-13 18:44:28.687,0.02700000000000001
2024-12-13 18:44:28.734,0.02700000000000001
2024-12-13 18:44:28.770,0.02700000000000001
2024-12-13 18:44:28.807,0.02700000000000001
2024-12-13 18:44:28.838,0.02700000000000001
2024-12-13 18:44:28.875,0.02700000000000001
2024-12-13 18:44:29.525,0.02700000000000001
2024-12-13 18:44:29.552,0.02700000000000001
2024-12-13 18:44:29.605,0.02700000000000001
2024-12-13 18:44:29.647,0.02700000000000001
2024-12-13 18:44:29.678,0.02700000000000001
2024-12-13 18:44:29.704,0.02700000000000001
2024-12-13 18:44:29.716,0.02700000000000001
2024-12-13 18:44:29.772,0.02700000000000001
2024-12-13 18:44:29.840,0.02700000000000001
2024-12-13 18:44:29.876,0.02700000000000001
2024-12-13 18:44:30.509,0.045
2024-12-13 18:44:30.555,0.045
2024-12-13 18:44:30.593,0.045
2024-12-13 18:44:30.610,0.045
2024-12-13 18:44:30.620,0.045
2024-12-13 18:44:30.623,0.02700000000000001
2024-12-13 18:44:30.657,0.02700000000000001
2024-12-13 18:44:30.674,0.02700000000000001
2024-12-13 18:44:30.679,0.02700000000000001
2024-12-13 18:44:30.698,0.02700000000000001
2024-12-13 18:44:31.306,0.02800000000000001
2024-12-13 18:44:31.363,0.02700000000000001
2024-12-13 18:44:31.410,0.02700000000000001
2024-12-13 18:44:31.441,0.02700000000000001
2024-12-13 18:44:31.478,0.02700000000000001
2024-12-13 18:44:31.499,0.02700000000000001
2024-12-13 18:44:31.561,0.02700000000000001
2024-12-13 18:44:31.603,0.02700000000000001
2024-12-13 18:44:31.624,0.02700000000000001
2024-12-13 18:44:31.681,0.02700000000000001
2024-12-13 18:44:32.322,0.02700000000000001
2024-12-13 18:44:32.338,0.02700000000000001
2024-12-13 18:44:32.370,0.02700000000000001
2024-12-13 18:44:32.406,0.02700000000000001
2024-12-13 18:44:32.437,0.02700000000000001
2024-12-13 18:44:32.458,0.02700000000000001
2024-12-13 18:44:32.495,0.02700000000000001
2024-12-13 18:44:32.526,0.02700000000000001
2024-12-13 18:44:32.599,0.02700000000000001
2024-12-13 18:44:32.672,0.02700000000000001
2024-12-13 18:44:33.528,0.02700000000000001
2024-12-13 18:44:33.559,0.02700000000000001
2024-12-13 18:44:33.606,0.02700000000000001
2024-12-13 18:44:33.648,0.02700000000000001
2024-12-13 18:44:33.674,0.02700000000000001
2024-12-13 18:44:33.711,0.02700000000000001
2024-12-13 18:44:33.737,0.02700000000000001
2024-12-13 18:44:33.763,0.02700000000000001
2024-12-13 18:44:33.795,0.02700000000000001
2024-12-13 18:44:33.848,0.02700000000000001
2024-12-13 18:44:34.551,0.02700000000000001
2024-12-13 18:44:34.593,0.02700000000000001
2024-12-13 18:44:34.625,0.02700000000000001
2024-12-13 18:44:34.661,0.02700000000000001
2024-12-13 18:44:34.697,0.02700000000000001
2024-12-13 18:44:34.750,0.02700000000000001
2024-12-13 18:44:34.807,0.02700000000000001
2024-12-13 18:44:34.844,0.02700000000000001
2024-12-13 18:44:34.880,0.02700000000000001
2024-12-13 18:44:34.886,0.02700000000000001
2024-12-13 18:44:35.436,0.02700000000000001
2024-12-13 18:44:35.478,0.02700000000000001
2024-12-13 18:44:35.504,0.02700000000000001
2024-12-13 18:44:35.546,0.02700000000000001
2024-12-13 18:44:35.583,0.02700000000000001
2024-12-13 18:44:35.615,0.02700000000000001
2024-12-13 18:44:35.657,0.02700000000000001
2024-12-13 18:44:35.693,0.02700000000000001
2024-12-13 18:44:35.734,0.02700000000000001
2024-12-13 18:44:35.772,0.02700000000000001
2024-12-13 18:44:36.620,0.02700000000000001
2024-12-13 18:44:36.653,0.02700000000000001
2024-12-13 18:44:36.700,0.02700000000000001
2024-12-13 18:44:36.732,0.02700000000000001
2024-12-13 18:44:36.758,0.02700000000000001
2024-12-13 18:44:36.769,0.02700000000000001
2024-12-13 18:44:36.816,0.02700000000000001
2024-12-13 18:44:36.837,0.02700000000000001
2024-12-13 18:44:36.874,0.02700000000000001
2024-12-13 18:44:36.925,0.02800000000000001
2024-12-13 18:44:37.692,0.02700000000000001
2024-12-13 18:44:37.744,0.02700000000000001
2024-12-13 18:44:37.780,0.02700000000000001
2024-12-13 18:44:37.827,0.02700000000000001
2024-12-13 18:44:37.843,0.02700000000000001
2024-12-13 18:44:37.865,0.02700000000000001
2024-12-13 18:44:37.952,0.02800000000000001
2024-12-13 18:44:37.994,0.02800000000000001
2024-12-13 18:44:38.046,0.02800000000000001
2024-12-13 18:44:38.072,0.02800000000000001
2024-12-13 18:44:38.761,0.02700000000000001
2024-12-13 18:44:38.782,0.02700000000000001
2024-12-13 18:44:38.824,0.02700000000000001
2024-12-13 18:44:38.855,0.02700000000000001
2024-12-13 18:44:38.928,0.02700000000000001
2024-12-13 18:44:38.986,0.046
2024-12-13 18:44:39.017,0.046
2024-12-13 18:44:39.059,0.046
2024-12-13 18:44:39.116,0.046
2024-12-13 18:44:39.152,0.046
2024-12-13 18:44:39.907,0.02700000000000001
2024-12-13 18:44:39.943,0.02700000000000001
2024-12-13 18:44:39.959,0.02700000000000001
2024-12-13 18:44:40.017,0.02700000000000001
2024-12-13 18:44:40.058,0.02700000000000001
2024-12-13 18:44:40.091,0.02700000000000001
2024-12-13 18:44:40.132,0.02700000000000001
2024-12-13 18:44:40.168,0.02700000000000001
2024-12-13 18:44:40.200,0.02700000000000001
2024-12-13 18:44:40.236,0.02700000000000001
2024-12-13 18:44:41.011,0.02700000000000001
2024-12-13 18:44:41.067,0.02700000000000001
2024-12-13 18:44:41.115,0.02700000000000001
2024-12-13 18:44:41.151,0.02700000000000001
2024-12-13 18:44:41.188,0.02700000000000001
2024-12-13 18:44:41.219,0.02700000000000001
2024-12-13 18:44:41.287,0.02700000000000001
2024-12-13 18:44:41.313,0.02700000000000001
2024-12-13 18:44:41.334,0.02700000000000001
2024-12-13 18:44:41.386,0.02700000000000001
2024-12-13 18:44:42.008,0.02700000000000001
2024-12-13 18:44:42.066,0.02700000000000001
2024-12-13 18:44:42.093,0.02700000000000001
2024-12-13 18:44:42.114,0.044
2024-12-13 18:44:42.155,0.044
2024-12-13 18:44:42.192,0.044
2024-12-13 18:44:42.213,0.044
2024-12-13 18:44:42.266,0.044
2024-12-13 18:44:42.281,0.044
2024-12-13 18:44:42.318,0.044
2024-12-13 18:44:43.026,0.02700000000000001
2024-12-13 18:44:43.047,0.02700000000000001
2024-12-13 18:44:43.089,0.02700000000000001
2024-12-13 18:44:43.136,0.02700000000000001
2024-12-13 18:44:43.177,0.02700000000000001
2024-12-13 18:44:43.229,0.02700000000000001
2024-12-13 18:44:43.271,0.02700000000000001
2024-12-13 18:44:43.302,0.02700000000000001
2024-12-13 18:44:43.324,0.02700000000000001
2024-12-13 18:44:43.385,0.02700000000000001
2024-12-13 18:44:44.115,0.02800000000000001
2024-12-13 18:44:44.152,0.02800000000000001
2024-12-13 18:44:44.173,0.02800000000000001
2024-12-13 18:44:44.226,0.02700000000000001
2024-12-13 18:44:44.273,0.02700000000000001
2024-12-13 18:44:44.325,0.02700000000000001
2024-12-13 18:44:44.346,0.02700000000000001
2024-12-13 18:44:44.398,0.02700000000000001
2024-12-13 18:44:44.445,0.02700000000000001
2024-12-13 18:44:44.496,0.02700000000000001
2024-12-13 18:44:45.412,0.044
2024-12-13 18:44:45.421,0.044
2024-12-13 18:44:45.432,0.044
2024-12-13 18:44:45.444,0.044
2024-12-13 18:44:45.484,0.044
2024-12-13 18:44:45.504,0.044
2024-12-13 18:44:45.516,0.044
2024-12-13 18:44:45.536,0.044
2024-12-13 18:44:45.550,0.044
2024-12-13 18:44:45.557,0.044
2024-12-13 18:44:46.288,0.02700000000000001
2024-12-13 18:44:46.330,0.02700000000000001
2024-12-13 18:44:46.351,0.02700000000000001
2024-12-13 18:44:46.382,0.02700000000000001
2024-12-13 18:44:46.434,0.02700000000000001
2024-12-13 18:44:46.440,0.02700000000000001
2024-12-13 18:44:46.471,0.02700000000000001
2024-12-13 18:44:46.513,0.02700000000000001
2024-12-13 18:44:46.539,0.02700000000000001
2024-12-13 18:44:46.576,0.02700000000000001
2024-12-13 18:44:47.281,0.02700000000000001
2024-12-13 18:44:47.312,0.02700000000000001
2024-12-13 18:44:47.339,0.02700000000000001
2024-12-13 18:44:47.360,0.02700000000000001
2024-12-13 18:44:47.376,0.02700000000000001
2024-12-13 18:44:47.418,0.02700000000000001
2024-12-13 18:44:47.495,0.02700000000000001
2024-12-13 18:44:47.532,0.02700000000000001
2024-12-13 18:44:47.604,0.02700000000000001
2024-12-13 18:44:47.636,0.02700000000000001
2024-12-13 18:44:48.514,0.02700000000000001
2024-12-13 18:44:48.534,0.02700000000000001
2024-12-13 18:44:48.556,0.02700000000000001
2024-12-13 18:44:48.593,0.02700000000000001
2024-12-13 18:44:48.629,0.02700000000000001
2024-12-13 18:44:48.666,0.02700000000000001
2024-12-13 18:44:48.692,0.02700000000000001
2024-12-13 18:44:48.729,0.02700000000000001
2024-12-13 18:44:48.786,0.02700000000000001
2024-12-13 18:44:48.812,0.02700000000000001
2024-12-13 18:44:49.676,0.02700000000000001
2024-12-13 18:44:49.692,0.02700000000000001
2024-12-13 18:44:49.714,0.02700000000000001
2024-12-13 18:44:49.729,0.02700000000000001
2024-12-13 18:44:49.792,0.02700000000000001
2024-12-13 18:44:49.839,0.02700000000000001
2024-12-13 18:44:49.902,0.02700000000000001
2024-12-13 18:44:49.939,0.02700000000000001
2024-12-13 18:44:49.976,0.02700000000000001
2024-12-13 18:44:49.992,0.02700000000000001
2024-12-13 18:44:50.744,0.02700000000000001
2024-12-13 18:44:50.771,0.02700000000000001
2024-12-13 18:44:50.802,0.03599999999999999
2024-12-13 18:44:50.844,0.03599999999999999
2024-12-13 18:44:50.891,0.03599999999999999
2024-12-13 18:44:50.933,0.03599999999999999
2024-12-13 18:44:50.980,0.03599999999999999
2024-12-13 18:44:51.022,0.03599999999999999
2024-12-13 18:44:51.048,0.03599999999999999
2024-12-13 18:44:51.084,0.03599999999999999
2024-12-13 18:44:52.004,0.02800000000000001
2024-12-13 18:44:52.030,0.02800000000000001
2024-12-13 18:44:52.056,0.02800000000000001
2024-12-13 18:44:52.103,0.02800000000000001
2024-12-13 18:44:52.119,0.02800000000000001
2024-12-13 18:44:52.197,0.02700000000000001
2024-12-13 18:44:52.233,0.02700000000000001
2024-12-13 18:44:52.280,0.02700000000000001
2024-12-13 18:44:52.327,0.02700000000000001
2024-12-13 18:44:52.379,0.02700000000000001
2024-12-13 18:44:53.052,0.02700000000000001
2024-12-13 18:44:53.079,0.02700000000000001
2024-12-13 18:44:53.126,0.02700000000000001
2024-12-13 18:44:53.157,0.02700000000000001
2024-12-13 18:44:53.204,0.02700000000000001
2024-12-13 18:44:53.251,0.02700000000000001
2024-12-13 18:44:53.272,0.02700000000000001
2024-12-13 18:44:53.345,0.02700000000000001
2024-12-13 18:44:53.382,0.02700000000000001
2024-12-13 18:44:53.413,0.02700000000000001
2024-12-13 18:44:54.192,0.045
2024-12-13 18:44:54.214,0.045
2024-12-13 18:44:54.240,0.045
2024-12-13 18:44:54.276,0.045
2024-12-13 18:44:54.313,0.02700000000000001
2024-12-13 18:44:54.355,0.02700000000000001
2024-12-13 18:44:54.407,0.02700000000000001
2024-12-13 18:44:54.443,0.02700000000000001
2024-12-13 18:44:54.474,0.02700000000000001
2024-12-13 18:44:54.506,0.02700000000000001
2024-12-13 18:44:55.175,0.02700000000000001
2024-12-13 18:44:55.237,0.02700000000000001
2024-12-13 18:44:55.258,0.02700000000000001
2024-12-13 18:44:55.295,0.02700000000000001
2024-12-13 18:44:55.311,0.02700000000000001
2024-12-13 18:44:55.353,0.02700000000000001
2024-12-13 18:44:55.395,0.02700000000000001
2024-12-13 18:44:55.421,0.02700000000000001
2024-12-13 18:44:55.494,0.02700000000000001
2024-12-13 18:44:55.556,0.02700000000000001
2024-12-13 18:44:56.327,0.02700000000000001
2024-12-13 18:44:56.343,0.02700000000000001
2024-12-13 18:44:56.364,0.02700000000000001
2024-12-13 18:44:56.412,0.02700000000000001
2024-12-13 18:44:56.448,0.02700000000000001
2024-12-13 18:44:56.495,0.02700000000000001
2024-12-13 18:44:56.552,0.02700000000000001
2024-12-13 18:44:56.589,0.02700000000000001
2024-12-13 18:44:56.605,0.02700000000000001
2024-12-13 18:44:56.631,0.02700000000000001
2024-12-13 18:44:57.289,0.045
2024-12-13 18:44:57.316,0.045
2024-12-13 18:44:57.368,0.045
2024-12-13 18:44:57.399,0.045
2024-12-13 18:44:57.441,0.02700000000000001
2024-12-13 18:44:57.477,0.02700000000000001
2024-12-13 18:44:57.504,0.02700000000000001
2024-12-13 18:44:57.530,0.02700000000000001
2024-12-13 18:44:57.556,0.02700000000000001
2024-12-13 18:44:57.587,0.02700000000000001
2024-12-13 18:44:58.328,0.02700000000000001
2024-12-13 18:44:58.360,0.02700000000000001
2024-12-13 18:44:58.386,0.02700000000000001
2024-12-13 18:44:58.423,0.02700000000000001
2024-12-13 18:44:58.491,0.02700000000000001
2024-12-13 18:44:58.533,0.02700000000000001
2024-12-13 18:44:58.559,0.02700000000000001
2024-12-13 18:44:58.601,0.02700000000000001
2024-12-13 18:44:58.633,0.02700000000000001
2024-12-13 18:44:58.654,0.02700000000000001
2024-12-13 18:44:59.304,0.02700000000000001
2024-12-13 18:44:59.341,0.02700000000000001
2024-12-13 18:44:59.372,0.02700000000000001
2024-12-13 18:44:59.388,0.02700000000000001
2024-12-13 18:44:59.430,0.02700000000000001
2024-12-13 18:44:59.482,0.02700000000000001
2024-12-13 18:44:59.524,0.02700000000000001
2024-12-13 18:44:59.581,0.02700000000000001
2024-12-13 18:44:59.617,0.02700000000000001
2024-12-13 18:44:59.639,0.02700000000000001
2024-12-13 18:45:00.496,0.02800000000000001
2024-12-13 18:45:00.509,0.02800000000000001
2024-12-13 18:45:00.556,0.02700000000000001
2024-12-13 18:45:00.563,0.02700000000000001
2024-12-13 18:45:00.594,0.02700000000000001
2024-12-13 18:45:00.610,0.02700000000000001
2024-12-13 18:45:00.621,0.02700000000000001
2024-12-13 18:45:00.653,0.02700000000000001
2024-12-13 18:45:00.658,0.02700000000000001
2024-12-13 18:45:00.672,0.02700000000000001
2024-12-13 18:45:01.557,0.02700000000000001
2024-12-13 18:45:01.603,0.02700000000000001
2024-12-13 18:45:01.635,0.02700000000000001
2024-12-13 18:45:01.651,0.02700000000000001
2024-12-13 18:45:01.703,0.02700000000000001
2024-12-13 18:45:01.729,0.02700000000000001
2024-12-13 18:45:01.761,0.02700000000000001
2024-12-13 18:45:01.818,0.02700000000000001
2024-12-13 18:45:01.887,0.02700000000000001
2024-12-13 18:45:01.928,0.02700000000000001
2024-12-13 18:45:02.675,0.02700000000000001
2024-12-13 18:45:02.737,0.02700000000000001
2024-12-13 18:45:02.794,0.02700000000000001
2024-12-13 18:45:02.826,0.02700000000000001
2024-12-13 18:45:02.862,0.02700000000000001
2024-12-13 18:45:02.894,0.02700000000000001
2024-12-13 18:45:02.935,0.02700000000000001
2024-12-13 18:45:02.962,0.02700000000000001
2024-12-13 18:45:03.034,0.045
2024-12-13 18:45:03.091,0.045
2024-12-13 18:45:03.797,0.029000000000000012
2024-12-13 18:45:03.839,0.029000000000000012
2024-12-13 18:45:03.911,0.029000000000000012
2024-12-13 18:45:03.973,0.029000000000000012
2024-12-13 18:45:04.015,0.029000000000000012
2024-12-13 18:45:04.067,0.02700000000000001
2024-12-13 18:45:04.124,0.02700000000000001
2024-12-13 18:45:04.150,0.02700000000000001
2024-12-13 18:45:04.181,0.02700000000000001
2024-12-13 18:45:04.198,0.02700000000000001
2024-12-13 18:45:04.973,0.02800000000000001
2024-12-13 18:45:05.041,0.02800000000000001
2024-12-13 18:45:05.093,0.02700000000000001
2024-12-13 18:45:05.124,0.02700000000000001
2024-12-13 18:45:05.182,0.02700000000000001
2024-12-13 18:45:05.249,0.02700000000000001
2024-12-13 18:45:05.308,0.02700000000000001
2024-12-13 18:45:05.355,0.02700000000000001
2024-12-13 18:45:05.377,0.02700000000000001
2024-12-13 18:45:05.429,0.02700000000000001
2024-12-13 18:45:06.227,0.03499999999999999
2024-12-13 18:45:06.274,0.03499999999999999
2024-12-13 18:45:06.305,0.03499999999999999
2024-12-13 18:45:06.378,0.03499999999999999
2024-12-13 18:45:06.405,0.03499999999999999
2024-12-13 18:45:06.436,0.03499999999999999
2024-12-13 18:45:06.478,0.02700000000000001
2024-12-13 18:45:06.525,0.02700000000000001
2024-12-13 18:45:06.578,0.02700000000000001
2024-12-13 18:45:06.630,0.02700000000000001
2024-12-13 18:45:07.386,0.02700000000000001
2024-12-13 18:45:07.433,0.02700000000000001
2024-12-13 18:45:07.470,0.02700000000000001
2024-12-13 18:45:07.517,0.02700000000000001
2024-12-13 18:45:07.579,0.02700000000000001
2024-12-13 18:45:07.626,0.02700000000000001
2024-12-13 18:45:07.662,0.02700000000000001
2024-12-13 18:45:07.746,0.02700000000000001
2024-12-13 18:45:07.777,0.02700000000000001
2024-12-13 18:45:07.783,0.02700000000000001
2024-12-13 18:45:08.557,0.02700000000000001
2024-12-13 18:45:08.588,0.02700000000000001
2024-12-13 18:45:08.610,0.02700000000000001
2024-12-13 18:45:08.631,0.02700000000000001
2024-12-13 18:45:08.683,0.02700000000000001
2024-12-13 18:45:08.714,0.02700000000000001
2024-12-13 18:45:08.756,0.02700000000000001
2024-12-13 18:45:08.788,0.02700000000000001
2024-12-13 18:45:08.819,0.02700000000000001
2024-12-13 18:45:08.856,0.02700000000000001
2024-12-13 18:45:09.551,0.02700000000000001
2024-12-13 18:45:09.598,0.02700000000000001
2024-12-13 18:45:09.634,0.02700000000000001
2024-12-13 18:45:09.671,0.02700000000000001
2024-12-13 18:45:09.712,0.02700000000000001
2024-12-13 18:45:09.733,0.02700000000000001
2024-12-13 18:45:09.785,0.02700000000000001
2024-12-13 18:45:09.832,0.02700000000000001
2024-12-13 18:45:09.869,0.02700000000000001
2024-12-13 18:45:09.889,0.02700000000000001
2024-12-13 18:45:10.569,0.02700000000000001
2024-12-13 18:45:10.658,0.02800000000000001
2024-12-13 18:45:10.705,0.02800000000000001
2024-12-13 18:45:10.731,0.02800000000000001
2024-12-13 18:45:10.768,0.02800000000000001
2024-12-13 18:45:10.799,0.02800000000000001
2024-12-13 18:45:10.851,0.02800000000000001
2024-12-13 18:45:10.877,0.02800000000000001
2024-12-13 18:45:10.904,0.02800000000000001
2024-12-13 18:45:10.910,0.02800000000000001
2024-12-13 18:45:11.651,0.02700000000000001
2024-12-13 18:45:11.688,0.040999999999999995
2024-12-13 18:45:11.765,0.040999999999999995
2024-12-13 18:45:11.802,0.040999999999999995
2024-12-13 18:45:11.823,0.040999999999999995
2024-12-13 18:45:11.844,0.040999999999999995
2024-12-13 18:45:11.886,0.040999999999999995
2024-12-13 18:45:11.902,0.040999999999999995
2024-12-13 18:45:11.928,0.040999999999999995
2024-12-13 18:45:11.979,0.040999999999999995
2024-12-13 18:45:12.612,0.02700000000000001
2024-12-13 18:45:12.639,0.02700000000000001
2024-12-13 18:45:12.675,0.02700000000000001
2024-12-13 18:45:12.728,0.02700000000000001
2024-12-13 18:45:12.769,0.02700000000000001
2024-12-13 18:45:12.816,0.02700000000000001
2024-12-13 18:45:12.858,0.02700000000000001
2024-12-13 18:45:12.894,0.02700000000000001
2024-12-13 18:45:12.931,0.02700000000000001
2024-12-13 18:45:12.972,0.02700000000000001
2024-12-13 18:45:13.697,0.02700000000000001
2024-12-13 18:45:13.733,0.02700000000000001
2024-12-13 18:45:13.781,0.02700000000000001
2024-12-13 18:45:13.833,0.02700000000000001
2024-12-13 18:45:13.874,0.02700000000000001
2024-12-13 18:45:13.890,0.02700000000000001
2024-12-13 18:45:13.932,0.02700000000000001
2024-12-13 18:45:13.969,0.02700000000000001
2024-12-13 18:45:13.990,0.02700000000000001
2024-12-13 18:45:14.012,0.02700000000000001
2024-12-13 18:45:14.811,0.046
2024-12-13 18:45:14.827,0.046
2024-12-13 18:45:14.854,0.046
2024-12-13 18:45:14.880,0.046
2024-12-13 18:45:14.912,0.046
2024-12-13 18:45:14.974,0.046
2024-12-13 18:45:15.016,0.046
2024-12-13 18:45:15.053,0.046
2024-12-13 18:45:15.084,0.046
2024-12-13 18:45:15.106,0.046
2024-12-13 18:45:15.535,0.02700000000000001
2024-12-13 18:45:15.546,0.02700000000000001
2024-12-13 18:45:15.551,0.02700000000000001
2024-12-13 18:45:15.561,0.02700000000000001
2024-12-13 18:45:15.574,0.02700000000000001
2024-12-13 18:45:15.592,0.02700000000000001
2024-12-13 18:45:15.633,0.02700000000000001
2024-12-13 18:45:15.664,0.02700000000000001
2024-12-13 18:45:15.685,0.02700000000000001
2024-12-13 18:45:15.726,0.02700000000000001
2024-12-13 18:45:16.479,0.02700000000000001
2024-12-13 18:45:16.500,0.02700000000000001
2024-12-13 18:45:16.547,0.02700000000000001
2024-12-13 18:45:16.584,0.02700000000000001
2024-12-13 18:45:16.636,0.02700000000000001
2024-12-13 18:45:16.667,0.02700000000000001
2024-12-13 18:45:16.704,0.02700000000000001
2024-12-13 18:45:16.756,0.02700000000000001
2024-12-13 18:45:16.808,0.02700000000000001
2024-12-13 18:45:16.844,0.02700000000000001
2024-12-13 18:45:17.675,0.03799999999999999
2024-12-13 18:45:17.691,0.03799999999999999
2024-12-13 18:45:17.717,0.03799999999999999
2024-12-13 18:45:17.759,0.03799999999999999
2024-12-13 18:45:17.770,0.03799999999999999
2024-12-13 18:45:17.817,0.03799999999999999
2024-12-13 18:45:17.843,0.03799999999999999
2024-12-13 18:45:17.864,0.03799999999999999
2024-12-13 18:45:17.911,0.03799999999999999
2024-12-13 18:45:17.989,0.046
2024-12-13 18:45:18.834,0.02800000000000001
2024-12-13 18:45:18.855,0.02800000000000001
2024-12-13 18:45:18.908,0.02800000000000001
2024-12-13 18:45:18.934,0.02800000000000001
2024-12-13 18:45:18.981,0.02700000000000001
2024-12-13 18:45:19.022,0.02700000000000001
2024-12-13 18:45:19.043,0.02700000000000001
2024-12-13 18:45:19.064,0.02700000000000001
2024-12-13 18:45:19.117,0.02700000000000001
2024-12-13 18:45:19.169,0.02700000000000001
2024-12-13 18:45:20.021,0.02700000000000001
2024-12-13 18:45:20.058,0.02700000000000001
2024-12-13 18:45:20.084,0.02700000000000001
2024-12-13 18:45:20.122,0.02700000000000001
2024-12-13 18:45:20.158,0.02700000000000001
2024-12-13 18:45:20.184,0.02700000000000001
2024-12-13 18:45:20.257,0.02700000000000001
2024-12-13 18:45:20.283,0.02700000000000001
2024-12-13 18:45:20.319,0.02700000000000001
2024-12-13 18:45:20.376,0.02700000000000001
2024-12-13 18:45:21.293,0.02700000000000001
2024-12-13 18:45:21.335,0.02700000000000001
2024-12-13 18:45:21.377,0.02700000000000001
2024-12-13 18:45:21.423,0.02700000000000001
2024-12-13 18:45:21.449,0.02700000000000001
2024-12-13 18:45:21.502,0.02700000000000001
2024-12-13 18:45:21.528,0.02700000000000001
2024-12-13 18:45:21.554,0.02700000000000001
2024-12-13 18:45:21.586,0.02700000000000001
2024-12-13 18:45:21.628,0.02700000000000001
2024-12-13 18:45:22.385,0.02700000000000001
2024-12-13 18:45:22.396,0.02700000000000001
2024-12-13 18:45:22.458,0.02700000000000001
2024-12-13 18:45:22.505,0.02700000000000001
2024-12-13 18:45:22.522,0.02700000000000001
2024-12-13 18:45:22.563,0.02700000000000001
2024-12-13 18:45:22.631,0.02700000000000001
2024-12-13 18:45:22.667,0.02700000000000001
2024-12-13 18:45:22.698,0.02700000000000001
2024-12-13 18:45:22.771,0.02700000000000001
2024-12-13 18:45:23.540,0.02700000000000001
2024-12-13 18:45:23.582,0.02700000000000001
2024-12-13 18:45:23.619,0.02700000000000001
2024-12-13 18:45:23.665,0.02700000000000001
2024-12-13 18:45:23.758,0.02700000000000001
2024-12-13 18:45:23.805,0.02700000000000001
2024-12-13 18:45:23.847,0.046
2024-12-13 18:45:23.904,0.046
2024-12-13 18:45:23.956,0.046
2024-12-13 18:45:24.014,0.046
2024-12-13 18:45:24.881,0.02700000000000001
2024-12-13 18:45:24.912,0.02700000000000001
2024-12-13 18:45:24.944,0.02700000000000001
2024-12-13 18:45:24.975,0.02700000000000001
2024-12-13 18:45:25.017,0.02700000000000001
2024-12-13 18:45:25.053,0.02700000000000001
2024-12-13 18:45:25.069,0.02700000000000001
2024-12-13 18:45:25.090,0.02700000000000001
2024-12-13 18:45:25.122,0.02700000000000001
2024-12-13 18:45:25.159,0.02700000000000001
2024-12-13 18:45:25.929,0.02700000000000001
2024-12-13 18:45:25.970,0.02700000000000001
2024-12-13 18:45:25.991,0.02700000000000001
2024-12-13 18:45:26.028,0.02700000000000001
2024-12-13 18:45:26.095,0.02700000000000001
2024-12-13 18:45:26.137,0.02700000000000001
2024-12-13 18:45:26.153,0.02700000000000001
2024-12-13 18:45:26.210,0.02700000000000001
2024-12-13 18:45:26.273,0.02700000000000001
2024-12-13 18:45:26.315,0.02700000000000001
2024-12-13 18:45:27.098,0.03499999999999999
2024-12-13 18:45:27.114,0.03499999999999999
2024-12-13 18:45:27.167,0.03499999999999999
2024-12-13 18:45:27.188,0.03499999999999999
2024-12-13 18:45:27.219,0.03499999999999999
2024-12-13 18:45:27.245,0.03499999999999999
2024-12-13 18:45:27.297,0.03499999999999999
2024-12-13 18:45:27.323,0.02700000000000001
2024-12-13 18:45:27.344,0.02700000000000001
2024-12-13 18:45:27.365,0.02700000000000001
2024-12-13 18:45:27.941,0.02700000000000001
2024-12-13 18:45:27.967,0.02700000000000001
2024-12-13 18:45:28.025,0.02700000000000001
2024-12-13 18:45:28.061,0.02700000000000001
2024-12-13 18:45:28.098,0.02700000000000001
2024-12-13 18:45:28.134,0.02700000000000001
2024-12-13 18:45:28.160,0.02700000000000001
2024-12-13 18:45:28.192,0.02700000000000001
2024-12-13 18:45:28.228,0.02700000000000001
2024-12-13 18:45:28.255,0.02700000000000001
2024-12-13 18:45:29.020,0.02700000000000001
2024-12-13 18:45:29.066,0.02700000000000001
2024-12-13 18:45:29.123,0.02700000000000001
2024-12-13 18:45:29.150,0.02700000000000001
2024-12-13 18:45:29.192,0.02700000000000001
2024-12-13 18:45:29.244,0.02700000000000001
2024-12-13 18:45:29.302,0.02700000000000001
2024-12-13 18:45:29.323,0.02700000000000001
2024-12-13 18:45:29.349,0.02700000000000001
2024-12-13 18:45:29.376,0.02700000000000001
2024-12-13 18:45:30.228,0.02700000000000001
2024-12-13 18:45:30.259,0.02700000000000001
2024-12-13 18:45:30.291,0.02700000000000001
2024-12-13 18:45:30.322,0.02700000000000001
2024-12-13 18:45:30.369,0.02700000000000001
2024-12-13 18:45:30.404,0.02700000000000001
2024-12-13 18:45:30.478,0.02800000000000001
2024-12-13 18:45:30.500,0.02800000000000001
2024-12-13 18:45:30.523,0.02800000000000001
2024-12-13 18:45:30.561,0.02800000000000001
2024-12-13 18:45:31.551,0.02700000000000001
2024-12-13 18:45:31.583,0.02700000000000001
2024-12-13 18:45:31.630,0.02700000000000001
2024-12-13 18:45:31.672,0.02700000000000001
2024-12-13 18:45:31.709,0.02700000000000001
2024-12-13 18:45:31.751,0.02700000000000001
2024-12-13 18:45:31.772,0.02700000000000001
2024-12-13 18:45:31.798,0.02700000000000001
2024-12-13 18:45:31.819,0.02700000000000001
2024-12-13 18:45:31.866,0.02700000000000001
2024-12-13 18:45:32.638,0.045
2024-12-13 18:45:32.674,0.045
2024-12-13 18:45:32.701,0.045
2024-12-13 18:45:32.768,0.045
2024-12-13 18:45:32.830,0.045
2024-12-13 18:45:32.851,0.045
2024-12-13 18:45:32.899,0.03599999999999999
2024-12-13 18:45:32.936,0.03599999999999999
2024-12-13 18:45:32.973,0.03599999999999999
2024-12-13 18:45:33.015,0.03599999999999999
2024-12-13 18:45:33.658,0.02700000000000001
2024-12-13 18:45:33.726,0.02700000000000001
2024-12-13 18:45:33.784,0.02700000000000001
2024-12-13 18:45:33.815,0.02700000000000001
2024-12-13 18:45:33.857,0.02700000000000001
2024-12-13 18:45:33.883,0.02700000000000001
2024-12-13 18:45:33.924,0.02700000000000001
2024-12-13 18:45:33.966,0.02700000000000001
2024-12-13 18:45:33.992,0.02700000000000001
2024-12-13 18:45:34.029,0.02700000000000001
2024-12-13 18:45:34.702,0.02700000000000001
2024-12-13 18:45:34.748,0.02700000000000001
2024-12-13 18:45:34.785,0.02700000000000001
2024-12-13 18:45:34.811,0.02700000000000001
2024-12-13 18:45:34.848,0.02700000000000001
2024-12-13 18:45:34.889,0.02700000000000001
2024-12-13 18:45:34.926,0.02700000000000001
2024-12-13 18:45:34.968,0.02700000000000001
2024-12-13 18:45:34.984,0.02700000000000001
2024-12-13 18:45:35.005,0.02700000000000001
2024-12-13 18:45:35.760,0.045
2024-12-13 18:45:35.786,0.045
2024-12-13 18:45:35.808,0.045
2024-12-13 18:45:35.840,0.045
2024-12-13 18:45:35.876,0.045
2024-12-13 18:45:35.892,0.045
2024-12-13 18:45:35.934,0.045
2024-12-13 18:45:35.960,0.045
2024-12-13 18:45:35.986,0.045
2024-12-13 18:45:36.033,0.02700000000000001
2024-12-13 18:45:36.738,0.02700000000000001
2024-12-13 18:45:36.769,0.02700000000000001
2024-12-13 18:45:36.811,0.02700000000000001
2024-12-13 18:45:36.827,0.02700000000000001
2024-12-13 18:45:36.868,0.02700000000000001
2024-12-13 18:45:36.895,0.02700000000000001
2024-12-13 18:45:36.916,0.02700000000000001
2024-12-13 18:45:36.947,0.02700000000000001
2024-12-13 18:45:36.994,0.02700000000000001
2024-12-13 18:45:37.061,0.02700000000000001
2024-12-13 18:45:37.889,0.02700000000000001
2024-12-13 18:45:37.909,0.02700000000000001
2024-12-13 18:45:37.928,0.02700000000000001
2024-12-13 18:45:37.975,0.02700000000000001
2024-12-13 18:45:38.022,0.02700000000000001
2024-12-13 18:45:38.042,0.02700000000000001
2024-12-13 18:45:38.079,0.02700000000000001
2024-12-13 18:45:38.126,0.02700000000000001
2024-12-13 18:45:38.162,0.02700000000000001
2024-12-13 18:45:38.184,0.02700000000000001
2024-12-13 18:45:39.046,0.044
2024-12-13 18:45:39.088,0.044
2024-12-13 18:45:39.148,0.02700000000000001
2024-12-13 18:45:39.189,0.02700000000000001
2024-12-13 18:45:39.211,0.02700000000000001
2024-12-13 18:45:39.258,0.02700000000000001
2024-12-13 18:45:39.315,0.02700000000000001
2024-12-13 18:45:39.342,0.02700000000000001
2024-12-13 18:45:39.378,0.02700000000000001
2024-12-13 18:45:39.430,0.02700000000000001
2024-12-13 18:45:40.287,0.02700000000000001
2024-12-13 18:45:40.334,0.02700000000000001
2024-12-13 18:45:40.356,0.02700000000000001
2024-12-13 18:45:40.402,0.02700000000000001
2024-12-13 18:45:40.444,0.02700000000000001
2024-12-13 18:45:40.491,0.02700000000000001
2024-12-13 18:45:40.528,0.02700000000000001
2024-12-13 18:45:40.580,0.02700000000000001
2024-12-13 18:45:40.616,0.02700000000000001
2024-12-13 18:45:40.663,0.02700000000000001
2024-12-13 18:45:41.235,0.02700000000000001
2024-12-13 18:45:41.256,0.02700000000000001
2024-12-13 18:45:41.282,0.02700000000000001
2024-12-13 18:45:41.288,0.02700000000000001
2024-12-13 18:45:41.325,0.02700000000000001
2024-12-13 18:45:41.356,0.02700000000000001
2024-12-13 18:45:41.383,0.02700000000000001
2024-12-13 18:45:41.450,0.02700000000000001
2024-12-13 18:45:41.486,0.02700000000000001
2024-12-13 18:45:41.533,0.02700000000000001
2024-12-13 18:45:42.496,0.02700000000000001
2024-12-13 18:45:42.512,0.02700000000000001
2024-12-13 18:45:42.563,0.02700000000000001
2024-12-13 18:45:42.610,0.02700000000000001
2024-12-13 18:45:42.678,0.02700000000000001
2024-12-13 18:45:42.715,0.02700000000000001
2024-12-13 18:45:42.767,0.02700000000000001
2024-12-13 18:45:42.813,0.02700000000000001
2024-12-13 18:45:42.856,0.02700000000000001
2024-12-13 18:45:42.903,0.02700000000000001
2024-12-13 18:45:43.656,0.02700000000000001
2024-12-13 18:45:43.682,0.02700000000000001
2024-12-13 18:45:43.724,0.02700000000000001
2024-12-13 18:45:43.761,0.02700000000000001
2024-12-13 18:45:43.787,0.02700000000000001
2024-12-13 18:45:43.819,0.02700000000000001
2024-12-13 18:45:43.866,0.02700000000000001
2024-12-13 18:45:43.909,0.02700000000000001
2024-12-13 18:45:43.914,0.02700000000000001
2024-12-13 18:45:43.966,0.02700000000000001
2024-12-13 18:45:44.783,0.045
2024-12-13 18:45:44.804,0.045
2024-12-13 18:45:44.836,0.045
2024-12-13 18:45:44.873,0.045
2024-12-13 18:45:44.894,0.045
2024-12-13 18:45:44.935,0.045
2024-12-13 18:45:44.968,0.045
2024-12-13 18:45:44.993,0.045
2024-12-13 18:45:45.045,0.02700000000000001
2024-12-13 18:45:45.108,0.02700000000000001
2024-12-13 18:45:45.582,0.02700000000000001
2024-12-13 18:45:45.604,0.02700000000000001
2024-12-13 18:45:45.610,0.02700000000000001
2024-12-13 18:45:45.625,0.02700000000000001
2024-12-13 18:45:45.646,0.02700000000000001
2024-12-13 18:45:45.652,0.02700000000000001
2024-12-13 18:45:45.657,0.02700000000000001
2024-12-13 18:45:45.669,0.02700000000000001
2024-12-13 18:45:45.689,0.02700000000000001
2024-12-13 18:45:45.696,0.02700000000000001
2024-12-13 18:45:46.434,0.02700000000000001
2024-12-13 18:45:46.477,0.02700000000000001
2024-12-13 18:45:46.488,0.02700000000000001
2024-12-13 18:45:46.545,0.02700000000000001
2024-12-13 18:45:46.582,0.02700000000000001
2024-12-13 18:45:46.624,0.02700000000000001
2024-12-13 18:45:46.660,0.02700000000000001
2024-12-13 18:45:46.692,0.02700000000000001
2024-12-13 18:45:46.728,0.02700000000000001
2024-12-13 18:45:46.765,0.02700000000000001
2024-12-13 18:45:47.585,0.045
2024-12-13 18:45:47.627,0.045
2024-12-13 18:45:47.643,0.045
2024-12-13 18:45:47.669,0.045
2024-12-13 18:45:47.711,0.045
2024-12-13 18:45:47.768,0.045
2024-12-13 18:45:47.820,0.030000000000000013
2024-12-13 18:45:47.872,0.030000000000000013
2024-12-13 18:45:47.909,0.030000000000000013
2024-12-13 18:45:47.961,0.030000000000000013
2024-12-13 18:45:48.743,0.02700000000000001
2024-12-13 18:45:48.780,0.02700000000000001
2024-12-13 18:45:48.817,0.02700000000000001
2024-12-13 18:45:48.859,0.02700000000000001
2024-12-13 18:45:48.896,0.02700000000000001
2024-12-13 18:45:48.916,0.02700000000000001
2024-12-13 18:45:48.953,0.02700000000000001
2024-12-13 18:45:48.985,0.02700000000000001
2024-12-13 18:45:49.001,0.02700000000000001
2024-12-13 18:45:49.021,0.02700000000000001
2024-12-13 18:45:49.763,0.02700000000000001
2024-12-13 18:45:49.825,0.02700000000000001
2024-12-13 18:45:49.887,0.02700000000000001
2024-12-13 18:45:49.944,0.02700000000000001
2024-12-13 18:45:49.980,0.02700000000000001
2024-12-13 18:45:50.027,0.02700000000000001
2024-12-13 18:45:50.069,0.02700000000000001
2024-12-13 18:45:50.101,0.02700000000000001
2024-12-13 18:45:50.137,0.02700000000000001
2024-12-13 18:45:50.168,0.02700000000000001
2024-12-13 18:45:51.036,0.02700000000000001
2024-12-13 18:45:51.057,0.02700000000000001
2024-12-13 18:45:51.093,0.02700000000000001
2024-12-13 18:45:51.125,0.02700000000000001
2024-12-13 18:45:51.157,0.02700000000000001
2024-12-13 18:45:51.199,0.02700000000000001
2024-12-13 18:45:51.241,0.02700000000000001
2024-12-13 18:45:51.288,0.02700000000000001
2024-12-13 18:45:51.304,0.02700000000000001
2024-12-13 18:45:51.325,0.02700000000000001
2024-12-13 18:45:51.964,0.02700000000000001
2024-12-13 18:45:52.011,0.02700000000000001
2024-12-13 18:45:52.027,0.02700000000000001
2024-12-13 18:45:52.084,0.02700000000000001
2024-12-13 18:45:52.116,0.02700000000000001
2024-12-13 18:45:52.137,0.02700000000000001
2024-12-13 18:45:52.184,0.02700000000000001
2024-12-13 18:45:52.216,0.02700000000000001
2024-12-13 18:45:52.247,0.02700000000000001
2024-12-13 18:45:52.315,0.02800000000000001
2024-12-13 18:45:53.008,0.02700000000000001
2024-12-13 18:45:53.035,0.02700000000000001
2024-12-13 18:45:53.087,0.02700000000000001
2024-12-13 18:45:53.108,0.02700000000000001
2024-12-13 18:45:53.129,0.02700000000000001
2024-12-13 18:45:53.181,0.02700000000000001
2024-12-13 18:45:53.228,0.02700000000000001
2024-12-13 18:45:53.239,0.02700000000000001
2024-12-13 18:45:53.260,0.02700000000000001
2024-12-13 18:45:53.291,0.02700000000000001
2024-12-13 18:45:53.968,0.045
2024-12-13 18:45:54.009,0.045
2024-12-13 18:45:54.031,0.045
2024-12-13 18:45:54.078,0.02700000000000001
2024-12-13 18:45:54.114,0.02700000000000001
2024-12-13 18:45:54.161,0.02700000000000001
2024-12-13 18:45:54.202,0.02700000000000001
2024-12-13 18:45:54.254,0.02700000000000001
2024-12-13 18:45:54.286,0.02700000000000001
2024-12-13 18:45:54.328,0.02700000000000001
2024-12-13 18:45:55.245,0.02700000000000001
2024-12-13 18:45:55.298,0.02700000000000001
2024-12-13 18:45:55.340,0.02700000000000001
2024-12-13 18:45:55.376,0.02700000000000001
2024-12-13 18:45:55.433,0.02700000000000001
2024-12-13 18:45:55.454,0.02700000000000001
2024-12-13 18:45:55.465,0.02700000000000001
2024-12-13 18:45:55.496,0.02700000000000001
2024-12-13 18:45:55.527,0.02700000000000001
2024-12-13 18:45:55.548,0.02700000000000001
2024-12-13 18:45:56.353,0.02700000000000001
2024-12-13 18:45:56.395,0.02700000000000001
2024-12-13 18:45:56.447,0.02700000000000001
2024-12-13 18:45:56.478,0.045
2024-12-13 18:45:56.505,0.045
2024-12-13 18:45:56.536,0.045
2024-12-13 18:45:56.593,0.045
2024-12-13 18:45:56.640,0.045
2024-12-13 18:45:56.692,0.045
2024-12-13 18:45:56.744,0.045
2024-12-13 18:45:57.612,0.02700000000000001
2024-12-13 18:45:57.644,0.02700000000000001
2024-12-13 18:45:57.671,0.02700000000000001
2024-12-13 18:45:57.707,0.02700000000000001
2024-12-13 18:45:57.749,0.02700000000000001
2024-12-13 18:45:57.806,0.02700000000000001
2024-12-13 18:45:57.832,0.02700000000000001
2024-12-13 18:45:57.863,0.02700000000000001
2024-12-13 18:45:57.879,0.02700000000000001
2024-12-13 18:45:57.906,0.02700000000000001
2024-12-13 18:45:58.747,0.02700000000000001
2024-12-13 18:45:58.758,0.02700000000000001
2024-12-13 18:45:58.770,0.02700000000000001
2024-12-13 18:45:58.801,0.02700000000000001
2024-12-13 18:45:58.833,0.02700000000000001
2024-12-13 18:45:58.874,0.02700000000000001
2024-12-13 18:45:58.916,0.02700000000000001
2024-12-13 18:45:58.941,0.02700000000000001
2024-12-13 18:45:58.994,0.02700000000000001
2024-12-13 18:45:59.041,0.02700000000000001
2024-12-13 18:45:59.893,0.045
2024-12-13 18:45:59.914,0.045
2024-12-13 18:45:59.951,0.02700000000000001
2024-12-13 18:45:59.993,0.02700000000000001
2024-12-13 18:46:00.024,0.02700000000000001
2024-12-13 18:46:00.061,0.02700000000000001
2024-12-13 18:46:00.098,0.02700000000000001
2024-12-13 18:46:00.124,0.02700000000000001
2024-12-13 18:46:00.145,0.02700000000000001
2024-12-13 18:46:00.188,0.02700000000000001
2024-12-13 18:46:00.674,0.02700000000000001
2024-12-13 18:46:00.699,0.02700000000000001
2024-12-13 18:46:00.709,0.02700000000000001
2024-12-13 18:46:00.720,0.02700000000000001
2024-12-13 18:46:00.733,0.02700000000000001
2024-12-13 18:46:00.756,0.02700000000000001
2024-12-13 18:46:00.778,0.02700000000000001
2024-12-13 18:46:00.831,0.02700000000000001
2024-12-13 18:46:00.878,0.02700000000000001
2024-12-13 18:46:00.915,0.02700000000000001
2024-12-13 18:46:01.808,0.02700000000000001
2024-12-13 18:46:01.824,0.02700000000000001
2024-12-13 18:46:01.871,0.02700000000000001
2024-12-13 18:46:01.887,0.02700000000000001
2024-12-13 18:46:01.924,0.02700000000000001
2024-12-13 18:46:01.970,0.02700000000000001
2024-12-13 18:46:02.002,0.02700000000000001
2024-12-13 18:46:02.038,0.02700000000000001
2024-12-13 18:46:02.064,0.02700000000000001
2024-12-13 18:46:02.075,0.02700000000000001
2024-12-13 18:46:03.048,0.02700000000000001
2024-12-13 18:46:03.080,0.02700000000000001
2024-12-13 18:46:03.143,0.02700000000000001
2024-12-13 18:46:03.190,0.02700000000000001
2024-12-13 18:46:03.196,0.02700000000000001
2024-12-13 18:46:03.222,0.02700000000000001
2024-12-13 18:46:03.253,0.02700000000000001
2024-12-13 18:46:03.316,0.02700000000000001
2024-12-13 18:46:03.337,0.02700000000000001
2024-12-13 18:46:03.369,0.02700000000000001
2024-12-13 18:46:04.089,0.02700000000000001
2024-12-13 18:46:04.136,0.02700000000000001
2024-12-13 18:46:04.167,0.02700000000000001
2024-12-13 18:46:04.204,0.02700000000000001
2024-12-13 18:46:04.235,0.02700000000000001
2024-12-13 18:46:04.277,0.02700000000000001
2024-12-13 18:46:04.308,0.02700000000000001
2024-12-13 18:46:04.350,0.02700000000000001
2024-12-13 18:46:04.376,0.02700000000000001
2024-12-13 18:46:04.408,0.02700000000000001
2024-12-13 18:46:05.299,0.02700000000000001
2024-12-13 18:46:05.326,0.02700000000000001
2024-12-13 18:46:05.357,0.02700000000000001
2024-12-13 18:46:05.415,0.02700000000000001
2024-12-13 18:46:05.431,0.02700000000000001
2024-12-13 18:46:05.478,0.02700000000000001
2024-12-13 18:46:05.493,0.046
2024-12-13 18:46:05.592,0.046
2024-12-13 18:46:05.629,0.046
2024-12-13 18:46:05.702,0.046
2024-12-13 18:46:06.617,0.02700000000000001
2024-12-13 18:46:06.643,0.02700000000000001
2024-12-13 18:46:06.680,0.02700000000000001
2024-12-13 18:46:06.701,0.02700000000000001
2024-12-13 18:46:06.733,0.02700000000000001
2024-12-13 18:46:06.764,0.02700000000000001
2024-12-13 18:46:06.806,0.02700000000000001
2024-12-13 18:46:06.828,0.02700000000000001
2024-12-13 18:46:06.844,0.02700000000000001
2024-12-13 18:46:06.870,0.02700000000000001
2024-12-13 18:46:07.590,0.02700000000000001
2024-12-13 18:46:07.631,0.02700000000000001
2024-12-13 18:46:07.673,0.02700000000000001
2024-12-13 18:46:07.715,0.02700000000000001
2024-12-13 18:46:07.752,0.02700000000000001
2024-12-13 18:46:07.783,0.02700000000000001
2024-12-13 18:46:07.830,0.02700000000000001
2024-12-13 18:46:07.861,0.02700000000000001
2024-12-13 18:46:07.898,0.02700000000000001
2024-12-13 18:46:07.941,0.02700000000000001
2024-12-13 18:46:08.822,0.03499999999999999
2024-12-13 18:46:08.875,0.03499999999999999
2024-12-13 18:46:08.901,0.03499999999999999
2024-12-13 18:46:08.932,0.03499999999999999
2024-12-13 18:46:08.949,0.03499999999999999
2024-12-13 18:46:08.985,0.02700000000000001
2024-12-13 18:46:09.022,0.02700000000000001
2024-12-13 18:46:09.064,0.02700000000000001
2024-12-13 18:46:09.100,0.02700000000000001
2024-12-13 18:46:09.153,0.02700000000000001
2024-12-13 18:46:09.926,0.02700000000000001
2024-12-13 18:46:09.963,0.02700000000000001
2024-12-13 18:46:10.004,0.02700000000000001
2024-12-13 18:46:10.035,0.02700000000000001
2024-12-13 18:46:10.068,0.02700000000000001
2024-12-13 18:46:10.109,0.02700000000000001
2024-12-13 18:46:10.141,0.02700000000000001
2024-12-13 18:46:10.172,0.02700000000000001
2024-12-13 18:46:10.209,0.02700000000000001
2024-12-13 18:46:10.235,0.02700000000000001
2024-12-13 18:46:10.894,0.02700000000000001
2024-12-13 18:46:10.920,0.02700000000000001
2024-12-13 18:46:10.951,0.02700000000000001
2024-12-13 18:46:11.003,0.02700000000000001
2024-12-13 18:46:11.056,0.02700000000000001
2024-12-13 18:46:11.092,0.02700000000000001
2024-12-13 18:46:11.123,0.02700000000000001
2024-12-13 18:46:11.155,0.02700000000000001
2024-12-13 18:46:11.186,0.02700000000000001
2024-12-13 18:46:11.238,0.02700000000000001
2024-12-13 18:46:12.233,0.02700000000000001
2024-12-13 18:46:12.249,0.02700000000000001
2024-12-13 18:46:12.281,0.02700000000000001
2024-12-13 18:46:12.301,0.02700000000000001
2024-12-13 18:46:12.353,0.02700000000000001
2024-12-13 18:46:12.385,0.02700000000000001
2024-12-13 18:46:12.426,0.02700000000000001
2024-12-13 18:46:12.484,0.02700000000000001
2024-12-13 18:46:12.520,0.02700000000000001
2024-12-13 18:46:12.557,0.02700000000000001
2024-12-13 18:46:13.652,0.02700000000000001
2024-12-13 18:46:13.710,0.02700000000000001
2024-12-13 18:46:13.736,0.02700000000000001
2024-12-13 18:46:13.762,0.02700000000000001
2024-12-13 18:46:13.800,0.02700000000000001
2024-12-13 18:46:13.841,0.02700000000000001
2024-12-13 18:46:13.889,0.02700000000000001
2024-12-13 18:46:13.941,0.02700000000000001
2024-12-13 18:46:13.978,0.02700000000000001
2024-12-13 18:46:14.014,0.02700000000000001
2024-12-13 18:46:15.309,0.02700000000000001
2024-12-13 18:46:15.320,0.02700000000000001
2024-12-13 18:46:15.351,0.02700000000000001
2024-12-13 18:46:15.394,0.02700000000000001
2024-12-13 18:46:15.439,0.02700000000000001
2024-12-13 18:46:15.462,0.02700000000000001
2024-12-13 18:46:15.472,0.02700000000000001
2024-12-13 18:46:15.493,0.02700000000000001
2024-12-13 18:46:15.503,0.02700000000000001
2024-12-13 18:46:15.513,0.02700000000000001
2024-12-13 18:46:16.626,0.02700000000000001
2024-12-13 18:46:16.668,0.02700000000000001
2024-12-13 18:46:16.689,0.02700000000000001
2024-12-13 18:46:16.711,0.02700000000000001
2024-12-13 18:46:16.742,0.02700000000000001
2024-12-13 18:46:16.815,0.02700000000000001
2024-12-13 18:46:16.898,0.02700000000000001
2024-12-13 18:46:16.961,0.02700000000000001
2024-12-13 18:46:16.987,0.02700000000000001
2024-12-13 18:46:17.035,0.02700000000000001
2024-12-13 18:46:18.045,0.02700000000000001
2024-12-13 18:46:18.082,0.02700000000000001
2024-12-13 18:46:18.114,0.02700000000000001
2024-12-13 18:46:18.145,0.02700000000000001
2024-12-13 18:46:18.186,0.02700000000000001
2024-12-13 18:46:18.265,0.02700000000000001
2024-12-13 18:46:18.307,0.02700000000000001
2024-12-13 18:46:18.338,0.02700000000000001
2024-12-13 18:46:18.395,0.02700000000000001
2024-12-13 18:46:18.417,0.02700000000000001
2024-12-13 18:46:19.402,0.02800000000000001
2024-12-13 18:46:19.444,0.02700000000000001
2024-12-13 18:46:19.475,0.02700000000000001
2024-12-13 18:46:19.491,0.02700000000000001
2024-12-13 18:46:19.522,0.02700000000000001
2024-12-13 18:46:19.595,0.02700000000000001
2024-12-13 18:46:19.642,0.02700000000000001
2024-12-13 18:46:19.679,0.02700000000000001
2024-12-13 18:46:19.726,0.02700000000000001
2024-12-13 18:46:19.783,0.02700000000000001
2024-12-13 18:46:20.843,0.02700000000000001
2024-12-13 18:46:20.868,0.02700000000000001
2024-12-13 18:46:20.896,0.02700000000000001
2024-12-13 18:46:20.922,0.02700000000000001
2024-12-13 18:46:20.944,0.02700000000000001
2024-12-13 18:46:20.991,0.02700000000000001
2024-12-13 18:46:21.017,0.02700000000000001
2024-12-13 18:46:21.049,0.02700000000000001
2024-12-13 18:46:21.106,0.02700000000000001
2024-12-13 18:46:21.127,0.02700000000000001
2024-12-13 18:46:21.910,0.02700000000000001
2024-12-13 18:46:21.947,0.02700000000000001
2024-12-13 18:46:21.994,0.02700000000000001
2024-12-13 18:46:22.031,0.02700000000000001
2024-12-13 18:46:22.088,0.02700000000000001
2024-12-13 18:46:22.119,0.02700000000000001
2024-12-13 18:46:22.156,0.02700000000000001
2024-12-13 18:46:22.198,0.02700000000000001
2024-12-13 18:46:22.245,0.02700000000000001
2024-12-13 18:46:22.271,0.02700000000000001
2024-12-13 18:46:23.548,0.044
2024-12-13 18:46:23.574,0.02700000000000001
2024-12-13 18:46:23.621,0.02700000000000001
2024-12-13 18:46:23.673,0.02700000000000001
2024-12-13 18:46:23.715,0.02700000000000001
2024-12-13 18:46:23.741,0.02700000000000001
2024-12-13 18:46:23.767,0.02700000000000001
2024-12-13 18:46:23.809,0.02700000000000001
2024-12-13 18:46:23.861,0.02700000000000001
2024-12-13 18:46:23.903,0.02700000000000001
2024-12-13 18:46:24.829,0.02700000000000001
2024-12-13 18:46:24.850,0.02700000000000001
2024-12-13 18:46:24.882,0.02700000000000001
2024-12-13 18:46:24.924,0.02700000000000001
2024-12-13 18:46:24.944,0.02700000000000001
2024-12-13 18:46:24.988,0.02700000000000001
2024-12-13 18:46:25.030,0.02700000000000001
2024-12-13 18:46:25.062,0.02700000000000001
2024-12-13 18:46:25.088,0.02700000000000001
2024-12-13 18:46:25.119,0.02700000000000001
2024-12-13 18:46:26.420,0.045
2024-12-13 18:46:26.457,0.045
2024-12-13 18:46:26.524,0.045
2024-12-13 18:46:26.566,0.045
2024-12-13 18:46:26.598,0.045
2024-12-13 18:46:26.624,0.045
2024-12-13 18:46:26.665,0.045
2024-12-13 18:46:26.728,0.02700000000000001
2024-12-13 18:46:26.770,0.02700000000000001
2024-12-13 18:46:26.802,0.02700000000000001
2024-12-13 18:46:27.954,0.02700000000000001
2024-12-13 18:46:27.980,0.02700000000000001
2024-12-13 18:46:28.006,0.02700000000000001
2024-12-13 18:46:28.053,0.02700000000000001
2024-12-13 18:46:28.090,0.02800000000000001
2024-12-13 18:46:28.126,0.02800000000000001
2024-12-13 18:46:28.162,0.02800000000000001
2024-12-13 18:46:28.195,0.02800000000000001
2024-12-13 18:46:28.215,0.02800000000000001
2024-12-13 18:46:28.246,0.02800000000000001
2024-12-13 18:46:29.495,0.03399999999999999
2024-12-13 18:46:29.517,0.03399999999999999
2024-12-13 18:46:29.574,0.03399999999999999
2024-12-13 18:46:29.595,0.03399999999999999
2024-12-13 18:46:29.647,0.03399999999999999
2024-12-13 18:46:29.689,0.03399999999999999
2024-12-13 18:46:29.731,0.03399999999999999
2024-12-13 18:46:29.777,0.03399999999999999
2024-12-13 18:46:29.804,0.03399999999999999
2024-12-13 18:46:29.835,0.02700000000000001
2024-12-13 18:46:30.493,0.02700000000000001
2024-12-13 18:46:30.527,0.02700000000000001
2024-12-13 18:46:30.550,0.02700000000000001
2024-12-13 18:46:30.559,0.02700000000000001
2024-12-13 18:46:30.590,0.02700000000000001
2024-12-13 18:46:30.632,0.02700000000000001
2024-12-13 18:46:30.643,0.02700000000000001
2024-12-13 18:46:30.651,0.02700000000000001
2024-12-13 18:46:30.661,0.02700000000000001
2024-12-13 18:46:30.712,0.02700000000000001
2024-12-13 18:46:31.880,0.02700000000000001
2024-12-13 18:46:31.948,0.02700000000000001
2024-12-13 18:46:31.979,0.02700000000000001
2024-12-13 18:46:32.005,0.02700000000000001
2024-12-13 18:46:32.042,0.02700000000000001
2024-12-13 18:46:32.073,0.02700000000000001
2024-12-13 18:46:32.120,0.02700000000000001
2024-12-13 18:46:32.187,0.02700000000000001
2024-12-13 18:46:32.219,0.02700000000000001
2024-12-13 18:46:32.276,0.044
2024-12-13 18:46:33.553,0.02700000000000001
2024-12-13 18:46:33.574,0.02700000000000001
2024-12-13 18:46:33.621,0.02700000000000001
2024-12-13 18:46:33.658,0.02700000000000001
2024-12-13 18:46:33.720,0.02700000000000001
2024-12-13 18:46:33.762,0.02700000000000001
2024-12-13 18:46:33.788,0.02700000000000001
2024-12-13 18:46:33.840,0.02700000000000001
2024-12-13 18:46:33.887,0.02700000000000001
2024-12-13 18:46:33.913,0.02700000000000001
2024-12-13 18:46:34.736,0.02700000000000001
2024-12-13 18:46:34.768,0.02700000000000001
2024-12-13 18:46:34.799,0.02700000000000001
2024-12-13 18:46:34.831,0.02700000000000001
2024-12-13 18:46:34.867,0.02700000000000001
2024-12-13 18:46:34.925,0.02700000000000001
2024-12-13 18:46:34.966,0.02700000000000001
2024-12-13 18:46:35.028,0.041999999999999996
2024-12-13 18:46:35.049,0.041999999999999996
2024-12-13 18:46:35.127,0.041999999999999996
2024-12-13 18:46:36.223,0.02700000000000001
2024-12-13 18:46:36.239,0.02700000000000001
2024-12-13 18:46:36.250,0.02700000000000001
2024-12-13 18:46:36.281,0.02700000000000001
2024-12-13 18:46:36.302,0.02700000000000001
2024-12-13 18:46:36.319,0.02700000000000001
2024-12-13 18:46:36.350,0.02700000000000001
2024-12-13 18:46:36.408,0.02700000000000001
2024-12-13 18:46:36.449,0.02700000000000001
2024-12-13 18:46:36.465,0.02700000000000001
2024-12-13 18:46:37.658,0.02700000000000001
2024-12-13 18:46:37.715,0.02700000000000001
2024-12-13 18:46:37.747,0.02700000000000001
2024-12-13 18:46:37.769,0.02700000000000001
2024-12-13 18:46:37.784,0.02700000000000001
2024-12-13 18:46:37.795,0.02700000000000001
2024-12-13 18:46:37.852,0.02700000000000001
2024-12-13 18:46:37.883,0.02700000000000001
2024-12-13 18:46:37.915,0.02700000000000001
2024-12-13 18:46:37.967,0.02700000000000001
2024-12-13 18:46:38.984,0.02700000000000001
2024-12-13 18:46:39.020,0.02700000000000001
2024-12-13 18:46:39.041,0.02700000000000001
2024-12-13 18:46:39.068,0.02700000000000001
2024-12-13 18:46:39.104,0.02700000000000001
2024-12-13 18:46:39.125,0.02700000000000001
2024-12-13 18:46:39.162,0.02700000000000001
2024-12-13 18:46:39.199,0.02700000000000001
2024-12-13 18:46:39.235,0.02700000000000001
2024-12-13 18:46:39.298,0.02700000000000001
2024-12-13 18:46:40.185,0.02800000000000001
2024-12-13 18:46:40.222,0.02800000000000001
2024-12-13 18:46:40.269,0.02700000000000001
2024-12-13 18:46:40.311,0.02700000000000001
2024-12-13 18:46:40.352,0.02700000000000001
2024-12-13 18:46:40.399,0.02700000000000001
2024-12-13 18:46:40.435,0.02700000000000001
2024-12-13 18:46:40.498,0.02700000000000001
2024-12-13 18:46:40.519,0.02700000000000001
2024-12-13 18:46:40.545,0.02700000000000001
2024-12-13 18:46:41.817,0.02700000000000001
2024-12-13 18:46:41.843,0.02700000000000001
2024-12-13 18:46:41.890,0.02700000000000001
2024-12-13 18:46:41.927,0.02700000000000001
2024-12-13 18:46:41.969,0.02700000000000001
2024-12-13 18:46:42.015,0.02700000000000001
2024-12-13 18:46:42.047,0.02700000000000001
2024-12-13 18:46:42.084,0.02700000000000001
2024-12-13 18:46:42.136,0.02700000000000001
2024-12-13 18:46:42.161,0.02700000000000001
2024-12-13 18:46:43.201,0.02700000000000001
2024-12-13 18:46:43.243,0.02700000000000001
2024-12-13 18:46:43.264,0.02700000000000001
2024-12-13 18:46:43.321,0.02700000000000001
2024-12-13 18:46:43.363,0.02700000000000001
2024-12-13 18:46:43.410,0.02700000000000001
2024-12-13 18:46:43.478,0.02700000000000001
2024-12-13 18:46:43.535,0.02700000000000001
2024-12-13 18:46:43.572,0.02700000000000001
2024-12-13 18:46:43.629,0.02700000000000001
2024-12-13 18:46:44.680,0.02700000000000001
2024-12-13 18:46:44.717,0.02700000000000001
2024-12-13 18:46:44.753,0.02700000000000001
2024-12-13 18:46:44.795,0.02700000000000001
2024-12-13 18:46:44.821,0.02700000000000001
2024-12-13 18:46:44.874,0.02700000000000001
2024-12-13 18:46:44.895,0.02700000000000001
2024-12-13 18:46:44.916,0.02700000000000001
2024-12-13 18:46:44.942,0.02700000000000001
2024-12-13 18:46:44.989,0.02700000000000001
2024-12-13 18:46:45.671,0.02700000000000001
2024-12-13 18:46:45.693,0.02700000000000001
2024-12-13 18:46:45.700,0.02700000000000001
2024-12-13 18:46:45.747,0.02700000000000001
2024-12-13 18:46:45.771,0.02700000000000001
2024-12-13 18:46:45.782,0.02700000000000001
2024-12-13 18:46:45.856,0.02700000000000001
2024-12-13 18:46:45.878,0.02700000000000001
2024-12-13 18:46:45.904,0.02700000000000001
2024-12-13 18:46:45.916,0.02700000000000001
2024-12-13 18:46:47.102,0.03599999999999999
2024-12-13 18:46:47.123,0.03599999999999999
2024-12-13 18:46:47.154,0.03599999999999999
2024-12-13 18:46:47.211,0.03599999999999999
2024-12-13 18:46:47.284,0.044
2024-12-13 18:46:47.382,0.044
2024-12-13 18:46:47.403,0.044
2024-12-13 18:46:47.439,0.044
2024-12-13 18:46:47.465,0.044
2024-12-13 18:46:47.502,0.044
2024-12-13 18:46:48.459,0.02700000000000001
2024-12-13 18:46:48.511,0.02700000000000001
2024-12-13 18:46:48.574,0.02700000000000001
2024-12-13 18:46:48.622,0.02700000000000001
2024-12-13 18:46:48.654,0.02700000000000001
2024-12-13 18:46:48.685,0.02700000000000001
2024-12-13 18:46:48.768,0.02700000000000001
2024-12-13 18:46:48.789,0.02700000000000001
2024-12-13 18:46:48.836,0.02700000000000001
2024-12-13 18:46:48.852,0.02700000000000001
2024-12-13 18:46:49.997,0.045
2024-12-13 18:46:50.044,0.045
2024-12-13 18:46:50.076,0.045
2024-12-13 18:46:50.102,0.045
2024-12-13 18:46:50.133,0.045
2024-12-13 18:46:50.185,0.045
2024-12-13 18:46:50.216,0.045
2024-12-13 18:46:50.268,0.045
2024-12-13 18:46:50.299,0.045
2024-12-13 18:46:50.351,0.02800000000000001
2024-12-13 18:46:51.575,0.02700000000000001
2024-12-13 18:46:51.606,0.02700000000000001
2024-12-13 18:46:51.658,0.02700000000000001
2024-12-13 18:46:51.679,0.02700000000000001
2024-12-13 18:46:51.747,0.02700000000000001
2024-12-13 18:46:51.793,0.02700000000000001
2024-12-13 18:46:51.846,0.02700000000000001
2024-12-13 18:46:51.877,0.02700000000000001
2024-12-13 18:46:51.919,0.02700000000000001
2024-12-13 18:46:51.961,0.02700000000000001
2024-12-13 18:46:53.073,0.02700000000000001
2024-12-13 18:46:53.114,0.045
2024-12-13 18:46:53.171,0.045
2024-12-13 18:46:53.218,0.045
2024-12-13 18:46:53.301,0.045
2024-12-13 18:46:53.348,0.045
2024-12-13 18:46:53.364,0.045
2024-12-13 18:46:53.400,0.045
2024-12-13 18:46:53.442,0.045
2024-12-13 18:46:53.468,0.02700000000000001
2024-12-13 18:46:54.648,0.02700000000000001
2024-12-13 18:46:54.684,0.02700000000000001
2024-12-13 18:46:54.726,0.02700000000000001
2024-12-13 18:46:54.783,0.02700000000000001
2024-12-13 18:46:54.809,0.02700000000000001
2024-12-13 18:46:54.857,0.02700000000000001
2024-12-13 18:46:54.889,0.02700000000000001
2024-12-13 18:46:54.931,0.02700000000000001
2024-12-13 18:46:54.963,0.02700000000000001
2024-12-13 18:46:54.994,0.02700000000000001
2024-12-13 18:46:56.150,0.045
2024-12-13 18:46:56.181,0.045
2024-12-13 18:46:56.202,0.045
2024-12-13 18:46:56.244,0.03499999999999999
2024-12-13 18:46:56.291,0.03499999999999999
2024-12-13 18:46:56.338,0.03499999999999999
2024-12-13 18:46:56.370,0.03499999999999999
2024-12-13 18:46:56.391,0.03499999999999999
2024-12-13 18:46:56.407,0.03499999999999999
2024-12-13 18:46:56.438,0.03499999999999999
2024-12-13 18:46:57.397,0.02700000000000001
2024-12-13 18:46:57.433,0.02700000000000001
2024-12-13 18:46:57.449,0.02700000000000001
2024-12-13 18:46:57.475,0.02700000000000001
2024-12-13 18:46:57.517,0.02700000000000001
2024-12-13 18:46:57.564,0.02700000000000001
2024-12-13 18:46:57.591,0.02700000000000001
2024-12-13 18:46:57.607,0.02700000000000001
2024-12-13 18:46:57.643,0.02700000000000001
2024-12-13 18:46:57.664,0.02700000000000001
2024-12-13 18:46:58.858,0.02700000000000001
2024-12-13 18:46:58.911,0.02700000000000001
2024-12-13 18:46:58.927,0.02700000000000001
2024-12-13 18:46:58.973,0.02700000000000001
2024-12-13 18:46:59.041,0.045
2024-12-13 18:46:59.072,0.045
2024-12-13 18:46:59.103,0.045
2024-12-13 18:46:59.140,0.045
2024-12-13 18:46:59.176,0.045
2024-12-13 18:46:59.213,0.045
2024-12-13 18:47:00.290,0.02700000000000001
2024-12-13 18:47:00.322,0.02700000000000001
2024-12-13 18:47:00.338,0.02700000000000001
2024-12-13 18:47:00.369,0.02700000000000001
2024-12-13 18:47:00.427,0.02700000000000001
2024-12-13 18:47:00.451,0.02700000000000001
2024-12-13 18:47:00.468,0.02700000000000001
2024-12-13 18:47:00.481,0.02700000000000001
2024-12-13 18:47:00.492,0.02700000000000001
2024-12-13 18:47:00.505,0.02700000000000001
2024-12-13 18:47:01.046,0.02800000000000001
2024-12-13 18:47:01.072,0.02800000000000001
2024-12-13 18:47:01.134,0.02700000000000001
2024-12-13 18:47:01.191,0.02700000000000001
2024-12-13 18:47:01.233,0.02700000000000001
2024-12-13 18:47:01.259,0.02700000000000001
2024-12-13 18:47:01.332,0.02700000000000001
2024-12-13 18:47:01.350,0.02700000000000001
2024-12-13 18:47:01.376,0.02700000000000001
2024-12-13 18:47:01.417,0.02700000000000001
2024-12-13 18:47:02.502,0.02700000000000001
2024-12-13 18:47:02.524,0.02700000000000001
2024-12-13 18:47:02.530,0.02700000000000001
2024-12-13 18:47:02.561,0.02700000000000001
2024-12-13 18:47:02.608,0.02700000000000001
2024-12-13 18:47:02.665,0.02700000000000001
2024-12-13 18:47:02.711,0.02700000000000001
2024-12-13 18:47:02.732,0.02700000000000001
2024-12-13 18:47:02.754,0.02700000000000001
2024-12-13 18:47:02.790,0.02700000000000001
2024-12-13 18:47:03.740,0.02700000000000001
2024-12-13 18:47:03.792,0.02700000000000001
2024-12-13 18:47:03.828,0.02700000000000001
2024-12-13 18:47:03.845,0.02700000000000001
2024-12-13 18:47:03.876,0.02700000000000001
2024-12-13 18:47:03.918,0.02700000000000001
2024-12-13 18:47:03.940,0.02700000000000001
2024-12-13 18:47:03.966,0.02700000000000001
2024-12-13 18:47:04.018,0.02700000000000001
2024-12-13 18:47:04.075,0.02700000000000001
2024-12-13 18:47:05.046,0.046
2024-12-13 18:47:05.067,0.046
2024-12-13 18:47:05.114,0.046
2024-12-13 18:47:05.146,0.046
2024-12-13 18:47:05.193,0.046
2024-12-13 18:47:05.224,0.046
2024-12-13 18:47:05.261,0.046
2024-12-13 18:47:05.298,0.02700000000000001
2024-12-13 18:47:05.324,0.02700000000000001
2024-12-13 18:47:05.355,0.02700000000000001
2024-12-13 18:47:06.358,0.02700000000000001
2024-12-13 18:47:06.411,0.02700000000000001
2024-12-13 18:47:06.453,0.02700000000000001
2024-12-13 18:47:06.506,0.02700000000000001
2024-12-13 18:47:06.553,0.02700000000000001
2024-12-13 18:47:06.589,0.02700000000000001
2024-12-13 18:47:06.620,0.02700000000000001
2024-12-13 18:47:06.663,0.02700000000000001
2024-12-13 18:47:06.709,0.02700000000000001
2024-12-13 18:47:06.751,0.02700000000000001
2024-12-13 18:47:07.552,0.02700000000000001
2024-12-13 18:47:07.569,0.02700000000000001
2024-12-13 18:47:07.595,0.02700000000000001
2024-12-13 18:47:07.611,0.02700000000000001
2024-12-13 18:47:07.637,0.02700000000000001
2024-12-13 18:47:07.700,0.02700000000000001
2024-12-13 18:47:07.746,0.03699999999999999
2024-12-13 18:47:07.799,0.03699999999999999
2024-12-13 18:47:07.826,0.03699999999999999
2024-12-13 18:47:07.852,0.03699999999999999
2024-12-13 18:47:09.023,0.02800000000000001
2024-12-13 18:47:09.049,0.02800000000000001
2024-12-13 18:47:09.081,0.02800000000000001
2024-12-13 18:47:09.112,0.02800000000000001
2024-12-13 18:47:09.148,0.02700000000000001
2024-12-13 18:47:09.169,0.02700000000000001
2024-12-13 18:47:09.206,0.02700000000000001
2024-12-13 18:47:09.242,0.02700000000000001
2024-12-13 18:47:09.268,0.02700000000000001
2024-12-13 18:47:09.304,0.02700000000000001
2024-12-13 18:47:10.385,0.02700000000000001
2024-12-13 18:47:10.416,0.02700000000000001
2024-12-13 18:47:10.438,0.02700000000000001
2024-12-13 18:47:10.459,0.02700000000000001
2024-12-13 18:47:10.516,0.02700000000000001
2024-12-13 18:47:10.559,0.02700000000000001
2024-12-13 18:47:10.585,0.02700000000000001
2024-12-13 18:47:10.595,0.02700000000000001
2024-12-13 18:47:10.652,0.02700000000000001
2024-12-13 18:47:10.678,0.02700000000000001
2024-12-13 18:47:11.750,0.02700000000000001
2024-12-13 18:47:11.781,0.02700000000000001
2024-12-13 18:47:11.849,0.02700000000000001
2024-12-13 18:47:11.881,0.02700000000000001
2024-12-13 18:47:11.918,0.02700000000000001
2024-12-13 18:47:11.949,0.02700000000000001
2024-12-13 18:47:11.980,0.02700000000000001
2024-12-13 18:47:12.017,0.02700000000000001
2024-12-13 18:47:12.058,0.02700000000000001
2024-12-13 18:47:12.121,0.02700000000000001
2024-12-13 18:47:12.971,0.02700000000000001
2024-12-13 18:47:12.998,0.02700000000000001
2024-12-13 18:47:13.035,0.02700000000000001
2024-12-13 18:47:13.051,0.02700000000000001
2024-12-13 18:47:13.103,0.02700000000000001
2024-12-13 18:47:13.134,0.02700000000000001
2024-12-13 18:47:13.176,0.02700000000000001
2024-12-13 18:47:13.212,0.02700000000000001
2024-12-13 18:47:13.249,0.02700000000000001
2024-12-13 18:47:13.290,0.02700000000000001
2024-12-13 18:47:14.446,0.02700000000000001
2024-12-13 18:47:14.483,0.02700000000000001
2024-12-13 18:47:14.505,0.02700000000000001
2024-12-13 18:47:14.531,0.02700000000000001
2024-12-13 18:47:14.562,0.02700000000000001
2024-12-13 18:47:14.583,0.02700000000000001
2024-12-13 18:47:14.625,0.02700000000000001
2024-12-13 18:47:14.703,0.02700000000000001
2024-12-13 18:47:14.750,0.02700000000000001
2024-12-13 18:47:14.792,0.02700000000000001
2024-12-13 18:47:15.551,0.02700000000000001
2024-12-13 18:47:15.563,0.02700000000000001
2024-12-13 18:47:15.575,0.02700000000000001
2024-12-13 18:47:15.582,0.02700000000000001
2024-12-13 18:47:15.597,0.02700000000000001
2024-12-13 18:47:15.608,0.02700000000000001
2024-12-13 18:47:15.615,0.02700000000000001
2024-12-13 18:47:15.623,0.02700000000000001
2024-12-13 18:47:15.633,0.02700000000000001
2024-12-13 18:47:15.642,0.02700000000000001
2024-12-13 18:47:15.950,0.02700000000000001
2024-12-13 18:47:15.987,0.02700000000000001
2024-12-13 18:47:16.019,0.02700000000000001
2024-12-13 18:47:16.035,0.02700000000000001
2024-12-13 18:47:16.065,0.02700000000000001
2024-12-13 18:47:16.099,0.02700000000000001
2024-12-13 18:47:16.126,0.02700000000000001
2024-12-13 18:47:16.147,0.02700000000000001
2024-12-13 18:47:16.199,0.02700000000000001
2024-12-13 18:47:16.242,0.02700000000000001
2024-12-13 18:47:17.483,0.02700000000000001
2024-12-13 18:47:17.510,0.02700000000000001
2024-12-13 18:47:17.547,0.02700000000000001
2024-12-13 18:47:17.588,0.02700000000000001
2024-12-13 18:47:17.646,0.02700000000000001
2024-12-13 18:47:17.667,0.02700000000000001
2024-12-13 18:47:17.719,0.02700000000000001
2024-12-13 18:47:17.760,0.02700000000000001
2024-12-13 18:47:17.792,0.02700000000000001
2024-12-13 18:47:17.854,0.02700000000000001
2024-12-13 18:47:18.782,0.02700000000000001
2024-12-13 18:47:18.803,0.02700000000000001
2024-12-13 18:47:18.825,0.02700000000000001
2024-12-13 18:47:18.866,0.02700000000000001
2024-12-13 18:47:18.893,0.02700000000000001
2024-12-13 18:47:18.935,0.02700000000000001
2024-12-13 18:47:18.956,0.02700000000000001
2024-12-13 18:47:19.029,0.02700000000000001
2024-12-13 18:47:19.071,0.02700000000000001
2024-12-13 18:47:19.097,0.02700000000000001
2024-12-13 18:47:20.126,0.045
2024-12-13 18:47:20.137,0.045
2024-12-13 18:47:20.215,0.045
2024-12-13 18:47:20.256,0.02700000000000001
2024-12-13 18:47:20.278,0.02700000000000001
2024-12-13 18:47:20.314,0.02700000000000001
2024-12-13 18:47:20.346,0.02700000000000001
2024-12-13 18:47:20.378,0.02700000000000001
2024-12-13 18:47:20.404,0.02700000000000001
2024-12-13 18:47:20.435,0.02700000000000001
2024-12-13 18:47:21.547,0.02700000000000001
2024-12-13 18:47:21.579,0.02700000000000001
2024-12-13 18:47:21.646,0.02700000000000001
2024-12-13 18:47:21.699,0.02700000000000001
2024-12-13 18:47:21.746,0.02700000000000001
2024-12-13 18:47:21.772,0.02700000000000001
2024-12-13 18:47:21.819,0.02700000000000001
2024-12-13 18:47:21.856,0.02700000000000001
2024-12-13 18:47:21.883,0.02700000000000001
2024-12-13 18:47:21.909,0.02700000000000001
2024-12-13 18:47:23.174,0.03499999999999999
2024-12-13 18:47:23.226,0.03499999999999999
2024-12-13 18:47:23.268,0.03499999999999999
2024-12-13 18:47:23.304,0.03499999999999999
2024-12-13 18:47:23.356,0.03499999999999999
2024-12-13 18:47:23.398,0.02700000000000001
2024-12-13 18:47:23.445,0.02700000000000001
2024-12-13 18:47:23.487,0.02700000000000001
2024-12-13 18:47:23.549,0.02700000000000001
2024-12-13 18:47:23.586,0.02700000000000001
2024-12-13 18:47:24.795,0.02700000000000001
2024-12-13 18:47:24.858,0.02700000000000001
2024-12-13 18:47:24.885,0.02700000000000001
2024-12-13 18:47:24.912,0.02700000000000001
2024-12-13 18:47:24.964,0.02700000000000001
2024-12-13 18:47:25.010,0.02700000000000001
2024-12-13 18:47:25.031,0.02700000000000001
2024-12-13 18:47:25.063,0.02700000000000001
2024-12-13 18:47:25.094,0.02700000000000001
2024-12-13 18:47:25.141,0.02700000000000001
2024-12-13 18:47:26.328,0.02700000000000001
2024-12-13 18:47:26.355,0.02700000000000001
2024-12-13 18:47:26.391,0.02700000000000001
2024-12-13 18:47:26.418,0.02700000000000001
2024-12-13 18:47:26.439,0.02700000000000001
2024-12-13 18:47:26.475,0.02700000000000001
2024-12-13 18:47:26.533,0.02700000000000001
2024-12-13 18:47:26.584,0.02700000000000001
2024-12-13 18:47:26.637,0.02700000000000001
2024-12-13 18:47:26.673,0.02700000000000001
2024-12-13 18:47:27.560,0.02700000000000001
2024-12-13 18:47:27.581,0.02800000000000001
2024-12-13 18:47:27.618,0.02800000000000001
2024-12-13 18:47:27.654,0.02800000000000001
2024-12-13 18:47:27.696,0.02800000000000001
2024-12-13 18:47:27.717,0.02800000000000001
2024-12-13 18:47:27.779,0.02800000000000001
2024-12-13 18:47:27.821,0.02800000000000001
2024-12-13 18:47:27.873,0.02800000000000001
2024-12-13 18:47:27.930,0.02700000000000001
2024-12-13 18:47:29.006,0.044
2024-12-13 18:47:29.033,0.044
2024-12-13 18:47:29.074,0.044
2024-12-13 18:47:29.131,0.044
2024-12-13 18:47:29.173,0.044
2024-12-13 18:47:29.183,0.044
2024-12-13 18:47:29.215,0.044
2024-12-13 18:47:29.252,0.044
2024-12-13 18:47:29.288,0.02700000000000001
2024-12-13 18:47:29.356,0.02700000000000001
2024-12-13 18:47:30.342,0.02700000000000001
2024-12-13 18:47:30.404,0.02700000000000001
2024-12-13 18:47:30.437,0.02700000000000001
2024-12-13 18:47:30.465,0.02700000000000001
2024-12-13 18:47:30.515,0.02700000000000001
2024-12-13 18:47:30.550,0.02700000000000001
2024-12-13 18:47:30.562,0.02700000000000001
2024-12-13 18:47:30.571,0.02700000000000001
2024-12-13 18:47:30.614,0.02700000000000001
2024-12-13 18:47:30.624,0.02700000000000001
2024-12-13 18:47:31.298,0.02700000000000001
2024-12-13 18:47:31.371,0.02700000000000001
2024-12-13 18:47:31.433,0.02700000000000001
2024-12-13 18:47:31.460,0.02700000000000001
2024-12-13 18:47:31.470,0.02700000000000001
2024-12-13 18:47:31.522,0.02700000000000001
2024-12-13 18:47:31.549,0.02700000000000001
2024-12-13 18:47:31.581,0.02700000000000001
2024-12-13 18:47:31.607,0.02700000000000001
2024-12-13 18:47:31.633,0.02700000000000001
2024-12-13 18:47:32.637,0.02700000000000001
2024-12-13 18:47:32.653,0.02700000000000001
2024-12-13 18:47:32.710,0.02700000000000001
2024-12-13 18:47:32.742,0.02700000000000001
2024-12-13 18:47:32.779,0.02700000000000001
2024-12-13 18:47:32.789,0.02700000000000001
2024-12-13 18:47:32.810,0.02700000000000001
2024-12-13 18:47:32.842,0.02700000000000001
2024-12-13 18:47:32.879,0.02700000000000001
2024-12-13 18:47:32.910,0.02700000000000001
2024-12-13 18:47:34.091,0.02700000000000001
2024-12-13 18:47:34.144,0.02700000000000001
2024-12-13 18:47:34.164,0.02700000000000001
2024-12-13 18:47:34.216,0.02700000000000001
2024-12-13 18:47:34.238,0.02700000000000001
2024-12-13 18:47:34.249,0.02700000000000001
2024-12-13 18:47:34.275,0.02700000000000001
2024-12-13 18:47:34.301,0.02700000000000001
2024-12-13 18:47:34.338,0.02700000000000001
2024-12-13 18:47:34.385,0.02700000000000001
2024-12-13 18:47:35.455,0.02700000000000001
2024-12-13 18:47:35.497,0.02700000000000001
2024-12-13 18:47:35.518,0.02700000000000001
2024-12-13 18:47:35.560,0.02700000000000001
2024-12-13 18:47:35.591,0.02800000000000001
2024-12-13 18:47:35.617,0.02800000000000001
2024-12-13 18:47:35.649,0.02800000000000001
2024-12-13 18:47:35.696,0.02800000000000001
2024-12-13 18:47:35.748,0.02800000000000001
2024-12-13 18:47:35.799,0.02800000000000001
2024-12-13 18:47:36.953,0.02700000000000001
2024-12-13 18:47:37.001,0.02700000000000001
2024-12-13 18:47:37.038,0.02700000000000001
2024-12-13 18:47:37.080,0.02700000000000001
2024-12-13 18:47:37.101,0.02700000000000001
2024-12-13 18:47:37.128,0.02700000000000001
2024-12-13 18:47:37.159,0.02700000000000001
2024-12-13 18:47:37.186,0.02700000000000001
2024-12-13 18:47:37.238,0.02700000000000001
2024-12-13 18:47:37.269,0.02700000000000001
2024-12-13 18:47:38.417,0.02700000000000001
2024-12-13 18:47:38.459,0.02700000000000001
2024-12-13 18:47:38.496,0.02700000000000001
2024-12-13 18:47:38.517,0.02700000000000001
2024-12-13 18:47:38.548,0.02700000000000001
2024-12-13 18:47:38.585,0.02700000000000001
2024-12-13 18:47:38.607,0.02700000000000001
2024-12-13 18:47:38.628,0.02700000000000001
2024-12-13 18:47:38.691,0.02700000000000001
2024-12-13 18:47:38.722,0.02700000000000001
2024-12-13 18:47:39.647,0.02700000000000001
2024-12-13 18:47:39.689,0.02700000000000001
2024-12-13 18:47:39.700,0.02700000000000001
2024-12-13 18:47:39.742,0.02700000000000001
2024-12-13 18:47:39.794,0.02700000000000001
2024-12-13 18:47:39.841,0.02700000000000001
2024-12-13 18:47:39.878,0.02700000000000001
2024-12-13 18:47:39.915,0.02700000000000001
2024-12-13 18:47:39.941,0.02700000000000001
2024-12-13 18:47:39.968,0.02700000000000001
2024-12-13 18:47:40.986,0.046
2024-12-13 18:47:41.002,0.046
2024-12-13 18:47:41.034,0.046
2024-12-13 18:47:41.055,0.046
2024-12-13 18:47:41.081,0.046
2024-12-13 18:47:41.102,0.046
2024-12-13 18:47:41.128,0.02700000000000001
2024-12-13 18:47:41.149,0.02700000000000001
2024-12-13 18:47:41.181,0.02700000000000001
2024-12-13 18:47:41.207,0.02700000000000001
2024-12-13 18:47:42.167,0.02700000000000001
2024-12-13 18:47:42.193,0.02700000000000001
2024-12-13 18:47:42.204,0.02700000000000001
2024-12-13 18:47:42.241,0.02700000000000001
2024-12-13 18:47:42.272,0.02700000000000001
2024-12-13 18:47:42.314,0.02700000000000001
2024-12-13 18:47:42.346,0.02700000000000001
2024-12-13 18:47:42.382,0.02700000000000001
2024-12-13 18:47:42.398,0.02700000000000001
2024-12-13 18:47:42.419,0.02700000000000001
2024-12-13 18:47:43.323,0.02700000000000001
2024-12-13 18:47:43.340,0.02700000000000001
2024-12-13 18:47:43.367,0.02700000000000001
2024-12-13 18:47:43.394,0.02700000000000001
2024-12-13 18:47:43.440,0.02700000000000001
2024-12-13 18:47:43.467,0.02700000000000001
2024-12-13 18:47:43.508,0.02700000000000001
2024-12-13 18:47:43.555,0.048
2024-12-13 18:47:43.607,0.048
2024-12-13 18:47:43.664,0.048
2024-12-13 18:47:44.582,0.02700000000000001
2024-12-13 18:47:44.624,0.02700000000000001
2024-12-13 18:47:44.640,0.02700000000000001
2024-12-13 18:47:44.687,0.02700000000000001
2024-12-13 18:47:44.728,0.02700000000000001
2024-12-13 18:47:44.770,0.02700000000000001
2024-12-13 18:47:44.812,0.02700000000000001
2024-12-13 18:47:44.849,0.02700000000000001
2024-12-13 18:47:44.875,0.02700000000000001
2024-12-13 18:47:44.907,0.02700000000000001
2024-12-13 18:47:45.499,0.02700000000000001
2024-12-13 18:47:45.509,0.02700000000000001
2024-12-13 18:47:45.558,0.02700000000000001
2024-12-13 18:47:45.577,0.02700000000000001
2024-12-13 18:47:45.588,0.02700000000000001
2024-12-13 18:47:45.628,0.02700000000000001
2024-12-13 18:47:45.638,0.02700000000000001
2024-12-13 18:47:45.644,0.02700000000000001
2024-12-13 18:47:45.649,0.02700000000000001
2024-12-13 18:47:45.675,0.02700000000000001
2024-12-13 18:47:46.350,0.02700000000000001
2024-12-13 18:47:46.387,0.02700000000000001
2024-12-13 18:47:46.419,0.02700000000000001
2024-12-13 18:47:46.460,0.02700000000000001
2024-12-13 18:47:46.487,0.02700000000000001
2024-12-13 18:47:46.533,0.02700000000000001
2024-12-13 18:47:46.626,0.02700000000000001
2024-12-13 18:47:46.689,0.047
2024-12-13 18:47:46.741,0.047
2024-12-13 18:47:46.777,0.047
2024-12-13 18:47:47.559,0.02700000000000001
2024-12-13 18:47:47.606,0.02700000000000001
2024-12-13 18:47:47.685,0.02700000000000001
2024-12-13 18:47:47.726,0.02700000000000001
2024-12-13 18:47:47.768,0.02700000000000001
2024-12-13 18:47:47.810,0.02700000000000001
2024-12-13 18:47:47.851,0.02700000000000001
2024-12-13 18:47:47.873,0.02700000000000001
2024-12-13 18:47:47.946,0.02700000000000001
2024-12-13 18:47:47.983,0.02700000000000001
2024-12-13 18:47:48.821,0.02700000000000001
2024-12-13 18:47:48.848,0.02700000000000001
2024-12-13 18:47:48.879,0.02700000000000001
2024-12-13 18:47:48.895,0.02700000000000001
2024-12-13 18:47:48.932,0.02700000000000001
2024-12-13 18:47:48.969,0.02700000000000001
2024-12-13 18:47:49.000,0.02700000000000001
2024-12-13 18:47:49.037,0.02700000000000001
2024-12-13 18:47:49.114,0.02700000000000001
2024-12-13 18:47:49.146,0.02700000000000001
2024-12-13 18:47:49.861,0.03799999999999999
2024-12-13 18:47:49.908,0.03799999999999999
2024-12-13 18:47:49.944,0.03799999999999999
2024-12-13 18:47:49.981,0.03799999999999999
2024-12-13 18:47:50.003,0.03799999999999999
2024-12-13 18:47:50.039,0.03799999999999999
2024-12-13 18:47:50.070,0.03799999999999999
2024-12-13 18:47:50.097,0.03799999999999999
2024-12-13 18:47:50.128,0.03799999999999999
2024-12-13 18:47:50.164,0.02700000000000001
2024-12-13 18:47:50.928,0.02700000000000001
2024-12-13 18:47:50.974,0.02700000000000001
2024-12-13 18:47:51.017,0.02700000000000001
2024-12-13 18:47:51.075,0.02700000000000001
2024-12-13 18:47:51.116,0.02700000000000001
2024-12-13 18:47:51.158,0.02700000000000001
2024-12-13 18:47:51.210,0.02700000000000001
2024-12-13 18:47:51.236,0.02700000000000001
2024-12-13 18:47:51.267,0.02700000000000001
2024-12-13 18:47:51.299,0.02700000000000001
2024-12-13 18:47:52.102,0.02700000000000001
2024-12-13 18:47:52.143,0.02700000000000001
2024-12-13 18:47:52.175,0.02700000000000001
2024-12-13 18:47:52.237,0.02700000000000001
2024-12-13 18:47:52.285,0.02700000000000001
2024-12-13 18:47:52.306,0.02700000000000001
2024-12-13 18:47:52.348,0.02700000000000001
2024-12-13 18:47:52.400,0.02700000000000001
2024-12-13 18:47:52.489,0.02700000000000001
2024-12-13 18:47:52.500,0.02700000000000001
2024-12-13 18:47:53.285,0.02700000000000001
2024-12-13 18:47:53.317,0.02700000000000001
2024-12-13 18:47:53.348,0.02700000000000001
2024-12-13 18:47:53.395,0.02700000000000001
2024-12-13 18:47:53.416,0.02700000000000001
2024-12-13 18:47:53.468,0.02700000000000001
2024-12-13 18:47:53.520,0.02700000000000001
2024-12-13 18:47:53.536,0.02700000000000001
2024-12-13 18:47:53.583,0.02700000000000001
2024-12-13 18:47:53.635,0.02700000000000001
2024-12-13 18:47:54.228,0.02700000000000001
2024-12-13 18:47:54.264,0.02700000000000001
2024-12-13 18:47:54.296,0.02700000000000001
2024-12-13 18:47:54.318,0.02700000000000001
2024-12-13 18:47:54.339,0.02700000000000001
2024-12-13 18:47:54.375,0.02700000000000001
2024-12-13 18:47:54.402,0.02700000000000001
2024-12-13 18:47:54.474,0.02700000000000001
2024-12-13 18:47:54.516,0.02700000000000001
2024-12-13 18:47:54.558,0.02700000000000001
2024-12-13 18:47:55.271,0.02700000000000001
2024-12-13 18:47:55.298,0.02700000000000001
2024-12-13 18:47:55.365,0.03499999999999999
2024-12-13 18:47:55.418,0.03499999999999999
2024-12-13 18:47:55.501,0.03499999999999999
2024-12-13 18:47:55.517,0.03499999999999999
2024-12-13 18:47:55.548,0.03499999999999999
2024-12-13 18:47:55.575,0.03499999999999999
2024-12-13 18:47:55.606,0.03499999999999999
2024-12-13 18:47:55.653,0.03499999999999999
2024-12-13 18:47:56.346,0.02700000000000001
2024-12-13 18:47:56.388,0.02800000000000001
2024-12-13 18:47:56.419,0.02800000000000001
2024-12-13 18:47:56.446,0.02800000000000001
2024-12-13 18:47:56.467,0.02800000000000001
2024-12-13 18:47:56.498,0.02800000000000001
2024-12-13 18:47:56.550,0.02800000000000001
2024-12-13 18:47:56.629,0.02800000000000001
2024-12-13 18:47:56.666,0.02800000000000001
2024-12-13 18:47:56.677,0.02800000000000001
2024-12-13 18:47:57.377,0.02700000000000001
2024-12-13 18:47:57.403,0.02700000000000001
2024-12-13 18:47:57.465,0.02700000000000001
2024-12-13 18:47:57.529,0.02700000000000001
2024-12-13 18:47:57.566,0.02700000000000001
2024-12-13 18:47:57.592,0.02700000000000001
2024-12-13 18:47:57.608,0.02700000000000001
2024-12-13 18:47:57.676,0.02700000000000001
2024-12-13 18:47:57.718,0.02700000000000001
2024-12-13 18:47:57.755,0.02700000000000001
2024-12-13 18:47:58.589,0.044
2024-12-13 18:47:58.625,0.044
2024-12-13 18:47:58.657,0.044
2024-12-13 18:47:58.699,0.044
2024-12-13 18:47:58.736,0.044
2024-12-13 18:47:58.767,0.044
2024-12-13 18:47:58.804,0.044
2024-12-13 18:47:58.836,0.02700000000000001
2024-12-13 18:47:58.878,0.02700000000000001
2024-12-13 18:47:58.905,0.02700000000000001
2024-12-13 18:47:59.729,0.02700000000000001
2024-12-13 18:47:59.771,0.02700000000000001
2024-12-13 18:47:59.808,0.02700000000000001
2024-12-13 18:47:59.865,0.02700000000000001
2024-12-13 18:47:59.902,0.02700000000000001
2024-12-13 18:47:59.923,0.02700000000000001
2024-12-13 18:47:59.950,0.02700000000000001
2024-12-13 18:47:59.976,0.02700000000000001
2024-12-13 18:48:00.034,0.02700000000000001
2024-12-13 18:48:00.075,0.02700000000000001
2024-12-13 18:48:00.565,0.02700000000000001
2024-12-13 18:48:00.572,0.02700000000000001
2024-12-13 18:48:00.579,0.02700000000000001
2024-12-13 18:48:00.623,0.02700000000000001
2024-12-13 18:48:00.628,0.02700000000000001
2024-12-13 18:48:00.637,0.02700000000000001
2024-12-13 18:48:00.642,0.02700000000000001
2024-12-13 18:48:00.653,0.02700000000000001
2024-12-13 18:48:00.661,0.02700000000000001
2024-12-13 18:48:00.670,0.02700000000000001
2024-12-13 18:48:01.361,0.02700000000000001
2024-12-13 18:48:01.403,0.02700000000000001
2024-12-13 18:48:01.445,0.02700000000000001
2024-12-13 18:48:01.487,0.02700000000000001
2024-12-13 18:48:01.545,0.02700000000000001
2024-12-13 18:48:01.596,0.02700000000000001
2024-12-13 18:48:01.643,0.045
2024-12-13 18:48:01.700,0.045
2024-12-13 18:48:01.731,0.045
2024-12-13 18:48:01.752,0.045
2024-12-13 18:48:02.447,0.02800000000000001
2024-12-13 18:48:02.468,0.02800000000000001
2024-12-13 18:48:02.474,0.02800000000000001
2024-12-13 18:48:02.485,0.02800000000000001
2024-12-13 18:48:02.522,0.02800000000000001
2024-12-13 18:48:02.538,0.02800000000000001
2024-12-13 18:48:02.570,0.02800000000000001
2024-12-13 18:48:02.596,0.02800000000000001
2024-12-13 18:48:02.617,0.02800000000000001
2024-12-13 18:48:02.654,0.02700000000000001
2024-12-13 18:48:03.350,0.02800000000000001
2024-12-13 18:48:03.417,0.02800000000000001
2024-12-13 18:48:03.459,0.02800000000000001
2024-12-13 18:48:03.532,0.02800000000000001
2024-12-13 18:48:03.589,0.02800000000000001
2024-12-13 18:48:03.605,0.02800000000000001
2024-12-13 18:48:03.642,0.02800000000000001
2024-12-13 18:48:03.699,0.02700000000000001
2024-12-13 18:48:03.715,0.02700000000000001
2024-12-13 18:48:03.752,0.02700000000000001
2024-12-13 18:48:04.352,0.02700000000000001
2024-12-13 18:48:04.404,0.045
2024-12-13 18:48:04.461,0.045
2024-12-13 18:48:04.488,0.045
2024-12-13 18:48:04.524,0.045
2024-12-13 18:48:04.586,0.045
2024-12-13 18:48:04.628,0.045
2024-12-13 18:48:04.674,0.045
2024-12-13 18:48:04.701,0.045
2024-12-13 18:48:04.758,0.03399999999999999
2024-12-13 18:48:05.511,0.02700000000000001
2024-12-13 18:48:05.553,0.02700000000000001
2024-12-13 18:48:05.595,0.02700000000000001
2024-12-13 18:48:05.621,0.02700000000000001
2024-12-13 18:48:05.647,0.02700000000000001
2024-12-13 18:48:05.679,0.02700000000000001
2024-12-13 18:48:05.705,0.02700000000000001
2024-12-13 18:48:05.726,0.02700000000000001
2024-12-13 18:48:05.757,0.02700000000000001
2024-12-13 18:48:05.810,0.02700000000000001
2024-12-13 18:48:06.585,0.02700000000000001
2024-12-13 18:48:06.627,0.02700000000000001
2024-12-13 18:48:06.648,0.02700000000000001
2024-12-13 18:48:06.684,0.02700000000000001
2024-12-13 18:48:06.701,0.02700000000000001
2024-12-13 18:48:06.779,0.02700000000000001
2024-12-13 18:48:06.841,0.02700000000000001
2024-12-13 18:48:06.888,0.02700000000000001
2024-12-13 18:48:06.951,0.02700000000000001
2024-12-13 18:48:07.003,0.02700000000000001
2024-12-13 18:48:07.752,0.045
2024-12-13 18:48:07.784,0.045
2024-12-13 18:48:07.810,0.045
2024-12-13 18:48:07.832,0.045
2024-12-13 18:48:07.894,0.02700000000000001
2024-12-13 18:48:07.936,0.02700000000000001
2024-12-13 18:48:07.983,0.02700000000000001
2024-12-13 18:48:07.995,0.02700000000000001
2024-12-13 18:48:08.021,0.02700000000000001
2024-12-13 18:48:08.058,0.02700000000000001
2024-12-13 18:48:08.916,0.02700000000000001
2024-12-13 18:48:08.953,0.02700000000000001
2024-12-13 18:48:08.990,0.02700000000000001
2024-12-13 18:48:09.016,0.02700000000000001
2024-12-13 18:48:09.078,0.02700000000000001
2024-12-13 18:48:09.110,0.02700000000000001
2024-12-13 18:48:09.156,0.02700000000000001
2024-12-13 18:48:09.188,0.02700000000000001
2024-12-13 18:48:09.229,0.02700000000000001
2024-12-13 18:48:09.276,0.02700000000000001
2024-12-13 18:48:09.968,0.02700000000000001
2024-12-13 18:48:09.994,0.02700000000000001
2024-12-13 18:48:10.026,0.02700000000000001
2024-12-13 18:48:10.073,0.02700000000000001
2024-12-13 18:48:10.125,0.02700000000000001
2024-12-13 18:48:10.152,0.02700000000000001
2024-12-13 18:48:10.219,0.02700000000000001
2024-12-13 18:48:10.266,0.02700000000000001
2024-12-13 18:48:10.287,0.045
2024-12-13 18:48:10.323,0.045
2024-12-13 18:48:11.348,0.02700000000000001
2024-12-13 18:48:11.374,0.02700000000000001
2024-12-13 18:48:11.427,0.02700000000000001
2024-12-13 18:48:11.432,0.02700000000000001
2024-12-13 18:48:11.464,0.02700000000000001
2024-12-13 18:48:11.532,0.02700000000000001
2024-12-13 18:48:11.564,0.02700000000000001
2024-12-13 18:48:11.606,0.02700000000000001
2024-12-13 18:48:11.627,0.02700000000000001
2024-12-13 18:48:11.669,0.02700000000000001
2024-12-13 18:48:12.515,0.02700000000000001
2024-12-13 18:48:12.536,0.02700000000000001
2024-12-13 18:48:12.578,0.02700000000000001
2024-12-13 18:48:12.609,0.02700000000000001
2024-12-13 18:48:12.640,0.02700000000000001
2024-12-13 18:48:12.682,0.02700000000000001
2024-12-13 18:48:12.708,0.02700000000000001
2024-12-13 18:48:12.739,0.02700000000000001
2024-12-13 18:48:12.776,0.02700000000000001
2024-12-13 18:48:12.802,0.02700000000000001
2024-12-13 18:48:13.550,0.045
2024-12-13 18:48:13.582,0.045
2024-12-13 18:48:13.618,0.045
2024-12-13 18:48:13.650,0.045
2024-12-13 18:48:13.738,0.045
2024-12-13 18:48:13.805,0.02700000000000001
2024-12-13 18:48:13.847,0.02700000000000001
2024-12-13 18:48:13.873,0.02700000000000001
2024-12-13 18:48:13.908,0.02700000000000001
2024-12-13 18:48:13.966,0.02700000000000001
2024-12-13 18:48:14.791,0.02700000000000001
2024-12-13 18:48:14.822,0.02700000000000001
2024-12-13 18:48:14.854,0.02700000000000001
2024-12-13 18:48:14.901,0.02700000000000001
2024-12-13 18:48:14.927,0.02700000000000001
2024-12-13 18:48:14.953,0.02700000000000001
2024-12-13 18:48:14.995,0.02700000000000001
2024-12-13 18:48:15.046,0.02700000000000001
2024-12-13 18:48:15.068,0.02700000000000001
2024-12-13 18:48:15.110,0.02700000000000001
2024-12-13 18:48:15.622,0.02700000000000001
2024-12-13 18:48:15.632,0.02700000000000001
2024-12-13 18:48:15.644,0.02700000000000001
2024-12-13 18:48:15.654,0.02700000000000001
2024-12-13 18:48:15.665,0.02700000000000001
2024-12-13 18:48:15.683,0.02700000000000001
2024-12-13 18:48:15.698,0.02700000000000001
2024-12-13 18:48:15.709,0.02700000000000001
2024-12-13 18:48:15.715,0.02700000000000001
2024-12-13 18:48:15.726,0.02700000000000001
2024-12-13 18:48:16.100,0.02700000000000001
2024-12-13 18:48:16.146,0.02700000000000001
2024-12-13 18:48:16.198,0.02700000000000001
2024-12-13 18:48:16.238,0.03699999999999999
2024-12-13 18:48:16.306,0.03699999999999999
2024-12-13 18:48:16.337,0.03699999999999999
2024-12-13 18:48:16.405,0.03699999999999999
2024-12-13 18:48:16.458,0.03699999999999999
2024-12-13 18:48:16.516,0.03699999999999999
2024-12-13 18:48:16.558,0.044
2024-12-13 18:48:17.354,0.02800000000000001
2024-12-13 18:48:17.376,0.02800000000000001
2024-12-13 18:48:17.397,0.02800000000000001
2024-12-13 18:48:17.419,0.02800000000000001
2024-12-13 18:48:17.450,0.02800000000000001
2024-12-13 18:48:17.486,0.02800000000000001
2024-12-13 18:48:17.513,0.02800000000000001
2024-12-13 18:48:17.570,0.02800000000000001
2024-12-13 18:48:17.617,0.02700000000000001
2024-12-13 18:48:17.637,0.02700000000000001
2024-12-13 18:48:18.403,0.02700000000000001
2024-12-13 18:48:18.434,0.02700000000000001
2024-12-13 18:48:18.470,0.02700000000000001
2024-12-13 18:48:18.517,0.02700000000000001
2024-12-13 18:48:18.553,0.02700000000000001
2024-12-13 18:48:18.600,0.02700000000000001
2024-12-13 18:48:18.667,0.02700000000000001
2024-12-13 18:48:18.714,0.02700000000000001
2024-12-13 18:48:18.740,0.02700000000000001
2024-12-13 18:48:18.797,0.02700000000000001
2024-12-13 18:48:19.575,0.045
2024-12-13 18:48:19.607,0.045
2024-12-13 18:48:19.678,0.02700000000000001
2024-12-13 18:48:19.730,0.02700000000000001
2024-12-13 18:48:19.813,0.02700000000000001
2024-12-13 18:48:19.839,0.02700000000000001
2024-12-13 18:48:19.892,0.02700000000000001
2024-12-13 18:48:19.913,0.02700000000000001
2024-12-13 18:48:19.960,0.02700000000000001
2024-12-13 18:48:19.981,0.02700000000000001
2024-12-13 18:48:20.881,0.02700000000000001
2024-12-13 18:48:20.913,0.02700000000000001
2024-12-13 18:48:20.929,0.02700000000000001
2024-12-13 18:48:20.950,0.02700000000000001
2024-12-13 18:48:21.003,0.02700000000000001
2024-12-13 18:48:21.070,0.02700000000000001
2024-12-13 18:48:21.096,0.02700000000000001
2024-12-13 18:48:21.149,0.02700000000000001
2024-12-13 18:48:21.201,0.02700000000000001
2024-12-13 18:48:21.263,0.02700000000000001
2024-12-13 18:48:21.998,0.02700000000000001
2024-12-13 18:48:22.034,0.02700000000000001
2024-12-13 18:48:22.055,0.02700000000000001
2024-12-13 18:48:22.102,0.02700000000000001
2024-12-13 18:48:22.159,0.02700000000000001
2024-12-13 18:48:22.185,0.02700000000000001
2024-12-13 18:48:22.237,0.02700000000000001
2024-12-13 18:48:22.294,0.02700000000000001
2024-12-13 18:48:22.347,0.02700000000000001
2024-12-13 18:48:22.393,0.02700000000000001
2024-12-13 18:48:23.192,0.02800000000000001
2024-12-13 18:48:23.234,0.02800000000000001
2024-12-13 18:48:23.276,0.02800000000000001
2024-12-13 18:48:23.317,0.02800000000000001
2024-12-13 18:48:23.333,0.02800000000000001
2024-12-13 18:48:23.359,0.02800000000000001
2024-12-13 18:48:23.411,0.02800000000000001
2024-12-13 18:48:23.463,0.02800000000000001
2024-12-13 18:48:23.526,0.02700000000000001
2024-12-13 18:48:23.558,0.02700000000000001
2024-12-13 18:48:24.350,0.02800000000000001
2024-12-13 18:48:24.397,0.02800000000000001
2024-12-13 18:48:24.443,0.02800000000000001
2024-12-13 18:48:24.480,0.02800000000000001
2024-12-13 18:48:24.532,0.02700000000000001
2024-12-13 18:48:24.578,0.02700000000000001
2024-12-13 18:48:24.615,0.02700000000000001
2024-12-13 18:48:24.647,0.02700000000000001
2024-12-13 18:48:24.736,0.02700000000000001
2024-12-13 18:48:24.783,0.02700000000000001
2024-12-13 18:48:25.518,0.045
2024-12-13 18:48:25.545,0.045
2024-12-13 18:48:25.597,0.03399999999999999
2024-12-13 18:48:25.617,0.03399999999999999
2024-12-13 18:48:25.635,0.03399999999999999
2024-12-13 18:48:25.671,0.03399999999999999
2024-12-13 18:48:25.697,0.03399999999999999
2024-12-13 18:48:25.729,0.03399999999999999
2024-12-13 18:48:25.775,0.03399999999999999
2024-12-13 18:48:25.817,0.03399999999999999
2024-12-13 18:48:26.496,0.02700000000000001
2024-12-13 18:48:26.533,0.02700000000000001
2024-12-13 18:48:26.566,0.02700000000000001
2024-12-13 18:48:26.634,0.02700000000000001
2024-12-13 18:48:26.680,0.02700000000000001
2024-12-13 18:48:26.713,0.02700000000000001
2024-12-13 18:48:26.750,0.02700000000000001
2024-12-13 18:48:26.786,0.02700000000000001
2024-12-13 18:48:26.818,0.02700000000000001
2024-12-13 18:48:26.859,0.02700000000000001
2024-12-13 18:48:27.477,0.02700000000000001
2024-12-13 18:48:27.509,0.02700000000000001
2024-12-13 18:48:27.530,0.02700000000000001
2024-12-13 18:48:27.568,0.02700000000000001
2024-12-13 18:48:27.626,0.02700000000000001
2024-12-13 18:48:27.647,0.02700000000000001
2024-12-13 18:48:27.689,0.02700000000000001
2024-12-13 18:48:27.725,0.02700000000000001
2024-12-13 18:48:27.747,0.02700000000000001
2024-12-13 18:48:27.778,0.02700000000000001
2024-12-13 18:48:28.626,0.045
2024-12-13 18:48:28.642,0.045
2024-12-13 18:48:28.700,0.045
2024-12-13 18:48:28.720,0.02700000000000001
2024-12-13 18:48:28.762,0.02700000000000001
2024-12-13 18:48:28.829,0.02700000000000001
2024-12-13 18:48:28.887,0.02700000000000001
2024-12-13 18:48:28.944,0.02700000000000001
2024-12-13 18:48:28.965,0.02700000000000001
2024-12-13 18:48:29.033,0.02700000000000001
2024-12-13 18:48:29.806,0.02700000000000001
2024-12-13 18:48:29.859,0.02700000000000001
2024-12-13 18:48:29.880,0.02700000000000001
2024-12-13 18:48:29.927,0.02700000000000001
2024-12-13 18:48:29.979,0.02700000000000001
2024-12-13 18:48:30.010,0.02700000000000001
2024-12-13 18:48:30.057,0.02700000000000001
2024-12-13 18:48:30.151,0.02700000000000001
2024-12-13 18:48:30.163,0.02700000000000001
2024-12-13 18:48:30.185,0.02700000000000001
2024-12-13 18:48:30.546,0.02700000000000001
2024-12-13 18:48:30.562,0.02700000000000001
2024-12-13 18:48:30.569,0.02700000000000001
2024-12-13 18:48:30.578,0.02700000000000001
2024-12-13 18:48:30.593,0.02700000000000001
2024-12-13 18:48:30.600,0.02700000000000001
2024-12-13 18:48:30.614,0.02700000000000001
2024-12-13 18:48:30.626,0.02700000000000001
2024-12-13 18:48:30.631,0.02700000000000001
2024-12-13 18:48:30.645,0.02700000000000001
2024-12-13 18:48:31.008,0.02700000000000001
2024-12-13 18:48:31.034,0.02700000000000001
2024-12-13 18:48:31.097,0.02700000000000001
2024-12-13 18:48:31.133,0.044
2024-12-13 18:48:31.165,0.044
2024-12-13 18:48:31.186,0.044
2024-12-13 18:48:31.223,0.044
2024-12-13 18:48:31.259,0.044
2024-12-13 18:48:31.286,0.044
2024-12-13 18:48:31.327,0.044
2024-12-13 18:48:32.143,0.02700000000000001
2024-12-13 18:48:32.179,0.02700000000000001
2024-12-13 18:48:32.201,0.02700000000000001
2024-12-13 18:48:32.217,0.02700000000000001
2024-12-13 18:48:32.254,0.02700000000000001
2024-12-13 18:48:32.285,0.02700000000000001
2024-12-13 18:48:32.307,0.02700000000000001
2024-12-13 18:48:32.353,0.02700000000000001
2024-12-13 18:48:32.390,0.02700000000000001
2024-12-13 18:48:32.416,0.02700000000000001
2024-12-13 18:48:33.224,0.02700000000000001
2024-12-13 18:48:33.271,0.02700000000000001
2024-12-13 18:48:33.313,0.02700000000000001
2024-12-13 18:48:33.339,0.02700000000000001
2024-12-13 18:48:33.396,0.02700000000000001
2024-12-13 18:48:33.469,0.02700000000000001
2024-12-13 18:48:33.501,0.02700000000000001
2024-12-13 18:48:33.547,0.02700000000000001
2024-12-13 18:48:33.594,0.02700000000000001
2024-12-13 18:48:33.620,0.02700000000000001
2024-12-13 18:48:34.435,0.045
2024-12-13 18:48:34.451,0.045
2024-12-13 18:48:34.488,0.045
2024-12-13 18:48:34.519,0.045
2024-12-13 18:48:34.545,0.045
2024-12-13 18:48:34.592,0.045
2024-12-13 18:48:34.660,0.02700000000000001
2024-12-13 18:48:34.697,0.02700000000000001
2024-12-13 18:48:34.739,0.02700000000000001
2024-12-13 18:48:34.765,0.02700000000000001
2024-12-13 18:48:35.670,0.02700000000000001
2024-12-13 18:48:35.697,0.02700000000000001
2024-12-13 18:48:35.723,0.02700000000000001
2024-12-13 18:48:35.785,0.02700000000000001
2024-12-13 18:48:35.837,0.02700000000000001
2024-12-13 18:48:35.879,0.02700000000000001
2024-12-13 18:48:35.921,0.02700000000000001
2024-12-13 18:48:35.932,0.02700000000000001
2024-12-13 18:48:35.974,0.02700000000000001
2024-12-13 18:48:35.990,0.02700000000000001
2024-12-13 18:48:36.809,0.02700000000000001
2024-12-13 18:48:36.845,0.02700000000000001
2024-12-13 18:48:36.872,0.02700000000000001
2024-12-13 18:48:36.898,0.02700000000000001
2024-12-13 18:48:36.933,0.02700000000000001
2024-12-13 18:48:37.001,0.02700000000000001
2024-12-13 18:48:37.053,0.03699999999999999
2024-12-13 18:48:37.110,0.03699999999999999
2024-12-13 18:48:37.142,0.03699999999999999
2024-12-13 18:48:37.199,0.03699999999999999
2024-12-13 18:48:37.924,0.02700000000000001
2024-12-13 18:48:37.935,0.02700000000000001
2024-12-13 18:48:37.967,0.02700000000000001
2024-12-13 18:48:37.993,0.02700000000000001
2024-12-13 18:48:38.014,0.02700000000000001
2024-12-13 18:48:38.057,0.02700000000000001
2024-12-13 18:48:38.104,0.02700000000000001
2024-12-13 18:48:38.151,0.02700000000000001
2024-12-13 18:48:38.203,0.02700000000000001
2024-12-13 18:48:38.224,0.02700000000000001
2024-12-13 18:48:39.030,0.02700000000000001
2024-12-13 18:48:39.052,0.02700000000000001
2024-12-13 18:48:39.088,0.02700000000000001
2024-12-13 18:48:39.146,0.02700000000000001
2024-12-13 18:48:39.167,0.02700000000000001
2024-12-13 18:48:39.188,0.02700000000000001
2024-12-13 18:48:39.214,0.02700000000000001
2024-12-13 18:48:39.251,0.02700000000000001
2024-12-13 18:48:39.298,0.02700000000000001
2024-12-13 18:48:39.340,0.02700000000000001
2024-12-13 18:48:40.270,0.045
2024-12-13 18:48:40.322,0.045
2024-12-13 18:48:40.385,0.045
2024-12-13 18:48:40.426,0.045
2024-12-13 18:48:40.458,0.045
2024-12-13 18:48:40.495,0.045
2024-12-13 18:48:40.531,0.02700000000000001
2024-12-13 18:48:40.563,0.02700000000000001
2024-12-13 18:48:40.594,0.02700000000000001
2024-12-13 18:48:40.630,0.02700000000000001
2024-12-13 18:48:41.468,0.02700000000000001
2024-12-13 18:48:41.484,0.02700000000000001
2024-12-13 18:48:41.505,0.02700000000000001
2024-12-13 18:48:41.527,0.02700000000000001
2024-12-13 18:48:41.563,0.02700000000000001
2024-12-13 18:48:41.579,0.02700000000000001
2024-12-13 18:48:41.636,0.02700000000000001
2024-12-13 18:48:41.678,0.02700000000000001
2024-12-13 18:48:41.694,0.02700000000000001
2024-12-13 18:48:41.715,0.02700000000000001
2024-12-13 18:48:42.520,0.02700000000000001
2024-12-13 18:48:42.536,0.02700000000000001
2024-12-13 18:48:42.559,0.02700000000000001
2024-12-13 18:48:42.611,0.02700000000000001
2024-12-13 18:48:42.664,0.02700000000000001
2024-12-13 18:48:42.711,0.02700000000000001
2024-12-13 18:48:42.748,0.02700000000000001
2024-12-13 18:48:42.794,0.02700000000000001
2024-12-13 18:48:42.846,0.02700000000000001
2024-12-13 18:48:42.877,0.02700000000000001
2024-12-13 18:48:43.750,0.02700000000000001
2024-12-13 18:48:43.771,0.02700000000000001
2024-12-13 18:48:43.803,0.02700000000000001
2024-12-13 18:48:43.824,0.02700000000000001
2024-12-13 18:48:43.861,0.02700000000000001
2024-12-13 18:48:43.887,0.02700000000000001
2024-12-13 18:48:43.924,0.02700000000000001
2024-12-13 18:48:43.955,0.02700000000000001
2024-12-13 18:48:44.008,0.02700000000000001
2024-12-13 18:48:44.044,0.02700000000000001
2024-12-13 18:48:44.806,0.02700000000000001
2024-12-13 18:48:44.853,0.02700000000000001
2024-12-13 18:48:44.879,0.02700000000000001
2024-12-13 18:48:44.916,0.02700000000000001
2024-12-13 18:48:44.947,0.02700000000000001
2024-12-13 18:48:44.974,0.02700000000000001
2024-12-13 18:48:45.005,0.02700000000000001
2024-12-13 18:48:45.052,0.02700000000000001
2024-12-13 18:48:45.084,0.02700000000000001
2024-12-13 18:48:45.120,0.02700000000000001
2024-12-13 18:48:45.600,0.02700000000000001
2024-12-13 18:48:45.633,0.02700000000000001
2024-12-13 18:48:45.643,0.02700000000000001
2024-12-13 18:48:45.653,0.02700000000000001
2024-12-13 18:48:45.663,0.02700000000000001
2024-12-13 18:48:45.669,0.02700000000000001
2024-12-13 18:48:45.714,0.02700000000000001
2024-12-13 18:48:45.753,0.02700000000000001
2024-12-13 18:48:45.776,0.02700000000000001
2024-12-13 18:48:45.782,0.02700000000000001
2024-12-13 18:48:46.606,0.02700000000000001
2024-12-13 18:48:46.648,0.02700000000000001
2024-12-13 18:48:46.696,0.02700000000000001
2024-12-13 18:48:46.717,0.02700000000000001
2024-12-13 18:48:46.800,0.02700000000000001
2024-12-13 18:48:46.842,0.02700000000000001
2024-12-13 18:48:46.879,0.02700000000000001
2024-12-13 18:48:46.910,0.02700000000000001
2024-12-13 18:48:46.937,0.02700000000000001
2024-12-13 18:48:46.968,0.02700000000000001
2024-12-13 18:48:47.772,0.02700000000000001
2024-12-13 18:48:47.824,0.02700000000000001
2024-12-13 18:48:47.866,0.02700000000000001
2024-12-13 18:48:47.902,0.02700000000000001
2024-12-13 18:48:47.959,0.02700000000000001
2024-12-13 18:48:47.996,0.02700000000000001
2024-12-13 18:48:48.038,0.02700000000000001
2024-12-13 18:48:48.074,0.02700000000000001
2024-12-13 18:48:48.137,0.02700000000000001
2024-12-13 18:48:48.158,0.02700000000000001
2024-12-13 18:48:48.896,0.02700000000000001
2024-12-13 18:48:48.937,0.02700000000000001
2024-12-13 18:48:48.984,0.02700000000000001
2024-12-13 18:48:49.015,0.02700000000000001
2024-12-13 18:48:49.072,0.02700000000000001
2024-12-13 18:48:49.124,0.02700000000000001
2024-12-13 18:48:49.160,0.02700000000000001
2024-12-13 18:48:49.197,0.02700000000000001
2024-12-13 18:48:49.248,0.045
2024-12-13 18:48:49.331,0.045
2024-12-13 18:48:50.042,0.02700000000000001
2024-12-13 18:48:50.104,0.02700000000000001
2024-12-13 18:48:50.125,0.02700000000000001
2024-12-13 18:48:50.173,0.02700000000000001
2024-12-13 18:48:50.204,0.02700000000000001
2024-12-13 18:48:50.225,0.02700000000000001
2024-12-13 18:48:50.251,0.02700000000000001
2024-12-13 18:48:50.298,0.02700000000000001
2024-12-13 18:48:50.334,0.02700000000000001
2024-12-13 18:48:50.402,0.02700000000000001
2024-12-13 18:48:51.147,0.02700000000000001
2024-12-13 18:48:51.179,0.02700000000000001
2024-12-13 18:48:51.205,0.02700000000000001
2024-12-13 18:48:51.242,0.02700000000000001
2024-12-13 18:48:51.273,0.02700000000000001
2024-12-13 18:48:51.294,0.02700000000000001
2024-12-13 18:48:51.336,0.02700000000000001
2024-12-13 18:48:51.367,0.02700000000000001
2024-12-13 18:48:51.409,0.02700000000000001
2024-12-13 18:48:51.445,0.02700000000000001
2024-12-13 18:48:52.304,0.045
2024-12-13 18:48:52.356,0.045
2024-12-13 18:48:52.404,0.030000000000000013
2024-12-13 18:48:52.446,0.030000000000000013
2024-12-13 18:48:52.467,0.030000000000000013
2024-12-13 18:48:52.499,0.030000000000000013
2024-12-13 18:48:52.535,0.030000000000000013
2024-12-13 18:48:52.567,0.030000000000000013
2024-12-13 18:48:52.593,0.030000000000000013
2024-12-13 18:48:52.630,0.030000000000000013
2024-12-13 18:48:53.307,0.02700000000000001
2024-12-13 18:48:53.333,0.02700000000000001
2024-12-13 18:48:53.385,0.02700000000000001
2024-12-13 18:48:53.432,0.02700000000000001
2024-12-13 18:48:53.459,0.02700000000000001
2024-12-13 18:48:53.500,0.02700000000000001
2024-12-13 18:48:53.542,0.02700000000000001
2024-12-13 18:48:53.563,0.02700000000000001
2024-12-13 18:48:53.595,0.02700000000000001
2024-12-13 18:48:53.626,0.02700000000000001
2024-12-13 18:48:54.393,0.02700000000000001
2024-12-13 18:48:54.420,0.02700000000000001
2024-12-13 18:48:54.443,0.02700000000000001
2024-12-13 18:48:54.484,0.02700000000000001
2024-12-13 18:48:54.511,0.02700000000000001
2024-12-13 18:48:54.537,0.02700000000000001
2024-12-13 18:48:54.568,0.02700000000000001
2024-12-13 18:48:54.594,0.02700000000000001
2024-12-13 18:48:54.620,0.02700000000000001
2024-12-13 18:48:54.641,0.02700000000000001
2024-12-13 18:48:55.395,0.045
2024-12-13 18:48:55.452,0.045
2024-12-13 18:48:55.520,0.02700000000000001
2024-12-13 18:48:55.567,0.02700000000000001
2024-12-13 18:48:55.603,0.02700000000000001
2024-12-13 18:48:55.650,0.02700000000000001
2024-12-13 18:48:55.692,0.02700000000000001
2024-12-13 18:48:55.723,0.02700000000000001
2024-12-13 18:48:55.761,0.02700000000000001
2024-12-13 18:48:55.792,0.02700000000000001
2024-12-13 18:48:56.623,0.02700000000000001
2024-12-13 18:48:56.650,0.02700000000000001
2024-12-13 18:48:56.722,0.02700000000000001
2024-12-13 18:48:56.795,0.02700000000000001
2024-12-13 18:48:56.831,0.02700000000000001
2024-12-13 18:48:56.853,0.02700000000000001
2024-12-13 18:48:56.879,0.02700000000000001
2024-12-13 18:48:56.910,0.02700000000000001
2024-12-13 18:48:56.947,0.02700000000000001
2024-12-13 18:48:56.963,0.02700000000000001
2024-12-13 18:48:57.731,0.02700000000000001
2024-12-13 18:48:57.789,0.02700000000000001
2024-12-13 18:48:57.867,0.02700000000000001
2024-12-13 18:48:57.929,0.045
2024-12-13 18:48:57.997,0.045
2024-12-13 18:48:58.018,0.045
2024-12-13 18:48:58.060,0.045
2024-12-13 18:48:58.102,0.045
2024-12-13 18:48:58.139,0.045
2024-12-13 18:48:58.196,0.045
2024-12-13 18:48:58.827,0.02700000000000001
2024-12-13 18:48:58.905,0.02700000000000001
2024-12-13 18:48:58.947,0.02700000000000001
2024-12-13 18:48:58.994,0.02700000000000001
2024-12-13 18:48:59.047,0.02700000000000001
2024-12-13 18:48:59.094,0.02700000000000001
2024-12-13 18:48:59.135,0.02700000000000001
2024-12-13 18:48:59.162,0.02700000000000001
2024-12-13 18:48:59.214,0.02700000000000001
2024-12-13 18:48:59.240,0.02700000000000001
2024-12-13 18:48:59.953,0.02700000000000001
2024-12-13 18:48:59.974,0.02700000000000001
2024-12-13 18:49:00.032,0.02700000000000001
2024-12-13 18:49:00.068,0.02700000000000001
2024-12-13 18:49:00.095,0.02700000000000001
2024-12-13 18:49:00.121,0.02700000000000001
2024-12-13 18:49:00.168,0.02700000000000001
2024-12-13 18:49:00.190,0.02700000000000001
2024-12-13 18:49:00.211,0.02700000000000001
2024-12-13 18:49:00.258,0.02700000000000001
2024-12-13 18:49:00.670,0.02700000000000001
2024-12-13 18:49:00.676,0.02700000000000001
2024-12-13 18:49:00.704,0.02700000000000001
2024-12-13 18:49:00.729,0.02700000000000001
2024-12-13 18:49:00.740,0.02700000000000001
2024-12-13 18:49:00.746,0.02700000000000001
2024-12-13 18:49:00.752,0.02700000000000001
2024-12-13 18:49:00.762,0.02700000000000001
2024-12-13 18:49:00.777,0.02700000000000001
2024-12-13 18:49:00.794,0.02700000000000001
2024-12-13 18:49:01.564,0.02700000000000001
2024-12-13 18:49:01.585,0.02700000000000001
2024-12-13 18:49:01.637,0.02700000000000001
2024-12-13 18:49:01.658,0.02700000000000001
2024-12-13 18:49:01.726,0.02700000000000001
2024-12-13 18:49:01.794,0.02700000000000001
2024-12-13 18:49:01.851,0.02700000000000001
2024-12-13 18:49:01.882,0.02700000000000001
2024-12-13 18:49:01.893,0.02700000000000001
2024-12-13 18:49:01.957,0.02700000000000001
2024-12-13 18:49:02.656,0.02700000000000001
2024-12-13 18:49:02.682,0.02700000000000001
2024-12-13 18:49:02.719,0.02700000000000001
2024-12-13 18:49:02.741,0.02700000000000001
2024-12-13 18:49:02.762,0.02700000000000001
2024-12-13 18:49:02.804,0.02700000000000001
2024-12-13 18:49:02.830,0.02800000000000001
2024-12-13 18:49:02.851,0.02800000000000001
2024-12-13 18:49:02.877,0.02800000000000001
2024-12-13 18:49:02.914,0.02800000000000001
2024-12-13 18:49:03.690,0.02700000000000001
2024-12-13 18:49:03.742,0.02700000000000001
2024-12-13 18:49:03.774,0.02700000000000001
2024-12-13 18:49:03.867,0.039999999999999994
2024-12-13 18:49:03.908,0.039999999999999994
2024-12-13 18:49:03.965,0.039999999999999994
2024-12-13 18:49:03.986,0.039999999999999994
2024-12-13 18:49:04.018,0.039999999999999994
2024-12-13 18:49:04.095,0.039999999999999994
2024-12-13 18:49:04.121,0.039999999999999994
2024-12-13 18:49:04.894,0.02700000000000001
2024-12-13 18:49:04.946,0.02700000000000001
2024-12-13 18:49:04.992,0.02700000000000001
2024-12-13 18:49:05.009,0.02700000000000001
2024-12-13 18:49:05.029,0.02700000000000001
2024-12-13 18:49:05.061,0.02700000000000001
2024-12-13 18:49:05.103,0.02700000000000001
2024-12-13 18:49:05.140,0.02700000000000001
2024-12-13 18:49:05.192,0.02700000000000001
2024-12-13 18:49:05.239,0.02700000000000001
2024-12-13 18:49:06.004,0.02700000000000001
2024-12-13 18:49:06.046,0.02700000000000001
2024-12-13 18:49:06.082,0.02700000000000001
2024-12-13 18:49:06.109,0.02700000000000001
2024-12-13 18:49:06.136,0.02700000000000001
2024-12-13 18:49:06.177,0.02700000000000001
2024-12-13 18:49:06.198,0.02700000000000001
2024-12-13 18:49:06.220,0.02700000000000001
2024-12-13 18:49:06.272,0.02700000000000001
2024-12-13 18:49:06.298,0.02700000000000001
2024-12-13 18:49:07.020,0.045
2024-12-13 18:49:07.067,0.045
2024-12-13 18:49:07.109,0.045
2024-12-13 18:49:07.166,0.045
2024-12-13 18:49:07.198,0.045
2024-12-13 18:49:07.240,0.045
2024-12-13 18:49:07.257,0.045
2024-12-13 18:49:07.288,0.045
2024-12-13 18:49:07.309,0.045
2024-12-13 18:49:07.361,0.02700000000000001
2024-12-13 18:49:08.228,0.02700000000000001
2024-12-13 18:49:08.250,0.02700000000000001
2024-12-13 18:49:08.312,0.02700000000000001
2024-12-13 18:49:08.344,0.02700000000000001
2024-12-13 18:49:08.380,0.02700000000000001
2024-12-13 18:49:08.422,0.02700000000000001
2024-12-13 18:49:08.444,0.02700000000000001
2024-12-13 18:49:08.475,0.02700000000000001
2024-12-13 18:49:08.559,0.02700000000000001
2024-12-13 18:49:08.574,0.02700000000000001
2024-12-13 18:49:09.268,0.02700000000000001
2024-12-13 18:49:09.326,0.02700000000000001
2024-12-13 18:49:09.363,0.02700000000000001
2024-12-13 18:49:09.394,0.02700000000000001
2024-12-13 18:49:09.441,0.02700000000000001
2024-12-13 18:49:09.467,0.02700000000000001
2024-12-13 18:49:09.494,0.02700000000000001
2024-12-13 18:49:09.525,0.02700000000000001
2024-12-13 18:49:09.551,0.02700000000000001
2024-12-13 18:49:09.603,0.02700000000000001
2024-12-13 18:49:10.404,0.044
2024-12-13 18:49:10.467,0.02700000000000001
2024-12-13 18:49:10.493,0.02700000000000001
2024-12-13 18:49:10.556,0.02700000000000001
2024-12-13 18:49:10.602,0.02700000000000001
2024-12-13 18:49:10.634,0.02700000000000001
2024-12-13 18:49:10.691,0.02700000000000001
2024-12-13 18:49:10.738,0.02700000000000001
2024-12-13 18:49:10.764,0.02700000000000001
2024-12-13 18:49:10.806,0.02700000000000001
2024-12-13 18:49:11.408,0.02700000000000001
2024-12-13 18:49:11.450,0.02700000000000001
2024-12-13 18:49:11.512,0.02700000000000001
2024-12-13 18:49:11.554,0.02700000000000001
2024-12-13 18:49:11.585,0.02700000000000001
2024-12-13 18:49:11.632,0.02700000000000001
2024-12-13 18:49:11.705,0.02700000000000001
2024-12-13 18:49:11.736,0.02700000000000001
2024-12-13 18:49:11.758,0.02700000000000001
2024-12-13 18:49:11.794,0.02700000000000001
2024-12-13 18:49:12.550,0.02700000000000001
2024-12-13 18:49:12.571,0.02700000000000001
2024-12-13 18:49:12.587,0.02700000000000001
2024-12-13 18:49:12.608,0.02700000000000001
2024-12-13 18:49:12.634,0.02700000000000001
2024-12-13 18:49:12.681,0.02700000000000001
2024-12-13 18:49:12.707,0.02700000000000001
2024-12-13 18:49:12.754,0.02700000000000001
2024-12-13 18:49:12.795,0.02700000000000001
2024-12-13 18:49:12.832,0.02700000000000001
2024-12-13 18:49:13.617,0.02700000000000001
2024-12-13 18:49:13.653,0.02700000000000001
2024-12-13 18:49:13.670,0.02700000000000001
2024-12-13 18:49:13.701,0.02700000000000001
2024-12-13 18:49:13.727,0.02700000000000001
2024-12-13 18:49:13.764,0.02700000000000001
2024-12-13 18:49:13.780,0.02700000000000001
2024-12-13 18:49:13.827,0.02700000000000001
2024-12-13 18:49:13.869,0.02700000000000001
2024-12-13 18:49:13.880,0.02700000000000001
2024-12-13 18:49:14.452,0.02700000000000001
2024-12-13 18:49:14.479,0.02700000000000001
2024-12-13 18:49:14.489,0.02700000000000001
2024-12-13 18:49:14.547,0.02700000000000001
2024-12-13 18:49:14.568,0.02700000000000001
2024-12-13 18:49:14.589,0.02700000000000001
2024-12-13 18:49:14.631,0.02700000000000001
2024-12-13 18:49:14.647,0.02700000000000001
2024-12-13 18:49:14.673,0.02700000000000001
2024-12-13 18:49:14.726,0.02700000000000001
2024-12-13 18:49:15.312,0.02700000000000001
2024-12-13 18:49:15.359,0.02700000000000001
2024-12-13 18:49:15.416,0.02700000000000001
2024-12-13 18:49:15.458,0.02700000000000001
2024-12-13 18:49:15.500,0.02700000000000001
2024-12-13 18:49:15.521,0.02700000000000001
2024-12-13 18:49:15.552,0.02700000000000001
2024-12-13 18:49:15.562,0.02700000000000001
2024-12-13 18:49:15.594,0.02700000000000001
2024-12-13 18:49:15.622,0.02700000000000001
2024-12-13 18:49:16.153,0.045
2024-12-13 18:49:16.190,0.045
2024-12-13 18:49:16.237,0.045
2024-12-13 18:49:16.271,0.045
2024-12-13 18:49:16.284,0.045
2024-12-13 18:49:16.300,0.045
2024-12-13 18:49:16.331,0.045
2024-12-13 18:49:16.357,0.045
2024-12-13 18:49:16.399,0.02700000000000001
2024-12-13 18:49:16.446,0.02700000000000001
2024-12-13 18:49:17.143,0.02700000000000001
2024-12-13 18:49:17.171,0.02700000000000001
2024-12-13 18:49:17.209,0.02700000000000001
2024-12-13 18:49:17.230,0.02700000000000001
2024-12-13 18:49:17.271,0.02700000000000001
2024-12-13 18:49:17.334,0.02700000000000001
2024-12-13 18:49:17.375,0.02700000000000001
2024-12-13 18:49:17.391,0.02700000000000001
2024-12-13 18:49:17.418,0.02700000000000001
2024-12-13 18:49:17.459,0.02700000000000001
2024-12-13 18:49:18.226,0.02700000000000001
2024-12-13 18:49:18.252,0.02700000000000001
2024-12-13 18:49:18.314,0.02700000000000001
2024-12-13 18:49:18.351,0.02700000000000001
2024-12-13 18:49:18.393,0.02700000000000001
2024-12-13 18:49:18.460,0.02700000000000001
2024-12-13 18:49:18.502,0.02700000000000001
2024-12-13 18:49:18.538,0.02700000000000001
2024-12-13 18:49:18.580,0.02700000000000001
2024-12-13 18:49:18.607,0.02700000000000001
2024-12-13 18:49:19.480,0.029000000000000012
2024-12-13 18:49:19.516,0.02700000000000001
2024-12-13 18:49:19.548,0.02700000000000001
2024-12-13 18:49:19.600,0.02700000000000001
2024-12-13 18:49:19.657,0.02700000000000001
2024-12-13 18:49:19.688,0.02700000000000001
2024-12-13 18:49:19.741,0.02700000000000001
2024-12-13 18:49:19.778,0.02700000000000001
2024-12-13 18:49:19.814,0.02700000000000001
2024-12-13 18:49:19.866,0.02700000000000001
2024-12-13 18:49:20.590,0.02700000000000001
2024-12-13 18:49:20.617,0.02700000000000001
2024-12-13 18:49:20.653,0.02700000000000001
2024-12-13 18:49:20.679,0.02700000000000001
2024-12-13 18:49:20.706,0.02700000000000001
2024-12-13 18:49:20.742,0.02700000000000001
2024-12-13 18:49:20.768,0.02700000000000001
2024-12-13 18:49:20.805,0.02700000000000001
2024-12-13 18:49:20.847,0.02700000000000001
2024-12-13 18:49:20.878,0.02700000000000001
2024-12-13 18:49:21.660,0.02700000000000001
2024-12-13 18:49:21.717,0.02700000000000001
2024-12-13 18:49:21.784,0.02700000000000001
2024-12-13 18:49:21.820,0.02700000000000001
2024-12-13 18:49:21.841,0.02700000000000001
2024-12-13 18:49:21.893,0.02700000000000001
2024-12-13 18:49:21.920,0.02700000000000001
2024-12-13 18:49:21.998,0.045
2024-12-13 18:49:22.025,0.045
2024-12-13 18:49:22.041,0.045
2024-12-13 18:49:22.904,0.02800000000000001
2024-12-13 18:49:22.946,0.02800000000000001
2024-12-13 18:49:22.962,0.02700000000000001
2024-12-13 18:49:23.040,0.02700000000000001
2024-12-13 18:49:23.096,0.02700000000000001
2024-12-13 18:49:23.128,0.02700000000000001
2024-12-13 18:49:23.164,0.02700000000000001
2024-12-13 18:49:23.205,0.02700000000000001
2024-12-13 18:49:23.257,0.02700000000000001
2024-12-13 18:49:23.288,0.02700000000000001
2024-12-13 18:49:24.060,0.02700000000000001
2024-12-13 18:49:24.112,0.02700000000000001
2024-12-13 18:49:24.154,0.02700000000000001
2024-12-13 18:49:24.180,0.02700000000000001
2024-12-13 18:49:24.211,0.02700000000000001
2024-12-13 18:49:24.238,0.02700000000000001
2024-12-13 18:49:24.280,0.02700000000000001
2024-12-13 18:49:24.311,0.02700000000000001
2024-12-13 18:49:24.338,0.02700000000000001
2024-12-13 18:49:24.379,0.02700000000000001
2024-12-13 18:49:25.146,0.03799999999999999
2024-12-13 18:49:25.172,0.03799999999999999
2024-12-13 18:49:25.229,0.03799999999999999
2024-12-13 18:49:25.271,0.03799999999999999
2024-12-13 18:49:25.313,0.03799999999999999
2024-12-13 18:49:25.370,0.03799999999999999
2024-12-13 18:49:25.453,0.02700000000000001
2024-12-13 18:49:25.496,0.02700000000000001
2024-12-13 18:49:25.548,0.02700000000000001
2024-12-13 18:49:25.559,0.02700000000000001
2024-12-13 18:49:26.294,0.02700000000000001
2024-12-13 18:49:26.346,0.02700000000000001
2024-12-13 18:49:26.362,0.02700000000000001
2024-12-13 18:49:26.404,0.02700000000000001
2024-12-13 18:49:26.430,0.02700000000000001
2024-12-13 18:49:26.482,0.02700000000000001
2024-12-13 18:49:26.508,0.02700000000000001
2024-12-13 18:49:26.549,0.02700000000000001
2024-12-13 18:49:26.581,0.02700000000000001
2024-12-13 18:49:26.612,0.02700000000000001
2024-12-13 18:49:27.426,0.02700000000000001
2024-12-13 18:49:27.468,0.02700000000000001
2024-12-13 18:49:27.505,0.02700000000000001
2024-12-13 18:49:27.536,0.02700000000000001
2024-12-13 18:49:27.573,0.02700000000000001
2024-12-13 18:49:27.604,0.02700000000000001
2024-12-13 18:49:27.635,0.02700000000000001
2024-12-13 18:49:27.677,0.02700000000000001
2024-12-13 18:49:27.723,0.02700000000000001
2024-12-13 18:49:27.776,0.02700000000000001
2024-12-13 18:49:28.683,0.02700000000000001
2024-12-13 18:49:28.715,0.02700000000000001
2024-12-13 18:49:28.746,0.02700000000000001
2024-12-13 18:49:28.777,0.02700000000000001
2024-12-13 18:49:28.798,0.02700000000000001
2024-12-13 18:49:28.861,0.02700000000000001
2024-12-13 18:49:28.938,0.02700000000000001
2024-12-13 18:49:28.964,0.02700000000000001
2024-12-13 18:49:28.980,0.02700000000000001
2024-12-13 18:49:29.022,0.02700000000000001
2024-12-13 18:49:29.929,0.02700000000000001
2024-12-13 18:49:29.950,0.02700000000000001
2024-12-13 18:49:29.971,0.02700000000000001
2024-12-13 18:49:30.004,0.02700000000000001
2024-12-13 18:49:30.046,0.02700000000000001
2024-12-13 18:49:30.088,0.02700000000000001
2024-12-13 18:49:30.125,0.02700000000000001
2024-12-13 18:49:30.156,0.02700000000000001
2024-12-13 18:49:30.198,0.02700000000000001
2024-12-13 18:49:30.235,0.02700000000000001
2024-12-13 18:49:30.695,0.03699999999999999
2024-12-13 18:49:30.720,0.03699999999999999
2024-12-13 18:49:30.762,0.03699999999999999
2024-12-13 18:49:30.772,0.03699999999999999
2024-12-13 18:49:30.789,0.03699999999999999
2024-12-13 18:49:30.800,0.03699999999999999
2024-12-13 18:49:30.815,0.03699999999999999
2024-12-13 18:49:30.832,0.03699999999999999
2024-12-13 18:49:30.890,0.03699999999999999
2024-12-13 18:49:30.911,0.03699999999999999
2024-12-13 18:49:31.704,0.02700000000000001
2024-12-13 18:49:31.766,0.02700000000000001
2024-12-13 18:49:31.793,0.02700000000000001
2024-12-13 18:49:31.824,0.02700000000000001
2024-12-13 18:49:31.871,0.02700000000000001
2024-12-13 18:49:31.902,0.02700000000000001
2024-12-13 18:49:31.929,0.02700000000000001
2024-12-13 18:49:31.980,0.02700000000000001
2024-12-13 18:49:32.022,0.02700000000000001
2024-12-13 18:49:32.074,0.02700000000000001
2024-12-13 18:49:32.629,0.02700000000000001
2024-12-13 18:49:32.681,0.02700000000000001
2024-12-13 18:49:32.764,0.02700000000000001
2024-12-13 18:49:32.811,0.02700000000000001
2024-12-13 18:49:32.837,0.02700000000000001
2024-12-13 18:49:32.873,0.02700000000000001
2024-12-13 18:49:32.915,0.02700000000000001
2024-12-13 18:49:32.941,0.02700000000000001
2024-12-13 18:49:32.983,0.02700000000000001
2024-12-13 18:49:33.041,0.02700000000000001
2024-12-13 18:49:33.764,0.045
2024-12-13 18:49:33.822,0.045
2024-12-13 18:49:33.848,0.045
2024-12-13 18:49:33.879,0.045
2024-12-13 18:49:33.926,0.045
2024-12-13 18:49:33.999,0.045
2024-12-13 18:49:34.040,0.045
2024-12-13 18:49:34.061,0.045
2024-12-13 18:49:34.124,0.02700000000000001
2024-12-13 18:49:34.187,0.02700000000000001
2024-12-13 18:49:35.053,0.02700000000000001
2024-12-13 18:49:35.095,0.02700000000000001
2024-12-13 18:49:35.162,0.02700000000000001
2024-12-13 18:49:35.204,0.02700000000000001
2024-12-13 18:49:35.256,0.02700000000000001
2024-12-13 18:49:35.298,0.02700000000000001
2024-12-13 18:49:35.335,0.02700000000000001
2024-12-13 18:49:35.372,0.02700000000000001
2024-12-13 18:49:35.424,0.02700000000000001
2024-12-13 18:49:35.461,0.02700000000000001
2024-12-13 18:49:36.219,0.02700000000000001
2024-12-13 18:49:36.251,0.02700000000000001
2024-12-13 18:49:36.287,0.02700000000000001
2024-12-13 18:49:36.323,0.02700000000000001
2024-12-13 18:49:36.381,0.02700000000000001
2024-12-13 18:49:36.438,0.02700000000000001
2024-12-13 18:49:36.459,0.02700000000000001
2024-12-13 18:49:36.490,0.02700000000000001
2024-12-13 18:49:36.512,0.02700000000000001
2024-12-13 18:49:36.569,0.031000000000000014
2024-12-13 18:49:37.589,0.02700000000000001
2024-12-13 18:49:37.625,0.02700000000000001
2024-12-13 18:49:37.672,0.02700000000000001
2024-12-13 18:49:37.719,0.02700000000000001
2024-12-13 18:49:37.742,0.02700000000000001
2024-12-13 18:49:37.789,0.02700000000000001
2024-12-13 18:49:37.821,0.02700000000000001
2024-12-13 18:49:37.837,0.02700000000000001
2024-12-13 18:49:37.863,0.02700000000000001
2024-12-13 18:49:37.889,0.02700000000000001
2024-12-13 18:49:38.505,0.02700000000000001
2024-12-13 18:49:38.542,0.02700000000000001
2024-12-13 18:49:38.588,0.02700000000000001
2024-12-13 18:49:38.645,0.02700000000000001
2024-12-13 18:49:38.687,0.02700000000000001
2024-12-13 18:49:38.724,0.02700000000000001
2024-12-13 18:49:38.797,0.02700000000000001
2024-12-13 18:49:38.839,0.02700000000000001
2024-12-13 18:49:38.886,0.02700000000000001
2024-12-13 18:49:38.975,0.02700000000000001
2024-12-13 18:49:39.848,0.045
2024-12-13 18:49:39.869,0.045
2024-12-13 18:49:39.936,0.045
2024-12-13 18:49:39.973,0.045
2024-12-13 18:49:40.005,0.031000000000000014
2024-12-13 18:49:40.046,0.031000000000000014
2024-12-13 18:49:40.073,0.031000000000000014
2024-12-13 18:49:40.094,0.031000000000000014
2024-12-13 18:49:40.116,0.031000000000000014
2024-12-13 18:49:40.136,0.031000000000000014
2024-12-13 18:49:40.947,0.02700000000000001
2024-12-13 18:49:40.990,0.02700000000000001
2024-12-13 18:49:41.057,0.02700000000000001
2024-12-13 18:49:41.089,0.02700000000000001
2024-12-13 18:49:41.152,0.02700000000000001
2024-12-13 18:49:41.183,0.02700000000000001
2024-12-13 18:49:41.225,0.02700000000000001
2024-12-13 18:49:41.256,0.02700000000000001
2024-12-13 18:49:41.308,0.02700000000000001
2024-12-13 18:49:41.334,0.02700000000000001
2024-12-13 18:49:42.121,0.02700000000000001
2024-12-13 18:49:42.152,0.02700000000000001
2024-12-13 18:49:42.193,0.02700000000000001
2024-12-13 18:49:42.220,0.02700000000000001
2024-12-13 18:49:42.246,0.02700000000000001
2024-12-13 18:49:42.272,0.02700000000000001
2024-12-13 18:49:42.294,0.02700000000000001
2024-12-13 18:49:42.320,0.02700000000000001
2024-12-13 18:49:42.361,0.02700000000000001
2024-12-13 18:49:42.405,0.02700000000000001
2024-12-13 18:49:43.165,0.02700000000000001
2024-12-13 18:49:43.227,0.02700000000000001
2024-12-13 18:49:43.274,0.02700000000000001
2024-12-13 18:49:43.311,0.02700000000000001
2024-12-13 18:49:43.342,0.02700000000000001
2024-12-13 18:49:43.384,0.02700000000000001
2024-12-13 18:49:43.416,0.02700000000000001
2024-12-13 18:49:43.447,0.02700000000000001
2024-12-13 18:49:43.494,0.02700000000000001
2024-12-13 18:49:43.572,0.02700000000000001
2024-12-13 18:49:44.195,0.02700000000000001
2024-12-13 18:49:44.238,0.02700000000000001
2024-12-13 18:49:44.269,0.02700000000000001
2024-12-13 18:49:44.312,0.02700000000000001
2024-12-13 18:49:44.338,0.02700000000000001
2024-12-13 18:49:44.369,0.02700000000000001
2024-12-13 18:49:44.416,0.02700000000000001
2024-12-13 18:49:44.442,0.02700000000000001
2024-12-13 18:49:44.469,0.02700000000000001
2024-12-13 18:49:44.496,0.02700000000000001
2024-12-13 18:49:45.162,0.02700000000000001
2024-12-13 18:49:45.189,0.02700000000000001
2024-12-13 18:49:45.241,0.02700000000000001
2024-12-13 18:49:45.272,0.02700000000000001
2024-12-13 18:49:45.308,0.02700000000000001
2024-12-13 18:49:45.340,0.02700000000000001
2024-12-13 18:49:45.366,0.02700000000000001
2024-12-13 18:49:45.392,0.02700000000000001
2024-12-13 18:49:45.424,0.02700000000000001
2024-12-13 18:49:45.460,0.02700000000000001
2024-12-13 18:49:45.787,0.045
2024-12-13 18:49:45.798,0.045
2024-12-13 18:49:45.806,0.045
2024-12-13 18:49:45.817,0.045
2024-12-13 18:49:45.828,0.045
2024-12-13 18:49:45.847,0.045
2024-12-13 18:49:45.874,0.045
2024-12-13 18:49:45.923,0.03499999999999999
2024-12-13 18:49:45.944,0.03499999999999999
2024-12-13 18:49:45.965,0.03499999999999999
2024-12-13 18:49:46.509,0.02700000000000001
2024-12-13 18:49:46.561,0.02700000000000001
2024-12-13 18:49:46.628,0.02700000000000001
2024-12-13 18:49:46.675,0.02700000000000001
2024-12-13 18:49:46.701,0.02700000000000001
2024-12-13 18:49:46.722,0.02700000000000001
2024-12-13 18:49:46.769,0.02700000000000001
2024-12-13 18:49:46.795,0.02700000000000001
2024-12-13 18:49:46.848,0.02700000000000001
2024-12-13 18:49:46.874,0.02700000000000001
2024-12-13 18:49:47.576,0.02700000000000001
2024-12-13 18:49:47.613,0.02700000000000001
2024-12-13 18:49:47.645,0.02700000000000001
2024-12-13 18:49:47.676,0.02700000000000001
2024-12-13 18:49:47.707,0.02700000000000001
2024-12-13 18:49:47.755,0.02700000000000001
2024-12-13 18:49:47.775,0.02700000000000001
2024-12-13 18:49:47.807,0.02700000000000001
2024-12-13 18:49:47.859,0.02700000000000001
2024-12-13 18:49:47.895,0.02700000000000001
2024-12-13 18:49:48.726,0.044
2024-12-13 18:49:48.773,0.044
2024-12-13 18:49:48.804,0.044
2024-12-13 18:49:48.846,0.044
2024-12-13 18:49:48.877,0.044
2024-12-13 18:49:48.908,0.044
2024-12-13 18:49:48.960,0.044
2024-12-13 18:49:49.018,0.044
2024-12-13 18:49:49.080,0.02700000000000001
2024-12-13 18:49:49.121,0.02700000000000001
2024-12-13 18:49:49.883,0.02700000000000001
2024-12-13 18:49:49.909,0.02700000000000001
2024-12-13 18:49:49.946,0.02700000000000001
2024-12-13 18:49:49.977,0.02700000000000001
2024-12-13 18:49:50.025,0.02700000000000001
2024-12-13 18:49:50.056,0.02700000000000001
2024-12-13 18:49:50.077,0.02700000000000001
2024-12-13 18:49:50.129,0.02700000000000001
2024-12-13 18:49:50.161,0.02700000000000001
2024-12-13 18:49:50.218,0.02700000000000001
2024-12-13 18:49:51.119,0.02700000000000001
2024-12-13 18:49:51.187,0.02700000000000001
2024-12-13 18:49:51.223,0.02700000000000001
2024-12-13 18:49:51.281,0.02700000000000001
2024-12-13 18:49:51.322,0.02700000000000001
2024-12-13 18:49:51.374,0.02700000000000001
2024-12-13 18:49:51.411,0.02700000000000001
2024-12-13 18:49:51.452,0.02700000000000001
2024-12-13 18:49:51.493,0.041999999999999996
2024-12-13 18:49:51.535,0.041999999999999996
2024-12-13 18:49:52.210,0.02700000000000001
2024-12-13 18:49:52.237,0.02700000000000001
2024-12-13 18:49:52.253,0.02700000000000001
2024-12-13 18:49:52.285,0.02700000000000001
2024-12-13 18:49:52.306,0.02700000000000001
2024-12-13 18:49:52.343,0.02700000000000001
2024-12-13 18:49:52.379,0.02700000000000001
2024-12-13 18:49:52.405,0.02700000000000001
2024-12-13 18:49:52.452,0.02700000000000001
2024-12-13 18:49:52.489,0.02700000000000001
2024-12-13 18:49:53.163,0.02700000000000001
2024-12-13 18:49:53.179,0.02700000000000001
2024-12-13 18:49:53.201,0.02700000000000001
2024-12-13 18:49:53.232,0.02700000000000001
2024-12-13 18:49:53.263,0.02700000000000001
2024-12-13 18:49:53.279,0.02700000000000001
2024-12-13 18:49:53.316,0.02700000000000001
2024-12-13 18:49:53.347,0.02700000000000001
2024-12-13 18:49:53.399,0.02700000000000001
2024-12-13 18:49:53.451,0.02700000000000001
2024-12-13 18:49:53.966,0.02700000000000001
2024-12-13 18:49:54.002,0.02700000000000001
2024-12-13 18:49:54.034,0.02700000000000001
2024-12-13 18:49:54.055,0.02700000000000001
2024-12-13 18:49:54.086,0.02700000000000001
2024-12-13 18:49:54.133,0.02700000000000001
2024-12-13 18:49:54.165,0.02700000000000001
2024-12-13 18:49:54.191,0.02700000000000001
2024-12-13 18:49:54.222,0.02700000000000001
2024-12-13 18:49:54.295,0.02700000000000001
2024-12-13 18:49:55.072,0.02700000000000001
2024-12-13 18:49:55.114,0.02700000000000001
2024-12-13 18:49:55.150,0.02700000000000001
2024-12-13 18:49:55.176,0.02700000000000001
2024-12-13 18:49:55.198,0.02700000000000001
2024-12-13 18:49:55.229,0.02700000000000001
2024-12-13 18:49:55.250,0.02700000000000001
2024-12-13 18:49:55.286,0.02700000000000001
2024-12-13 18:49:55.343,0.02700000000000001
2024-12-13 18:49:55.385,0.02700000000000001
2024-12-13 18:49:56.095,0.02700000000000001
2024-12-13 18:49:56.111,0.02700000000000001
2024-12-13 18:49:56.168,0.02700000000000001
2024-12-13 18:49:56.214,0.02700000000000001
2024-12-13 18:49:56.271,0.02700000000000001
2024-12-13 18:49:56.313,0.02700000000000001
2024-12-13 18:49:56.334,0.02700000000000001
2024-12-13 18:49:56.376,0.02700000000000001
2024-12-13 18:49:56.413,0.02700000000000001
2024-12-13 18:49:56.450,0.02700000000000001
2024-12-13 18:49:57.158,0.02700000000000001
2024-12-13 18:49:57.180,0.02700000000000001
2024-12-13 18:49:57.227,0.02700000000000001
2024-12-13 18:49:57.263,0.02700000000000001
2024-12-13 18:49:57.340,0.02700000000000001
2024-12-13 18:49:57.351,0.02700000000000001
2024-12-13 18:49:57.413,0.03699999999999999
2024-12-13 18:49:57.445,0.03699999999999999
2024-12-13 18:49:57.471,0.03699999999999999
2024-12-13 18:49:57.512,0.03699999999999999
2024-12-13 18:49:58.232,0.02700000000000001
2024-12-13 18:49:58.269,0.02700000000000001
2024-12-13 18:49:58.295,0.02700000000000001
2024-12-13 18:49:58.306,0.02700000000000001
2024-12-13 18:49:58.348,0.02700000000000001
2024-12-13 18:49:58.385,0.02700000000000001
2024-12-13 18:49:58.427,0.02700000000000001
2024-12-13 18:49:58.458,0.02800000000000001
2024-12-13 18:49:58.479,0.02800000000000001
2024-12-13 18:49:58.495,0.02800000000000001
2024-12-13 18:49:59.161,0.02700000000000001
2024-12-13 18:49:59.203,0.02700000000000001
2024-12-13 18:49:59.260,0.02700000000000001
2024-12-13 18:49:59.333,0.02700000000000001
2024-12-13 18:49:59.385,0.02700000000000001
2024-12-13 18:49:59.442,0.02700000000000001
2024-12-13 18:49:59.489,0.02700000000000001
2024-12-13 18:49:59.541,0.02700000000000001
2024-12-13 18:49:59.563,0.02700000000000001
2024-12-13 18:49:59.600,0.02700000000000001
2024-12-13 18:50:00.497,0.02700000000000001
2024-12-13 18:50:00.535,0.044
2024-12-13 18:50:00.552,0.044
2024-12-13 18:50:00.561,0.044
2024-12-13 18:50:00.578,0.044
2024-12-13 18:50:00.589,0.044
2024-12-13 18:50:00.599,0.044
2024-12-13 18:50:00.609,0.044
2024-12-13 18:50:00.623,0.044
2024-12-13 18:50:00.642,0.044
2024-12-13 18:50:01.348,0.02700000000000001
2024-12-13 18:50:01.365,0.02700000000000001
2024-12-13 18:50:01.391,0.02700000000000001
2024-12-13 18:50:01.412,0.02700000000000001
2024-12-13 18:50:01.459,0.02700000000000001
2024-12-13 18:50:01.475,0.02700000000000001
2024-12-13 18:50:01.501,0.02700000000000001
2024-12-13 18:50:01.523,0.02700000000000001
2024-12-13 18:50:01.544,0.02700000000000001
2024-12-13 18:50:01.554,0.02700000000000001
2024-12-13 18:50:02.164,0.02700000000000001
2024-12-13 18:50:02.210,0.02700000000000001
2024-12-13 18:50:02.247,0.02700000000000001
2024-12-13 18:50:02.279,0.02700000000000001
2024-12-13 18:50:02.320,0.02700000000000001
2024-12-13 18:50:02.341,0.02700000000000001
2024-12-13 18:50:02.436,0.02700000000000001
2024-12-13 18:50:02.467,0.02700000000000001
2024-12-13 18:50:02.524,0.02700000000000001
2024-12-13 18:50:02.556,0.02700000000000001
2024-12-13 18:50:03.314,0.02700000000000001
2024-12-13 18:50:03.336,0.02700000000000001
2024-12-13 18:50:03.356,0.02700000000000001
2024-12-13 18:50:03.393,0.02700000000000001
2024-12-13 18:50:03.449,0.02700000000000001
2024-12-13 18:50:03.486,0.02700000000000001
2024-12-13 18:50:03.533,0.02700000000000001
2024-12-13 18:50:03.589,0.02700000000000001
2024-12-13 18:50:03.667,0.046
2024-12-13 18:50:03.704,0.046
2024-12-13 18:50:04.412,0.02800000000000001
2024-12-13 18:50:04.449,0.02800000000000001
2024-12-13 18:50:04.470,0.02800000000000001
2024-12-13 18:50:04.496,0.02800000000000001
2024-12-13 18:50:04.528,0.02800000000000001
2024-12-13 18:50:04.549,0.02800000000000001
2024-12-13 18:50:04.585,0.02800000000000001
2024-12-13 18:50:04.622,0.02800000000000001
2024-12-13 18:50:04.700,0.02700000000000001
2024-12-13 18:50:04.752,0.02700000000000001
2024-12-13 18:50:05.505,0.02800000000000001
2024-12-13 18:50:05.547,0.02800000000000001
2024-12-13 18:50:05.558,0.02800000000000001
2024-12-13 18:50:05.584,0.02800000000000001
2024-12-13 18:50:05.636,0.02800000000000001
2024-12-13 18:50:05.668,0.02800000000000001
2024-12-13 18:50:05.709,0.02800000000000001
2024-12-13 18:50:05.746,0.02700000000000001
2024-12-13 18:50:05.772,0.02700000000000001
2024-12-13 18:50:05.803,0.02700000000000001
2024-12-13 18:50:06.614,0.045
2024-12-13 18:50:06.630,0.045
2024-12-13 18:50:06.682,0.045
2024-12-13 18:50:06.739,0.045
2024-12-13 18:50:06.791,0.03399999999999999
2024-12-13 18:50:06.818,0.03399999999999999
2024-12-13 18:50:06.849,0.03399999999999999
2024-12-13 18:50:06.865,0.03399999999999999
2024-12-13 18:50:06.906,0.03399999999999999
2024-12-13 18:50:06.922,0.03399999999999999
2024-12-13 18:50:07.592,0.02700000000000001
2024-12-13 18:50:07.624,0.02700000000000001
2024-12-13 18:50:07.666,0.02700000000000001
2024-12-13 18:50:07.692,0.02700000000000001
2024-12-13 18:50:07.718,0.02700000000000001
2024-12-13 18:50:07.755,0.02700000000000001
2024-12-13 18:50:07.781,0.02700000000000001
2024-12-13 18:50:07.818,0.02700000000000001
2024-12-13 18:50:07.854,0.02700000000000001
2024-12-13 18:50:07.885,0.02700000000000001
2024-12-13 18:50:08.606,0.02700000000000001
2024-12-13 18:50:08.658,0.02700000000000001
2024-12-13 18:50:08.695,0.02700000000000001
2024-12-13 18:50:08.715,0.02700000000000001
2024-12-13 18:50:08.778,0.02700000000000001
2024-12-13 18:50:08.804,0.02700000000000001
2024-12-13 18:50:08.856,0.02700000000000001
2024-12-13 18:50:08.887,0.02700000000000001
2024-12-13 18:50:08.899,0.02700000000000001
2024-12-13 18:50:08.930,0.02700000000000001
2024-12-13 18:50:09.645,0.045
2024-12-13 18:50:09.671,0.045
2024-12-13 18:50:09.724,0.045
2024-12-13 18:50:09.755,0.045
2024-12-13 18:50:09.788,0.045
2024-12-13 18:50:09.814,0.045
2024-12-13 18:50:09.872,0.045
2024-12-13 18:50:09.913,0.02700000000000001
2024-12-13 18:50:09.960,0.02700000000000001
2024-12-13 18:50:10.017,0.02700000000000001
2024-12-13 18:50:10.777,0.02700000000000001
2024-12-13 18:50:10.804,0.02700000000000001
2024-12-13 18:50:10.841,0.02700000000000001
2024-12-13 18:50:10.872,0.02700000000000001
2024-12-13 18:50:10.904,0.02700000000000001
2024-12-13 18:50:10.937,0.02700000000000001
2024-12-13 18:50:10.968,0.02700000000000001
2024-12-13 18:50:10.995,0.02700000000000001
2024-12-13 18:50:11.011,0.02700000000000001
2024-12-13 18:50:11.053,0.02700000000000001
2024-12-13 18:50:11.701,0.02700000000000001
2024-12-13 18:50:11.753,0.02700000000000001
2024-12-13 18:50:11.790,0.02700000000000001
2024-12-13 18:50:11.827,0.02700000000000001
2024-12-13 18:50:11.863,0.02700000000000001
2024-12-13 18:50:11.884,0.02700000000000001
2024-12-13 18:50:11.926,0.02700000000000001
2024-12-13 18:50:11.983,0.02700000000000001
2024-12-13 18:50:12.010,0.02700000000000001
2024-12-13 18:50:12.056,0.02700000000000001
2024-12-13 18:50:12.907,0.039999999999999994
2024-12-13 18:50:12.938,0.039999999999999994
2024-12-13 18:50:12.975,0.039999999999999994
2024-12-13 18:50:12.996,0.039999999999999994
2024-12-13 18:50:13.017,0.039999999999999994
2024-12-13 18:50:13.043,0.02700000000000001
2024-12-13 18:50:13.079,0.02700000000000001
2024-12-13 18:50:13.111,0.02700000000000001
2024-12-13 18:50:13.168,0.02700000000000001
2024-12-13 18:50:13.199,0.02700000000000001
2024-12-13 18:50:13.816,0.02700000000000001
2024-12-13 18:50:13.826,0.02700000000000001
2024-12-13 18:50:13.863,0.02700000000000001
2024-12-13 18:50:13.879,0.02700000000000001
2024-12-13 18:50:13.911,0.02700000000000001
2024-12-13 18:50:13.937,0.02700000000000001
2024-12-13 18:50:13.964,0.02700000000000001
2024-12-13 18:50:14.000,0.02700000000000001
2024-12-13 18:50:14.032,0.02700000000000001
2024-12-13 18:50:14.063,0.02700000000000001
2024-12-13 18:50:14.841,0.02700000000000001
2024-12-13 18:50:14.877,0.02700000000000001
2024-12-13 18:50:14.909,0.02700000000000001
2024-12-13 18:50:14.950,0.02700000000000001
2024-12-13 18:50:14.987,0.02700000000000001
2024-12-13 18:50:15.008,0.02700000000000001
2024-12-13 18:50:15.044,0.02700000000000001
2024-12-13 18:50:15.071,0.02700000000000001
2024-12-13 18:50:15.143,0.02700000000000001
2024-12-13 18:50:15.175,0.02700000000000001
2024-12-13 18:50:15.671,0.045
2024-12-13 18:50:15.699,0.045
2024-12-13 18:50:15.721,0.045
2024-12-13 18:50:15.730,0.045
2024-12-13 18:50:15.747,0.045
2024-12-13 18:50:15.757,0.045
2024-12-13 18:50:15.791,0.045
2024-12-13 18:50:15.821,0.045
2024-12-13 18:50:15.854,0.02700000000000001
2024-12-13 18:50:15.864,0.02700000000000001
2024-12-13 18:50:16.334,0.02700000000000001
2024-12-13 18:50:16.381,0.02700000000000001
2024-12-13 18:50:16.417,0.02700000000000001
2024-12-13 18:50:16.439,0.02700000000000001
2024-12-13 18:50:16.476,0.02700000000000001
2024-12-13 18:50:16.553,0.02700000000000001
2024-12-13 18:50:16.574,0.02700000000000001
2024-12-13 18:50:16.621,0.02700000000000001
2024-12-13 18:50:16.671,0.02700000000000001
2024-12-13 18:50:16.702,0.02700000000000001
2024-12-13 18:50:17.366,0.02800000000000001
2024-12-13 18:50:17.408,0.02800000000000001
2024-12-13 18:50:17.450,0.02800000000000001
2024-12-13 18:50:17.466,0.02800000000000001
2024-12-13 18:50:17.503,0.02800000000000001
2024-12-13 18:50:17.529,0.02800000000000001
2024-12-13 18:50:17.560,0.02800000000000001
2024-12-13 18:50:17.597,0.02700000000000001
2024-12-13 18:50:17.639,0.02700000000000001
2024-12-13 18:50:17.675,0.02700000000000001
2024-12-13 18:50:18.370,0.03899999999999999
2024-12-13 18:50:18.391,0.03899999999999999
2024-12-13 18:50:18.422,0.03899999999999999
2024-12-13 18:50:18.479,0.03899999999999999
2024-12-13 18:50:18.521,0.03899999999999999
2024-12-13 18:50:18.552,0.03899999999999999
2024-12-13 18:50:18.579,0.03899999999999999
2024-12-13 18:50:18.620,0.044
2024-12-13 18:50:18.683,0.044
2024-12-13 18:50:18.709,0.044
2024-12-13 18:50:19.248,0.02700000000000001
2024-12-13 18:50:19.279,0.02700000000000001
2024-12-13 18:50:19.326,0.02700000000000001
2024-12-13 18:50:19.394,0.02700000000000001
2024-12-13 18:50:19.415,0.02700000000000001
2024-12-13 18:50:19.457,0.02700000000000001
2024-12-13 18:50:19.509,0.02700000000000001
2024-12-13 18:50:19.571,0.02700000000000001
2024-12-13 18:50:19.603,0.02700000000000001
2024-12-13 18:50:19.619,0.02700000000000001
2024-12-13 18:50:20.419,0.02700000000000001
2024-12-13 18:50:20.445,0.02700000000000001
2024-12-13 18:50:20.482,0.02700000000000001
2024-12-13 18:50:20.508,0.02700000000000001
2024-12-13 18:50:20.535,0.02700000000000001
2024-12-13 18:50:20.566,0.02700000000000001
2024-12-13 18:50:20.613,0.02700000000000001
2024-12-13 18:50:20.650,0.02700000000000001
2024-12-13 18:50:20.707,0.02700000000000001
2024-12-13 18:50:20.738,0.02700000000000001
2024-12-13 18:50:21.558,0.049
2024-12-13 18:50:21.569,0.049
2024-12-13 18:50:21.585,0.049
2024-12-13 18:50:21.616,0.049
2024-12-13 18:50:21.632,0.049
2024-12-13 18:50:21.685,0.049
2024-12-13 18:50:21.711,0.049
2024-12-13 18:50:21.769,0.049
2024-12-13 18:50:21.810,0.02700000000000001
2024-12-13 18:50:21.836,0.02700000000000001
2024-12-13 18:50:22.536,0.02700000000000001
2024-12-13 18:50:22.568,0.02700000000000001
2024-12-13 18:50:22.625,0.02700000000000001
2024-12-13 18:50:22.646,0.02700000000000001
2024-12-13 18:50:22.683,0.02700000000000001
2024-12-13 18:50:22.704,0.02700000000000001
2024-12-13 18:50:22.772,0.02700000000000001
2024-12-13 18:50:22.813,0.02700000000000001
2024-12-13 18:50:22.850,0.02700000000000001
2024-12-13 18:50:22.886,0.02700000000000001
2024-12-13 18:50:23.585,0.02700000000000001
2024-12-13 18:50:23.633,0.02700000000000001
2024-12-13 18:50:23.664,0.02700000000000001
2024-12-13 18:50:23.680,0.02700000000000001
2024-12-13 18:50:23.732,0.02700000000000001
2024-12-13 18:50:23.774,0.02700000000000001
2024-12-13 18:50:23.821,0.02700000000000001
2024-12-13 18:50:23.878,0.02700000000000001
2024-12-13 18:50:23.915,0.02700000000000001
2024-12-13 18:50:23.936,0.02700000000000001
2024-12-13 18:50:24.813,0.044
2024-12-13 18:50:24.886,0.02700000000000001
2024-12-13 18:50:24.943,0.02700000000000001
2024-12-13 18:50:24.989,0.02700000000000001
2024-12-13 18:50:25.021,0.02700000000000001
2024-12-13 18:50:25.053,0.02700000000000001
2024-12-13 18:50:25.075,0.02700000000000001
2024-12-13 18:50:25.106,0.02700000000000001
2024-12-13 18:50:25.128,0.02700000000000001
2024-12-13 18:50:25.154,0.02700000000000001
2024-12-13 18:50:26.099,0.02700000000000001
2024-12-13 18:50:26.136,0.02700000000000001
2024-12-13 18:50:26.178,0.02700000000000001
2024-12-13 18:50:26.209,0.02700000000000001
2024-12-13 18:50:26.276,0.02700000000000001
2024-12-13 18:50:26.334,0.02700000000000001
2024-12-13 18:50:26.375,0.02700000000000001
2024-12-13 18:50:26.429,0.02700000000000001
2024-12-13 18:50:26.475,0.02700000000000001
2024-12-13 18:50:26.497,0.02700000000000001
2024-12-13 18:50:27.179,0.02700000000000001
2024-12-13 18:50:27.226,0.02700000000000001
2024-12-13 18:50:27.267,0.02700000000000001
2024-12-13 18:50:27.314,0.044
2024-12-13 18:50:27.337,0.044
2024-12-13 18:50:27.363,0.044
2024-12-13 18:50:27.394,0.044
2024-12-13 18:50:27.421,0.044
2024-12-13 18:50:27.442,0.044
2024-12-13 18:50:27.483,0.044
2024-12-13 18:50:28.282,0.02700000000000001
2024-12-13 18:50:28.314,0.02700000000000001
2024-12-13 18:50:28.361,0.02700000000000001
2024-12-13 18:50:28.387,0.02700000000000001
2024-12-13 18:50:28.435,0.02700000000000001
2024-12-13 18:50:28.466,0.02700000000000001
2024-12-13 18:50:28.508,0.02700000000000001
2024-12-13 18:50:28.540,0.02700000000000001
2024-12-13 18:50:28.571,0.02700000000000001
2024-12-13 18:50:28.607,0.02700000000000001
2024-12-13 18:50:29.530,0.02700000000000001
2024-12-13 18:50:29.547,0.02700000000000001
2024-12-13 18:50:29.578,0.02700000000000001
2024-12-13 18:50:29.599,0.02700000000000001
2024-12-13 18:50:29.626,0.02700000000000001
2024-12-13 18:50:29.683,0.02700000000000001
2024-12-13 18:50:29.755,0.02700000000000001
2024-12-13 18:50:29.817,0.02700000000000001
2024-12-13 18:50:29.875,0.02700000000000001
2024-12-13 18:50:29.921,0.02700000000000001
2024-12-13 18:50:30.703,0.046
2024-12-13 18:50:30.728,0.046
2024-12-13 18:50:30.745,0.046
2024-12-13 18:50:30.768,0.046
2024-12-13 18:50:30.791,0.02700000000000001
2024-12-13 18:50:30.802,0.02700000000000001
2024-12-13 18:50:30.813,0.02700000000000001
2024-12-13 18:50:30.829,0.02700000000000001
2024-12-13 18:50:30.851,0.02700000000000001
2024-12-13 18:50:30.887,0.02700000000000001
2024-12-13 18:50:31.744,0.02700000000000001
2024-12-13 18:50:31.755,0.02700000000000001
2024-12-13 18:50:31.802,0.02700000000000001
2024-12-13 18:50:31.833,0.02700000000000001
2024-12-13 18:50:31.844,0.02700000000000001
2024-12-13 18:50:31.932,0.02700000000000001
2024-12-13 18:50:31.964,0.02700000000000001
2024-12-13 18:50:31.990,0.02700000000000001
2024-12-13 18:50:32.027,0.02700000000000001
2024-12-13 18:50:32.069,0.02700000000000001
2024-12-13 18:50:32.795,0.02700000000000001
2024-12-13 18:50:32.837,0.02700000000000001
2024-12-13 18:50:32.889,0.02700000000000001
2024-12-13 18:50:32.920,0.02700000000000001
2024-12-13 18:50:32.956,0.02700000000000001
2024-12-13 18:50:32.974,0.02700000000000001
2024-12-13 18:50:33.031,0.02700000000000001
2024-12-13 18:50:33.062,0.02700000000000001
2024-12-13 18:50:33.083,0.02700000000000001
2024-12-13 18:50:33.114,0.02700000000000001
2024-12-13 18:50:34.031,0.02700000000000001
2024-12-13 18:50:34.063,0.02700000000000001
2024-12-13 18:50:34.120,0.02700000000000001
2024-12-13 18:50:34.157,0.02700000000000001
2024-12-13 18:50:34.214,0.02700000000000001
2024-12-13 18:50:34.266,0.02700000000000001
2024-12-13 18:50:34.303,0.02700000000000001
2024-12-13 18:50:34.334,0.02700000000000001
2024-12-13 18:50:34.412,0.02700000000000001
2024-12-13 18:50:34.443,0.02700000000000001
2024-12-13 18:50:35.490,0.02700000000000001
2024-12-13 18:50:35.516,0.02700000000000001
2024-12-13 18:50:35.537,0.02700000000000001
2024-12-13 18:50:35.563,0.02700000000000001
2024-12-13 18:50:35.594,0.02700000000000001
2024-12-13 18:50:35.641,0.02700000000000001
2024-12-13 18:50:35.673,0.02700000000000001
2024-12-13 18:50:35.720,0.02700000000000001
2024-12-13 18:50:35.767,0.02700000000000001
2024-12-13 18:50:35.809,0.02700000000000001
2024-12-13 18:50:36.593,0.044
2024-12-13 18:50:36.645,0.044
2024-12-13 18:50:36.672,0.044
2024-12-13 18:50:36.735,0.02700000000000001
2024-12-13 18:50:36.777,0.02700000000000001
2024-12-13 18:50:36.808,0.02700000000000001
2024-12-13 18:50:36.850,0.02700000000000001
2024-12-13 18:50:36.871,0.02700000000000001
2024-12-13 18:50:36.908,0.02700000000000001
2024-12-13 18:50:36.949,0.02700000000000001
2024-12-13 18:50:37.645,0.02700000000000001
2024-12-13 18:50:37.697,0.02700000000000001
2024-12-13 18:50:37.741,0.02700000000000001
2024-12-13 18:50:37.762,0.02700000000000001
2024-12-13 18:50:37.778,0.02700000000000001
2024-12-13 18:50:37.809,0.02700000000000001
2024-12-13 18:50:37.841,0.02700000000000001
2024-12-13 18:50:37.893,0.02700000000000001
2024-12-13 18:50:37.924,0.02700000000000001
2024-12-13 18:50:37.966,0.02700000000000001
2024-12-13 18:50:38.785,0.02700000000000001
2024-12-13 18:50:38.796,0.02700000000000001
2024-12-13 18:50:38.828,0.02700000000000001
2024-12-13 18:50:38.865,0.02700000000000001
2024-12-13 18:50:38.896,0.02700000000000001
2024-12-13 18:50:38.918,0.02700000000000001
2024-12-13 18:50:38.949,0.02700000000000001
2024-12-13 18:50:38.981,0.02700000000000001
2024-12-13 18:50:39.023,0.02700000000000001
2024-12-13 18:50:39.044,0.02700000000000001
2024-12-13 18:50:39.952,0.02700000000000001
2024-12-13 18:50:39.983,0.02700000000000001
2024-12-13 18:50:40.025,0.02700000000000001
2024-12-13 18:50:40.051,0.02700000000000001
2024-12-13 18:50:40.103,0.02700000000000001
2024-12-13 18:50:40.170,0.02700000000000001
2024-12-13 18:50:40.197,0.02700000000000001
2024-12-13 18:50:40.223,0.02700000000000001
2024-12-13 18:50:40.280,0.02700000000000001
2024-12-13 18:50:40.322,0.02700000000000001
2024-12-13 18:50:41.124,0.02700000000000001
2024-12-13 18:50:41.150,0.02700000000000001
2024-12-13 18:50:41.217,0.02700000000000001
2024-12-13 18:50:41.244,0.02700000000000001
2024-12-13 18:50:41.275,0.02700000000000001
2024-12-13 18:50:41.327,0.02700000000000001
2024-12-13 18:50:41.348,0.02700000000000001
2024-12-13 18:50:41.385,0.02700000000000001
2024-12-13 18:50:41.436,0.02700000000000001
2024-12-13 18:50:41.462,0.02700000000000001
2024-12-13 18:50:42.288,0.045
2024-12-13 18:50:42.345,0.045
2024-12-13 18:50:42.387,0.045
2024-12-13 18:50:42.440,0.045
2024-12-13 18:50:42.455,0.045
2024-12-13 18:50:42.502,0.045
2024-12-13 18:50:42.534,0.045
2024-12-13 18:50:42.561,0.045
2024-12-13 18:50:42.603,0.02700000000000001
2024-12-13 18:50:42.629,0.02700000000000001
2024-12-13 18:50:43.506,0.02700000000000001
2024-12-13 18:50:43.528,0.02700000000000001
2024-12-13 18:50:43.586,0.02700000000000001
2024-12-13 18:50:43.643,0.02700000000000001
2024-12-13 18:50:43.680,0.02700000000000001
2024-12-13 18:50:43.706,0.02700000000000001
2024-12-13 18:50:43.743,0.02700000000000001
2024-12-13 18:50:43.806,0.02700000000000001
2024-12-13 18:50:43.832,0.02700000000000001
2024-12-13 18:50:43.848,0.02700000000000001
2024-12-13 18:50:44.570,0.02700000000000001
2024-12-13 18:50:44.601,0.02700000000000001
2024-12-13 18:50:44.632,0.02700000000000001
2024-12-13 18:50:44.689,0.02700000000000001
2024-12-13 18:50:44.710,0.02700000000000001
2024-12-13 18:50:44.742,0.02700000000000001
2024-12-13 18:50:44.758,0.02700000000000001
2024-12-13 18:50:44.805,0.02700000000000001
2024-12-13 18:50:44.847,0.02700000000000001
2024-12-13 18:50:44.868,0.02700000000000001
2024-12-13 18:50:45.661,0.044
2024-12-13 18:50:45.672,0.044
2024-12-13 18:50:45.682,0.044
2024-12-13 18:50:45.699,0.044
2024-12-13 18:50:45.735,0.02700000000000001
2024-12-13 18:50:45.751,0.02700000000000001
2024-12-13 18:50:45.761,0.02700000000000001
2024-12-13 18:50:45.767,0.02700000000000001
2024-12-13 18:50:45.779,0.02700000000000001
2024-12-13 18:50:45.784,0.02700000000000001
2024-12-13 18:50:46.610,0.02700000000000001
2024-12-13 18:50:46.642,0.02700000000000001
2024-12-13 18:50:46.694,0.02700000000000001
2024-12-13 18:50:46.742,0.02700000000000001
2024-12-13 18:50:46.779,0.02700000000000001
2024-12-13 18:50:46.826,0.02700000000000001
2024-12-13 18:50:46.862,0.02700000000000001
2024-12-13 18:50:46.904,0.02700000000000001
2024-12-13 18:50:46.941,0.02700000000000001
2024-12-13 18:50:46.988,0.02700000000000001
2024-12-13 18:50:47.942,0.02700000000000001
2024-12-13 18:50:47.969,0.02700000000000001
2024-12-13 18:50:47.995,0.02700000000000001
2024-12-13 18:50:48.022,0.02700000000000001
2024-12-13 18:50:48.053,0.02700000000000001
2024-12-13 18:50:48.110,0.02700000000000001
2024-12-13 18:50:48.157,0.02700000000000001
2024-12-13 18:50:48.240,0.045
2024-12-13 18:50:48.318,0.045
2024-12-13 18:50:48.360,0.045
2024-12-13 18:50:49.208,0.02700000000000001
2024-12-13 18:50:49.250,0.02700000000000001
2024-12-13 18:50:49.271,0.02700000000000001
2024-12-13 18:50:49.292,0.02700000000000001
2024-12-13 18:50:49.329,0.02700000000000001
2024-12-13 18:50:49.366,0.02700000000000001
2024-12-13 18:50:49.392,0.02700000000000001
2024-12-13 18:50:49.434,0.02700000000000001
2024-12-13 18:50:49.476,0.02700000000000001
2024-12-13 18:50:49.549,0.02700000000000001
2024-12-13 18:50:50.317,0.02700000000000001
2024-12-13 18:50:50.354,0.02700000000000001
2024-12-13 18:50:50.406,0.02700000000000001
2024-12-13 18:50:50.422,0.02700000000000001
2024-12-13 18:50:50.453,0.02700000000000001
2024-12-13 18:50:50.525,0.02700000000000001
2024-12-13 18:50:50.567,0.02700000000000001
2024-12-13 18:50:50.609,0.02700000000000001
2024-12-13 18:50:50.677,0.02700000000000001
2024-12-13 18:50:50.724,0.02700000000000001
2024-12-13 18:50:51.472,0.045
2024-12-13 18:50:51.494,0.045
2024-12-13 18:50:51.520,0.045
2024-12-13 18:50:51.567,0.045
2024-12-13 18:50:51.624,0.02700000000000001
2024-12-13 18:50:51.666,0.02700000000000001
2024-12-13 18:50:51.708,0.02700000000000001
2024-12-13 18:50:51.734,0.02700000000000001
2024-12-13 18:50:51.776,0.02700000000000001
2024-12-13 18:50:51.792,0.02700000000000001
2024-12-13 18:50:52.707,0.02700000000000001
2024-12-13 18:50:52.765,0.02700000000000001
2024-12-13 18:50:52.796,0.02700000000000001
2024-12-13 18:50:52.838,0.02700000000000001
2024-12-13 18:50:52.885,0.02700000000000001
2024-12-13 18:50:52.932,0.02700000000000001
2024-12-13 18:50:52.952,0.02700000000000001
2024-12-13 18:50:52.979,0.02700000000000001
2024-12-13 18:50:53.015,0.02800000000000001
2024-12-13 18:50:53.042,0.02800000000000001
2024-12-13 18:50:53.722,0.02700000000000001
2024-12-13 18:50:53.764,0.02700000000000001
2024-12-13 18:50:53.791,0.02700000000000001
2024-12-13 18:50:53.822,0.02700000000000001
2024-12-13 18:50:53.848,0.02700000000000001
2024-12-13 18:50:53.884,0.02700000000000001
2024-12-13 18:50:53.932,0.02700000000000001
2024-12-13 18:50:53.999,0.02700000000000001
2024-12-13 18:50:54.036,0.02700000000000001
2024-12-13 18:50:54.088,0.045
2024-12-13 18:50:54.939,0.02700000000000001
2024-12-13 18:50:54.975,0.02700000000000001
2024-12-13 18:50:55.017,0.02700000000000001
2024-12-13 18:50:55.074,0.02700000000000001
2024-12-13 18:50:55.106,0.02700000000000001
2024-12-13 18:50:55.138,0.02700000000000001
2024-12-13 18:50:55.169,0.02700000000000001
2024-12-13 18:50:55.236,0.02700000000000001
2024-12-13 18:50:55.304,0.02700000000000001
2024-12-13 18:50:55.356,0.02700000000000001
2024-12-13 18:50:56.217,0.02700000000000001
2024-12-13 18:50:56.264,0.02700000000000001
2024-12-13 18:50:56.316,0.02700000000000001
2024-12-13 18:50:56.347,0.02700000000000001
2024-12-13 18:50:56.373,0.02700000000000001
2024-12-13 18:50:56.415,0.02700000000000001
2024-12-13 18:50:56.436,0.02700000000000001
2024-12-13 18:50:56.453,0.02700000000000001
2024-12-13 18:50:56.489,0.02700000000000001
2024-12-13 18:50:56.511,0.02700000000000001
2024-12-13 18:50:57.260,0.044
2024-12-13 18:50:57.318,0.044
2024-12-13 18:50:57.344,0.044
2024-12-13 18:50:57.370,0.044
2024-12-13 18:50:57.386,0.044
2024-12-13 18:50:57.464,0.044
2024-12-13 18:50:57.490,0.044
2024-12-13 18:50:57.516,0.044
2024-12-13 18:50:57.543,0.02700000000000001
2024-12-13 18:50:57.579,0.02700000000000001
2024-12-13 18:50:58.484,0.02700000000000001
2024-12-13 18:50:58.516,0.02700000000000001
2024-12-13 18:50:58.558,0.02700000000000001
2024-12-13 18:50:58.600,0.02700000000000001
2024-12-13 18:50:58.626,0.02700000000000001
2024-12-13 18:50:58.663,0.02700000000000001
2024-12-13 18:50:58.700,0.02700000000000001
2024-12-13 18:50:58.721,0.02700000000000001
2024-12-13 18:50:58.758,0.02700000000000001
2024-12-13 18:50:58.789,0.02700000000000001
2024-12-13 18:50:59.497,0.02700000000000001
2024-12-13 18:50:59.540,0.02700000000000001
2024-12-13 18:50:59.571,0.02700000000000001
2024-12-13 18:50:59.592,0.02700000000000001
2024-12-13 18:50:59.613,0.02700000000000001
2024-12-13 18:50:59.645,0.02700000000000001
2024-12-13 18:50:59.666,0.02700000000000001
2024-12-13 18:50:59.718,0.02700000000000001
2024-12-13 18:50:59.744,0.02700000000000001
2024-12-13 18:50:59.766,0.02700000000000001
2024-12-13 18:51:00.569,0.03499999999999999
2024-12-13 18:51:00.583,0.03499999999999999
2024-12-13 18:51:00.596,0.03499999999999999
2024-12-13 18:51:00.607,0.03499999999999999
2024-12-13 18:51:00.617,0.03499999999999999
2024-12-13 18:51:00.633,0.03499999999999999
2024-12-13 18:51:00.688,0.02700000000000001
2024-12-13 18:51:00.708,0.02700000000000001
2024-12-13 18:51:00.734,0.02700000000000001
2024-12-13 18:51:00.743,0.02700000000000001
2024-12-13 18:51:01.447,0.02700000000000001
2024-12-13 18:51:01.488,0.02700000000000001
2024-12-13 18:51:01.530,0.02700000000000001
2024-12-13 18:51:01.572,0.02700000000000001
2024-12-13 18:51:01.598,0.02700000000000001
2024-12-13 18:51:01.624,0.02700000000000001
2024-12-13 18:51:01.676,0.02700000000000001
2024-12-13 18:51:01.702,0.02700000000000001
2024-12-13 18:51:01.739,0.02700000000000001
2024-12-13 18:51:01.765,0.02700000000000001
2024-12-13 18:51:02.332,0.02700000000000001
2024-12-13 18:51:02.353,0.02700000000000001
2024-12-13 18:51:02.395,0.02700000000000001
2024-12-13 18:51:02.452,0.02700000000000001
2024-12-13 18:51:02.484,0.02700000000000001
2024-12-13 18:51:02.505,0.02700000000000001
2024-12-13 18:51:02.557,0.02700000000000001
2024-12-13 18:51:02.578,0.02700000000000001
2024-12-13 18:51:02.636,0.02700000000000001
2024-12-13 18:51:02.745,0.02700000000000001
2024-12-13 18:51:03.835,0.02700000000000001
2024-12-13 18:51:03.867,0.02700000000000001
2024-12-13 18:51:03.904,0.02700000000000001
2024-12-13 18:51:03.945,0.02700000000000001
2024-12-13 18:51:03.987,0.02700000000000001
2024-12-13 18:51:04.014,0.02700000000000001
2024-12-13 18:51:04.077,0.02700000000000001
2024-12-13 18:51:04.108,0.02700000000000001
2024-12-13 18:51:04.181,0.02700000000000001
2024-12-13 18:51:04.228,0.02700000000000001
2024-12-13 18:51:05.152,0.02800000000000001
2024-12-13 18:51:05.178,0.02800000000000001
2024-12-13 18:51:05.236,0.02700000000000001
2024-12-13 18:51:05.288,0.02700000000000001
2024-12-13 18:51:05.325,0.02700000000000001
2024-12-13 18:51:05.347,0.02700000000000001
2024-12-13 18:51:05.362,0.02700000000000001
2024-12-13 18:51:05.400,0.02700000000000001
2024-12-13 18:51:05.436,0.02700000000000001
2024-12-13 18:51:05.462,0.02700000000000001
2024-12-13 18:51:06.465,0.044
2024-12-13 18:51:06.486,0.044
2024-12-13 18:51:06.549,0.044
2024-12-13 18:51:06.623,0.02700000000000001
2024-12-13 18:51:06.659,0.02700000000000001
2024-12-13 18:51:06.691,0.02700000000000001
2024-12-13 18:51:06.717,0.02700000000000001
2024-12-13 18:51:06.743,0.02700000000000001
2024-12-13 18:51:06.780,0.02700000000000001
2024-12-13 18:51:06.816,0.02700000000000001
2024-12-13 18:51:07.502,0.02700000000000001
2024-12-13 18:51:07.533,0.02700000000000001
2024-12-13 18:51:07.563,0.02700000000000001
2024-12-13 18:51:07.595,0.02700000000000001
2024-12-13 18:51:07.606,0.02700000000000001
2024-12-13 18:51:07.663,0.02700000000000001
2024-12-13 18:51:07.721,0.02700000000000001
2024-12-13 18:51:07.742,0.02700000000000001
2024-12-13 18:51:07.788,0.02700000000000001
2024-12-13 18:51:07.800,0.02700000000000001
2024-12-13 18:51:08.486,0.02700000000000001
2024-12-13 18:51:08.502,0.02700000000000001
2024-12-13 18:51:08.523,0.02700000000000001
2024-12-13 18:51:08.559,0.02700000000000001
2024-12-13 18:51:08.585,0.02700000000000001
2024-12-13 18:51:08.601,0.02700000000000001
2024-12-13 18:51:08.658,0.02700000000000001
2024-12-13 18:51:08.700,0.02700000000000001
2024-12-13 18:51:08.737,0.02700000000000001
2024-12-13 18:51:08.763,0.02700000000000001
2024-12-13 18:51:09.499,0.02700000000000001
2024-12-13 18:51:09.515,0.02700000000000001
2024-12-13 18:51:09.557,0.02700000000000001
2024-12-13 18:51:09.594,0.02700000000000001
2024-12-13 18:51:09.646,0.02700000000000001
2024-12-13 18:51:09.677,0.02700000000000001
2024-12-13 18:51:09.713,0.02700000000000001
2024-12-13 18:51:09.734,0.02700000000000001
2024-12-13 18:51:09.781,0.02700000000000001
2024-12-13 18:51:09.813,0.02700000000000001
2024-12-13 18:51:10.515,0.02700000000000001
2024-12-13 18:51:10.536,0.02700000000000001
2024-12-13 18:51:10.562,0.02700000000000001
2024-12-13 18:51:10.609,0.02700000000000001
2024-12-13 18:51:10.625,0.02700000000000001
2024-12-13 18:51:10.656,0.02700000000000001
2024-12-13 18:51:10.693,0.02700000000000001
2024-12-13 18:51:10.714,0.02700000000000001
2024-12-13 18:51:10.745,0.02700000000000001
2024-12-13 18:51:10.787,0.02700000000000001
2024-12-13 18:51:11.422,0.02700000000000001
2024-12-13 18:51:11.469,0.02700000000000001
2024-12-13 18:51:11.500,0.02700000000000001
2024-12-13 18:51:11.562,0.02700000000000001
2024-12-13 18:51:11.599,0.02700000000000001
2024-12-13 18:51:11.625,0.02700000000000001
2024-12-13 18:51:11.662,0.02700000000000001
2024-12-13 18:51:11.698,0.02700000000000001
2024-12-13 18:51:11.724,0.02700000000000001
2024-12-13 18:51:11.751,0.02700000000000001
2024-12-13 18:51:12.582,0.02700000000000001
2024-12-13 18:51:12.639,0.02700000000000001
2024-12-13 18:51:12.672,0.02700000000000001
2024-12-13 18:51:12.698,0.02700000000000001
2024-12-13 18:51:12.719,0.02700000000000001
2024-12-13 18:51:12.766,0.02700000000000001
2024-12-13 18:51:12.817,0.02700000000000001
2024-12-13 18:51:12.865,0.02800000000000001
2024-12-13 18:51:12.896,0.02800000000000001
2024-12-13 18:51:12.989,0.02800000000000001
2024-12-13 18:51:13.628,0.02700000000000001
2024-12-13 18:51:13.644,0.02700000000000001
2024-12-13 18:51:13.661,0.02700000000000001
2024-12-13 18:51:13.702,0.02700000000000001
2024-12-13 18:51:13.749,0.02700000000000001
2024-12-13 18:51:13.807,0.02700000000000001
2024-12-13 18:51:13.828,0.02700000000000001
2024-12-13 18:51:13.875,0.02700000000000001
2024-12-13 18:51:13.907,0.02700000000000001
2024-12-13 18:51:13.939,0.02700000000000001
2024-12-13 18:51:14.732,0.02700000000000001
2024-12-13 18:51:14.748,0.02700000000000001
2024-12-13 18:51:14.785,0.02700000000000001
2024-12-13 18:51:14.858,0.02700000000000001
2024-12-13 18:51:14.899,0.02700000000000001
2024-12-13 18:51:14.951,0.044
2024-12-13 18:51:14.982,0.044
2024-12-13 18:51:15.024,0.044
2024-12-13 18:51:15.050,0.044
2024-12-13 18:51:15.103,0.044
2024-12-13 18:51:15.657,0.02700000000000001
2024-12-13 18:51:15.669,0.02700000000000001
2024-12-13 18:51:15.683,0.02700000000000001
2024-12-13 18:51:15.708,0.02700000000000001
2024-12-13 18:51:15.732,0.02700000000000001
2024-12-13 18:51:15.739,0.02700000000000001
2024-12-13 18:51:15.755,0.02700000000000001
2024-12-13 18:51:15.777,0.02700000000000001
2024-12-13 18:51:15.799,0.02700000000000001
2024-12-13 18:51:15.822,0.02700000000000001
2024-12-13 18:51:16.705,0.02700000000000001
2024-12-13 18:51:16.752,0.02700000000000001
2024-12-13 18:51:16.789,0.02700000000000001
2024-12-13 18:51:16.851,0.02700000000000001
2024-12-13 18:51:16.903,0.02700000000000001
2024-12-13 18:51:16.909,0.02700000000000001
2024-12-13 18:51:16.946,0.02700000000000001
2024-12-13 18:51:16.998,0.02700000000000001
2024-12-13 18:51:17.049,0.02700000000000001
2024-12-13 18:51:17.076,0.02700000000000001
2024-12-13 18:51:18.198,0.045
2024-12-13 18:51:18.215,0.045
2024-12-13 18:51:18.273,0.045
2024-12-13 18:51:18.299,0.045
2024-12-13 18:51:18.356,0.045
2024-12-13 18:51:18.383,0.045
2024-12-13 18:51:18.425,0.045
2024-12-13 18:51:18.456,0.02700000000000001
2024-12-13 18:51:18.482,0.02700000000000001
2024-12-13 18:51:18.509,0.02700000000000001
2024-12-13 18:51:19.266,0.02700000000000001
2024-12-13 18:51:19.298,0.02700000000000001
2024-12-13 18:51:19.319,0.02700000000000001
2024-12-13 18:51:19.340,0.02700000000000001
2024-12-13 18:51:19.361,0.02700000000000001
2024-12-13 18:51:19.434,0.02700000000000001
2024-12-13 18:51:19.475,0.02700000000000001
2024-12-13 18:51:19.512,0.02700000000000001
2024-12-13 18:51:19.585,0.02700000000000001
2024-12-13 18:51:19.617,0.02700000000000001
2024-12-13 18:51:20.413,0.02700000000000001
2024-12-13 18:51:20.440,0.02700000000000001
2024-12-13 18:51:20.481,0.02700000000000001
2024-12-13 18:51:20.528,0.02700000000000001
2024-12-13 18:51:20.580,0.02700000000000001
2024-12-13 18:51:20.612,0.02700000000000001
2024-12-13 18:51:20.649,0.02700000000000001
2024-12-13 18:51:20.701,0.02700000000000001
2024-12-13 18:51:20.748,0.02700000000000001
2024-12-13 18:51:20.770,0.02700000000000001
2024-12-13 18:51:21.577,0.02700000000000001
2024-12-13 18:51:21.620,0.02700000000000001
2024-12-13 18:51:21.687,0.02700000000000001
2024-12-13 18:51:21.713,0.02700000000000001
2024-12-13 18:51:21.745,0.02700000000000001
2024-12-13 18:51:21.776,0.02700000000000001
2024-12-13 18:51:21.808,0.02700000000000001
2024-12-13 18:51:21.834,0.02700000000000001
2024-12-13 18:51:21.866,0.02700000000000001
2024-12-13 18:51:21.913,0.02700000000000001
2024-12-13 18:51:22.739,0.02700000000000001
2024-12-13 18:51:22.781,0.02700000000000001
2024-12-13 18:51:22.807,0.02700000000000001
2024-12-13 18:51:22.818,0.02700000000000001
2024-12-13 18:51:22.860,0.02700000000000001
2024-12-13 18:51:22.891,0.02700000000000001
2024-12-13 18:51:22.943,0.02700000000000001
2024-12-13 18:51:22.984,0.02700000000000001
2024-12-13 18:51:23.026,0.02700000000000001
2024-12-13 18:51:23.053,0.02700000000000001
2024-12-13 18:51:23.913,0.02700000000000001
2024-12-13 18:51:23.949,0.02700000000000001
2024-12-13 18:51:23.991,0.044
2024-12-13 18:51:24.017,0.044
2024-12-13 18:51:24.033,0.044
2024-12-13 18:51:24.070,0.044
2024-12-13 18:51:24.096,0.044
2024-12-13 18:51:24.122,0.044
2024-12-13 18:51:24.153,0.044
2024-12-13 18:51:24.222,0.044
2024-12-13 18:51:25.128,0.02700000000000001
2024-12-13 18:51:25.170,0.02700000000000001
2024-12-13 18:51:25.191,0.02700000000000001
2024-12-13 18:51:25.222,0.02700000000000001
2024-12-13 18:51:25.244,0.02700000000000001
2024-12-13 18:51:25.270,0.02700000000000001
2024-12-13 18:51:25.296,0.02700000000000001
2024-12-13 18:51:25.344,0.02700000000000001
2024-12-13 18:51:25.396,0.02700000000000001
2024-12-13 18:51:25.417,0.02700000000000001
2024-12-13 18:51:26.191,0.02700000000000001
2024-12-13 18:51:26.227,0.02700000000000001
2024-12-13 18:51:26.249,0.02700000000000001
2024-12-13 18:51:26.285,0.02700000000000001
2024-12-13 18:51:26.301,0.02700000000000001
2024-12-13 18:51:26.359,0.02700000000000001
2024-12-13 18:51:26.411,0.02700000000000001
2024-12-13 18:51:26.437,0.02700000000000001
2024-12-13 18:51:26.484,0.02700000000000001
2024-12-13 18:51:26.515,0.02700000000000001
2024-12-13 18:51:27.463,0.02700000000000001
2024-12-13 18:51:27.489,0.02700000000000001
2024-12-13 18:51:27.521,0.02700000000000001
2024-12-13 18:51:27.573,0.02700000000000001
2024-12-13 18:51:27.630,0.02700000000000001
2024-12-13 18:51:27.651,0.02700000000000001
2024-12-13 18:51:27.693,0.02700000000000001
2024-12-13 18:51:27.729,0.02700000000000001
2024-12-13 18:51:27.750,0.02700000000000001
2024-12-13 18:51:27.823,0.02700000000000001
2024-12-13 18:51:28.533,0.02700000000000001
2024-12-13 18:51:28.559,0.02700000000000001
2024-12-13 18:51:28.585,0.02700000000000001
2024-12-13 18:51:28.606,0.02700000000000001
2024-12-13 18:51:28.653,0.02700000000000001
2024-12-13 18:51:28.695,0.02700000000000001
2024-12-13 18:51:28.721,0.02700000000000001
2024-12-13 18:51:28.748,0.02700000000000001
2024-12-13 18:51:28.764,0.02700000000000001
2024-12-13 18:51:28.790,0.02700000000000001
2024-12-13 18:51:29.473,0.02700000000000001
2024-12-13 18:51:29.514,0.02700000000000001
2024-12-13 18:51:29.572,0.02700000000000001
2024-12-13 18:51:29.593,0.02700000000000001
2024-12-13 18:51:29.635,0.02700000000000001
2024-12-13 18:51:29.676,0.02700000000000001
2024-12-13 18:51:29.733,0.02700000000000001
2024-12-13 18:51:29.775,0.02700000000000001
2024-12-13 18:51:29.821,0.02700000000000001
2024-12-13 18:51:29.863,0.02700000000000001
2024-12-13 18:51:30.615,0.02700000000000001
2024-12-13 18:51:30.646,0.02700000000000001
2024-12-13 18:51:30.669,0.02700000000000001
2024-12-13 18:51:30.698,0.02700000000000001
2024-12-13 18:51:30.705,0.02700000000000001
2024-12-13 18:51:30.718,0.02700000000000001
2024-12-13 18:51:30.743,0.02700000000000001
2024-12-13 18:51:30.766,0.02700000000000001
2024-12-13 18:51:30.783,0.02700000000000001
2024-12-13 18:51:30.802,0.02700000000000001
2024-12-13 18:51:31.676,0.02800000000000001
2024-12-13 18:51:31.723,0.02800000000000001
2024-12-13 18:51:31.759,0.02800000000000001
2024-12-13 18:51:31.806,0.02800000000000001
2024-12-13 18:51:31.832,0.02800000000000001
2024-12-13 18:51:31.879,0.02800000000000001
2024-12-13 18:51:31.911,0.02800000000000001
2024-12-13 18:51:31.942,0.02800000000000001
2024-12-13 18:51:32.010,0.02700000000000001
2024-12-13 18:51:32.046,0.02700000000000001
2024-12-13 18:51:33.011,0.043
2024-12-13 18:51:33.047,0.047
2024-12-13 18:51:33.068,0.047
2024-12-13 18:51:33.100,0.047
2024-12-13 18:51:33.136,0.047
2024-12-13 18:51:33.162,0.047
2024-12-13 18:51:33.184,0.047
2024-12-13 18:51:33.210,0.047
2024-12-13 18:51:33.288,0.047
2024-12-13 18:51:33.298,0.047
2024-12-13 18:51:34.162,0.02700000000000001
2024-12-13 18:51:34.198,0.02700000000000001
2024-12-13 18:51:34.240,0.02700000000000001
2024-12-13 18:51:34.277,0.02700000000000001
2024-12-13 18:51:34.318,0.02700000000000001
2024-12-13 18:51:34.370,0.02700000000000001
2024-12-13 18:51:34.406,0.02700000000000001
2024-12-13 18:51:34.468,0.02700000000000001
2024-12-13 18:51:34.500,0.02700000000000001
2024-12-13 18:51:34.531,0.02700000000000001
2024-12-13 18:51:35.126,0.02700000000000001
2024-12-13 18:51:35.172,0.02700000000000001
2024-12-13 18:51:35.204,0.02700000000000001
2024-12-13 18:51:35.261,0.02700000000000001
2024-12-13 18:51:35.344,0.02700000000000001
2024-12-13 18:51:35.385,0.02700000000000001
2024-12-13 18:51:35.426,0.02700000000000001
2024-12-13 18:51:35.462,0.02700000000000001
2024-12-13 18:51:35.499,0.02700000000000001
2024-12-13 18:51:35.525,0.02700000000000001
2024-12-13 18:51:36.440,0.02700000000000001
2024-12-13 18:51:36.481,0.02700000000000001
2024-12-13 18:51:36.512,0.02700000000000001
2024-12-13 18:51:36.539,0.02700000000000001
2024-12-13 18:51:36.581,0.02700000000000001
2024-12-13 18:51:36.612,0.02700000000000001
2024-12-13 18:51:36.648,0.02700000000000001
2024-12-13 18:51:36.695,0.02700000000000001
2024-12-13 18:51:36.727,0.02700000000000001
2024-12-13 18:51:36.743,0.02700000000000001
2024-12-13 18:51:37.429,0.02700000000000001
2024-12-13 18:51:37.470,0.02700000000000001
2024-12-13 18:51:37.507,0.02700000000000001
2024-12-13 18:51:37.559,0.02700000000000001
2024-12-13 18:51:37.591,0.02700000000000001
2024-12-13 18:51:37.627,0.02700000000000001
2024-12-13 18:51:37.643,0.02700000000000001
2024-12-13 18:51:37.700,0.02700000000000001
2024-12-13 18:51:37.742,0.02700000000000001
2024-12-13 18:51:37.773,0.02700000000000001
2024-12-13 18:51:38.463,0.02700000000000001
2024-12-13 18:51:38.499,0.02700000000000001
2024-12-13 18:51:38.520,0.02700000000000001
2024-12-13 18:51:38.608,0.02700000000000001
2024-12-13 18:51:38.634,0.03299999999999999
2024-12-13 18:51:38.650,0.03299999999999999
2024-12-13 18:51:38.707,0.03299999999999999
2024-12-13 18:51:38.755,0.03299999999999999
2024-12-13 18:51:38.786,0.03299999999999999
2024-12-13 18:51:38.807,0.03299999999999999
2024-12-13 18:51:39.773,0.02800000000000001
2024-12-13 18:51:39.810,0.02800000000000001
2024-12-13 18:51:39.831,0.02800000000000001
2024-12-13 18:51:39.868,0.02800000000000001
2024-12-13 18:51:39.904,0.02800000000000001
2024-12-13 18:51:39.946,0.02800000000000001
2024-12-13 18:51:39.962,0.02800000000000001
2024-12-13 18:51:39.999,0.02700000000000001
2024-12-13 18:51:40.035,0.02700000000000001
2024-12-13 18:51:40.056,0.02700000000000001
2024-12-13 18:51:40.887,0.02700000000000001
2024-12-13 18:51:40.929,0.02700000000000001
2024-12-13 18:51:40.971,0.02700000000000001
2024-12-13 18:51:40.987,0.02700000000000001
2024-12-13 18:51:41.014,0.02700000000000001
2024-12-13 18:51:41.060,0.02700000000000001
2024-12-13 18:51:41.107,0.02700000000000001
2024-12-13 18:51:41.144,0.02700000000000001
2024-12-13 18:51:41.211,0.02700000000000001
2024-12-13 18:51:41.248,0.02700000000000001
2024-12-13 18:51:42.431,0.02700000000000001
2024-12-13 18:51:42.483,0.02700000000000001
2024-12-13 18:51:42.529,0.02700000000000001
2024-12-13 18:51:42.577,0.02700000000000001
2024-12-13 18:51:42.603,0.02700000000000001
2024-12-13 18:51:42.619,0.02700000000000001
2024-12-13 18:51:42.635,0.02700000000000001
2024-12-13 18:51:42.656,0.02700000000000001
2024-12-13 18:51:42.687,0.02700000000000001
2024-12-13 18:51:42.734,0.02700000000000001
2024-12-13 18:51:43.493,0.02700000000000001
2024-12-13 18:51:43.529,0.02700000000000001
2024-12-13 18:51:43.566,0.02700000000000001
2024-12-13 18:51:43.598,0.02700000000000001
2024-12-13 18:51:43.634,0.02700000000000001
2024-12-13 18:51:43.686,0.02700000000000001
2024-12-13 18:51:43.738,0.02700000000000001
2024-12-13 18:51:43.780,0.02700000000000001
2024-12-13 18:51:43.801,0.02700000000000001
2024-12-13 18:51:43.848,0.02700000000000001
2024-12-13 18:51:44.787,0.02800000000000001
2024-12-13 18:51:44.834,0.02800000000000001
2024-12-13 18:51:44.876,0.045
2024-12-13 18:51:44.938,0.045
2024-12-13 18:51:44.985,0.045
2024-12-13 18:51:45.058,0.045
2024-12-13 18:51:45.084,0.045
2024-12-13 18:51:45.131,0.045
2024-12-13 18:51:45.183,0.045
2024-12-13 18:51:45.210,0.045
2024-12-13 18:51:45.636,0.02700000000000001
2024-12-13 18:51:45.653,0.02700000000000001
2024-12-13 18:51:45.662,0.02700000000000001
2024-12-13 18:51:45.685,0.02700000000000001
2024-12-13 18:51:45.722,0.02700000000000001
2024-12-13 18:51:45.758,0.02700000000000001
2024-12-13 18:51:45.781,0.02700000000000001
2024-12-13 18:51:45.787,0.02700000000000001
2024-12-13 18:51:45.810,0.02700000000000001
2024-12-13 18:51:45.824,0.02700000000000001
2024-12-13 18:51:46.461,0.02700000000000001
2024-12-13 18:51:46.498,0.02700000000000001
2024-12-13 18:51:46.539,0.02700000000000001
2024-12-13 18:51:46.581,0.02700000000000001
2024-12-13 18:51:46.612,0.02800000000000001
2024-12-13 18:51:46.638,0.02800000000000001
2024-12-13 18:51:46.680,0.02800000000000001
2024-12-13 18:51:46.726,0.02800000000000001
2024-12-13 18:51:46.778,0.02800000000000001
2024-12-13 18:51:46.799,0.02800000000000001
2024-12-13 18:51:47.481,0.02700000000000001
2024-12-13 18:51:47.502,0.02700000000000001
2024-12-13 18:51:47.544,0.02700000000000001
2024-12-13 18:51:47.575,0.02700000000000001
2024-12-13 18:51:47.643,0.02700000000000001
2024-12-13 18:51:47.690,0.045
2024-12-13 18:51:47.758,0.045
2024-12-13 18:51:47.825,0.045
2024-12-13 18:51:47.877,0.045
2024-12-13 18:51:47.919,0.045
2024-12-13 18:51:48.634,0.02700000000000001
2024-12-13 18:51:48.660,0.02700000000000001
2024-12-13 18:51:48.702,0.02700000000000001
2024-12-13 18:51:48.759,0.02700000000000001
2024-12-13 18:51:48.781,0.02700000000000001
2024-12-13 18:51:48.812,0.02700000000000001
2024-12-13 18:51:48.833,0.02700000000000001
2024-12-13 18:51:48.860,0.02700000000000001
2024-12-13 18:51:48.886,0.02700000000000001
2024-12-13 18:51:48.923,0.02700000000000001
2024-12-13 18:51:49.872,0.02700000000000001
2024-12-13 18:51:49.893,0.02700000000000001
2024-12-13 18:51:49.925,0.02700000000000001
2024-12-13 18:51:49.971,0.02700000000000001
2024-12-13 18:51:50.008,0.02700000000000001
2024-12-13 18:51:50.040,0.02700000000000001
2024-12-13 18:51:50.066,0.02700000000000001
2024-12-13 18:51:50.123,0.02700000000000001
2024-12-13 18:51:50.165,0.02700000000000001
2024-12-13 18:51:50.207,0.02700000000000001
2024-12-13 18:51:51.178,0.02700000000000001
2024-12-13 18:51:51.215,0.02700000000000001
2024-12-13 18:51:51.236,0.02700000000000001
2024-12-13 18:51:51.277,0.02700000000000001
2024-12-13 18:51:51.324,0.02700000000000001
2024-12-13 18:51:51.350,0.02700000000000001
2024-12-13 18:51:51.397,0.02700000000000001
2024-12-13 18:51:51.449,0.02700000000000001
2024-12-13 18:51:51.485,0.02700000000000001
2024-12-13 18:51:51.506,0.02700000000000001
2024-12-13 18:51:52.240,0.02700000000000001
2024-12-13 18:51:52.282,0.02700000000000001
2024-12-13 18:51:52.303,0.02700000000000001
2024-12-13 18:51:52.319,0.02700000000000001
2024-12-13 18:51:52.365,0.02700000000000001
2024-12-13 18:51:52.397,0.02700000000000001
2024-12-13 18:51:52.434,0.02700000000000001
2024-12-13 18:51:52.496,0.02700000000000001
2024-12-13 18:51:52.552,0.02700000000000001
2024-12-13 18:51:52.594,0.02700000000000001
2024-12-13 18:51:53.475,0.02700000000000001
2024-12-13 18:51:53.543,0.02700000000000001
2024-12-13 18:51:53.584,0.045
2024-12-13 18:51:53.631,0.045
2024-12-13 18:51:53.672,0.045
2024-12-13 18:51:53.709,0.045
2024-12-13 18:51:53.761,0.045
2024-12-13 18:51:53.839,0.045
2024-12-13 18:51:53.875,0.045
2024-12-13 18:51:53.927,0.03499999999999999
2024-12-13 18:51:54.794,0.02700000000000001
2024-12-13 18:51:54.825,0.02700000000000001
2024-12-13 18:51:54.857,0.02700000000000001
2024-12-13 18:51:54.872,0.02700000000000001
2024-12-13 18:51:54.899,0.02700000000000001
2024-12-13 18:51:54.941,0.02700000000000001
2024-12-13 18:51:54.988,0.02700000000000001
2024-12-13 18:51:55.035,0.02700000000000001
2024-12-13 18:51:55.066,0.02700000000000001
2024-12-13 18:51:55.088,0.02700000000000001
2024-12-13 18:51:55.930,0.02700000000000001
2024-12-13 18:51:55.962,0.02700000000000001
2024-12-13 18:51:56.019,0.02700000000000001
2024-12-13 18:51:56.067,0.02700000000000001
2024-12-13 18:51:56.124,0.02700000000000001
2024-12-13 18:51:56.150,0.02700000000000001
2024-12-13 18:51:56.203,0.02700000000000001
2024-12-13 18:51:56.234,0.02700000000000001
2024-12-13 18:51:56.251,0.02700000000000001
2024-12-13 18:51:56.288,0.02700000000000001
2024-12-13 18:51:57.245,0.02700000000000001
2024-12-13 18:51:57.282,0.02700000000000001
2024-12-13 18:51:57.324,0.02700000000000001
2024-12-13 18:51:57.355,0.02700000000000001
2024-12-13 18:51:57.412,0.02700000000000001
2024-12-13 18:51:57.475,0.02700000000000001
2024-12-13 18:51:57.506,0.02700000000000001
2024-12-13 18:51:57.553,0.02700000000000001
2024-12-13 18:51:57.600,0.02700000000000001
2024-12-13 18:51:57.636,0.02700000000000001
2024-12-13 18:51:58.378,0.02700000000000001
2024-12-13 18:51:58.394,0.02700000000000001
2024-12-13 18:51:58.456,0.02800000000000001
2024-12-13 18:51:58.498,0.02800000000000001
2024-12-13 18:51:58.560,0.02800000000000001
2024-12-13 18:51:58.622,0.02800000000000001
2024-12-13 18:51:58.653,0.02800000000000001
2024-12-13 18:51:58.706,0.02800000000000001
2024-12-13 18:51:58.732,0.02800000000000001
2024-12-13 18:51:58.763,0.02800000000000001
2024-12-13 18:51:59.685,0.03799999999999999
2024-12-13 18:51:59.716,0.03799999999999999
2024-12-13 18:51:59.763,0.03799999999999999
2024-12-13 18:51:59.800,0.03799999999999999
2024-12-13 18:51:59.836,0.045
2024-12-13 18:51:59.883,0.045
2024-12-13 18:51:59.905,0.045
2024-12-13 18:51:59.967,0.045
2024-12-13 18:52:00.030,0.045
2024-12-13 18:52:00.062,0.045
2024-12-13 18:52:00.697,0.02700000000000001
2024-12-13 18:52:00.714,0.02700000000000001
2024-12-13 18:52:00.725,0.02700000000000001
2024-12-13 18:52:00.736,0.02700000000000001
2024-12-13 18:52:00.741,0.02700000000000001
2024-12-13 18:52:00.762,0.02700000000000001
2024-12-13 18:52:00.781,0.02700000000000001
2024-12-13 18:52:00.805,0.02700000000000001
2024-12-13 18:52:00.825,0.02700000000000001
2024-12-13 18:52:00.834,0.02700000000000001
2024-12-13 18:52:01.532,0.02700000000000001
2024-12-13 18:52:01.589,0.02700000000000001
2024-12-13 18:52:01.626,0.02700000000000001
2024-12-13 18:52:01.663,0.02700000000000001
2024-12-13 18:52:01.706,0.02700000000000001
2024-12-13 18:52:01.742,0.02700000000000001
2024-12-13 18:52:01.763,0.02700000000000001
2024-12-13 18:52:01.810,0.02700000000000001
2024-12-13 18:52:01.857,0.02700000000000001
2024-12-13 18:52:01.889,0.02700000000000001
2024-12-13 18:52:02.725,0.045
2024-12-13 18:52:02.767,0.045
2024-12-13 18:52:02.788,0.045
2024-12-13 18:52:02.819,0.045
2024-12-13 18:52:02.846,0.045
2024-12-13 18:52:02.872,0.045
2024-12-13 18:52:02.899,0.045
2024-12-13 18:52:02.940,0.045
2024-12-13 18:52:03.019,0.02700000000000001
2024-12-13 18:52:03.039,0.02700000000000001
2024-12-13 18:52:03.881,0.02700000000000001
2024-12-13 18:52:03.902,0.02700000000000001
2024-12-13 18:52:03.923,0.02700000000000001
2024-12-13 18:52:03.986,0.02700000000000001
2024-12-13 18:52:04.028,0.02700000000000001
2024-12-13 18:52:04.064,0.02700000000000001
2024-12-13 18:52:04.085,0.02700000000000001
2024-12-13 18:52:04.101,0.02700000000000001
2024-12-13 18:52:04.128,0.02700000000000001
2024-12-13 18:52:04.159,0.02700000000000001
2024-12-13 18:52:05.085,0.02700000000000001
2024-12-13 18:52:05.101,0.02700000000000001
2024-12-13 18:52:05.133,0.02700000000000001
2024-12-13 18:52:05.154,0.02700000000000001
2024-12-13 18:52:05.175,0.02700000000000001
2024-12-13 18:52:05.212,0.02700000000000001
2024-12-13 18:52:05.238,0.02700000000000001
2024-12-13 18:52:05.285,0.02700000000000001
2024-12-13 18:52:05.311,0.02700000000000001
2024-12-13 18:52:05.399,0.03399999999999999
2024-12-13 18:52:06.112,0.02700000000000001
2024-12-13 18:52:06.170,0.02700000000000001
2024-12-13 18:52:06.206,0.02700000000000001
2024-12-13 18:52:06.243,0.02700000000000001
2024-12-13 18:52:06.259,0.02700000000000001
2024-12-13 18:52:06.302,0.02700000000000001
2024-12-13 18:52:06.334,0.02700000000000001
2024-12-13 18:52:06.365,0.02700000000000001
2024-12-13 18:52:06.402,0.02700000000000001
2024-12-13 18:52:06.443,0.02800000000000001
2024-12-13 18:52:07.182,0.02700000000000001
2024-12-13 18:52:07.203,0.02700000000000001
2024-12-13 18:52:07.245,0.02700000000000001
2024-12-13 18:52:07.287,0.02700000000000001
2024-12-13 18:52:07.292,0.02700000000000001
2024-12-13 18:52:07.339,0.02700000000000001
2024-12-13 18:52:07.365,0.02700000000000001
2024-12-13 18:52:07.412,0.02700000000000001
2024-12-13 18:52:07.479,0.02700000000000001
2024-12-13 18:52:07.516,0.02700000000000001
2024-12-13 18:52:08.397,0.02700000000000001
2024-12-13 18:52:08.413,0.02700000000000001
2024-12-13 18:52:08.455,0.02700000000000001
2024-12-13 18:52:08.482,0.02700000000000001
2024-12-13 18:52:08.524,0.044
2024-12-13 18:52:08.540,0.044
2024-12-13 18:52:08.561,0.044
2024-12-13 18:52:08.603,0.044
2024-12-13 18:52:08.650,0.044
2024-12-13 18:52:08.681,0.044
2024-12-13 18:52:09.421,0.02700000000000001
2024-12-13 18:52:09.468,0.02700000000000001
2024-12-13 18:52:09.499,0.02700000000000001
2024-12-13 18:52:09.531,0.02700000000000001
2024-12-13 18:52:09.562,0.02700000000000001
2024-12-13 18:52:09.609,0.02700000000000001
2024-12-13 18:52:09.651,0.02700000000000001
2024-12-13 18:52:09.677,0.02700000000000001
2024-12-13 18:52:09.694,0.02700000000000001
2024-12-13 18:52:09.726,0.02700000000000001
2024-12-13 18:52:10.514,0.02700000000000001
2024-12-13 18:52:10.550,0.02700000000000001
2024-12-13 18:52:10.577,0.02700000000000001
2024-12-13 18:52:10.613,0.02700000000000001
2024-12-13 18:52:10.645,0.02700000000000001
2024-12-13 18:52:10.682,0.02700000000000001
2024-12-13 18:52:10.723,0.02700000000000001
2024-12-13 18:52:10.760,0.02700000000000001
2024-12-13 18:52:10.797,0.02700000000000001
2024-12-13 18:52:10.833,0.02700000000000001
2024-12-13 18:52:11.633,0.046
2024-12-13 18:52:11.674,0.046
2024-12-13 18:52:11.711,0.046
2024-12-13 18:52:11.737,0.046
2024-12-13 18:52:11.758,0.046
2024-12-13 18:52:11.805,0.046
2024-12-13 18:52:11.831,0.046
2024-12-13 18:52:11.899,0.046
2024-12-13 18:52:11.941,0.046
2024-12-13 18:52:11.967,0.046
2024-12-13 18:52:12.842,0.02700000000000001
2024-12-13 18:52:12.899,0.02700000000000001
2024-12-13 18:52:12.916,0.02700000000000001
2024-12-13 18:52:12.947,0.02700000000000001
2024-12-13 18:52:12.968,0.02700000000000001
2024-12-13 18:52:13.000,0.02700000000000001
2024-12-13 18:52:13.041,0.02700000000000001
2024-12-13 18:52:13.129,0.02700000000000001
2024-12-13 18:52:13.150,0.02700000000000001
2024-12-13 18:52:13.172,0.02700000000000001
2024-12-13 18:52:13.836,0.02700000000000001
2024-12-13 18:52:13.862,0.02700000000000001
2024-12-13 18:52:13.893,0.02700000000000001
2024-12-13 18:52:13.919,0.02700000000000001
2024-12-13 18:52:13.940,0.02700000000000001
2024-12-13 18:52:13.972,0.02700000000000001
2024-12-13 18:52:14.003,0.02700000000000001
2024-12-13 18:52:14.034,0.02700000000000001
2024-12-13 18:52:14.092,0.02700000000000001
2024-12-13 18:52:14.123,0.02700000000000001
2024-12-13 18:52:15.046,0.03399999999999999
2024-12-13 18:52:15.067,0.03399999999999999
2024-12-13 18:52:15.103,0.03399999999999999
2024-12-13 18:52:15.134,0.02700000000000001
2024-12-13 18:52:15.171,0.02700000000000001
2024-12-13 18:52:15.207,0.02700000000000001
2024-12-13 18:52:15.239,0.02700000000000001
2024-12-13 18:52:15.286,0.02700000000000001
2024-12-13 18:52:15.312,0.02700000000000001
2024-12-13 18:52:15.333,0.02700000000000001
2024-12-13 18:52:15.690,0.02700000000000001
2024-12-13 18:52:15.700,0.02700000000000001
2024-12-13 18:52:15.713,0.02700000000000001
2024-12-13 18:52:15.721,0.02700000000000001
2024-12-13 18:52:15.728,0.02700000000000001
2024-12-13 18:52:15.746,0.02700000000000001
2024-12-13 18:52:15.757,0.02700000000000001
2024-12-13 18:52:15.792,0.02700000000000001
2024-12-13 18:52:15.797,0.02700000000000001
2024-12-13 18:52:15.831,0.02700000000000001
2024-12-13 18:52:16.327,0.02700000000000001
2024-12-13 18:52:16.345,0.02700000000000001
2024-12-13 18:52:16.372,0.02700000000000001
2024-12-13 18:52:16.383,0.02700000000000001
2024-12-13 18:52:16.419,0.02700000000000001
2024-12-13 18:52:16.451,0.02700000000000001
2024-12-13 18:52:16.488,0.02700000000000001
2024-12-13 18:52:16.529,0.02700000000000001
2024-12-13 18:52:16.566,0.02700000000000001
2024-12-13 18:52:16.602,0.02700000000000001
2024-12-13 18:52:17.397,0.02700000000000001
2024-12-13 18:52:17.439,0.02700000000000001
2024-12-13 18:52:17.501,0.02700000000000001
2024-12-13 18:52:17.528,0.02700000000000001
2024-12-13 18:52:17.569,0.044
2024-12-13 18:52:17.616,0.044
2024-12-13 18:52:17.642,0.044
2024-12-13 18:52:17.674,0.044
2024-12-13 18:52:17.707,0.044
2024-12-13 18:52:17.743,0.044
2024-12-13 18:52:18.793,0.02700000000000001
2024-12-13 18:52:18.820,0.02700000000000001
2024-12-13 18:52:18.893,0.02700000000000001
2024-12-13 18:52:18.965,0.02700000000000001
2024-12-13 18:52:19.002,0.02700000000000001
2024-12-13 18:52:19.043,0.02700000000000001
2024-12-13 18:52:19.095,0.02700000000000001
2024-12-13 18:52:19.127,0.02700000000000001
2024-12-13 18:52:19.163,0.02700000000000001
2024-12-13 18:52:19.200,0.02700000000000001
2024-12-13 18:52:19.947,0.02700000000000001
2024-12-13 18:52:20.009,0.02700000000000001
2024-12-13 18:52:20.025,0.02700000000000001
2024-12-13 18:52:20.052,0.02700000000000001
2024-12-13 18:52:20.073,0.02700000000000001
2024-12-13 18:52:20.119,0.02700000000000001
2024-12-13 18:52:20.161,0.02700000000000001
2024-12-13 18:52:20.188,0.02700000000000001
2024-12-13 18:52:20.214,0.02700000000000001
2024-12-13 18:52:20.255,0.02700000000000001
2024-12-13 18:52:21.154,0.02700000000000001
2024-12-13 18:52:21.170,0.02700000000000001
2024-12-13 18:52:21.202,0.02700000000000001
2024-12-13 18:52:21.238,0.02700000000000001
2024-12-13 18:52:21.264,0.02700000000000001
2024-12-13 18:52:21.311,0.02700000000000001
2024-12-13 18:52:21.353,0.02700000000000001
2024-12-13 18:52:21.385,0.02700000000000001
2024-12-13 18:52:21.452,0.02700000000000001
2024-12-13 18:52:21.495,0.02700000000000001
2024-12-13 18:52:22.274,0.02700000000000001
2024-12-13 18:52:22.326,0.02700000000000001
2024-12-13 18:52:22.378,0.02700000000000001
2024-12-13 18:52:22.414,0.02700000000000001
2024-12-13 18:52:22.451,0.02700000000000001
2024-12-13 18:52:22.487,0.02700000000000001
2024-12-13 18:52:22.508,0.02700000000000001
2024-12-13 18:52:22.587,0.02700000000000001
2024-12-13 18:52:22.623,0.02700000000000001
2024-12-13 18:52:22.639,0.02700000000000001
2024-12-13 18:52:23.332,0.02700000000000001
2024-12-13 18:52:23.373,0.02700000000000001
2024-12-13 18:52:23.446,0.045
2024-12-13 18:52:23.514,0.045
2024-12-13 18:52:23.566,0.045
2024-12-13 18:52:23.628,0.045
2024-12-13 18:52:23.665,0.045
2024-12-13 18:52:23.706,0.045
2024-12-13 18:52:23.743,0.045
2024-12-13 18:52:23.764,0.045
2024-12-13 18:52:24.725,0.02700000000000001
2024-12-13 18:52:24.767,0.02700000000000001
2024-12-13 18:52:24.839,0.02700000000000001
2024-12-13 18:52:24.918,0.02700000000000001
2024-12-13 18:52:24.944,0.02700000000000001
2024-12-13 18:52:24.975,0.02700000000000001
2024-12-13 18:52:25.002,0.02700000000000001
2024-12-13 18:52:25.048,0.02700000000000001
2024-12-13 18:52:25.101,0.02700000000000001
2024-12-13 18:52:25.152,0.02700000000000001
2024-12-13 18:52:25.992,0.02700000000000001
2024-12-13 18:52:26.019,0.02700000000000001
2024-12-13 18:52:26.060,0.02700000000000001
2024-12-13 18:52:26.087,0.02700000000000001
2024-12-13 18:52:26.113,0.02700000000000001
2024-12-13 18:52:26.160,0.02700000000000001
2024-12-13 18:52:26.177,0.02700000000000001
2024-12-13 18:52:26.229,0.02800000000000001
2024-12-13 18:52:26.328,0.02800000000000001
2024-12-13 18:52:26.376,0.02800000000000001
2024-12-13 18:52:27.262,0.02700000000000001
2024-12-13 18:52:27.309,0.02700000000000001
2024-12-13 18:52:27.335,0.02700000000000001
2024-12-13 18:52:27.367,0.02700000000000001
2024-12-13 18:52:27.419,0.02700000000000001
2024-12-13 18:52:27.451,0.02700000000000001
2024-12-13 18:52:27.503,0.02700000000000001
2024-12-13 18:52:27.534,0.02700000000000001
2024-12-13 18:52:27.552,0.02700000000000001
2024-12-13 18:52:27.578,0.02700000000000001
2024-12-13 18:52:28.423,0.02700000000000001
2024-12-13 18:52:28.469,0.02700000000000001
2024-12-13 18:52:28.501,0.02700000000000001
2024-12-13 18:52:28.527,0.02700000000000001
2024-12-13 18:52:28.574,0.02700000000000001
2024-12-13 18:52:28.621,0.02700000000000001
2024-12-13 18:52:28.689,0.02700000000000001
2024-12-13 18:52:28.706,0.02700000000000001
2024-12-13 18:52:28.737,0.02700000000000001
2024-12-13 18:52:28.784,0.02700000000000001
2024-12-13 18:52:29.566,0.045
2024-12-13 18:52:29.587,0.045
2024-12-13 18:52:29.619,0.045
2024-12-13 18:52:29.635,0.045
2024-12-13 18:52:29.677,0.045
2024-12-13 18:52:29.698,0.03199999999999999
2024-12-13 18:52:29.746,0.03199999999999999
2024-12-13 18:52:29.772,0.03199999999999999
2024-12-13 18:52:29.804,0.03199999999999999
2024-12-13 18:52:29.835,0.03199999999999999
2024-12-13 18:52:30.604,0.02700000000000001
2024-12-13 18:52:30.617,0.02700000000000001
2024-12-13 18:52:30.627,0.02700000000000001
2024-12-13 18:52:30.644,0.02700000000000001
2024-12-13 18:52:30.676,0.02700000000000001
2024-12-13 18:52:30.698,0.02700000000000001
2024-12-13 18:52:30.715,0.02700000000000001
2024-12-13 18:52:30.739,0.02700000000000001
2024-12-13 18:52:30.754,0.02700000000000001
2024-12-13 18:52:30.767,0.02700000000000001
2024-12-13 18:52:31.442,0.02700000000000001
2024-12-13 18:52:31.468,0.02700000000000001
2024-12-13 18:52:31.494,0.02700000000000001
2024-12-13 18:52:31.515,0.02700000000000001
2024-12-13 18:52:31.547,0.02700000000000001
2024-12-13 18:52:31.593,0.02700000000000001
2024-12-13 18:52:31.615,0.02700000000000001
2024-12-13 18:52:31.657,0.02700000000000001
2024-12-13 18:52:31.703,0.02700000000000001
2024-12-13 18:52:31.735,0.02700000000000001
2024-12-13 18:52:32.742,0.045
2024-12-13 18:52:32.778,0.045
2024-12-13 18:52:32.815,0.045
2024-12-13 18:52:32.842,0.02700000000000001
2024-12-13 18:52:32.873,0.02700000000000001
2024-12-13 18:52:32.884,0.02700000000000001
2024-12-13 18:52:32.920,0.02700000000000001
2024-12-13 18:52:32.947,0.02700000000000001
2024-12-13 18:52:32.983,0.02700000000000001
2024-12-13 18:52:33.009,0.02700000000000001
2024-12-13 18:52:33.818,0.02700000000000001
2024-12-13 18:52:33.870,0.02700000000000001
2024-12-13 18:52:33.896,0.02700000000000001
2024-12-13 18:52:33.923,0.02700000000000001
2024-12-13 18:52:33.970,0.02700000000000001
2024-12-13 18:52:33.991,0.02700000000000001
2024-12-13 18:52:34.023,0.02700000000000001
2024-12-13 18:52:34.065,0.02700000000000001
2024-12-13 18:52:34.101,0.02700000000000001
2024-12-13 18:52:34.154,0.02700000000000001
2024-12-13 18:52:34.968,0.02700000000000001
2024-12-13 18:52:34.999,0.02700000000000001
2024-12-13 18:52:35.036,0.02700000000000001
2024-12-13 18:52:35.088,0.02700000000000001
2024-12-13 18:52:35.114,0.02700000000000001
2024-12-13 18:52:35.166,0.02700000000000001
2024-12-13 18:52:35.234,0.02700000000000001
2024-12-13 18:52:35.286,0.045
2024-12-13 18:52:35.322,0.045
2024-12-13 18:52:35.370,0.045
2024-12-13 18:52:36.428,0.02700000000000001
2024-12-13 18:52:36.444,0.02700000000000001
2024-12-13 18:52:36.470,0.02700000000000001
2024-12-13 18:52:36.492,0.02700000000000001
2024-12-13 18:52:36.518,0.02700000000000001
2024-12-13 18:52:36.544,0.02700000000000001
2024-12-13 18:52:36.581,0.02700000000000001
2024-12-13 18:52:36.622,0.02700000000000001
2024-12-13 18:52:36.659,0.02700000000000001
2024-12-13 18:52:36.680,0.02700000000000001
2024-12-13 18:52:37.484,0.02700000000000001
2024-12-13 18:52:37.495,0.02700000000000001
2024-12-13 18:52:37.517,0.02700000000000001
2024-12-13 18:52:37.553,0.02700000000000001
2024-12-13 18:52:37.569,0.02700000000000001
2024-12-13 18:52:37.626,0.02700000000000001
2024-12-13 18:52:37.647,0.02700000000000001
2024-12-13 18:52:37.700,0.02700000000000001
2024-12-13 18:52:37.726,0.02700000000000001
2024-12-13 18:52:37.742,0.02700000000000001
2024-12-13 18:52:38.553,0.044
2024-12-13 18:52:38.575,0.044
2024-12-13 18:52:38.591,0.044
2024-12-13 18:52:38.607,0.044
2024-12-13 18:52:38.649,0.044
2024-12-13 18:52:38.680,0.044
2024-12-13 18:52:38.702,0.044
2024-12-13 18:52:38.733,0.02700000000000001
2024-12-13 18:52:38.770,0.02700000000000001
2024-12-13 18:52:38.816,0.02700000000000001
2024-12-13 18:52:39.589,0.02700000000000001
2024-12-13 18:52:39.626,0.02700000000000001
2024-12-13 18:52:39.663,0.02700000000000001
2024-12-13 18:52:39.704,0.02700000000000001
2024-12-13 18:52:39.756,0.02700000000000001
2024-12-13 18:52:39.783,0.02700000000000001
2024-12-13 18:52:39.830,0.02700000000000001
2024-12-13 18:52:39.887,0.02700000000000001
2024-12-13 18:52:39.913,0.02700000000000001
2024-12-13 18:52:39.945,0.02700000000000001
2024-12-13 18:52:40.762,0.02700000000000001
2024-12-13 18:52:40.773,0.02700000000000001
2024-12-13 18:52:40.785,0.02700000000000001
2024-12-13 18:52:40.816,0.02700000000000001
2024-12-13 18:52:40.842,0.02700000000000001
2024-12-13 18:52:40.884,0.02700000000000001
2024-12-13 18:52:40.915,0.02700000000000001
2024-12-13 18:52:40.947,0.02700000000000001
2024-12-13 18:52:40.989,0.02700000000000001
2024-12-13 18:52:41.020,0.02700000000000001
2024-12-13 18:52:41.947,0.02700000000000001
2024-12-13 18:52:41.989,0.02700000000000001
2024-12-13 18:52:42.022,0.02700000000000001
2024-12-13 18:52:42.042,0.02700000000000001
2024-12-13 18:52:42.079,0.02700000000000001
2024-12-13 18:52:42.116,0.02700000000000001
2024-12-13 18:52:42.162,0.02700000000000001
2024-12-13 18:52:42.194,0.02700000000000001
2024-12-13 18:52:42.251,0.02700000000000001
2024-12-13 18:52:42.272,0.02700000000000001
2024-12-13 18:52:43.083,0.02700000000000001
2024-12-13 18:52:43.120,0.02700000000000001
2024-12-13 18:52:43.166,0.02700000000000001
2024-12-13 18:52:43.213,0.02700000000000001
2024-12-13 18:52:43.260,0.02700000000000001
2024-12-13 18:52:43.296,0.02700000000000001
2024-12-13 18:52:43.307,0.02700000000000001
2024-12-13 18:52:43.354,0.02700000000000001
2024-12-13 18:52:43.380,0.02700000000000001
2024-12-13 18:52:43.417,0.02700000000000001
2024-12-13 18:52:44.190,0.02700000000000001
2024-12-13 18:52:44.263,0.02700000000000001
2024-12-13 18:52:44.295,0.02700000000000001
2024-12-13 18:52:44.342,0.044
2024-12-13 18:52:44.389,0.044
2024-12-13 18:52:44.452,0.044
2024-12-13 18:52:44.488,0.044
2024-12-13 18:52:44.515,0.044
2024-12-13 18:52:44.541,0.044
2024-12-13 18:52:44.567,0.044
2024-12-13 18:52:45.378,0.02700000000000001
2024-12-13 18:52:45.404,0.02700000000000001
2024-12-13 18:52:45.431,0.02700000000000001
2024-12-13 18:52:45.473,0.02700000000000001
2024-12-13 18:52:45.515,0.02700000000000001
2024-12-13 18:52:45.527,0.02700000000000001
2024-12-13 18:52:45.547,0.02700000000000001
2024-12-13 18:52:45.582,0.02700000000000001
2024-12-13 18:52:45.611,0.02700000000000001
2024-12-13 18:52:45.622,0.02700000000000001
2024-12-13 18:52:45.928,0.02700000000000001
2024-12-13 18:52:45.954,0.02700000000000001
2024-12-13 18:52:45.986,0.02700000000000001
2024-12-13 18:52:46.013,0.02700000000000001
2024-12-13 18:52:46.049,0.02700000000000001
2024-12-13 18:52:46.096,0.02800000000000001
2024-12-13 18:52:46.138,0.02800000000000001
2024-12-13 18:52:46.190,0.02800000000000001
2024-12-13 18:52:46.216,0.02800000000000001
2024-12-13 18:52:46.299,0.02800000000000001
2024-12-13 18:52:47.086,0.02700000000000001
2024-12-13 18:52:47.107,0.02700000000000001
2024-12-13 18:52:47.170,0.041999999999999996
2024-12-13 18:52:47.232,0.041999999999999996
2024-12-13 18:52:47.310,0.041999999999999996
2024-12-13 18:52:47.361,0.041999999999999996
2024-12-13 18:52:47.392,0.041999999999999996
2024-12-13 18:52:47.434,0.041999999999999996
2024-12-13 18:52:47.486,0.039999999999999994
2024-12-13 18:52:47.512,0.039999999999999994
2024-12-13 18:52:48.253,0.02700000000000001
2024-12-13 18:52:48.290,0.02700000000000001
2024-12-13 18:52:48.326,0.02700000000000001
2024-12-13 18:52:48.358,0.02700000000000001
2024-12-13 18:52:48.395,0.02700000000000001
2024-12-13 18:52:48.426,0.02700000000000001
2024-12-13 18:52:48.453,0.02700000000000001
2024-12-13 18:52:48.510,0.02700000000000001
2024-12-13 18:52:48.541,0.02700000000000001
2024-12-13 18:52:48.573,0.02700000000000001
2024-12-13 18:52:49.461,0.02700000000000001
2024-12-13 18:52:49.477,0.02700000000000001
2024-12-13 18:52:49.504,0.02700000000000001
2024-12-13 18:52:49.530,0.02700000000000001
2024-12-13 18:52:49.552,0.02700000000000001
2024-12-13 18:52:49.599,0.02700000000000001
2024-12-13 18:52:49.651,0.02700000000000001
2024-12-13 18:52:49.688,0.02700000000000001
2024-12-13 18:52:49.735,0.02700000000000001
2024-12-13 18:52:49.782,0.02700000000000001
2024-12-13 18:52:50.666,0.02700000000000001
2024-12-13 18:52:50.682,0.02700000000000001
2024-12-13 18:52:50.699,0.02700000000000001
2024-12-13 18:52:50.740,0.02700000000000001
2024-12-13 18:52:50.792,0.02700000000000001
2024-12-13 18:52:50.834,0.02700000000000001
2024-12-13 18:52:50.943,0.02700000000000001
2024-12-13 18:52:51.020,0.02700000000000001
2024-12-13 18:52:51.057,0.02700000000000001
2024-12-13 18:52:51.093,0.02700000000000001
2024-12-13 18:52:51.828,0.02700000000000001
2024-12-13 18:52:51.875,0.02700000000000001
2024-12-13 18:52:51.907,0.02700000000000001
2024-12-13 18:52:51.949,0.02700000000000001
2024-12-13 18:52:51.970,0.02700000000000001
2024-12-13 18:52:52.022,0.02700000000000001
2024-12-13 18:52:52.053,0.02700000000000001
2024-12-13 18:52:52.085,0.02700000000000001
2024-12-13 18:52:52.142,0.02700000000000001
2024-12-13 18:52:52.168,0.02700000000000001
2024-12-13 18:52:52.885,0.02700000000000001
2024-12-13 18:52:52.931,0.02700000000000001
2024-12-13 18:52:52.962,0.02700000000000001
2024-12-13 18:52:52.994,0.02700000000000001
2024-12-13 18:52:53.041,0.02700000000000001
2024-12-13 18:52:53.077,0.03699999999999999
2024-12-13 18:52:53.114,0.03699999999999999
2024-12-13 18:52:53.140,0.03699999999999999
2024-12-13 18:52:53.202,0.03699999999999999
2024-12-13 18:52:53.233,0.03699999999999999
2024-12-13 18:52:54.132,0.02700000000000001
2024-12-13 18:52:54.164,0.02700000000000001
2024-12-13 18:52:54.190,0.02700000000000001
2024-12-13 18:52:54.217,0.02700000000000001
2024-12-13 18:52:54.243,0.02700000000000001
2024-12-13 18:52:54.291,0.02700000000000001
2024-12-13 18:52:54.312,0.02700000000000001
2024-12-13 18:52:54.343,0.02700000000000001
2024-12-13 18:52:54.406,0.02700000000000001
2024-12-13 18:52:54.427,0.02700000000000001
2024-12-13 18:52:55.290,0.02700000000000001
2024-12-13 18:52:55.306,0.02700000000000001
2024-12-13 18:52:55.323,0.02700000000000001
2024-12-13 18:52:55.380,0.02700000000000001
2024-12-13 18:52:55.412,0.02700000000000001
2024-12-13 18:52:55.458,0.02700000000000001
2024-12-13 18:52:55.485,0.02700000000000001
2024-12-13 18:52:55.517,0.02700000000000001
2024-12-13 18:52:55.548,0.02700000000000001
2024-12-13 18:52:55.574,0.02700000000000001
2024-12-13 18:52:56.450,0.045
2024-12-13 18:52:56.481,0.045
2024-12-13 18:52:56.518,0.045
2024-12-13 18:52:56.559,0.02700000000000001
2024-12-13 18:52:56.591,0.02700000000000001
2024-12-13 18:52:56.617,0.02700000000000001
2024-12-13 18:52:56.638,0.02700000000000001
2024-12-13 18:52:56.669,0.02700000000000001
2024-12-13 18:52:56.696,0.02700000000000001
2024-12-13 18:52:56.712,0.02700000000000001
2024-12-13 18:52:57.655,0.02700000000000001
2024-12-13 18:52:57.691,0.02700000000000001
2024-12-13 18:52:57.708,0.02700000000000001
2024-12-13 18:52:57.745,0.02700000000000001
2024-12-13 18:52:57.792,0.02700000000000001
2024-12-13 18:52:57.844,0.02700000000000001
2024-12-13 18:52:57.860,0.02700000000000001
2024-12-13 18:52:57.897,0.02700000000000001
2024-12-13 18:52:57.908,0.02700000000000001
2024-12-13 18:52:57.955,0.02700000000000001
2024-12-13 18:52:58.980,0.03499999999999999
2024-12-13 18:52:59.043,0.03499999999999999
2024-12-13 18:52:59.079,0.03499999999999999
2024-12-13 18:52:59.131,0.03499999999999999
2024-12-13 18:52:59.157,0.03499999999999999
2024-12-13 18:52:59.199,0.03499999999999999
2024-12-13 18:52:59.271,0.03499999999999999
2024-12-13 18:52:59.334,0.044
2024-12-13 18:52:59.375,0.044
2024-12-13 18:52:59.412,0.044
2024-12-13 18:53:00.139,0.02800000000000001
2024-12-13 18:53:00.170,0.02800000000000001
2024-12-13 18:53:00.207,0.02800000000000001
2024-12-13 18:53:00.223,0.02800000000000001
2024-12-13 18:53:00.244,0.02800000000000001
2024-12-13 18:53:00.275,0.02800000000000001
2024-12-13 18:53:00.322,0.02800000000000001
2024-12-13 18:53:00.369,0.02700000000000001
2024-12-13 18:53:00.380,0.02700000000000001
2024-12-13 18:53:00.396,0.02700000000000001
2024-12-13 18:53:00.778,0.02700000000000001
2024-12-13 18:53:00.798,0.02700000000000001
2024-12-13 18:53:00.826,0.02700000000000001
2024-12-13 18:53:00.843,0.02700000000000001
2024-12-13 18:53:00.873,0.02700000000000001
2024-12-13 18:53:00.926,0.02700000000000001
2024-12-13 18:53:00.947,0.02700000000000001
2024-12-13 18:53:00.983,0.02700000000000001
2024-12-13 18:53:01.009,0.02700000000000001
2024-12-13 18:53:01.031,0.02700000000000001
2024-12-13 18:53:01.847,0.02700000000000001
2024-12-13 18:53:01.878,0.02700000000000001
2024-12-13 18:53:01.899,0.02700000000000001
2024-12-13 18:53:01.925,0.02700000000000001
2024-12-13 18:53:01.967,0.02700000000000001
2024-12-13 18:53:01.998,0.02700000000000001
2024-12-13 18:53:02.019,0.02700000000000001
2024-12-13 18:53:02.106,0.02700000000000001
2024-12-13 18:53:02.179,0.045
2024-12-13 18:53:02.226,0.045
2024-12-13 18:53:03.163,0.02700000000000001
2024-12-13 18:53:03.215,0.02700000000000001
2024-12-13 18:53:03.252,0.02700000000000001
2024-12-13 18:53:03.279,0.02700000000000001
2024-12-13 18:53:03.335,0.02700000000000001
2024-12-13 18:53:03.377,0.02700000000000001
2024-12-13 18:53:03.434,0.02700000000000001
2024-12-13 18:53:03.466,0.02700000000000001
2024-12-13 18:53:03.502,0.02700000000000001
2024-12-13 18:53:03.554,0.02700000000000001
2024-12-13 18:53:04.459,0.02700000000000001
2024-12-13 18:53:04.501,0.02700000000000001
2024-12-13 18:53:04.547,0.02700000000000001
2024-12-13 18:53:04.590,0.02700000000000001
2024-12-13 18:53:04.647,0.02700000000000001
2024-12-13 18:53:04.699,0.02700000000000001
2024-12-13 18:53:04.726,0.02700000000000001
2024-12-13 18:53:04.742,0.02700000000000001
2024-12-13 18:53:04.794,0.02700000000000001
2024-12-13 18:53:04.836,0.02700000000000001
2024-12-13 18:53:05.788,0.02700000000000001
2024-12-13 18:53:05.830,0.02700000000000001
2024-12-13 18:53:05.856,0.02700000000000001
2024-12-13 18:53:05.928,0.02700000000000001
2024-12-13 18:53:05.960,0.02800000000000001
2024-12-13 18:53:06.001,0.02800000000000001
2024-12-13 18:53:06.042,0.02800000000000001
2024-12-13 18:53:06.079,0.02800000000000001
2024-12-13 18:53:06.141,0.02800000000000001
2024-12-13 18:53:06.173,0.02800000000000001
2024-12-13 18:53:07.053,0.02800000000000001
2024-12-13 18:53:07.080,0.02800000000000001
2024-12-13 18:53:07.107,0.02800000000000001
2024-12-13 18:53:07.164,0.02800000000000001
2024-12-13 18:53:07.210,0.02800000000000001
2024-12-13 18:53:07.262,0.02800000000000001
2024-12-13 18:53:07.314,0.02700000000000001
2024-12-13 18:53:07.361,0.02700000000000001
2024-12-13 18:53:07.397,0.02700000000000001
2024-12-13 18:53:07.444,0.02700000000000001
2024-12-13 18:53:08.302,0.045
2024-12-13 18:53:08.354,0.03499999999999999
2024-12-13 18:53:08.380,0.03499999999999999
2024-12-13 18:53:08.407,0.03499999999999999
2024-12-13 18:53:08.458,0.03499999999999999
2024-12-13 18:53:08.490,0.03499999999999999
2024-12-13 18:53:08.512,0.03499999999999999
2024-12-13 18:53:08.533,0.03499999999999999
2024-12-13 18:53:08.549,0.03499999999999999
2024-12-13 18:53:08.585,0.03499999999999999
2024-12-13 18:53:09.300,0.02700000000000001
2024-12-13 18:53:09.337,0.02700000000000001
2024-12-13 18:53:09.353,0.02700000000000001
2024-12-13 18:53:09.415,0.02700000000000001
2024-12-13 18:53:09.441,0.02700000000000001
2024-12-13 18:53:09.488,0.02700000000000001
2024-12-13 18:53:09.541,0.02700000000000001
2024-12-13 18:53:09.598,0.02700000000000001
2024-12-13 18:53:09.630,0.02700000000000001
2024-12-13 18:53:09.672,0.02700000000000001
2024-12-13 18:53:10.335,0.02700000000000001
2024-12-13 18:53:10.378,0.02700000000000001
2024-12-13 18:53:10.404,0.02700000000000001
2024-12-13 18:53:10.436,0.02700000000000001
2024-12-13 18:53:10.473,0.02700000000000001
2024-12-13 18:53:10.499,0.02700000000000001
2024-12-13 18:53:10.541,0.02700000000000001
2024-12-13 18:53:10.630,0.02700000000000001
2024-12-13 18:53:10.667,0.02700000000000001
2024-12-13 18:53:10.699,0.02700000000000001
2024-12-13 18:53:11.397,0.048
2024-12-13 18:53:11.429,0.048
2024-12-13 18:53:11.460,0.02700000000000001
2024-12-13 18:53:11.486,0.02700000000000001
2024-12-13 18:53:11.502,0.02700000000000001
2024-12-13 18:53:11.554,0.02700000000000001
2024-12-13 18:53:11.606,0.02700000000000001
2024-12-13 18:53:11.648,0.02700000000000001
2024-12-13 18:53:11.684,0.02700000000000001
2024-12-13 18:53:11.742,0.02700000000000001
2024-12-13 18:53:12.471,0.02700000000000001
2024-12-13 18:53:12.534,0.02700000000000001
2024-12-13 18:53:12.565,0.02700000000000001
2024-12-13 18:53:12.592,0.02700000000000001
2024-12-13 18:53:12.613,0.02700000000000001
2024-12-13 18:53:12.639,0.02700000000000001
2024-12-13 18:53:12.681,0.02700000000000001
2024-12-13 18:53:12.718,0.02700000000000001
2024-12-13 18:53:12.745,0.02700000000000001
2024-12-13 18:53:12.776,0.02700000000000001
2024-12-13 18:53:13.597,0.02700000000000001
2024-12-13 18:53:13.629,0.02700000000000001
2024-12-13 18:53:13.701,0.02700000000000001
2024-12-13 18:53:13.738,0.02700000000000001
2024-12-13 18:53:13.780,0.02700000000000001
2024-12-13 18:53:13.816,0.02700000000000001
2024-12-13 18:53:13.822,0.02700000000000001
2024-12-13 18:53:13.900,0.03699999999999999
2024-12-13 18:53:13.931,0.03699999999999999
2024-12-13 18:53:13.952,0.03699999999999999
2024-12-13 18:53:14.833,0.02700000000000001
2024-12-13 18:53:14.848,0.02700000000000001
2024-12-13 18:53:14.885,0.02700000000000001
2024-12-13 18:53:14.912,0.02700000000000001
2024-12-13 18:53:14.949,0.02800000000000001
2024-12-13 18:53:14.990,0.02800000000000001
2024-12-13 18:53:15.022,0.02800000000000001
2024-12-13 18:53:15.043,0.02800000000000001
2024-12-13 18:53:15.080,0.02800000000000001
2024-12-13 18:53:15.116,0.02800000000000001
2024-12-13 18:53:15.680,0.02700000000000001
2024-12-13 18:53:15.700,0.02700000000000001
2024-12-13 18:53:15.722,0.02700000000000001
2024-12-13 18:53:15.742,0.02700000000000001
2024-12-13 18:53:15.759,0.02700000000000001
2024-12-13 18:53:15.770,0.02700000000000001
2024-12-13 18:53:15.775,0.02700000000000001
2024-12-13 18:53:15.789,0.02700000000000001
2024-12-13 18:53:15.813,0.02700000000000001
2024-12-13 18:53:15.821,0.02700000000000001
2024-12-13 18:53:16.323,0.02700000000000001
2024-12-13 18:53:16.349,0.02700000000000001
2024-12-13 18:53:16.382,0.02700000000000001
2024-12-13 18:53:16.409,0.02700000000000001
2024-12-13 18:53:16.425,0.02700000000000001
2024-12-13 18:53:16.457,0.02700000000000001
2024-12-13 18:53:16.504,0.02700000000000001
2024-12-13 18:53:16.535,0.02700000000000001
2024-12-13 18:53:16.567,0.02700000000000001
2024-12-13 18:53:16.588,0.02700000000000001
2024-12-13 18:53:17.548,0.02700000000000001
2024-12-13 18:53:17.606,0.02700000000000001
2024-12-13 18:53:17.648,0.02700000000000001
2024-12-13 18:53:17.716,0.02700000000000001
2024-12-13 18:53:17.742,0.02700000000000001
2024-12-13 18:53:17.799,0.02700000000000001
2024-12-13 18:53:17.835,0.02700000000000001
2024-12-13 18:53:17.856,0.02700000000000001
2024-12-13 18:53:17.868,0.02700000000000001
2024-12-13 18:53:17.904,0.02700000000000001
2024-12-13 18:53:18.600,0.02700000000000001
2024-12-13 18:53:18.631,0.02700000000000001
2024-12-13 18:53:18.657,0.02700000000000001
2024-12-13 18:53:18.704,0.02700000000000001
2024-12-13 18:53:18.741,0.02700000000000001
2024-12-13 18:53:18.778,0.02700000000000001
2024-12-13 18:53:18.814,0.02700000000000001
2024-12-13 18:53:18.851,0.02700000000000001
2024-12-13 18:53:18.893,0.02700000000000001
2024-12-13 18:53:18.944,0.02700000000000001
2024-12-13 18:53:19.768,0.02700000000000001
2024-12-13 18:53:19.815,0.03399999999999999
2024-12-13 18:53:19.846,0.03399999999999999
2024-12-13 18:53:19.878,0.03399999999999999
2024-12-13 18:53:19.914,0.03399999999999999
2024-12-13 18:53:19.966,0.03399999999999999
2024-12-13 18:53:20.018,0.03399999999999999
2024-12-13 18:53:20.049,0.03399999999999999
2024-12-13 18:53:20.086,0.03399999999999999
2024-12-13 18:53:20.185,0.045
2024-12-13 18:53:20.909,0.02800000000000001
2024-12-13 18:53:20.951,0.02800000000000001
2024-12-13 18:53:20.978,0.02800000000000001
2024-12-13 18:53:20.994,0.02800000000000001
2024-12-13 18:53:21.026,0.02800000000000001
2024-12-13 18:53:21.052,0.02800000000000001
2024-12-13 18:53:21.088,0.02800000000000001
2024-12-13 18:53:21.115,0.02800000000000001
2024-12-13 18:53:21.141,0.02800000000000001
2024-12-13 18:53:21.177,0.02800000000000001
2024-12-13 18:53:21.974,0.02700000000000001
2024-12-13 18:53:22.001,0.02700000000000001
2024-12-13 18:53:22.037,0.02700000000000001
2024-12-13 18:53:22.058,0.02700000000000001
2024-12-13 18:53:22.085,0.02700000000000001
2024-12-13 18:53:22.106,0.02700000000000001
2024-12-13 18:53:22.148,0.02700000000000001
2024-12-13 18:53:22.215,0.02700000000000001
2024-12-13 18:53:22.267,0.02700000000000001
2024-12-13 18:53:22.314,0.02700000000000001
2024-12-13 18:53:23.193,0.044
2024-12-13 18:53:23.210,0.044
2024-12-13 18:53:23.273,0.044
2024-12-13 18:53:23.304,0.02700000000000001
2024-12-13 18:53:23.331,0.02700000000000001
2024-12-13 18:53:23.367,0.02700000000000001
2024-12-13 18:53:23.404,0.02700000000000001
2024-12-13 18:53:23.471,0.02700000000000001
2024-12-13 18:53:23.493,0.02700000000000001
2024-12-13 18:53:23.540,0.02700000000000001
2024-12-13 18:53:24.379,0.02700000000000001
2024-12-13 18:53:24.405,0.02700000000000001
2024-12-13 18:53:24.431,0.02700000000000001
2024-12-13 18:53:24.457,0.02700000000000001
2024-12-13 18:53:24.504,0.02700000000000001
2024-12-13 18:53:24.540,0.02700000000000001
2024-12-13 18:53:24.587,0.02700000000000001
2024-12-13 18:53:24.604,0.02700000000000001
2024-12-13 18:53:24.652,0.02700000000000001
2024-12-13 18:53:24.699,0.02700000000000001
2024-12-13 18:53:25.498,0.02700000000000001
2024-12-13 18:53:25.524,0.02700000000000001
2024-12-13 18:53:25.530,0.02700000000000001
2024-12-13 18:53:25.592,0.02700000000000001
2024-12-13 18:53:25.664,0.02700000000000001
2024-12-13 18:53:25.706,0.02700000000000001
2024-12-13 18:53:25.763,0.02700000000000001
2024-12-13 18:53:25.799,0.02700000000000001
2024-12-13 18:53:25.857,0.02700000000000001
2024-12-13 18:53:25.908,0.02700000000000001
2024-12-13 18:53:26.648,0.02700000000000001
2024-12-13 18:53:26.695,0.02700000000000001
2024-12-13 18:53:26.731,0.02700000000000001
2024-12-13 18:53:26.767,0.029000000000000012
2024-12-13 18:53:26.794,0.029000000000000012
2024-12-13 18:53:26.866,0.029000000000000012
2024-12-13 18:53:26.903,0.029000000000000012
2024-12-13 18:53:26.934,0.029000000000000012
2024-12-13 18:53:26.961,0.029000000000000012
2024-12-13 18:53:27.002,0.029000000000000012
2024-12-13 18:53:27.812,0.02800000000000001
2024-12-13 18:53:27.854,0.02800000000000001
2024-12-13 18:53:27.880,0.02800000000000001
2024-12-13 18:53:27.932,0.02800000000000001
2024-12-13 18:53:27.969,0.02800000000000001
2024-12-13 18:53:28.010,0.02800000000000001
2024-12-13 18:53:28.057,0.02800000000000001
2024-12-13 18:53:28.109,0.02800000000000001
2024-12-13 18:53:28.171,0.02700000000000001
2024-12-13 18:53:28.218,0.02700000000000001
2024-12-13 18:53:29.151,0.049
2024-12-13 18:53:29.204,0.03599999999999999
2024-12-13 18:53:29.229,0.03599999999999999
2024-12-13 18:53:29.287,0.03599999999999999
2024-12-13 18:53:29.345,0.03599999999999999
2024-12-13 18:53:29.361,0.03599999999999999
2024-12-13 18:53:29.371,0.03599999999999999
2024-12-13 18:53:29.423,0.03599999999999999
2024-12-13 18:53:29.506,0.03599999999999999
2024-12-13 18:53:29.542,0.03599999999999999
2024-12-13 18:53:30.308,0.02700000000000001
2024-12-13 18:53:30.339,0.02700000000000001
2024-12-13 18:53:30.402,0.02700000000000001
2024-12-13 18:53:30.449,0.02700000000000001
2024-12-13 18:53:30.486,0.02700000000000001
2024-12-13 18:53:30.517,0.02700000000000001
2024-12-13 18:53:30.563,0.02700000000000001
2024-12-13 18:53:30.598,0.02700000000000001
2024-12-13 18:53:30.624,0.02700000000000001
2024-12-13 18:53:30.630,0.02700000000000001
2024-12-13 18:53:31.072,0.02700000000000001
2024-12-13 18:53:31.160,0.02700000000000001
2024-12-13 18:53:31.192,0.02700000000000001
2024-12-13 18:53:31.244,0.02700000000000001
2024-12-13 18:53:31.271,0.02700000000000001
2024-12-13 18:53:31.302,0.02700000000000001
2024-12-13 18:53:31.318,0.02700000000000001
2024-12-13 18:53:31.334,0.02700000000000001
2024-12-13 18:53:31.407,0.02700000000000001
2024-12-13 18:53:31.428,0.02700000000000001
2024-12-13 18:53:32.525,0.02700000000000001
2024-12-13 18:53:32.573,0.02700000000000001
2024-12-13 18:53:32.599,0.02700000000000001
2024-12-13 18:53:32.625,0.02700000000000001
2024-12-13 18:53:32.641,0.02700000000000001
2024-12-13 18:53:32.673,0.02700000000000001
2024-12-13 18:53:32.714,0.02800000000000001
2024-12-13 18:53:32.740,0.02800000000000001
2024-12-13 18:53:32.762,0.02800000000000001
2024-12-13 18:53:32.793,0.02800000000000001
2024-12-13 18:53:33.593,0.02700000000000001
2024-12-13 18:53:33.661,0.02700000000000001
2024-12-13 18:53:33.703,0.02700000000000001
2024-12-13 18:53:33.760,0.02700000000000001
2024-12-13 18:53:33.807,0.02700000000000001
2024-12-13 18:53:33.834,0.02700000000000001
2024-12-13 18:53:33.880,0.02700000000000001
2024-12-13 18:53:33.903,0.02700000000000001
2024-12-13 18:53:33.960,0.02700000000000001
2024-12-13 18:53:34.002,0.02700000000000001
2024-12-13 18:53:34.750,0.02700000000000001
2024-12-13 18:53:34.791,0.044
2024-12-13 18:53:34.833,0.044
2024-12-13 18:53:34.885,0.044
2024-12-13 18:53:34.932,0.044
2024-12-13 18:53:34.963,0.044
2024-12-13 18:53:34.999,0.044
2024-12-13 18:53:35.026,0.044
2024-12-13 18:53:35.057,0.044
2024-12-13 18:53:35.099,0.044
2024-12-13 18:53:35.965,0.02700000000000001
2024-12-13 18:53:35.997,0.02700000000000001
2024-12-13 18:53:36.013,0.02700000000000001
2024-12-13 18:53:36.045,0.02700000000000001
2024-12-13 18:53:36.076,0.02700000000000001
2024-12-13 18:53:36.117,0.02700000000000001
2024-12-13 18:53:36.174,0.02700000000000001
2024-12-13 18:53:36.211,0.02700000000000001
2024-12-13 18:53:36.258,0.02700000000000001
2024-12-13 18:53:36.295,0.02700000000000001
2024-12-13 18:53:37.239,0.02700000000000001
2024-12-13 18:53:37.270,0.02700000000000001
2024-12-13 18:53:37.302,0.02700000000000001
2024-12-13 18:53:37.328,0.02700000000000001
2024-12-13 18:53:37.375,0.02700000000000001
2024-12-13 18:53:37.432,0.02700000000000001
2024-12-13 18:53:37.505,0.02700000000000001
2024-12-13 18:53:37.532,0.02700000000000001
2024-12-13 18:53:37.578,0.02700000000000001
2024-12-13 18:53:37.594,0.02700000000000001
2024-12-13 18:53:38.518,0.02700000000000001
2024-12-13 18:53:38.559,0.02700000000000001
2024-12-13 18:53:38.612,0.02700000000000001
2024-12-13 18:53:38.648,0.02700000000000001
2024-12-13 18:53:38.669,0.02700000000000001
2024-12-13 18:53:38.707,0.02700000000000001
2024-12-13 18:53:38.743,0.02700000000000001
2024-12-13 18:53:38.790,0.02700000000000001
2024-12-13 18:53:38.821,0.02700000000000001
2024-12-13 18:53:38.837,0.02700000000000001
2024-12-13 18:53:39.547,0.02700000000000001
2024-12-13 18:53:39.589,0.02700000000000001
2024-12-13 18:53:39.630,0.02700000000000001
2024-12-13 18:53:39.662,0.02800000000000001
2024-12-13 18:53:39.699,0.02800000000000001
2024-12-13 18:53:39.735,0.02800000000000001
2024-12-13 18:53:39.767,0.02800000000000001
2024-12-13 18:53:39.803,0.02800000000000001
2024-12-13 18:53:39.819,0.02800000000000001
2024-12-13 18:53:39.861,0.02800000000000001
2024-12-13 18:53:40.515,0.02800000000000001
2024-12-13 18:53:40.552,0.02800000000000001
2024-12-13 18:53:40.573,0.02800000000000001
2024-12-13 18:53:40.604,0.02800000000000001
2024-12-13 18:53:40.637,0.02800000000000001
2024-12-13 18:53:40.704,0.03799999999999999
2024-12-13 18:53:40.766,0.03799999999999999
2024-12-13 18:53:40.813,0.03799999999999999
2024-12-13 18:53:40.834,0.03799999999999999
2024-12-13 18:53:40.845,0.03799999999999999
2024-12-13 18:53:41.616,0.02800000000000001
2024-12-13 18:53:41.658,0.02800000000000001
2024-12-13 18:53:41.710,0.02800000000000001
2024-12-13 18:53:41.747,0.02800000000000001
2024-12-13 18:53:41.774,0.02800000000000001
2024-12-13 18:53:41.806,0.02800000000000001
2024-12-13 18:53:41.832,0.02800000000000001
2024-12-13 18:53:41.873,0.02800000000000001
2024-12-13 18:53:41.910,0.02800000000000001
2024-12-13 18:53:41.925,0.02800000000000001
2024-12-13 18:53:42.789,0.02800000000000001
2024-12-13 18:53:42.846,0.02800000000000001
2024-12-13 18:53:42.887,0.02800000000000001
2024-12-13 18:53:42.929,0.02800000000000001
2024-12-13 18:53:42.976,0.02800000000000001
2024-12-13 18:53:43.028,0.02800000000000001
2024-12-13 18:53:43.060,0.02800000000000001
2024-12-13 18:53:43.086,0.02800000000000001
2024-12-13 18:53:43.112,0.02800000000000001
2024-12-13 18:53:43.159,0.02800000000000001
2024-12-13 18:53:44.053,0.046
2024-12-13 18:53:44.080,0.046
2024-12-13 18:53:44.126,0.046
2024-12-13 18:53:44.178,0.046
2024-12-13 18:53:44.240,0.02800000000000001
2024-12-13 18:53:44.267,0.02800000000000001
2024-12-13 18:53:44.293,0.02800000000000001
2024-12-13 18:53:44.335,0.02800000000000001
2024-12-13 18:53:44.376,0.02800000000000001
2024-12-13 18:53:44.418,0.02800000000000001
2024-12-13 18:53:45.438,0.02800000000000001
2024-12-13 18:53:45.495,0.02800000000000001
2024-12-13 18:53:45.537,0.02800000000000001
2024-12-13 18:53:45.580,0.02800000000000001
2024-12-13 18:53:45.603,0.02800000000000001
2024-12-13 18:53:45.614,0.02800000000000001
2024-12-13 18:53:45.639,0.02800000000000001
2024-12-13 18:53:45.649,0.02800000000000001
2024-12-13 18:53:45.674,0.02800000000000001
2024-12-13 18:53:45.699,0.02800000000000001
2024-12-13 18:53:46.189,0.02800000000000001
2024-12-13 18:53:46.236,0.02800000000000001
2024-12-13 18:53:46.273,0.02800000000000001
2024-12-13 18:53:46.294,0.02800000000000001
2024-12-13 18:53:46.330,0.02800000000000001
2024-12-13 18:53:46.377,0.02800000000000001
2024-12-13 18:53:46.393,0.02800000000000001
2024-12-13 18:53:46.435,0.02800000000000001
2024-12-13 18:53:46.482,0.02800000000000001
2024-12-13 18:53:46.514,0.02800000000000001
2024-12-13 18:53:47.315,0.02800000000000001
2024-12-13 18:53:47.373,0.02800000000000001
2024-12-13 18:53:47.393,0.02800000000000001
2024-12-13 18:53:47.440,0.02800000000000001
2024-12-13 18:53:47.457,0.02800000000000001
2024-12-13 18:53:47.488,0.02800000000000001
2024-12-13 18:53:47.540,0.02800000000000001
2024-12-13 18:53:47.618,0.02800000000000001
2024-12-13 18:53:47.655,0.029000000000000012
2024-12-13 18:53:47.697,0.029000000000000012
2024-12-13 18:53:48.574,0.02800000000000001
2024-12-13 18:53:48.626,0.02800000000000001
2024-12-13 18:53:48.652,0.02800000000000001
2024-12-13 18:53:48.704,0.02800000000000001
2024-12-13 18:53:48.730,0.02800000000000001
2024-12-13 18:53:48.777,0.02800000000000001
2024-12-13 18:53:48.855,0.02800000000000001
2024-12-13 18:53:48.917,0.02800000000000001
2024-12-13 18:53:48.938,0.02800000000000001
2024-12-13 18:53:48.975,0.02800000000000001
2024-12-13 18:53:49.888,0.045
2024-12-13 18:53:49.920,0.045
2024-12-13 18:53:49.941,0.045
2024-12-13 18:53:49.957,0.045
2024-12-13 18:53:50.035,0.045
2024-12-13 18:53:50.071,0.02800000000000001
2024-12-13 18:53:50.165,0.02800000000000001
2024-12-13 18:53:50.239,0.02800000000000001
2024-12-13 18:53:50.302,0.02800000000000001
2024-12-13 18:53:50.359,0.02800000000000001
2024-12-13 18:53:51.205,0.02800000000000001
2024-12-13 18:53:51.241,0.02800000000000001
2024-12-13 18:53:51.293,0.02800000000000001
2024-12-13 18:53:51.309,0.02800000000000001
2024-12-13 18:53:51.330,0.02800000000000001
2024-12-13 18:53:51.362,0.02800000000000001
2024-12-13 18:53:51.388,0.02800000000000001
2024-12-13 18:53:51.399,0.02800000000000001
2024-12-13 18:53:51.441,0.02800000000000001
2024-12-13 18:53:51.494,0.02800000000000001
2024-12-13 18:53:52.377,0.02800000000000001
2024-12-13 18:53:52.409,0.02800000000000001
2024-12-13 18:53:52.435,0.02800000000000001
2024-12-13 18:53:52.466,0.02800000000000001
2024-12-13 18:53:52.518,0.02800000000000001
2024-12-13 18:53:52.570,0.02800000000000001
2024-12-13 18:53:52.612,0.02800000000000001
2024-12-13 18:53:52.660,0.02800000000000001
2024-12-13 18:53:52.748,0.02800000000000001
2024-12-13 18:53:52.784,0.02800000000000001
2024-12-13 18:53:53.438,0.02800000000000001
2024-12-13 18:53:53.500,0.02800000000000001
2024-12-13 18:53:53.512,0.02800000000000001
2024-12-13 18:53:53.534,0.02800000000000001
2024-12-13 18:53:53.575,0.029000000000000012
2024-12-13 18:53:53.607,0.029000000000000012
2024-12-13 18:53:53.643,0.029000000000000012
2024-12-13 18:53:53.680,0.029000000000000012
2024-12-13 18:53:53.737,0.029000000000000012
2024-12-13 18:53:53.789,0.029000000000000012
2024-12-13 18:53:54.455,0.02800000000000001
2024-12-13 18:53:54.487,0.02800000000000001
2024-12-13 18:53:54.513,0.02800000000000001
2024-12-13 18:53:54.534,0.02800000000000001
2024-12-13 18:53:54.581,0.02800000000000001
2024-12-13 18:53:54.639,0.029000000000000012
2024-12-13 18:53:54.660,0.029000000000000012
2024-12-13 18:53:54.707,0.029000000000000012
2024-12-13 18:53:54.749,0.029000000000000012
2024-12-13 18:53:54.786,0.029000000000000012
2024-12-13 18:53:55.594,0.02800000000000001
2024-12-13 18:53:55.646,0.02800000000000001
2024-12-13 18:53:55.688,0.045
2024-12-13 18:53:55.724,0.045
2024-12-13 18:53:55.776,0.045
2024-12-13 18:53:55.828,0.045
2024-12-13 18:53:55.854,0.045
2024-12-13 18:53:55.916,0.045
2024-12-13 18:53:55.958,0.045
2024-12-13 18:53:55.989,0.045
2024-12-13 18:53:56.922,0.02800000000000001
2024-12-13 18:53:56.953,0.02800000000000001
2024-12-13 18:53:56.990,0.02800000000000001
2024-12-13 18:53:57.026,0.02800000000000001
2024-12-13 18:53:57.063,0.02800000000000001
2024-12-13 18:53:57.105,0.02800000000000001
2024-12-13 18:53:57.125,0.02800000000000001
2024-12-13 18:53:57.152,0.02800000000000001
2024-12-13 18:53:57.183,0.02800000000000001
2024-12-13 18:53:57.219,0.02800000000000001
2024-12-13 18:53:57.972,0.02800000000000001
2024-12-13 18:53:58.045,0.02800000000000001
2024-12-13 18:53:58.077,0.02800000000000001
2024-12-13 18:53:58.108,0.02800000000000001
2024-12-13 18:53:58.151,0.02800000000000001
2024-12-13 18:53:58.161,0.02800000000000001
2024-12-13 18:53:58.192,0.02800000000000001
2024-12-13 18:53:58.239,0.02800000000000001
2024-12-13 18:53:58.271,0.02800000000000001
2024-12-13 18:53:58.312,0.02800000000000001
2024-12-13 18:53:59.104,0.045
2024-12-13 18:53:59.136,0.045
2024-12-13 18:53:59.162,0.02800000000000001
2024-12-13 18:53:59.189,0.02800000000000001
2024-12-13 18:53:59.261,0.02800000000000001
2024-12-13 18:53:59.284,0.02800000000000001
2024-12-13 18:53:59.315,0.02800000000000001
2024-12-13 18:53:59.394,0.02800000000000001
2024-12-13 18:53:59.431,0.02800000000000001
2024-12-13 18:53:59.447,0.02800000000000001
2024-12-13 18:54:00.159,0.02800000000000001
2024-12-13 18:54:00.181,0.02800000000000001
2024-12-13 18:54:00.228,0.02800000000000001
2024-12-13 18:54:00.254,0.02800000000000001
2024-12-13 18:54:00.276,0.02800000000000001
2024-12-13 18:54:00.307,0.02800000000000001
2024-12-13 18:54:00.349,0.02800000000000001
2024-12-13 18:54:00.381,0.02800000000000001
2024-12-13 18:54:00.402,0.02800000000000001
2024-12-13 18:54:00.443,0.02800000000000001
2024-12-13 18:54:00.876,0.029000000000000012
2024-12-13 18:54:00.889,0.029000000000000012
2024-12-13 18:54:00.925,0.02800000000000001
2024-12-13 18:54:00.947,0.02800000000000001
2024-12-13 18:54:00.973,0.02800000000000001
2024-12-13 18:54:01.015,0.02800000000000001
2024-12-13 18:54:01.035,0.02800000000000001
2024-12-13 18:54:01.072,0.02800000000000001
2024-12-13 18:54:01.099,0.02800000000000001
2024-12-13 18:54:01.135,0.02800000000000001
2024-12-13 18:54:02.072,0.031000000000000014
2024-12-13 18:54:02.089,0.031000000000000014
2024-12-13 18:54:02.110,0.031000000000000014
2024-12-13 18:54:02.126,0.031000000000000014
2024-12-13 18:54:02.153,0.031000000000000014
2024-12-13 18:54:02.195,0.031000000000000014
2024-12-13 18:54:02.221,0.031000000000000014
2024-12-13 18:54:02.242,0.031000000000000014
2024-12-13 18:54:02.278,0.031000000000000014
2024-12-13 18:54:02.341,0.02700000000000001
2024-12-13 18:54:03.198,0.02700000000000001
2024-12-13 18:54:03.234,0.02700000000000001
2024-12-13 18:54:03.286,0.02700000000000001
2024-12-13 18:54:03.297,0.02700000000000001
2024-12-13 18:54:03.344,0.02700000000000001
2024-12-13 18:54:03.397,0.02700000000000001
2024-12-13 18:54:03.418,0.02700000000000001
2024-12-13 18:54:03.449,0.02700000000000001
2024-12-13 18:54:03.470,0.02700000000000001
2024-12-13 18:54:03.501,0.02700000000000001
2024-12-13 18:54:04.317,0.02700000000000001
2024-12-13 18:54:04.333,0.02700000000000001
2024-12-13 18:54:04.364,0.02700000000000001
2024-12-13 18:54:04.380,0.02700000000000001
2024-12-13 18:54:04.422,0.02700000000000001
2024-12-13 18:54:04.438,0.02700000000000001
2024-12-13 18:54:04.459,0.02700000000000001
2024-12-13 18:54:04.496,0.02700000000000001
2024-12-13 18:54:04.538,0.02700000000000001
2024-12-13 18:54:04.595,0.02700000000000001
2024-12-13 18:54:05.471,0.02800000000000001
2024-12-13 18:54:05.497,0.02800000000000001
2024-12-13 18:54:05.534,0.02800000000000001
2024-12-13 18:54:05.566,0.02800000000000001
2024-12-13 18:54:05.592,0.02800000000000001
2024-12-13 18:54:05.644,0.02800000000000001
2024-12-13 18:54:05.691,0.02800000000000001
2024-12-13 18:54:05.717,0.02800000000000001
2024-12-13 18:54:05.764,0.02800000000000001
2024-12-13 18:54:05.790,0.02800000000000001
2024-12-13 18:54:06.569,0.02800000000000001
2024-12-13 18:54:06.600,0.02800000000000001
2024-12-13 18:54:06.653,0.02800000000000001
2024-12-13 18:54:06.689,0.02800000000000001
2024-12-13 18:54:06.727,0.02800000000000001
2024-12-13 18:54:06.768,0.02800000000000001
2024-12-13 18:54:06.794,0.02800000000000001
2024-12-13 18:54:06.831,0.02800000000000001
2024-12-13 18:54:06.862,0.02700000000000001
2024-12-13 18:54:06.914,0.02700000000000001
2024-12-13 18:54:07.825,0.046
2024-12-13 18:54:07.852,0.046
2024-12-13 18:54:07.878,0.046
2024-12-13 18:54:07.951,0.03599999999999999
2024-12-13 18:54:07.987,0.03599999999999999
2024-12-13 18:54:08.034,0.03599999999999999
2024-12-13 18:54:08.091,0.03599999999999999
2024-12-13 18:54:08.154,0.03599999999999999
2024-12-13 18:54:08.176,0.03599999999999999
2024-12-13 18:54:08.212,0.03599999999999999
2024-12-13 18:54:09.027,0.02700000000000001
2024-12-13 18:54:09.034,0.02700000000000001
2024-12-13 18:54:09.061,0.02700000000000001
2024-12-13 18:54:09.118,0.02700000000000001
2024-12-13 18:54:09.150,0.02700000000000001
2024-12-13 18:54:09.196,0.02700000000000001
2024-12-13 18:54:09.243,0.02700000000000001
2024-12-13 18:54:09.260,0.02700000000000001
2024-12-13 18:54:09.297,0.02700000000000001
2024-12-13 18:54:09.343,0.02700000000000001
2024-12-13 18:54:10.055,0.02700000000000001
2024-12-13 18:54:10.082,0.02700000000000001
2024-12-13 18:54:10.114,0.02700000000000001
2024-12-13 18:54:10.140,0.02700000000000001
2024-12-13 18:54:10.166,0.02700000000000001
2024-12-13 18:54:10.203,0.02700000000000001
2024-12-13 18:54:10.229,0.02700000000000001
2024-12-13 18:54:10.260,0.02700000000000001
2024-12-13 18:54:10.302,0.02700000000000001
2024-12-13 18:54:10.370,0.02700000000000001
2024-12-13 18:54:11.268,0.02700000000000001
2024-12-13 18:54:11.309,0.02700000000000001
2024-12-13 18:54:11.346,0.02700000000000001
2024-12-13 18:54:11.362,0.02700000000000001
2024-12-13 18:54:11.409,0.02700000000000001
2024-12-13 18:54:11.445,0.02700000000000001
2024-12-13 18:54:11.461,0.02700000000000001
2024-12-13 18:54:11.518,0.02700000000000001
2024-12-13 18:54:11.544,0.02700000000000001
2024-12-13 18:54:11.581,0.02700000000000001
2024-12-13 18:54:12.522,0.02700000000000001
2024-12-13 18:54:12.590,0.02700000000000001
2024-12-13 18:54:12.627,0.02700000000000001
2024-12-13 18:54:12.679,0.02700000000000001
2024-12-13 18:54:12.748,0.02700000000000001
2024-12-13 18:54:12.836,0.02700000000000001
2024-12-13 18:54:12.873,0.02700000000000001
2024-12-13 18:54:12.920,0.02700000000000001
2024-12-13 18:54:12.956,0.02700000000000001
2024-12-13 18:54:12.988,0.02700000000000001
2024-12-13 18:54:13.865,0.03899999999999999
2024-12-13 18:54:13.901,0.03899999999999999
2024-12-13 18:54:13.974,0.03899999999999999
2024-12-13 18:54:14.031,0.03899999999999999
2024-12-13 18:54:14.073,0.03899999999999999
2024-12-13 18:54:14.120,0.03899999999999999
2024-12-13 18:54:14.167,0.02700000000000001
2024-12-13 18:54:14.209,0.02700000000000001
2024-12-13 18:54:14.260,0.02700000000000001
2024-12-13 18:54:14.297,0.02700000000000001
2024-12-13 18:54:15.204,0.02700000000000001
2024-12-13 18:54:15.235,0.02700000000000001
2024-12-13 18:54:15.272,0.02700000000000001
2024-12-13 18:54:15.309,0.02700000000000001
2024-12-13 18:54:15.361,0.02700000000000001
2024-12-13 18:54:15.424,0.02700000000000001
2024-12-13 18:54:15.455,0.02700000000000001
2024-12-13 18:54:15.471,0.02700000000000001
2024-12-13 18:54:15.488,0.02700000000000001
2024-12-13 18:54:15.534,0.02700000000000001
2024-12-13 18:54:15.861,0.02700000000000001
2024-12-13 18:54:15.870,0.02700000000000001
2024-12-13 18:54:15.910,0.02700000000000001
2024-12-13 18:54:15.934,0.02700000000000001
2024-12-13 18:54:15.944,0.02700000000000001
2024-12-13 18:54:15.957,0.02700000000000001
2024-12-13 18:54:15.968,0.02700000000000001
2024-12-13 18:54:15.978,0.02700000000000001
2024-12-13 18:54:15.982,0.02700000000000001
2024-12-13 18:54:15.993,0.02700000000000001
2024-12-13 18:54:16.769,0.045
2024-12-13 18:54:16.806,0.045
2024-12-13 18:54:16.837,0.045
2024-12-13 18:54:16.920,0.045
2024-12-13 18:54:16.962,0.02700000000000001
2024-12-13 18:54:16.994,0.02700000000000001
2024-12-13 18:54:17.025,0.02700000000000001
2024-12-13 18:54:17.047,0.02700000000000001
2024-12-13 18:54:17.088,0.02700000000000001
2024-12-13 18:54:17.110,0.02700000000000001
2024-12-13 18:54:17.884,0.02700000000000001
2024-12-13 18:54:17.900,0.02700000000000001
2024-12-13 18:54:17.926,0.02700000000000001
2024-12-13 18:54:17.963,0.02700000000000001
2024-12-13 18:54:18.009,0.02700000000000001
2024-12-13 18:54:18.045,0.02700000000000001
2024-12-13 18:54:18.067,0.02700000000000001
2024-12-13 18:54:18.104,0.02700000000000001
2024-12-13 18:54:18.130,0.02700000000000001
2024-12-13 18:54:18.166,0.02700000000000001
2024-12-13 18:54:19.030,0.02700000000000001
2024-12-13 18:54:19.077,0.02700000000000001
2024-12-13 18:54:19.119,0.02700000000000001
2024-12-13 18:54:19.176,0.02700000000000001
2024-12-13 18:54:19.213,0.02700000000000001
2024-12-13 18:54:19.254,0.02700000000000001
2024-12-13 18:54:19.301,0.02700000000000001
2024-12-13 18:54:19.333,0.02700000000000001
2024-12-13 18:54:19.379,0.03699999999999999
2024-12-13 18:54:19.427,0.03699999999999999
2024-12-13 18:54:20.444,0.02800000000000001
2024-12-13 18:54:20.476,0.02800000000000001
2024-12-13 18:54:20.518,0.02800000000000001
2024-12-13 18:54:20.544,0.02800000000000001
2024-12-13 18:54:20.606,0.02800000000000001
2024-12-13 18:54:20.659,0.02800000000000001
2024-12-13 18:54:20.695,0.02800000000000001
2024-12-13 18:54:20.727,0.02800000000000001
2024-12-13 18:54:20.779,0.02800000000000001
2024-12-13 18:54:20.815,0.02700000000000001
2024-12-13 18:54:21.769,0.02700000000000001
2024-12-13 18:54:21.815,0.02700000000000001
2024-12-13 18:54:21.837,0.02700000000000001
2024-12-13 18:54:21.868,0.02700000000000001
2024-12-13 18:54:21.904,0.02700000000000001
2024-12-13 18:54:21.951,0.02700000000000001
2024-12-13 18:54:22.003,0.02700000000000001
2024-12-13 18:54:22.040,0.02700000000000001
2024-12-13 18:54:22.056,0.02700000000000001
2024-12-13 18:54:22.067,0.02700000000000001
2024-12-13 18:54:22.914,0.02700000000000001
2024-12-13 18:54:22.935,0.02700000000000001
2024-12-13 18:54:22.952,0.02700000000000001
2024-12-13 18:54:22.978,0.02700000000000001
2024-12-13 18:54:23.035,0.02700000000000001
2024-12-13 18:54:23.067,0.02700000000000001
2024-12-13 18:54:23.103,0.02700000000000001
2024-12-13 18:54:23.140,0.02700000000000001
2024-12-13 18:54:23.146,0.02700000000000001
2024-12-13 18:54:23.192,0.02700000000000001
2024-12-13 18:54:23.914,0.02700000000000001
2024-12-13 18:54:23.940,0.02700000000000001
2024-12-13 18:54:23.977,0.02700000000000001
2024-12-13 18:54:24.009,0.02700000000000001
2024-12-13 18:54:24.045,0.02700000000000001
2024-12-13 18:54:24.097,0.02700000000000001
2024-12-13 18:54:24.134,0.02700000000000001
2024-12-13 18:54:24.170,0.02700000000000001
2024-12-13 18:54:24.197,0.02700000000000001
2024-12-13 18:54:24.238,0.02700000000000001
2024-12-13 18:54:25.013,0.02700000000000001
2024-12-13 18:54:25.044,0.02700000000000001
2024-12-13 18:54:25.076,0.02700000000000001
2024-12-13 18:54:25.138,0.02700000000000001
2024-12-13 18:54:25.170,0.02700000000000001
2024-12-13 18:54:25.191,0.02700000000000001
2024-12-13 18:54:25.217,0.02700000000000001
2024-12-13 18:54:25.237,0.02700000000000001
2024-12-13 18:54:25.315,0.029000000000000012
2024-12-13 18:54:25.393,0.029000000000000012
2024-12-13 18:54:26.355,0.02700000000000001
2024-12-13 18:54:26.392,0.02700000000000001
2024-12-13 18:54:26.413,0.02700000000000001
2024-12-13 18:54:26.455,0.02700000000000001
2024-12-13 18:54:26.477,0.02700000000000001
2024-12-13 18:54:26.498,0.02700000000000001
2024-12-13 18:54:26.534,0.02700000000000001
2024-12-13 18:54:26.560,0.02700000000000001
2024-12-13 18:54:26.628,0.02700000000000001
2024-12-13 18:54:26.654,0.02700000000000001
2024-12-13 18:54:27.628,0.02800000000000001
2024-12-13 18:54:27.655,0.02800000000000001
2024-12-13 18:54:27.666,0.02800000000000001
2024-12-13 18:54:27.692,0.02800000000000001
2024-12-13 18:54:27.734,0.02700000000000001
2024-12-13 18:54:27.782,0.02700000000000001
2024-12-13 18:54:27.803,0.02700000000000001
2024-12-13 18:54:27.829,0.02700000000000001
2024-12-13 18:54:27.860,0.02700000000000001
2024-12-13 18:54:27.892,0.02700000000000001
2024-12-13 18:54:28.694,0.045
2024-12-13 18:54:28.721,0.045
2024-12-13 18:54:28.767,0.031000000000000014
2024-12-13 18:54:28.809,0.031000000000000014
2024-12-13 18:54:28.845,0.031000000000000014
2024-12-13 18:54:28.897,0.031000000000000014
2024-12-13 18:54:28.929,0.031000000000000014
2024-12-13 18:54:28.996,0.031000000000000014
2024-12-13 18:54:29.038,0.031000000000000014
2024-12-13 18:54:29.079,0.031000000000000014
2024-12-13 18:54:29.947,0.02700000000000001
2024-12-13 18:54:29.984,0.02700000000000001
2024-12-13 18:54:30.020,0.02700000000000001
2024-12-13 18:54:30.077,0.02700000000000001
2024-12-13 18:54:30.099,0.02700000000000001
2024-12-13 18:54:30.130,0.02700000000000001
2024-12-13 18:54:30.172,0.02700000000000001
2024-12-13 18:54:30.199,0.02700000000000001
2024-12-13 18:54:30.230,0.02700000000000001
2024-12-13 18:54:30.262,0.02700000000000001
2024-12-13 18:54:30.747,0.02700000000000001
2024-12-13 18:54:30.766,0.02700000000000001
2024-12-13 18:54:30.781,0.02700000000000001
2024-12-13 18:54:30.823,0.02700000000000001
2024-12-13 18:54:30.855,0.02700000000000001
2024-12-13 18:54:30.880,0.02700000000000001
2024-12-13 18:54:30.907,0.02700000000000001
2024-12-13 18:54:30.927,0.02700000000000001
2024-12-13 18:54:30.958,0.02700000000000001
2024-12-13 18:54:31.001,0.02700000000000001
2024-12-13 18:54:31.806,0.045
2024-12-13 18:54:31.842,0.045
2024-12-13 18:54:31.900,0.02700000000000001
2024-12-13 18:54:31.941,0.02700000000000001
2024-12-13 18:54:31.982,0.02700000000000001
2024-12-13 18:54:32.019,0.02700000000000001
2024-12-13 18:54:32.061,0.02700000000000001
2024-12-13 18:54:32.103,0.02700000000000001
2024-12-13 18:54:32.160,0.02700000000000001
2024-12-13 18:54:32.202,0.02700000000000001
2024-12-13 18:54:32.989,0.02700000000000001
2024-12-13 18:54:33.042,0.02700000000000001
2024-12-13 18:54:33.094,0.02700000000000001
2024-12-13 18:54:33.131,0.02700000000000001
2024-12-13 18:54:33.173,0.02700000000000001
2024-12-13 18:54:33.220,0.02700000000000001
2024-12-13 18:54:33.261,0.02700000000000001
2024-12-13 18:54:33.298,0.02700000000000001
2024-12-13 18:54:33.329,0.02700000000000001
2024-12-13 18:54:33.360,0.02700000000000001
2024-12-13 18:54:33.986,0.02700000000000001
2024-12-13 18:54:34.064,0.02700000000000001
2024-12-13 18:54:34.122,0.02700000000000001
2024-12-13 18:54:34.153,0.02700000000000001
2024-12-13 18:54:34.190,0.02700000000000001
2024-12-13 18:54:34.232,0.02700000000000001
2024-12-13 18:54:34.283,0.02700000000000001
2024-12-13 18:54:34.330,0.045
2024-12-13 18:54:34.351,0.045
2024-12-13 18:54:34.398,0.045
2024-12-13 18:54:35.315,0.02700000000000001
2024-12-13 18:54:35.346,0.02700000000000001
2024-12-13 18:54:35.383,0.02700000000000001
2024-12-13 18:54:35.404,0.02700000000000001
2024-12-13 18:54:35.446,0.02700000000000001
2024-12-13 18:54:35.493,0.02700000000000001
2024-12-13 18:54:35.530,0.02700000000000001
2024-12-13 18:54:35.573,0.02700000000000001
2024-12-13 18:54:35.599,0.02700000000000001
2024-12-13 18:54:35.636,0.02700000000000001
2024-12-13 18:54:36.399,0.02700000000000001
2024-12-13 18:54:36.415,0.02700000000000001
2024-12-13 18:54:36.452,0.02700000000000001
2024-12-13 18:54:36.514,0.02700000000000001
2024-12-13 18:54:36.566,0.02700000000000001
2024-12-13 18:54:36.602,0.02700000000000001
2024-12-13 18:54:36.644,0.02700000000000001
2024-12-13 18:54:36.701,0.02700000000000001
2024-12-13 18:54:36.764,0.02700000000000001
2024-12-13 18:54:36.800,0.02700000000000001
2024-12-13 18:54:37.631,0.045
2024-12-13 18:54:37.652,0.045
2024-12-13 18:54:37.678,0.045
2024-12-13 18:54:37.709,0.045
2024-12-13 18:54:37.741,0.045
2024-12-13 18:54:37.793,0.02700000000000001
2024-12-13 18:54:37.829,0.02700000000000001
2024-12-13 18:54:37.851,0.02700000000000001
2024-12-13 18:54:37.914,0.02700000000000001
2024-12-13 18:54:37.935,0.02700000000000001
2024-12-13 18:54:38.806,0.02700000000000001
2024-12-13 18:54:38.863,0.02700000000000001
2024-12-13 18:54:38.910,0.02700000000000001
2024-12-13 18:54:38.951,0.02700000000000001
2024-12-13 18:54:39.019,0.02700000000000001
2024-12-13 18:54:39.062,0.02700000000000001
2024-12-13 18:54:39.083,0.02700000000000001
2024-12-13 18:54:39.120,0.02700000000000001
2024-12-13 18:54:39.161,0.02700000000000001
2024-12-13 18:54:39.219,0.02700000000000001
2024-12-13 18:54:40.066,0.02700000000000001
2024-12-13 18:54:40.108,0.02700000000000001
2024-12-13 18:54:40.139,-0.109
2024-12-13 18:54:40.177,-0.109
2024-12-13 18:54:40.203,-0.109
2024-12-13 18:54:40.276,-0.109
2024-12-13 18:54:40.313,-0.109
2024-12-13 18:54:40.386,-0.109
2024-12-13 18:54:40.417,-0.109
2024-12-13 18:54:40.448,-0.109
2024-12-13 18:54:42.097,-0.109
2024-12-13 18:54:42.124,-0.0020000000000000018
2024-12-13 18:54:42.166,-0.0020000000000000018
2024-12-13 18:54:42.181,-0.0020000000000000018
2024-12-13 18:54:42.198,-0.0020000000000000018
2024-12-13 18:54:42.239,-0.0020000000000000018
2024-12-13 18:54:42.281,-0.0020000000000000018
2024-12-13 18:54:42.297,-0.0020000000000000018
2024-12-13 18:54:42.348,-0.0020000000000000018
2024-12-13 18:54:42.400,-0.0020000000000000018
2024-12-13 18:54:43.683,0.0
2024-12-13 18:54:43.735,0.0
2024-12-13 18:54:43.777,0.0
2024-12-13 18:54:43.798,0.0
2024-12-13 18:54:43.855,0.0
2024-12-13 18:54:43.886,0.0
2024-12-13 18:54:43.923,0.0
2024-12-13 18:54:43.969,0.0
2024-12-13 18:54:44.021,0.0
2024-12-13 18:54:44.063,0.0
2024-12-13 18:54:45.272,0.0
2024-12-13 18:54:45.304,0.0
2024-12-13 18:54:45.355,0.0
2024-12-13 18:54:45.402,0.0
2024-12-13 18:54:45.438,0.0
2024-12-13 18:54:45.501,0.0
2024-12-13 18:54:45.517,0.0
2024-12-13 18:54:45.538,0.0
2024-12-13 18:54:45.592,0.0
2024-12-13 18:54:45.605,0.0
2024-12-13 18:54:45.947,0.0
2024-12-13 18:54:45.968,0.0
2024-12-13 18:54:46.000,0.0
2024-12-13 18:54:46.021,0.0
2024-12-13 18:54:46.047,0.0
2024-12-13 18:54:46.068,0.0
2024-12-13 18:54:46.105,0.0
2024-12-13 18:54:46.141,0.0
2024-12-13 18:54:46.163,0.0
2024-12-13 18:54:46.215,0.0
2024-12-13 18:54:47.312,0.0
2024-12-13 18:54:47.359,0.0
2024-12-13 18:54:47.395,0.0
2024-12-13 18:54:47.432,0.0
2024-12-13 18:54:47.463,0.0
2024-12-13 18:54:47.521,0.0
2024-12-13 18:54:47.552,0.0
2024-12-13 18:54:47.593,0.0
2024-12-13 18:54:47.681,0.0
2024-12-13 18:54:47.723,0.0
2024-12-13 18:54:49.004,0.0
2024-12-13 18:54:49.067,0.0
2024-12-13 18:54:49.113,0.0
2024-12-13 18:54:49.155,0.0
2024-12-13 18:54:49.201,0.0
2024-12-13 18:54:49.248,0.0
2024-12-13 18:54:49.289,0.0
2024-12-13 18:54:49.315,0.0
2024-12-13 18:54:49.368,0.0
2024-12-13 18:54:49.409,0.0
2024-12-13 18:54:50.595,0.0
2024-12-13 18:54:50.637,0.0
2024-12-13 18:54:50.669,0.0
2024-12-13 18:54:50.721,0.0
2024-12-13 18:54:50.757,0.0
2024-12-13 18:54:50.804,0.0
2024-12-13 18:54:50.856,0.0
2024-12-13 18:54:50.893,0.0
2024-12-13 18:54:50.934,0.0
2024-12-13 18:54:50.955,0.0
2024-12-13 18:54:52.146,0.0
2024-12-13 18:54:52.214,0.0
2024-12-13 18:54:52.281,0.0
2024-12-13 18:54:52.313,0.0
2024-12-13 18:54:52.344,0.0
2024-12-13 18:54:52.360,0.0
2024-12-13 18:54:52.396,0.0
2024-12-13 18:54:52.443,0.0
2024-12-13 18:54:52.469,0.0
2024-12-13 18:54:52.496,0.0
2024-12-13 18:54:53.799,0.0
2024-12-13 18:54:53.831,0.0
2024-12-13 18:54:53.883,0.0
2024-12-13 18:54:53.924,0.0
2024-12-13 18:54:53.966,0.0
2024-12-13 18:54:54.008,0.0
2024-12-13 18:54:54.049,0.0
2024-12-13 18:54:54.127,0.0
2024-12-13 18:54:54.163,0.0
2024-12-13 18:54:54.236,0.0
2024-12-13 18:54:55.353,0.0
2024-12-13 18:54:55.411,0.0
2024-12-13 18:54:55.452,0.0
2024-12-13 18:54:55.504,0.0
2024-12-13 18:54:55.551,0.0
2024-12-13 18:54:55.588,0.0
2024-12-13 18:54:55.603,0.0
2024-12-13 18:54:55.629,0.0
2024-12-13 18:54:55.671,0.0
2024-12-13 18:54:55.758,0.0
2024-12-13 18:54:56.800,0.0
2024-12-13 18:54:56.831,0.0
2024-12-13 18:54:56.888,0.0
2024-12-13 18:54:56.914,0.0
2024-12-13 18:54:56.946,0.0
2024-12-13 18:54:57.008,0.0
2024-12-13 18:54:57.049,0.0
2024-12-13 18:54:57.091,0.0
2024-12-13 18:54:57.142,0.0
2024-12-13 18:54:57.195,0.0
2024-12-13 18:54:58.344,0.0
2024-12-13 18:54:58.401,0.0
2024-12-13 18:54:58.439,0.0
2024-12-13 18:54:58.485,0.0
2024-12-13 18:54:58.527,0.0
2024-12-13 18:54:58.558,0.0
2024-12-13 18:54:58.605,0.0
2024-12-13 18:54:58.641,0.0
2024-12-13 18:54:58.688,0.0
2024-12-13 18:54:58.720,0.0
2024-12-13 18:54:59.820,0.0
2024-12-13 18:54:59.857,0.0
2024-12-13 18:54:59.898,0.0
2024-12-13 18:54:59.914,0.0
2024-12-13 18:54:59.961,0.0
2024-12-13 18:55:00.003,0.0
2024-12-13 18:55:00.044,0.0
2024-12-13 18:55:00.096,0.0
2024-12-13 18:55:00.184,0.0
2024-12-13 18:55:00.220,0.0
2024-12-13 18:55:01.377,0.0
2024-12-13 18:55:01.429,0.0
2024-12-13 18:55:01.533,0.0
2024-12-13 18:55:01.560,0.0
2024-12-13 18:55:01.591,0.0
2024-12-13 18:55:01.627,0.0
2024-12-13 18:55:01.659,0.0
2024-12-13 18:55:01.716,0.0
2024-12-13 18:55:01.743,0.0
2024-12-13 18:55:01.784,0.0
2024-12-13 18:55:02.662,0.0
2024-12-13 18:55:02.693,0.0
2024-12-13 18:55:02.730,0.0
2024-12-13 18:55:02.756,0.0
2024-12-13 18:55:02.792,0.0
2024-12-13 18:55:02.850,0.0
2024-12-13 18:55:02.896,0.0
2024-12-13 18:55:02.953,0.0
2024-12-13 18:55:02.995,0.0
2024-12-13 18:55:03.052,0.0
2024-12-13 18:55:04.290,0.0
2024-12-13 18:55:04.353,0.0
2024-12-13 18:55:04.385,0.0
2024-12-13 18:55:04.447,0.0
2024-12-13 18:55:04.504,0.0
2024-12-13 18:55:04.540,0.0
2024-12-13 18:55:04.572,0.0
2024-12-13 18:55:04.603,0.0
2024-12-13 18:55:04.645,0.0
2024-12-13 18:55:04.682,0.0
2024-12-13 18:55:05.872,0.0
2024-12-13 18:55:05.923,0.0
2024-12-13 18:55:05.991,0.0
2024-12-13 18:55:06.033,0.0
2024-12-13 18:55:06.075,0.0
2024-12-13 18:55:06.142,0.0
2024-12-13 18:55:06.179,0.0
2024-12-13 18:55:06.205,0.0
2024-12-13 18:55:06.251,0.0
2024-12-13 18:55:06.294,0.0
2024-12-13 18:55:07.589,0.0
2024-12-13 18:55:07.626,0.0
2024-12-13 18:55:07.677,0.0
2024-12-13 18:55:07.704,0.0
2024-12-13 18:55:07.735,0.0
2024-12-13 18:55:07.792,0.0
2024-12-13 18:55:07.854,0.0
2024-12-13 18:55:07.921,0.0
2024-12-13 18:55:07.963,0.0
2024-12-13 18:55:08.010,0.0
2024-12-13 18:55:09.447,0.0
2024-12-13 18:55:09.493,0.0
2024-12-13 18:55:09.530,0.0
2024-12-13 18:55:09.577,0.0
2024-12-13 18:55:09.624,0.0
2024-12-13 18:55:09.645,0.0
2024-12-13 18:55:09.687,0.0
2024-12-13 18:55:09.728,0.0
2024-12-13 18:55:09.774,0.0
2024-12-13 18:55:09.837,0.0
2024-12-13 18:55:11.046,0.0
2024-12-13 18:55:11.088,0.0
2024-12-13 18:55:11.119,0.0
2024-12-13 18:55:11.151,0.0
2024-12-13 18:55:11.197,0.0
2024-12-13 18:55:11.239,0.0
2024-12-13 18:55:11.296,0.0
2024-12-13 18:55:11.343,0.0
2024-12-13 18:55:11.374,0.0
2024-12-13 18:55:11.416,0.0
2024-12-13 18:55:12.674,0.0
2024-12-13 18:55:12.726,0.0
2024-12-13 18:55:12.753,0.0
2024-12-13 18:55:12.784,0.0
2024-12-13 18:55:12.826,0.0
2024-12-13 18:55:12.852,0.0
2024-12-13 18:55:12.889,0.0
2024-12-13 18:55:12.931,0.0
2024-12-13 18:55:12.957,0.0
2024-12-13 18:55:13.014,0.0
2024-12-13 18:55:14.381,0.0
2024-12-13 18:55:14.428,0.0
2024-12-13 18:55:14.475,0.0
2024-12-13 18:55:14.496,0.0
2024-12-13 18:55:14.512,0.0
2024-12-13 18:55:14.533,0.0
2024-12-13 18:55:14.554,0.0
2024-12-13 18:55:14.621,0.0
2024-12-13 18:55:14.669,0.0
2024-12-13 18:55:14.731,0.0
2024-12-13 18:55:15.769,0.0
2024-12-13 18:55:15.824,0.0
2024-12-13 18:55:15.892,0.0
2024-12-13 18:55:15.928,0.0
2024-12-13 18:55:15.945,0.0
2024-12-13 18:55:15.971,0.0
2024-12-13 18:55:15.997,0.0
2024-12-13 18:55:16.034,0.0
2024-12-13 18:55:16.101,0.0
2024-12-13 18:55:16.132,0.0
2024-12-13 18:55:17.473,0.0
2024-12-13 18:55:17.515,0.0
2024-12-13 18:55:17.567,0.0
2024-12-13 18:55:17.609,0.0
2024-12-13 18:55:17.635,0.0
2024-12-13 18:55:17.671,0.0
2024-12-13 18:55:17.729,0.0
2024-12-13 18:55:17.770,0.0
2024-12-13 18:55:17.817,0.0
2024-12-13 18:55:17.859,0.0
2024-12-13 18:55:18.992,0.0
2024-12-13 18:55:19.039,0.0
2024-12-13 18:55:19.070,0.0
2024-12-13 18:55:19.106,0.0
2024-12-13 18:55:19.158,0.0
2024-12-13 18:55:19.190,0.0
2024-12-13 18:55:19.237,0.0
2024-12-13 18:55:19.294,0.0
2024-12-13 18:55:19.366,0.0
2024-12-13 18:55:19.403,0.0
2024-12-13 18:55:20.411,0.0
2024-12-13 18:55:20.437,0.0
2024-12-13 18:55:20.479,0.0
2024-12-13 18:55:20.505,0.0
2024-12-13 18:55:20.532,0.0
2024-12-13 18:55:20.578,0.0
2024-12-13 18:55:20.646,0.0
2024-12-13 18:55:20.688,0.0
2024-12-13 18:55:20.745,0.0
2024-12-13 18:55:20.808,0.0
2024-12-13 18:55:22.192,0.0
2024-12-13 18:55:22.260,0.0
2024-12-13 18:55:22.306,0.0
2024-12-13 18:55:22.374,0.0
2024-12-13 18:55:22.410,0.0
2024-12-13 18:55:22.472,0.0
2024-12-13 18:55:22.493,0.0
2024-12-13 18:55:22.524,0.0
2024-12-13 18:55:22.576,0.0
2024-12-13 18:55:22.633,0.0
2024-12-13 18:55:24.076,0.0
2024-12-13 18:55:24.138,0.0
2024-12-13 18:55:24.210,0.0
2024-12-13 18:55:24.283,0.0
2024-12-13 18:55:24.330,0.0
2024-12-13 18:55:24.377,0.0
2024-12-13 18:55:24.429,0.0
2024-12-13 18:55:24.501,0.0
2024-12-13 18:55:24.538,0.0
2024-12-13 18:55:24.585,0.0
2024-12-13 18:55:24.926,0.0
2024-12-13 18:55:24.947,0.0
2024-12-13 18:55:25.026,0.0
2024-12-13 18:55:25.063,0.0
2024-12-13 18:55:25.130,0.0
2024-12-13 18:55:25.161,0.0
2024-12-13 18:55:25.193,0.0
2024-12-13 18:55:25.214,0.0
2024-12-13 18:55:25.292,0.0
2024-12-13 18:55:25.318,0.0
2024-12-13 18:55:26.796,0.0
2024-12-13 18:55:26.832,0.0
2024-12-13 18:55:26.874,0.0
2024-12-13 18:55:26.905,0.0
2024-12-13 18:55:26.942,0.0
2024-12-13 18:55:27.004,0.0
2024-12-13 18:55:27.041,0.0
2024-12-13 18:55:27.072,0.0
2024-12-13 18:55:27.113,0.0
2024-12-13 18:55:27.155,0.0
2024-12-13 18:55:28.499,0.0
2024-12-13 18:55:28.536,0.0
2024-12-13 18:55:28.598,0.0
2024-12-13 18:55:28.661,0.0
2024-12-13 18:55:28.723,0.0
2024-12-13 18:55:28.744,0.0
2024-12-13 18:55:28.791,0.0
2024-12-13 18:55:28.848,0.0
2024-12-13 18:55:28.905,0.0
2024-12-13 18:55:28.947,0.0
2024-12-13 18:55:30.490,0.0
2024-12-13 18:55:30.510,0.0
2024-12-13 18:55:30.542,0.0
2024-12-13 18:55:30.558,0.0
2024-12-13 18:55:30.622,0.0
2024-12-13 18:55:30.640,0.0
2024-12-13 18:55:30.645,0.0
2024-12-13 18:55:30.686,0.0
2024-12-13 18:55:30.712,0.0
2024-12-13 18:55:30.749,0.0
2024-12-13 18:55:31.892,0.0
2024-12-13 18:55:31.954,0.0
2024-12-13 18:55:32.006,0.0
2024-12-13 18:55:32.043,0.0
2024-12-13 18:55:32.084,0.0
2024-12-13 18:55:32.136,0.0
2024-12-13 18:55:32.177,0.0
2024-12-13 18:55:32.219,0.0
2024-12-13 18:55:32.266,0.0
2024-12-13 18:55:32.293,0.0
2024-12-13 18:55:32.640,0.0
2024-12-13 18:55:32.670,0.0
2024-12-13 18:55:32.714,0.0
2024-12-13 18:55:32.737,0.0
2024-12-13 18:55:32.765,0.0
2024-12-13 18:55:32.800,0.0
2024-12-13 18:55:32.845,0.0
2024-12-13 18:55:32.883,0.0
2024-12-13 18:55:32.906,0.0
2024-12-13 18:55:32.963,0.0
2024-12-13 18:55:33.784,0.0
2024-12-13 18:55:33.811,0.0
2024-12-13 18:55:33.828,0.0
2024-12-13 18:55:33.846,0.0
2024-12-13 18:55:33.882,0.0
2024-12-13 18:55:33.904,0.0
2024-12-13 18:55:33.916,0.0
2024-12-13 18:55:33.941,0.0
2024-12-13 18:55:33.969,0.0
2024-12-13 18:55:33.994,0.0
2024-12-13 18:55:35.348,0.0
2024-12-13 18:55:35.359,0.0
2024-12-13 18:55:35.392,0.0
2024-12-13 18:55:35.413,0.0
2024-12-13 18:55:35.434,0.0
2024-12-13 18:55:35.502,0.0
2024-12-13 18:55:35.559,0.0
2024-12-13 18:55:35.596,0.0
2024-12-13 18:55:35.637,0.0
2024-12-13 18:55:35.689,0.0
2024-12-13 18:55:37.156,0.0
2024-12-13 18:55:37.203,0.0
2024-12-13 18:55:37.249,0.0
2024-12-13 18:55:37.296,0.0
2024-12-13 18:55:37.358,0.0
2024-12-13 18:55:37.400,0.0
2024-12-13 18:55:37.436,0.0
2024-12-13 18:55:37.483,0.0
2024-12-13 18:55:37.531,0.0
2024-12-13 18:55:37.567,0.0
2024-12-13 18:55:38.876,0.0
2024-12-13 18:55:38.908,0.0
2024-12-13 18:55:38.954,0.0
2024-12-13 18:55:39.012,0.0
2024-12-13 18:55:39.048,0.0
2024-12-13 18:55:39.095,0.0
2024-12-13 18:55:39.137,0.0
2024-12-13 18:55:39.163,0.0
2024-12-13 18:55:39.215,0.0
2024-12-13 18:55:39.297,0.0
2024-12-13 18:55:40.584,0.0
2024-12-13 18:55:40.636,0.0
2024-12-13 18:55:40.678,0.0
2024-12-13 18:55:40.709,0.0
2024-12-13 18:55:40.746,0.0
2024-12-13 18:55:40.782,0.0
2024-12-13 18:55:40.844,0.0
2024-12-13 18:55:40.896,0.0
2024-12-13 18:55:40.948,0.0
2024-12-13 18:55:40.964,0.0
2024-12-13 18:55:42.019,0.0
2024-12-13 18:55:42.040,0.0
2024-12-13 18:55:42.098,0.0
2024-12-13 18:55:42.155,0.0
2024-12-13 18:55:42.217,0.0
2024-12-13 18:55:42.259,0.0
2024-12-13 18:55:42.300,0.0
2024-12-13 18:55:42.357,0.0
2024-12-13 18:55:42.373,0.0
2024-12-13 18:55:42.435,0.0
2024-12-13 18:55:44.366,0.0
2024-12-13 18:55:44.407,0.0
2024-12-13 18:55:44.469,0.0
2024-12-13 18:55:44.521,0.0
2024-12-13 18:55:44.568,0.0
2024-12-13 18:55:44.604,0.0
2024-12-13 18:55:44.661,0.0
2024-12-13 18:55:44.697,0.0
2024-12-13 18:55:44.734,0.0
2024-12-13 18:55:44.791,0.0
2024-12-13 18:55:45.786,0.0
2024-12-13 18:55:45.807,0.0
2024-12-13 18:55:45.838,0.0
2024-12-13 18:55:45.880,0.0
2024-12-13 18:55:45.942,0.0
2024-12-13 18:55:45.984,0.0
2024-12-13 18:55:46.025,0.0
2024-12-13 18:55:46.066,0.0
2024-12-13 18:55:46.108,0.0
2024-12-13 18:55:46.144,0.0
