PV,MV,BO,TP,MO,TP_O
1,0,0,1164,3599,550
1,0,1,1011,3597,550
1,0,0,944,3600,550
1,0,0,1013,3598,550
1,0,0,824,3597,550
1,0,0,935,3601,550
1,0,0,955,3599,550
1,0,1,952,3602,550
1,0,1,862,3601,550
1,0,1,864,3600,550
1,0,1,865,3604,550
1,0,1,870,3605,550
1,0,0,920,3605,550
1,0,1,952,3604,550
1,0,0,898,3606,550
1,0,0,951,3604,550
1,0,0,953,3604,550
1,0,0,959,3604,550
1,0,1,954,3602,550
1,0,1,812,3604,550
1,0,1,817,3607,550
1,0,1,825,3607,550
1,0,0,900,3611,550
1,0,1,919,3607,550
1,0,0,879,3610,550
1,0,0,962,3609,550
1,0,0,960,3610,550
1,0,0,945,3610,550
1,0,0,955,3609,550
1,0,1,928,3607,550
1,0,1,798,3609,550
1,0,1,806,3611,550
1,0,0,875,3615,550
1,0,0,958,3612,550
1,0,0,953,3612,550
1,0,1,942,3611,550
1,0,1,803,3613,550
1,0,1,807,3616,550
1,0,1,817,3614,550
1,0,1,813,3617,550
1,0,1,831,3617,550
1,0,1,794,3620,550
1,0,0,878,3622,550
1,0,0,964,3619,550
1,0,0,962,3618,550
1,0,1,941,3618,550
1,0,0,857,3621,550
1,0,0,955,3619,550
1,0,0,959,3619,550
1,0,0,950,3618,550
1,0,0,958,3618,550
1,0,1,921,3616,550
1,0,0,855,3621,550
1,0,0,959,3620,550
1,0,0,959,3621,550
1,0,0,953,3621,550
1,0,0,959,3621,550
1,0,1,952,3617,550
1,0,0,852,3623,550
1,0,0,960,3622,550
1,0,0,962,3621,550
1,0,0,957,3621,550
1,0,0,960,3619,550
1,0,0,960,3621,550
1,0,0,956,3620,550
1,0,0,954,3620,550
1,0,1,935,3664,550
1,0,1,774,3622,550
1,0,1,770,3624,550
1,0,1,770,3624,550
1,0,1,771,3663,550
1,0,1,781,3629,550
1,0,1,781,3630,550
1,0,1,784,3630,550
1,0,1,790,3631,550
1,0,1,792,3632,550
1,0,1,783,3632,550
1,0,1,790,3634,550
1,0,1,775,3634,550
1,0,1,774,3636,550
1,0,1,775,3671,550
1,0,1,786,3640,550
1,0,0,878,3642,550
1,0,0,976,3640,550
1,0,0,969,3639,550
1,0,0,965,3639,550
1,0,1,959,3635,550
1,0,1,726,3638,550
1,0,1,731,3641,550
1,0,1,731,3642,550
1,0,1,733,3643,550
1,0,1,737,3646,550
1,0,1,734,3646,550
1,0,1,740,3647,550
1,0,1,758,3650,550
1,0,1,759,3650,550
1,0,1,762,3652,550
1,0,1,756,3653,550
1,0,1,740,3653,550
1,0,1,737,3656,550
1,0,1,749,3658,550
1,0,0,852,3662,550
1,0,0,978,3658,550
1,0,0,966,3658,550
1,0,0,952,3658,550
1,0,0,957,3658,550
1,0,0,949,3657,550
1,0,0,951,3657,550
1,0,0,946,3657,550
1,0,0,956,3657,550
1,0,0,947,3656,550
1,0,0,953,3657,550
1,0,0,952,3655,550
1,0,0,957,3656,550
1,0,0,956,3656,550
1,0,0,955,3656,550
1,0,0,952,3656,550
1,0,1,882,3655,550
1,0,1,738,3657,550
1,0,1,745,3659,550
1,0,1,746,3660,550
1,0,1,747,3662,550
1,0,0,840,3666,550
1,0,0,976,3662,550
1,0,0,968,3662,550
1,0,0,965,3663,550
1,0,1,945,3659,550
1,0,1,717,3664,550
1,0,1,713,3664,550
1,0,1,707,3667,550
1,0,1,702,3668,550
1,0,1,732,3668,550
1,0,1,705,3669,550
1,0,1,712,3671,550
1,0,1,715,3724,550
1,0,1,721,3680,550
1,0,1,716,3683,550
1,0,1,719,3675,550
1,0,1,736,3679,550
1,0,1,706,3678,550
1,0,1,727,3680,550
1,0,1,709,3681,550
1,0,0,820,3686,550
1,0,0,985,3683,550
1,0,0,982,3681,550
1,0,0,969,3681,550
1,0,1,949,3678,550
1,0,1,667,3681,550
1,0,1,688,3684,550
1,0,1,703,3685,550
1,0,1,708,3687,550
1,0,1,690,3689,550
1,0,1,692,3769,550
1,0,1,680,3690,550
1,0,1,686,3691,550
1,0,1,682,3692,550
1,0,1,710,3694,550
1,0,1,711,3696,550
1,0,1,711,3698,550
1,0,1,684,3698,550
1,0,1,678,3699,550
1,0,1,703,3706,550
1,0,0,801,3704,550
1,0,0,992,3701,550
1,0,0,973,3701,550
1,0,0,974,3700,550
1,0,1,970,3694,550
1,0,1,667,3699,550
1,0,1,657,3701,550
1,0,1,651,3704,550
1,0,1,666,3706,550
1,0,1,667,3708,550
1,0,1,685,3710,550
1,0,1,684,3767,550
1,0,1,666,3709,550
1,0,1,660,3711,550
1,0,1,660,3713,550
1,0,1,662,3714,550
1,0,1,653,3715,550
1,0,1,668,3716,550
1,0,1,681,3720,550
1,0,1,690,3722,550
1,0,0,797,3723,550
1,0,0,989,3722,550
1,0,0,975,3720,550
1,0,0,973,3719,550
1,0,1,908,3715,550
1,0,1,631,3719,550
1,0,1,649,3720,550
1,0,1,664,3723,550
1,0,1,671,3728,550
1,0,1,669,3724,550
1,0,1,652,3725,550
1,0,1,636,3727,550
1,0,1,655,3728,550
1,0,1,637,3730,550
1,0,1,634,3832,550
1,0,1,666,3732,550
1,0,1,673,3738,550
1,0,1,666,3733,550
1,0,1,664,3736,550
1,0,1,636,3736,550
1,0,0,783,3741,550
1,0,0,996,3738,550
1,0,0,977,3736,550
1,0,0,977,3736,550
1,0,1,977,3731,550
1,0,1,646,3743,550
1,0,1,624,3737,550
1,0,1,627,3739,550
1,0,1,658,3749,550
1,0,1,627,3752,550
1,0,1,627,3743,550
1,0,1,639,3745,550
1,0,1,659,3811,550
1,0,1,622,3747,550
1,0,1,642,3748,550
1,0,1,646,3750,550
1,0,1,655,3750,550
1,0,1,618,3752,550
1,0,1,645,3753,550
1,0,1,649,3756,550
1,0,0,797,3758,550
1,0,0,994,3756,550
1,0,0,979,3756,550
1,0,0,978,3754,550
1,0,1,978,3752,550
1,0,1,626,3756,550
1,0,1,616,3756,550
1,0,1,604,3757,550
1,0,1,600,3758,550
1,0,1,608,3759,550
1,0,1,608,3761,550
1,0,1,624,3761,550
1,0,1,641,3762,550
1,0,1,641,3832,550
1,0,1,635,3766,550
1,0,1,639,3773,550
1,0,1,633,3768,550
1,0,1,619,3770,550
1,0,1,605,3770,550
1,0,1,624,3771,550
1,0,0,789,3776,550
1,0,0,991,3772,550
1,0,0,981,3772,550
1,0,0,978,3770,550
1,0,1,976,3769,550
1,0,1,572,3770,550
1,0,1,588,3773,550
1,0,1,610,3773,550
1,0,1,630,3775,550
1,0,1,584,3775,550
1,0,1,586,3777,550
1,0,1,591,3778,550
1,0,1,608,3780,550
1,0,1,628,3781,550
1,0,1,586,3781,550
1,0,1,582,3783,550
1,0,1,592,3785,550
1,0,1,608,3785,550
1,0,1,628,3785,550
1,0,1,585,3786,550
1,0,0,781,3794,550
1,0,0,989,3790,550
1,0,0,982,3789,550
1,0,0,976,3789,550
1,0,1,977,3787,550
1,0,1,577,3786,550
1,0,1,601,3791,550
1,0,1,608,3789,550
1,0,1,588,3793,550
1,0,1,607,3792,550
1,0,1,568,3793,550
1,0,1,621,3793,550
1,0,1,570,3796,550
1,0,1,616,3802,550
1,0,1,625,3800,550
1,0,1,603,3800,550
1,0,1,607,3799,550
1,0,1,589,3802,550
1,0,1,625,3801,550
1,0,1,600,3876,550
1,0,0,737,3808,550
1,0,0,990,3806,550
1,0,0,981,3804,550
1,0,0,977,3803,550
1,0,1,977,3803,550
1,0,1,558,3803,550
1,0,1,595,3802,550
1,0,1,600,3814,550
1,0,1,553,3806,550
1,0,1,611,3809,550
1,0,1,587,3810,550
1,0,1,566,3809,550
1,0,1,596,3813,550
1,0,1,584,3814,550
1,0,1,602,3900,550
1,0,1,609,3813,550
1,0,1,567,3816,550
1,0,1,595,3816,550
1,0,1,572,3817,550
1,0,1,599,3820,550
1,0,0,768,3824,550
1,0,0,987,3823,550
1,0,0,980,3821,550
1,0,0,979,3821,550
1,0,1,976,3817,550
1,0,1,590,3817,550
1,0,1,569,3820,550
1,0,1,599,3818,550
1,0,1,571,3823,550
1,0,1,592,3822,550
1,0,1,596,3823,550
1,0,1,578,3827,550
1,0,1,588,3826,550
1,0,1,578,3829,550
1,0,1,577,3828,550
1,0,1,574,3829,550
1,0,1,584,3832,550
1,0,1,574,3831,550
1,0,1,585,3834,550
1,0,1,564,3832,550
1,0,0,758,3839,550
1,0,0,989,3836,550
1,0,0,981,3835,550
1,0,0,978,3836,550
1,0,1,974,3831,550
1,0,1,564,3834,550
1,0,1,584,3907,550
1,0,1,592,3833,550
1,0,1,597,3836,550
1,0,1,557,3837,550
1,0,1,597,3837,550
1,0,1,594,3840,550
1,0,1,577,3840,550
1,0,1,553,3840,550
1,0,1,551,3843,550
1,0,1,550,3843,550
1,0,1,534,3843,550
1,0,1,537,3845,550
1,0,1,493,2197,550
1,0,1,499,1809,550
1,0,0,684,1587,550
1,0,0,994,1570,550
1,0,0,982,1347,550
1,0,0,980,1221,550
1,0,1,980,1131,550
1,0,1,577,1060,550
1,0,1,582,993,550
1,0,1,566,943,550
1,0,1,609,890,550
1,0,1,579,843,550
1,0,1,594,794,550
1,0,1,560,755,550
1,0,1,546,716,550
1,0,1,587,676,550
1,0,1,556,641,550
1,0,1,572,603,550
1,0,1,543,575,550
1,0,1,528,545,550
1,0,1,566,515,550
1,0,1,541,487,550
1,0,0,705,465,550
1,0,0,993,439,550
1,0,0,985,416,550
1,0,0,981,392,550
1,0,1,981,369,550
1,0,1,490,346,550
1,0,1,519,337,550
1,0,1,542,311,550
1,0,1,492,297,550
1,0,1,535,279,550
1,0,1,500,266,550
1,0,1,513,261,550
1,0,1,537,240,550
1,0,1,486,227,550
1,0,1,527,214,550
1,0,1,489,204,550
1,0,1,529,193,550
1,0,1,495,184,550
1,0,1,499,177,550
1,0,1,477,166,550
1,0,0,649,163,550
1,0,0,988,155,550
1,0,0,980,147,550
1,0,0,972,139,550
1,0,1,958,126,550
1,0,1,500,205,550
1,0,1,510,115,550
1,0,1,478,111,550
1,0,1,517,104,550
1,0,1,480,101,550
1,0,1,509,182,550
1,0,1,510,91,550
1,0,1,485,86,550
1,0,1,514,81,550
1,0,1,496,79,550
1,0,1,487,77,550
1,0,1,513,71,550
1,0,1,482,70,550
1,0,1,509,65,550
1,0,0,628,69,550
1,0,0,963,69,550
1,0,0,952,65,550
1,0,0,941,62,550
1,0,0,945,60,550
1,0,0,941,57,550
1,0,0,944,54,550
1,0,0,940,53,550
1,0,0,941,51,550
1,0,0,937,49,550
1,0,1,939,42,550
1,0,1,481,110,550
1,0,1,503,36,550
1,0,1,464,36,550
1,0,1,501,133,550
1,0,1,478,33,550
1,0,1,470,34,550
1,0,1,503,30,550
1,0,1,493,30,550
1,0,1,474,31,550
1,0,1,498,119,550
1,0,0,611,34,550
1,0,0,959,38,550
1,0,0,948,35,550
1,0,0,945,34,550
1,0,0,948,34,550
1,0,0,950,34,550
1,0,0,950,32,550
1,0,0,950,31,550
1,0,0,951,31,550
1,0,0,954,31,550
1,0,0,953,30,550
1,0,0,954,30,550
1,0,0,953,29,550
1,0,0,958,28,550
1,0,0,964,28,550
1,0,0,963,29,550
1,0,0,960,28,550
1,0,0,959,27,550
1,0,0,956,26,550
1,0,0,959,26,550
1,0,0,957,26,550
1,0,0,953,26,550
1,0,0,952,24,550
1,0,0,953,24,550
1,0,0,952,24,550
1,0,0,951,24,550
1,0,0,952,24,550
1,0,0,958,23,550
1,0,0,959,23,550
1,0,0,961,23,550
1,0,0,960,23,550
1,0,0,964,24,550
1,0,0,965,22,550
1,0,0,961,23,550
1,0,0,963,23,550
1,0,0,965,22,550
1,0,0,969,41,550
1,0,0,970,50,550
1,0,0,973,57,550
1,0,1,974,49,550
1,0,0,631,62,550
1,0,0,993,70,550
1,0,0,971,70,550
1,0,0,969,71,550
1,0,1,977,74,550
1,0,1,501,70,550
1,0,1,482,79,550
1,0,1,520,80,550
1,0,1,508,87,550
1,0,1,513,209,550
1,0,1,528,96,550
1,0,1,480,102,550
1,0,1,524,106,550
1,0,1,481,113,550
1,0,1,504,115,550
1,0,1,478,122,550
1,0,1,526,124,550
1,0,1,481,130,550
1,0,1,511,237,550
1,0,1,480,137,550
1,0,0,662,148,550
1,0,0,989,146,550
1,0,0,979,145,550
1,0,0,972,144,550
1,0,1,969,138,550
1,0,1,512,146,550
1,0,1,510,153,550
1,0,1,492,161,550
1,0,1,527,162,550
1,0,1,509,169,550
1,0,1,527,171,550
1,0,1,516,177,550
1,0,1,502,186,550
1,0,1,517,187,550
1,0,1,533,298,550
1,0,1,526,196,550
1,0,1,485,201,550
1,0,1,530,201,550
1,0,1,512,223,550
1,0,1,487,211,550
1,0,0,669,221,550
1,0,0,989,215,550
1,0,0,980,214,550
1,0,0,977,213,550
1,0,1,971,209,550
1,0,1,519,217,550
1,0,1,518,224,550
1,0,1,499,231,550
1,0,1,539,233,550
1,0,1,519,240,550
1,0,1,532,242,550
1,0,1,524,247,550
1,0,1,499,253,550
1,0,1,537,254,550
1,0,1,517,261,550
1,0,1,536,262,550
1,0,1,524,266,550
1,0,1,500,274,550
1,0,1,539,273,550
1,0,1,502,279,550
1,0,0,685,288,550
1,0,0,992,281,550
1,0,0,980,280,550
1,0,0,979,279,550
1,0,1,977,276,550
1,0,1,532,282,550
1,0,1,496,290,550
1,0,1,522,312,550
1,0,1,547,298,550
1,0,1,537,307,550
1,0,1,548,307,550
1,0,1,500,312,550
1,0,1,523,332,550
1,0,1,549,318,550
1,0,1,538,325,550
1,0,1,548,326,550
1,0,1,502,332,550
1,0,1,527,351,550
1,0,1,550,337,550
1,0,1,527,344,550
1,0,0,659,350,550
1,0,0,995,344,550
1,0,0,985,342,550
1,0,0,979,341,550
1,0,1,979,340,550
1,0,1,533,346,550
1,0,1,501,354,550
1,0,1,547,355,550
1,0,1,533,362,550
1,0,1,554,469,550
1,0,1,549,370,550
1,0,1,504,376,550
1,0,1,550,376,550
1,0,1,539,381,550
1,0,1,556,488,550
1,0,1,546,388,550
1,0,1,506,394,550
1,0,1,550,393,550
1,0,1,538,398,550
1,0,1,552,407,550
1,0,0,646,411,550
1,0,0,990,404,550
1,0,0,978,402,550
1,0,0,981,401,550
1,0,1,980,401,550
1,0,1,491,406,550
1,0,1,536,505,550
1,0,1,558,415,550
1,0,1,501,422,550
1,0,1,544,423,550
1,0,1,508,429,550
1,0,1,540,526,550
1,0,1,561,435,550
1,0,1,501,441,550
1,0,1,546,442,550
1,0,1,508,448,550
1,0,1,564,450,550
1,0,1,513,455,550
1,0,1,538,474,550
1,0,1,513,461,550
1,0,0,708,470,550
1,0,0,995,463,550
1,0,0,985,460,550
1,0,0,979,460,550
1,0,1,976,456,550
1,0,1,548,463,550
1,0,1,547,470,550
1,0,1,520,477,550
1,0,1,565,477,550
1,0,1,539,484,550
1,0,1,560,485,550
1,0,1,549,490,550
1,0,1,529,499,550
1,0,1,550,499,550
1,0,1,571,600,550
1,0,1,560,505,550
1,0,1,514,511,550
1,0,1,563,512,550
1,0,1,544,534,550
1,0,1,515,520,550
1,0,0,715,529,550
1,0,0,993,522,550
1,0,0,980,521,550
1,0,0,980,520,550
1,0,1,970,515,550
1,0,1,551,644,550
1,0,1,561,529,550
1,0,1,517,536,550
1,0,1,568,537,550
1,0,1,540,543,550
1,0,1,562,671,550
1,0,1,565,549,550
1,0,1,518,554,550
1,0,1,570,554,550
1,0,1,540,561,550
1,0,1,564,687,550
1,0,1,566,566,550
1,0,1,520,571,550
1,0,1,570,571,550
1,0,1,521,576,550
1,0,0,724,584,550
1,0,0,995,578,550
1,0,0,986,576,550
1,0,0,982,574,550
1,0,1,982,572,550
1,0,1,566,577,550
1,0,1,514,585,550
1,0,1,558,673,550
1,0,1,579,591,550
1,0,1,573,599,550
1,0,1,583,598,550
1,0,1,520,603,550
1,0,1,559,690,550
1,0,1,581,608,550
1,0,1,575,616,550
1,0,1,582,615,550
1,0,1,518,619,550
1,0,1,558,706,550
1,0,1,584,624,550
1,0,1,562,631,550
1,0,0,671,636,550
1,0,0,993,630,550
1,0,0,979,628,550
1,0,0,983,627,550
1,0,1,978,626,550
1,0,1,572,631,550
1,0,1,575,635,550
1,0,1,563,641,550
1,0,1,537,648,550
1,0,1,528,648,550
1,0,1,522,654,550
1,0,1,582,653,550
1,0,1,567,659,550
1,0,1,535,664,550
1,0,1,531,664,550
1,0,1,530,671,550
1,0,1,582,670,550
1,0,1,568,674,550
1,0,1,536,680,550
1,0,1,565,680,550
1,0,0,722,688,550
1,0,0,995,683,550
1,0,0,979,680,550
1,0,0,980,679,550
1,0,1,933,674,550
1,0,1,525,685,550
1,0,1,538,688,550
1,0,1,555,698,550
1,0,1,593,695,550
1,0,1,573,702,550
1,0,1,590,702,550
1,0,1,545,707,550
1,0,1,555,715,550
1,0,1,595,712,550
1,0,1,574,719,550
1,0,1,593,719,550
1,0,1,542,725,550
1,0,1,589,725,550
1,0,1,561,729,550
1,0,1,593,743,550
1,0,0,687,739,550
1,0,0,997,734,550
1,0,0,986,731,550
1,0,0,981,730,550
1,0,1,980,731,550
1,0,1,553,735,550
1,0,1,598,738,550
1,0,1,537,744,550
1,0,1,569,762,550
1,0,1,531,751,550
1,0,1,557,758,550
1,0,1,599,757,550
1,0,1,528,763,550
1,0,1,603,764,550
1,0,1,582,771,550
1,0,1,603,770,550
1,0,1,551,775,550
1,0,1,562,782,550
1,0,1,531,783,550
1,0,0,729,787,550
1,0,0,980,781,550
1,0,0,975,781,550
1,0,0,966,780,550
1,0,0,970,778,550
1,0,0,962,778,550
1,0,0,969,777,550
1,0,0,958,778,550
1,0,0,965,778,550
1,0,0,958,778,550
1,0,0,962,778,550
1,0,0,957,778,550
1,0,1,961,777,550
1,0,1,583,783,550
1,0,1,526,788,550
1,0,1,585,923,550
1,0,1,586,795,550
1,0,1,600,870,550
1,0,1,597,801,550
1,0,1,532,806,550
1,0,1,588,940,550
1,0,0,685,815,550
1,0,0,987,809,550
1,0,0,978,807,550
1,0,0,977,807,550
1,0,1,981,805,550
1,0,1,557,810,550
1,0,1,558,818,550
1,0,1,604,816,550
1,0,1,554,823,550
1,0,1,607,831,550
1,0,1,576,829,550
1,0,1,559,836,550
1,0,1,610,834,550
1,0,1,557,838,550
1,0,1,607,914,550
1,0,1,569,843,550
1,0,1,561,850,550
1,0,1,610,848,550
1,0,1,557,853,550
1,0,1,607,914,550
1,0,0,706,862,550
1,0,0,999,856,550
1,0,0,983,854,550
1,0,0,979,853,550
1,0,1,978,853,550
1,0,1,523,859,550
1,0,1,589,967,550
1,0,1,607,865,550
1,0,1,539,871,550
1,0,1,574,871,550
1,0,1,535,877,550
1,0,1,595,983,550
1,0,1,610,881,550
1,0,1,539,886,550
1,0,1,568,886,550
1,0,1,497,888,550
1,0,1,533,995,550
1,0,1,535,892,550
1,0,1,511,896,550
1,0,1,506,896,550
1,0,0,700,903,550
1,0,0,994,900,550
1,0,0,988,897,550
1,0,0,982,898,550
1,0,1,914,892,550
1,0,1,514,903,550
1,0,1,542,901,550
1,0,1,501,906,550
1,0,1,545,908,550
1,0,1,518,911,550
1,0,1,533,1001,550
1,0,1,527,915,550
1,0,1,521,922,550
1,0,1,549,921,550
1,0,1,523,924,550
1,0,1,545,925,550
1,0,1,500,929,550
1,0,1,536,1034,550
1,0,1,526,933,550
1,0,1,546,942,550
1,0,0,666,943,550
1,0,0,991,939,550
1,0,0,980,937,550
1,0,0,981,935,550
1,0,1,979,936,550
1,0,1,486,937,550
1,0,1,537,1060,550
1,0,1,519,944,550
1,0,1,530,952,550
1,0,1,498,950,550
1,0,1,508,954,550
1,0,1,550,954,550
1,0,1,509,960,550
1,0,1,552,960,550
1,0,1,520,964,550
1,0,1,547,964,550
1,0,1,518,969,550
1,0,1,527,975,550
1,0,1,547,973,550
1,0,1,545,979,550
1,0,0,679,981,550
1,0,0,993,979,550
1,0,0,981,976,550
1,0,0,978,976,550
1,0,1,980,975,550
1,0,1,500,976,550
1,0,1,529,996,550
1,0,1,551,982,550
1,0,1,511,986,550
1,0,1,521,987,550
1,0,1,503,992,550
1,0,1,546,1116,550
1,0,1,523,995,550
1,0,1,531,1003,550
1,0,1,510,1000,550
1,0,1,525,1006,550
1,0,1,555,1005,550
1,0,1,510,1011,550
1,0,1,555,1010,550
1,0,1,540,1015,550
1,0,0,712,1020,550
1,0,0,991,1016,550
1,0,0,984,1015,550
1,0,0,983,1013,550
1,0,1,979,1013,550
1,0,1,528,1014,550
1,0,1,548,1017,550
1,0,1,515,1021,550
1,0,1,544,1126,550
1,0,1,514,1027,550
1,0,1,537,1039,550
1,0,1,548,1032,550
1,0,1,525,1039,550
1,0,1,558,1037,550
1,0,1,541,1042,550
1,0,1,559,1042,550
1,0,1,506,1047,550
1,0,1,558,1047,550
1,0,1,504,1052,550
1,0,1,550,1052,550
1,0,0,706,1062,550
1,0,0,991,1056,550
1,0,0,983,1055,550
1,0,0,979,1054,550
1,0,1,962,1049,550
1,0,1,526,1059,550
1,0,1,512,1060,550
1,0,1,545,1165,550
1,0,1,538,1065,550
1,0,1,562,1108,550
1,0,1,554,1071,550
1,0,1,529,1076,550
1,0,1,561,1076,550
1,0,1,517,1080,550
1,0,1,546,1080,550
1,0,1,508,1085,550
1,0,1,562,1085,550
1,0,1,506,1089,550
1,0,1,555,1089,550
1,0,1,528,1094,550
1,0,0,726,1101,550
1,0,0,992,1097,550
1,0,0,985,1095,550
1,0,0,980,1093,550
1,0,1,979,1091,550
1,0,1,555,1094,550
1,0,1,545,1197,550
1,0,1,542,1102,550
1,0,1,538,1109,550
1,0,1,505,1107,550
1,0,1,521,1112,550
1,0,1,564,1112,550
1,0,1,509,1117,550
1,0,1,563,1117,550
1,0,1,529,1120,550
1,0,1,559,1121,550
1,0,1,521,1126,550
1,0,1,551,1224,550
1,0,1,543,1130,550
1,0,1,564,1171,550
1,0,0,688,1139,550
1,0,0,992,1135,550
1,0,0,983,1134,550
1,0,0,980,1132,550
1,0,1,980,1140,550
1,0,1,504,1134,550
1,0,1,560,1136,550
1,0,1,530,1143,550
1,0,1,568,1143,550
1,0,1,558,1148,550
1,0,1,567,1148,550
1,0,1,507,1152,550
1,0,1,569,1153,550
1,0,1,512,1159,550
1,0,1,561,1158,550
1,0,1,506,1162,550
1,0,1,561,1164,550
1,0,1,523,1166,550
1,0,1,557,1289,550
1,0,1,526,1172,550
1,0,0,734,1179,550
1,0,0,989,1174,550
1,0,0,980,1172,550
1,0,0,980,1172,550
1,0,1,981,1170,550
1,0,1,555,1173,550
1,0,1,551,1271,550
1,0,1,548,1179,550
1,0,1,544,1186,550
1,0,1,509,1185,550
1,0,1,532,1189,550
1,0,1,571,1189,550
1,0,1,524,1194,550
1,0,1,573,1193,550
1,0,1,539,1198,550
1,0,1,572,1198,550
1,0,1,512,1203,550
1,0,1,565,1203,550
1,0,1,523,1207,550
1,0,1,572,1209,550
1,0,0,704,1215,550
1,0,0,990,1211,550
1,0,0,985,1209,550
1,0,0,980,1207,550
1,0,1,914,1202,550
1,0,1,513,1211,550
1,0,1,559,1213,550
1,0,1,537,1220,550
1,0,1,573,1218,550
1,0,1,568,1224,550
1,0,1,574,1224,550
1,0,1,520,1228,550
1,0,1,574,1228,550
1,0,1,511,1233,550
1,0,1,575,1365,550
1,0,1,517,1238,550
1,0,1,562,1356,550
1,0,1,536,1241,550
1,0,1,552,1260,550
1,0,1,518,1247,550
1,0,0,740,1254,550
1,0,0,995,1248,550
1,0,0,985,1247,550
1,0,0,979,1246,550
1,0,1,978,1244,550
1,0,1,568,1246,550
1,0,1,544,1256,550
1,0,1,572,1254,550
1,0,1,535,1259,550
1,0,1,521,1259,550
1,0,1,521,1264,550
1,0,1,576,1263,550
1,0,1,514,1267,550
1,0,1,574,1267,550
1,0,1,531,1272,550
1,0,1,571,1272,550
1,0,1,529,1276,550
1,0,1,562,1371,550
1,0,1,557,1281,550
1,0,1,575,1307,550
1,0,0,702,1289,550
1,0,0,990,1286,550
1,0,0,983,1283,550
1,0,0,980,1283,550
1,0,1,983,1283,550
1,0,1,506,1285,550
1,0,1,575,1287,550
1,0,1,531,1293,550
1,0,1,581,1292,550
1,0,1,562,1297,550
1,0,1,574,1297,550
1,0,1,522,1302,550
1,0,1,570,1415,550
1,0,1,540,1305,550
1,0,1,579,1313,550
1,0,1,568,1310,550
1,0,1,544,1315,550
1,0,1,581,1313,550
1,0,1,528,1318,550
1,0,1,533,1318,550
1,0,0,734,1327,550
1,0,0,992,1321,550
1,0,0,981,1319,550
1,0,0,979,1318,550
1,0,1,970,1315,550
1,0,1,546,1328,550
1,0,1,523,1324,550
1,0,1,571,1438,550
1,0,1,544,1329,550
1,0,1,582,1432,550
1,0,1,576,1334,550
1,0,1,546,1339,550
1,0,1,560,1339,550
1,0,1,558,1354,550
1,0,1,525,1344,550
1,0,1,546,1348,550
1,0,1,580,1347,550
1,0,1,533,1352,550
1,0,1,582,1352,550
1,0,0,744,1361,550
1,0,0,977,1355,550
1,0,0,971,1354,550
1,0,0,964,1353,550
1,0,0,970,1352,550
1,0,0,962,1352,550
1,0,0,970,1352,550
1,0,0,961,1351,550
1,0,0,969,1351,550
1,0,0,958,1352,550
1,0,0,964,1351,550
1,0,0,960,1352,550
1,0,1,964,1350,550
1,0,1,568,1352,550
1,0,1,515,1358,550
1,0,1,574,1359,550
1,0,1,532,1363,550
1,0,1,581,1344,550
1,0,1,556,1368,550
1,0,1,553,1374,550
1,0,1,578,1371,550
1,0,0,741,1378,550
1,0,0,986,1373,550
1,0,0,987,1373,550
1,0,0,980,1372,550
1,0,1,980,1369,550
1,0,1,576,1373,550
1,0,1,532,1378,550
1,0,1,585,1378,550
1,0,1,520,1382,550
1,0,1,585,1382,550
1,0,1,523,1387,550
1,0,1,582,1388,550
1,0,1,536,1392,550
1,0,1,570,1485,550
1,0,1,536,1396,550
1,0,1,564,1412,550
1,0,1,574,1399,550
1,0,1,551,1405,550
1,0,1,586,1404,550
1,0,1,579,1408,550
1,0,0,695,1413,550
1,0,0,993,1408,550
1,0,0,984,1407,550
1,0,0,980,1407,550
1,0,1,979,1406,550
1,0,1,515,1407,550
1,0,1,586,1410,550
1,0,1,530,1414,550
1,0,1,590,1415,550
1,0,1,550,1419,550
1,0,1,583,1420,550
1,0,1,531,1424,550
1,0,1,577,1541,550
1,0,1,550,1428,550
1,0,1,590,1538,550
1,0,1,563,1432,550
1,0,1,558,1438,550
1,0,1,584,1437,550
1,0,1,545,1440,550
1,0,1,533,1442,550
1,0,0,747,1447,550
1,0,0,992,1443,550
1,0,0,984,1441,550
1,0,0,979,1440,550
1,0,1,978,1437,550
1,0,1,576,1440,550
1,0,1,530,1446,550
1,0,1,590,1446,550
1,0,1,523,1452,550
1,0,1,592,1565,550
1,0,1,549,1455,550
1,0,1,577,1544,550
1,0,1,566,1460,550
1,0,1,561,1466,550
1,0,1,524,1464,550
1,0,1,548,1468,550
1,0,1,596,1468,550
1,0,1,532,1472,550
1,0,1,590,1471,550
1,0,1,567,1476,550
1,0,0,744,1481,550
1,0,0,989,1478,550
1,0,0,984,1475,550
1,0,0,980,1475,550
1,0,1,980,1473,550
1,0,1,574,1475,550
1,0,1,580,1592,550
1,0,1,555,1481,550
1,0,1,571,1499,550
1,0,1,534,1486,550
1,0,1,555,1490,550
1,0,1,595,1490,550
1,0,1,564,1498,550
1,0,1,582,1495,550
1,0,1,594,1504,550
1,0,1,593,1500,550
1,0,1,542,1504,550
1,0,1,596,1504,550
1,0,1,542,1509,550
1,0,1,545,1509,550
1,0,0,748,1516,550
1,0,0,993,1511,550
1,0,0,980,1510,550
1,0,0,979,1509,550
1,0,1,980,1506,550
1,0,1,583,1509,550
1,0,1,531,1515,550
1,0,1,595,1515,550
1,0,1,530,1519,550
1,0,1,599,1633,550
1,0,1,538,1524,550
1,0,1,587,1641,550
1,0,1,555,1529,550
1,0,1,573,1544,550
1,0,1,535,1532,550
1,0,1,560,1537,550
1,0,1,595,1536,550
1,0,1,539,1540,550
1,0,1,600,1539,550
1,0,1,581,1544,550
1,0,0,738,1549,550
1,0,0,989,1545,550
1,0,0,981,1544,550
1,0,0,979,1542,550
1,0,1,980,1541,550
1,0,1,579,1543,550
1,0,1,585,1658,550
1,0,1,558,1550,550
1,0,1,576,1566,550
1,0,1,532,1554,550
1,0,1,566,1560,550
1,0,1,596,1559,550
1,0,1,552,1562,550
1,0,1,600,1562,550
1,0,1,588,1567,550
1,0,1,604,1566,550
1,0,1,533,1570,550
1,0,1,596,1570,550
1,0,1,539,1573,550
1,0,1,602,1573,550
1,0,0,733,1581,550
1,0,0,992,1576,550
1,0,0,983,1575,550
1,0,0,980,1575,550
1,0,1,938,1570,550
1,0,1,556,1577,550
1,0,1,559,1579,550
1,0,1,577,1595,550
1,0,1,589,1583,550
1,0,1,592,1588,550
1,0,1,601,1588,550
1,0,1,555,1592,550
1,0,1,606,1592,550
1,0,1,540,1596,550
1,0,1,564,1596,550
1,0,1,535,1600,550
1,0,1,601,1599,550
1,0,1,541,1604,550
1,0,1,590,1715,550
1,0,1,555,1608,550
1,0,0,759,1613,550
1,0,0,993,1609,550
1,0,0,984,1607,550
1,0,0,983,1607,550
1,0,1,981,1606,550
1,0,1,592,1607,550
1,0,1,584,1693,550
1,0,1,577,1614,550
1,0,1,574,1620,550
1,0,1,547,1618,550
1,0,1,555,1623,550
1,0,1,606,1622,550
1,0,1,543,1627,550
1,0,1,604,1626,550
1,0,1,580,1630,550
1,0,1,600,1629,550
1,0,1,553,1634,550
1,0,1,587,1718,550
1,0,1,579,1636,550
1,0,1,608,1708,550
1,0,0,717,1645,550
1,0,0,990,1640,550
1,0,0,982,1640,550
1,0,0,981,1638,550
1,0,1,981,1638,550
1,0,1,526,1640,550
1,0,1,605,1641,550
1,0,1,551,1646,550
1,0,1,609,1647,550
1,0,1,574,1651,550
1,0,1,603,1651,550
1,0,1,542,1654,550
1,0,1,610,1654,550
1,0,1,534,1660,550
1,0,1,583,1659,550
1,0,1,543,1662,550
1,0,1,595,1774,550
1,0,1,565,1666,550
1,0,1,589,1750,550
1,0,1,550,1672,550
1,0,0,765,1677,550
1,0,0,992,1673,550
1,0,0,982,1673,550
1,0,0,979,1671,550
1,0,1,981,1669,550
1,0,1,604,1670,550
1,0,1,574,1678,550
1,0,1,605,1677,550
1,0,1,563,1681,550
1,0,1,540,1680,550
1,0,1,502,1680,550
1,0,1,500,1681,550
1,0,1,486,1683,550
1,0,1,473,1684,550
1,0,1,482,1686,550
1,0,1,472,1687,550
1,0,1,482,1689,550
1,0,1,489,1693,550
1,0,1,497,1806,550
1,0,1,500,1691,550
1,0,0,665,1699,550
1,0,0,993,1697,550
1,0,0,986,1696,550
1,0,0,978,1694,550
1,0,1,969,1690,550
1,0,1,468,1691,550
1,0,1,481,1695,550
1,0,1,490,1699,550
1,0,1,498,1807,550
1,0,1,501,1698,550
1,0,1,497,1812,550
1,0,1,501,1701,550
1,0,1,503,1703,550
1,0,1,505,1704,550
1,0,1,468,1706,550
1,0,1,502,1707,550
1,0,1,493,1709,550
1,0,1,476,1711,550
1,0,1,469,1712,550
1,0,1,485,1714,550
1,0,0,689,1720,550
1,0,0,991,1718,550
1,0,0,988,1715,550
1,0,0,979,1716,550
1,0,1,979,1713,550
1,0,1,587,1718,550
1,0,1,688,1720,550
1,0,1,660,1754,550
1,0,1,608,1727,550
1,0,1,599,1728,550
1,0,1,672,1831,550
1,0,1,624,1733,550
1,0,1,697,1734,550
1,0,1,637,1740,550
1,0,1,648,1740,550
1,0,1,694,1741,550
1,0,1,660,1772,550
1,0,1,610,1746,550
1,0,1,694,1746,550
1,0,1,637,1753,550
1,0,0,801,1755,550
1,0,0,994,1750,550
1,0,0,984,1749,550
1,0,0,980,1749,550
1,0,1,982,1748,550
1,0,1,649,1766,550
1,0,1,611,1754,550
1,0,1,698,1755,550
1,0,1,648,1764,550
1,0,1,605,1762,550
1,0,1,689,1762,550
1,0,1,671,1836,550
1,0,1,597,1767,550
1,0,1,698,1767,550
1,0,1,699,1865,550
1,0,1,669,1772,550
1,0,1,678,1880,550
1,0,1,630,1775,550
1,0,1,699,1777,550
1,0,1,697,1857,550
1,0,0,775,1784,550
1,0,0,994,1781,550
1,0,0,983,1780,550
1,0,0,983,1779,550
1,0,1,985,1777,550
1,0,1,592,1782,550
1,0,1,694,1782,550
1,0,1,656,1804,550
1,0,1,593,1789,550
1,0,1,602,1791,550
1,0,1,644,1796,550
1,0,1,628,1795,550
1,0,1,648,1802,550
1,0,1,618,1801,550
1,0,1,625,1802,550
1,0,1,668,1874,550
1,0,1,599,1806,550
1,0,1,699,1805,550
1,0,1,696,1808,550
1,0,0,815,1814,550
1,0,0,982,1810,550
1,0,0,979,1810,550
1,0,0,966,1808,550
1,0,0,980,1808,550
1,0,0,966,1808,550
1,0,0,970,1807,550
1,0,0,962,1807,550
1,0,0,968,1807,550
1,0,0,960,1807,550
1,0,0,966,1806,550
1,0,0,959,1807,550
1,0,0,962,1806,550
1,0,0,956,1806,550
1,0,0,965,1805,550
1,0,0,955,1806,550
1,0,1,961,1803,550
1,0,1,642,1830,550
1,0,1,603,1811,550
1,0,1,688,1813,550
1,0,1,612,1818,550
1,0,0,753,1822,550
1,0,0,984,1819,550
1,0,0,983,1817,550
1,0,0,978,1817,550
1,0,1,981,1814,550
1,0,1,555,1817,550
1,0,1,618,1819,550
1,0,1,542,1823,550
1,0,1,614,1823,550
1,0,1,580,1827,550
1,0,1,607,1938,550
1,0,1,577,1830,550
1,0,1,599,1844,550
1,0,1,607,1834,550
1,0,1,624,1841,550
1,0,1,616,1838,550
1,0,1,572,1843,550
1,0,1,623,1841,550
1,0,1,553,1845,550
1,0,1,578,1845,550
1,0,0,767,1851,550
1,0,0,1000,1848,550
1,0,0,983,1846,550
1,0,0,980,1847,550
1,0,1,980,1845,550
1,0,1,587,1856,550
1,0,1,551,1849,550
1,0,1,612,1967,550
1,0,1,578,1853,550
1,0,1,629,1958,550
1,0,1,603,1858,550
1,0,1,593,1864,550
1,0,1,618,1862,550
1,0,1,573,1866,550
1,0,1,556,1866,550
1,0,1,564,1869,550
1,0,1,627,1868,550
1,0,1,548,1873,550
1,0,1,621,1871,550
1,0,1,589,1877,550
1,0,0,761,1882,550
1,0,0,999,1878,550
1,0,0,984,1876,550
1,0,0,984,1875,550
1,0,1,982,1874,550
1,0,1,590,1875,550
1,0,1,616,1877,550
1,0,1,565,1881,550
1,0,1,607,1960,550
1,0,1,564,1886,550
1,0,1,589,1891,550
1,0,1,623,1888,550
1,0,1,577,1893,550
1,0,1,628,1892,550
1,0,1,610,1897,550
1,0,1,625,1896,550
1,0,1,551,1899,550
1,0,1,619,1900,550
1,0,1,566,1902,550
1,0,1,625,1905,550
1,0,0,743,1910,550
1,0,0,994,1906,550
1,0,0,982,1904,550
1,0,0,980,1904,550
1,0,1,984,1903,550
1,0,1,557,1906,550
1,0,1,611,1907,550
1,0,1,584,1913,550
1,0,1,627,1912,550
1,0,1,621,1916,550
1,0,1,629,1915,550
1,0,1,550,1918,550
1,0,1,629,1920,550
1,0,1,570,1924,550
1,0,1,568,1923,550
1,0,1,553,1927,550
1,0,1,628,1926,550
1,0,1,560,1930,550
1,0,1,620,1930,550
1,0,1,585,1934,550
1,0,0,772,1939,550
1,0,0,990,1936,550
1,0,0,982,1934,550
1,0,0,982,1934,550
1,0,1,969,1929,550
1,0,1,620,1933,550
1,0,1,601,1947,550
1,0,1,615,1939,550
1,0,1,588,1944,550
1,0,1,553,1943,550
1,0,1,564,1946,550
1,0,1,638,1946,550
1,0,1,553,1950,550
1,0,1,626,1949,550
1,0,1,598,1954,550
1,0,1,620,2074,550
1,0,1,585,1956,550
1,0,1,607,1967,550
1,0,1,617,1959,550
1,0,1,630,1966,550
1,0,0,724,1967,550
1,0,0,995,1963,550
1,0,0,981,1962,550
1,0,0,981,1960,550
1,0,1,980,1960,550
1,0,1,546,1962,550
1,0,1,623,1963,550
1,0,1,562,1967,550
1,0,1,630,1967,550
1,0,1,604,1971,550
1,0,1,627,1970,550
1,0,1,561,1975,550
1,0,1,618,2087,550
1,0,1,586,1978,550
1,0,1,638,2080,550
1,0,1,602,1981,550
1,0,1,599,1987,550
1,0,1,627,1984,550
1,0,1,581,1989,550
1,0,1,562,1988,550
1,0,0,780,1994,550
1,0,0,994,1992,550
1,0,0,982,1989,550
1,0,0,982,1988,550
1,0,1,978,1984,550
1,0,1,622,1987,550
1,0,1,562,1992,550
1,0,1,633,1993,550
1,0,1,554,1997,550
1,0,1,607,1997,550
1,0,1,561,2001,550
1,0,1,631,2000,550
1,0,1,575,2004,550
1,0,1,619,2077,550
1,0,1,571,2008,550
1,0,1,608,2020,550
1,0,1,624,2011,550
1,0,1,593,2015,550
1,0,1,634,2014,550
1,0,1,630,2019,550
1,0,0,725,2021,550
1,0,0,993,2019,550
1,0,0,984,2018,550
1,0,0,983,2016,550
1,0,1,979,2015,550
1,0,1,573,2017,550
1,0,1,613,2082,550
1,0,1,554,2022,550
1,0,1,628,2022,550
1,0,1,594,2026,550
1,0,1,613,2068,550
1,0,1,606,2030,550
1,0,1,602,2034,550
1,0,1,636,2033,550
1,0,1,633,2038,550
1,0,1,642,2035,550
1,0,1,563,2039,550
1,0,1,638,2039,550
1,0,1,557,2042,550
1,0,1,625,2043,550
1,0,0,761,2049,550
1,0,0,994,2046,550
1,0,0,984,2044,550
1,0,0,982,2044,550
1,0,1,918,2037,550
1,0,1,597,2047,550
1,0,1,631,2046,550
1,0,1,621,2121,550
1,0,1,606,2051,550
1,0,1,645,2098,550
1,0,1,636,2054,550
1,0,1,587,2058,550
1,0,1,623,2058,550
1,0,1,606,2064,550
1,0,1,559,2062,550
1,0,1,585,2065,550
1,0,1,641,2065,550
1,0,1,567,2069,550
1,0,1,643,2068,550
1,0,1,619,2072,550
1,0,0,748,2077,550
1,0,0,993,2074,550
1,0,0,985,2071,550
1,0,0,982,2070,550
1,0,1,981,2071,550
1,0,1,588,2071,550
1,0,1,609,2082,550
1,0,1,565,2077,550
1,0,1,627,2186,550
1,0,1,587,2081,550
1,0,1,612,2088,550
1,0,1,624,2084,550
1,0,1,596,2089,550
1,0,1,645,2086,550
1,0,1,634,2092,550
1,0,1,646,2090,550
1,0,1,561,2093,550
1,0,1,639,2093,550
1,0,1,567,2097,550
1,0,1,641,2096,550
1,0,0,761,2103,550
1,0,0,997,2099,550
1,0,0,984,2098,550
1,0,0,983,2097,550
1,0,1,980,2097,550
1,0,1,588,2099,550
1,0,1,645,2100,550
1,0,1,616,2114,550
1,0,1,626,2104,550
1,0,1,643,2112,550
1,0,1,642,2108,550
1,0,1,589,2113,550
1,0,1,646,2111,550
1,0,1,564,2115,550
1,0,1,598,2115,550
1,0,1,560,2118,550
1,0,1,640,2117,550
1,0,1,570,2123,550
1,0,1,634,2229,550
1,0,1,589,2125,550
1,0,0,786,2130,550
1,0,0,995,2126,550
1,0,0,984,2125,550
1,0,0,983,2124,550
1,0,1,985,2122,550
1,0,1,639,2124,550
1,0,1,576,2128,550
1,0,1,628,2128,550
1,0,1,599,2133,550
1,0,1,562,2133,550
1,0,1,587,2137,550
1,0,1,648,2136,550
1,0,1,569,2140,550
1,0,1,646,2139,550
1,0,1,616,2143,550
1,0,1,642,2143,550
1,0,1,574,2146,550
1,0,1,632,2252,550
1,0,1,597,2149,550
1,0,1,649,2233,550
1,0,0,755,2156,550
1,0,0,995,2153,550
1,0,0,986,2151,550
1,0,0,983,2151,550
1,0,1,986,2150,550
1,0,1,581,2152,550
1,0,1,651,2152,550
1,0,1,608,2159,550
1,0,1,643,2158,550
1,0,1,648,2162,550
1,0,1,651,2160,550
1,0,1,574,2163,550
1,0,1,646,2163,550
1,0,1,564,2166,550
1,0,1,639,2166,550
1,0,1,583,2169,550
1,0,1,629,2234,550
1,0,1,618,2172,550
1,0,1,613,2177,550
1,0,1,565,2176,550
1,0,0,795,2180,550
1,0,0,995,2177,550
1,0,0,984,2176,550
1,0,0,983,2174,550
1,0,1,963,2171,550
1,0,1,624,2257,550
1,0,1,601,2178,550
1,0,1,643,2179,550
1,0,1,575,2182,550
1,0,1,645,2183,550
1,0,1,609,2185,550
1,0,1,620,2197,550
1,0,1,587,2190,550
1,0,1,640,2293,550
1,0,0,804,2198,550
1,1,0,825,2200,550
1,1,0,954,2196,550
1,1,0,973,2196,550
1,1,0,981,2195,550
1,1,0,985,2194,550
1,1,0,984,2193,550
1,1,0,989,2194,550
1,1,0,971,2193,550
1,1,0,979,2193,550
1,1,0,970,2193,550
1,1,0,973,2192,550
1,1,0,963,2193,550
1,1,0,968,2193,550
1,1,0,959,2193,550
1,1,0,969,2193,550
1,1,0,961,2193,550
1,1,0,965,2193,550
1,1,0,957,2192,550
1,1,0,964,2193,550
1,1,0,956,2193,550
1,1,0,961,2192,550
1,1,0,955,2192,550
1,1,0,954,2192,550
1,1,0,961,2191,550
1,1,0,957,2192,550
1,1,0,964,2192,550
1,1,0,958,2192,550
1,1,0,966,2191,550
1,1,0,964,2192,550
1,1,0,968,2191,550
1,1,0,965,2191,550
1,1,0,973,2190,550
1,1,0,966,2190,550
1,1,0,968,2191,550
1,1,0,968,2190,550
1,1,0,972,2190,550
1,1,0,967,2192,550
1,1,0,971,2190,550
1,1,0,974,2190,550
1,1,0,979,2189,550
1,1,0,980,2190,550
1,1,0,975,2190,550
1,1,0,973,2190,550
1,1,0,969,2190,550
1,1,0,975,2190,550
1,1,0,971,2190,550
1,1,0,971,2190,550
1,1,0,978,2189,550
1,1,0,982,2189,550
1,1,0,984,2188,550
1,1,0,983,2191,550
1,1,0,985,2188,550
1,1,0,987,2189,550
1,1,0,989,2189,550
1,1,0,988,2190,550
1,1,0,994,2189,550
1,1,0,992,2190,550
1,1,0,998,2188,550
1,1,0,1000,2189,550
1,1,0,994,2189,550
1,1,0,994,2189,550
1,1,0,996,2188,550
1,1,0,987,2189,550
1,1,0,984,2189,550
1,1,0,981,2188,550
1,1,0,977,2187,550
1,1,0,979,2188,550
1,1,0,981,2189,550
1,1,0,985,2188,550
1,1,0,986,2188,550
1,1,0,988,2188,550
1,1,0,998,2188,550
1,1,0,992,2188,550
1,1,0,996,2188,550
1,1,0,995,2188,550
1,1,1,994,2186,550
1,1,1,900,2190,550
1,1,1,891,2207,550
1,1,1,889,2195,550
1,1,1,903,2196,550
1,1,1,891,2228,550
1,1,0,948,2199,550
1,1,0,994,2198,550
1,1,0,985,2196,550
1,1,0,982,2196,550
1,1,1,980,2199,550
1,1,1,847,2198,550
1,1,1,844,2231,550
1,1,1,850,2203,550
1,1,1,854,2205,550
1,1,1,846,2229,550
1,1,1,863,2209,550
1,1,1,852,2201,550
1,1,1,852,2214,550
1,1,1,858,2214,550
1,1,1,853,2257,550
1,1,1,858,2216,550
1,1,1,866,2218,550
1,1,1,859,2219,550
1,1,1,865,2220,550
1,1,1,855,2224,550
1,1,0,926,2225,550
1,1,0,998,2221,550
1,1,0,987,2220,550
1,1,0,984,2220,550
1,1,1,982,2223,550
1,1,1,831,2222,550
1,1,1,831,2225,550
1,1,1,826,2226,550
1,1,1,821,2228,550
1,1,1,841,2233,550
1,1,1,833,2234,550
1,1,1,838,2235,550
1,1,1,845,2238,550
1,1,1,847,2238,550
1,1,1,831,2245,550
1,1,1,828,2240,550
1,1,1,828,2288,550
1,1,1,832,2249,550
1,1,1,834,2247,550
1,1,1,840,2248,550
1,1,0,915,2250,550
1,1,0,1000,2246,550
1,1,0,992,2245,550
1,1,0,987,2244,550
1,1,1,982,2247,550
1,1,1,798,2294,550
1,1,1,801,2296,550
1,1,1,806,2301,550
1,1,1,807,2299,550
1,1,1,814,2257,550
1,1,1,803,2256,550
1,1,1,805,2259,550
1,1,1,802,2260,550
1,1,1,803,2262,550
1,1,1,821,2265,550
1,1,1,806,2266,550
1,1,1,804,2267,550
1,1,1,803,2269,550
1,1,1,806,2271,550
1,1,1,832,2273,550
1,1,0,884,2277,550
1,1,0,1001,2272,550
1,1,0,996,2271,550
1,1,0,989,2271,550
1,1,1,983,2324,550
1,1,1,776,2274,550
1,1,1,779,2276,550
1,1,1,780,2277,550
1,1,1,784,2280,550
1,1,1,795,2326,550
1,1,1,795,2335,550
1,1,1,798,2295,550
1,1,1,808,2290,550
1,1,1,815,2291,550
1,1,1,808,2292,550
1,1,1,812,2293,550
1,1,1,806,2296,550
1,1,1,797,2298,550
1,1,1,788,2299,550
1,1,1,781,2299,550
1,1,0,877,2304,550
1,1,0,999,2299,550
1,1,0,997,2299,550
1,1,0,990,2297,550
1,1,1,988,2293,550
1,1,1,765,2299,550
1,1,1,763,2302,550
1,1,1,765,2305,550
1,1,1,786,2308,550
1,1,1,759,2308,550
1,1,1,799,2313,550
1,1,1,781,2371,550
1,1,1,763,2314,550
1,1,1,758,2316,550
1,1,1,788,2340,550
1,1,1,784,2320,550
1,1,1,800,2324,550
1,1,1,791,2329,550
1,1,1,773,2324,550
1,1,1,797,2327,550
1,1,0,882,2331,550
1,1,0,1007,2327,550
1,1,0,995,2325,550
1,1,0,991,2325,550
1,1,1,912,2323,550
1,1,1,778,2329,550
1,1,1,773,2394,550
1,1,1,751,2330,550
1,1,1,740,2333,550
1,1,1,738,2337,550
1,1,1,744,2337,550
1,1,1,737,2339,550
1,1,1,756,2342,550
1,1,1,773,2345,550
1,1,1,778,2347,550
1,1,1,766,2348,550
1,1,1,762,2350,550
1,1,1,743,2351,550
1,1,1,761,2353,550
1,1,1,767,2356,550
1,1,0,866,2357,550
1,1,0,1000,2354,550
1,1,0,997,2353,550
1,1,0,989,2353,550
1,1,1,993,2348,550
1,1,1,745,2355,550
1,1,1,766,2358,550
1,1,1,772,2430,550
1,1,1,747,2360,550
1,1,1,735,2363,550
1,1,1,747,2366,550
1,1,1,763,2367,550
1,1,1,772,2385,550
1,1,1,761,2369,550
1,1,1,720,2372,550
1,1,1,736,2375,550
1,1,1,756,2376,550
1,1,1,769,2380,550
1,1,1,772,2450,550
1,1,1,723,2381,550
1,1,0,861,2385,550
1,1,0,1008,2381,550
1,1,0,1003,2378,550
1,1,0,995,2377,550
1,1,1,998,2374,550
1,1,1,750,2470,550
1,1,1,702,2383,550
1,1,1,740,2387,550
1,1,1,760,2476,550
1,1,1,759,2439,550
1,1,1,703,2392,550
1,1,1,751,2395,550
1,1,1,753,2394,550
1,1,1,701,2397,550
1,1,1,707,2398,550
1,1,1,755,2403,550
1,1,1,737,2401,550
1,1,1,708,2403,550
1,1,1,755,2408,550
1,1,1,747,2409,550
1,1,0,858,2411,550
1,1,0,1008,2408,550
1,1,0,1000,2406,550
1,1,0,993,2404,550
1,1,1,973,2399,550
1,1,1,692,2407,550
1,1,1,681,2409,550
1,1,1,697,2411,550
1,1,1,723,2413,550
1,1,1,745,2471,550
1,1,1,743,2417,550
1,1,1,747,2441,550
1,1,1,748,2430,550
1,1,1,733,2425,550
1,1,1,685,2424,550
1,1,1,720,2427,550
1,1,1,701,2428,550
1,1,1,684,2429,550
1,1,1,696,2430,550
1,1,1,746,2431,550
1,1,0,857,2436,550
1,1,0,1010,2435,550
1,1,0,994,2433,550
1,1,0,1000,2431,550
1,1,1,992,2430,550
1,1,1,664,2433,550
1,1,1,691,2435,550
1,1,1,723,2435,550
1,1,1,734,2438,550
1,1,1,734,2440,550
1,1,1,673,2443,550
1,1,1,694,2444,550
1,1,1,724,2446,550
1,1,1,740,2447,550
1,1,1,737,2448,550
1,1,1,670,2452,550
1,1,1,695,2453,550
1,1,1,725,2454,550
1,1,1,741,2456,550
1,1,1,740,2457,550
1,1,0,847,2463,550
1,1,0,1007,2460,550
1,1,0,993,2458,550
1,1,0,1001,2457,550
1,1,1,961,2451,550
1,1,1,646,2459,550
1,1,1,710,2467,550
1,1,1,680,2463,550
1,1,1,695,2467,550
1,1,1,648,2467,550
1,1,1,665,2469,550
1,1,1,722,2469,550
1,1,1,648,2472,550
1,1,1,718,2538,550
1,1,1,679,2476,550
1,1,1,697,2479,550
1,1,1,730,2478,550
1,1,1,651,2482,550
1,1,1,714,2505,550
1,1,1,675,2485,550
1,1,0,842,2488,550
1,1,0,1006,2484,550
1,1,0,992,2483,550
1,1,0,1002,2482,550
1,1,0,979,2481,550
1,1,0,981,2482,550
1,1,0,976,2481,550
1,1,0,977,2481,550
1,1,0,965,2481,550
1,1,0,977,2481,550
1,1,0,964,2480,550
1,1,0,969,2481,550
1,1,0,962,2481,550
1,1,0,968,2479,550
1,1,0,959,2480,550
1,1,0,968,2480,550
1,1,0,958,2481,550
1,1,0,969,2480,550
1,1,0,961,2480,550
1,1,1,969,2477,550
1,1,0,806,2484,550
1,1,0,989,2482,550
1,1,0,983,2481,550
1,1,0,986,2480,550
1,1,1,985,2480,550
1,1,1,702,2480,550
1,1,1,664,2487,550
1,1,1,657,2487,550
1,1,1,711,2487,550
1,1,1,711,2489,550
1,1,1,630,2493,550
1,1,1,711,2493,550
1,1,1,680,2499,550
1,1,1,646,2497,550
1,1,1,631,2500,550
1,1,1,701,2586,550
1,1,1,639,2503,550
1,1,1,703,2504,550
1,1,1,688,2509,550
1,1,1,696,2514,550
1,1,0,731,2510,550
1,1,0,1008,2507,550
1,1,0,996,2506,550
1,1,0,998,2506,550
1,1,1,998,2503,550
1,1,1,534,2507,550
1,1,1,514,2506,550
1,1,1,556,2506,550
1,1,1,535,2510,550
1,1,1,549,2520,550
1,1,1,541,2510,550
1,1,1,550,2532,550
1,1,1,531,2513,550
1,1,1,555,2514,550
1,1,1,536,2517,550
1,1,1,523,2518,550
1,1,1,545,2518,550
1,1,1,544,2532,550
1,1,1,510,2521,550
1,1,1,542,2525,550
1,1,0,729,2528,550
1,1,0,999,2526,550
1,1,0,988,2523,550
1,1,0,986,2524,550
1,1,1,960,2518,550
1,1,1,513,2522,550
1,1,1,544,2523,550
1,1,1,518,2527,550
1,1,1,547,2526,550
1,1,1,545,2528,550
1,1,1,536,2544,550
1,1,1,515,2531,550
1,1,1,535,2546,550
1,1,1,517,2534,550
1,1,1,531,2535,550
1,1,1,516,2535,550
1,1,1,537,2550,550
1,1,1,513,2538,550
1,1,1,537,2552,550
1,1,1,604,2540,550
1,1,0,701,2545,550
1,1,0,1000,2544,550
1,1,0,987,2544,550
1,1,0,982,2543,550
1,1,1,984,2539,550
1,1,1,489,2540,550
1,1,1,497,2542,550
1,1,1,502,2543,550
1,1,1,540,2544,550
1,1,1,539,2644,550
1,1,1,546,2547,550
1,1,1,537,2548,550
1,1,1,516,2549,550
1,1,1,500,2551,550
1,1,1,502,2551,550
1,1,1,502,2553,550
1,1,1,541,2553,550
1,1,1,540,2553,550
1,1,1,541,2554,550
1,1,1,536,2556,550
1,1,0,710,2563,550
1,1,0,998,2560,550
1,1,0,983,2559,550
1,1,0,981,2557,550
1,1,1,941,2554,550
1,1,1,508,2556,550
1,1,1,534,2558,550
1,1,1,510,2560,550
1,1,1,515,2563,550
1,1,1,533,2563,550
1,1,1,534,2669,550
1,1,1,540,2563,550
1,1,1,542,2565,550
1,1,1,541,2567,550
1,1,1,510,2568,550
1,1,1,510,2569,550
1,1,1,496,2571,550
1,1,1,499,2573,550
1,1,1,509,2574,550
1,1,1,518,2574,550
1,1,0,722,2580,550
1,1,0,999,2577,550
1,1,0,985,2577,550
1,1,0,980,2577,550
1,1,1,981,2575,550
1,1,1,535,2573,550
1,1,1,539,2574,550
1,1,1,493,2577,550
1,1,1,506,2580,550
1,1,1,531,2580,550
1,1,1,525,2584,550
1,1,1,535,2696,550
1,1,1,539,2583,550
1,1,1,543,2583,550
1,1,1,529,2585,550
1,1,1,528,2587,550
1,1,1,511,2588,550
1,1,1,495,2589,550
1,1,1,497,2591,550
1,1,1,508,2592,550
1,1,0,726,2597,550
1,1,0,991,2596,550
1,1,0,984,2594,550
1,1,0,983,2593,550
1,1,1,985,2593,550
1,1,1,506,2592,550
1,1,1,540,2592,550
1,1,1,503,2594,550
1,1,1,495,2596,550
1,1,1,517,2597,550
1,1,1,515,2599,550
1,1,1,526,2602,550
1,1,1,534,2704,550
1,1,1,541,2601,550
1,1,1,542,2595,550
1,1,1,542,2603,550
1,1,1,530,2605,550
1,1,1,509,2606,550
1,1,1,494,2608,550
1,1,1,497,2609,550
1,1,0,726,2615,550
1,1,0,994,2612,550
1,1,0,985,2612,550
1,1,0,981,2611,550
1,1,1,982,2609,550
1,1,1,528,2703,550
1,1,1,536,2609,550
1,1,1,519,2611,550
1,1,1,506,2613,550
1,1,1,508,2614,550
1,1,1,506,2616,550
1,1,1,519,2617,550
1,1,1,529,2620,550
1,1,1,535,2720,550
1,1,1,544,2623,550
1,1,1,544,2620,550
1,1,1,542,2622,550
1,1,1,528,2623,550
1,1,1,509,2625,550
1,1,1,495,2625,550
1,1,0,717,2631,550
1,1,0,993,2629,550
1,1,0,984,2629,550
1,1,0,981,2628,550
1,1,1,981,2625,550
1,1,1,498,2626,550
1,1,1,542,2625,550
1,1,1,547,2626,550
1,1,1,544,2629,550
1,1,1,507,2630,550
1,1,1,510,2633,550
1,1,1,499,2634,550
1,1,1,497,2634,550
1,1,1,512,2637,550
1,1,1,533,2638,550
1,1,1,533,2654,550
1,1,1,512,2639,550
1,1,1,536,2640,550
1,1,1,509,2642,550
1,1,1,497,2643,550
1,1,0,725,2649,550
1,1,0,990,2646,550
1,1,0,983,2646,550
1,1,0,980,2645,550
1,1,1,927,2639,550
1,1,1,511,2642,550
1,1,1,511,2645,550
1,1,1,526,2648,550
1,1,1,535,2659,550
1,1,1,546,2651,550
1,1,1,545,2649,550
1,1,1,546,2650,550
1,1,1,540,2652,550
1,1,1,520,2653,550
1,1,1,494,2654,550
1,1,1,493,2656,550
1,1,1,504,2658,550
1,1,1,516,2659,550
1,1,1,528,2661,550
1,1,1,536,2661,550
1,1,0,709,2666,550
1,1,0,994,2665,550
1,1,0,980,2663,550
1,1,0,980,2661,550
1,1,1,978,2662,550
1,1,1,533,2659,550
1,1,1,498,2662,550
1,1,1,513,2663,550
1,1,1,527,2666,550
1,1,1,542,2666,550
1,1,1,540,2665,550
1,1,1,546,2667,550
1,1,1,546,2669,550
1,1,1,541,2669,550
1,1,1,508,2671,550
1,1,1,502,2672,550
1,1,1,493,2673,550
1,1,1,506,2676,550
1,1,1,515,2676,550
1,1,1,527,2677,550
1,1,0,719,2683,550
1,1,0,992,2681,550
1,1,0,981,2680,550
1,1,0,982,2677,550
1,1,1,981,2678,550
1,1,1,537,2675,550
1,1,1,504,2678,550
1,1,1,496,2680,550
1,1,1,506,2681,550
1,1,1,530,2683,550
1,1,1,529,2686,550
1,1,1,537,2789,550
1,1,1,545,2685,550
1,1,1,547,2686,550
1,1,1,534,2687,550
1,1,1,534,2689,550
1,1,1,513,2691,550
1,1,1,502,2692,550
1,1,1,500,2693,550
1,1,1,511,2693,550
1,1,0,729,2700,550
1,1,0,991,2697,550
1,1,0,983,2696,550
1,1,0,980,2695,550
1,1,1,978,2695,550
1,1,1,539,2692,550
1,1,1,509,2695,550
1,1,1,500,2696,550
1,1,1,501,2698,550
1,1,1,529,2699,550
1,1,1,527,2702,550
1,1,1,534,2717,550
1,1,1,544,2700,550
1,1,1,546,2703,550
1,1,1,544,2704,550
1,1,1,541,2705,550
1,1,1,525,2707,550
1,1,1,506,2708,550
1,1,1,496,2710,550
1,1,1,504,2710,550
1,1,0,725,2716,550
1,1,0,994,2714,550
1,1,0,983,2714,550
1,1,0,981,2713,550
1,1,1,980,2710,550
1,1,1,516,2711,550
1,1,1,547,2710,550
1,1,1,545,2713,550
1,1,1,533,2714,550
1,1,1,500,2715,550
1,1,1,502,2717,550
1,1,1,500,2719,550
1,1,1,512,2720,550
1,1,1,526,2722,550
1,1,1,544,2722,550
1,1,1,543,2722,550
1,1,1,504,2725,550
1,1,1,512,2725,550
1,1,1,502,2727,550
1,1,1,500,2728,550
1,1,0,730,2734,550
1,1,0,990,2732,550
1,1,0,982,2729,550
1,1,0,981,2730,550
1,1,0,971,2729,550
1,1,0,972,2729,550
1,1,0,964,2730,550
1,1,0,969,2728,550
1,1,0,961,2728,550
1,1,0,966,2727,550
1,1,0,959,2729,550
1,1,0,966,2728,550
1,1,0,958,2728,550
1,1,0,962,2727,550
1,1,0,955,2728,550
1,1,0,962,2728,550
1,1,0,954,2728,550
1,1,0,964,2728,550
1,1,0,955,2728,550
1,1,1,962,2727,550
1,1,0,678,2729,550
1,1,0,983,2728,550
1,1,0,976,2729,550
1,1,0,979,2728,550
1,1,1,930,2724,550
1,1,1,514,2726,550
1,1,1,511,2728,550
1,1,1,525,2731,550
1,1,1,535,2746,550
1,1,1,550,2734,550
1,1,1,550,2732,550
1,1,1,550,2734,550
1,1,1,545,2735,550
1,1,1,525,2736,550
1,1,1,512,2738,550
1,1,1,495,2739,550
1,1,1,506,2741,550
1,1,1,519,2742,550
1,1,1,530,2745,550
1,1,1,547,2745,550
1,1,0,710,2749,550
1,1,0,992,2747,550
1,1,0,978,2745,550
1,1,0,981,2745,550
1,1,1,980,2744,550
1,1,1,538,2743,550
1,1,1,499,2745,550
1,1,1,514,2748,550
1,1,1,527,2748,550
1,1,1,547,2749,550
1,1,1,545,2749,550
1,1,1,549,2749,550
1,1,1,549,2750,550
1,1,1,546,2752,550
1,1,1,529,2753,550
1,1,1,511,2754,550
1,1,1,499,2756,550
1,1,1,506,2757,550
1,1,1,518,2759,550
1,1,1,540,2760,550
1,1,0,722,2765,550
1,1,0,991,2762,550
1,1,0,982,2762,550
1,1,0,981,2761,550
1,1,1,978,2761,550
1,1,1,540,2757,550
1,1,1,495,2761,550
1,1,1,510,2762,550
1,1,1,525,2764,550
1,1,1,544,2766,550
1,1,1,543,2879,550
1,1,1,549,2766,550
1,1,1,551,2767,550
1,1,1,549,2769,550
1,1,1,542,2770,550
1,1,1,513,2772,550
1,1,1,499,2773,550
1,1,1,501,2775,550
1,1,1,515,2775,550
1,1,1,537,2777,550
1,1,0,734,2782,550
1,1,0,990,2779,550
1,1,0,979,2778,550
1,1,0,981,2779,550
1,1,1,980,2776,550
1,1,1,529,2787,550
1,1,1,548,2777,550
1,1,1,537,2779,550
1,1,1,516,2780,550
1,1,1,508,2781,550
1,1,1,504,2783,550
1,1,1,515,2786,550
1,1,1,528,2786,550
1,1,1,537,2799,550
1,1,1,544,2789,550
1,1,1,551,2787,550
1,1,1,503,2790,550
1,1,1,500,2791,550
1,1,1,501,2793,550
1,1,1,530,2794,550
1,1,0,730,2799,550
1,1,0,990,2796,550
1,1,0,979,2796,550
1,1,0,979,2794,550
1,1,1,977,2790,550
1,1,1,492,2793,550
1,1,1,537,2809,550
1,1,1,545,2794,550
1,1,1,553,2797,550
1,1,1,545,2797,550
1,1,1,548,2799,550
1,1,1,527,2801,550
1,1,1,506,2803,550
1,1,1,498,2804,550
1,1,1,504,2804,550
1,1,1,523,2807,550
1,1,1,533,2810,550
1,1,1,543,2915,550
1,1,1,550,2807,550
1,1,1,548,2808,550
1,1,0,708,2815,550
1,1,0,992,2814,550
1,1,0,982,2812,550
1,1,0,980,2812,550
1,1,1,961,2806,550
1,1,1,503,2809,550
1,1,1,527,2812,550
1,1,1,537,2827,550
1,1,1,548,2814,550
1,1,1,551,2910,550
1,1,1,554,2815,550
1,1,1,547,2817,550
1,1,1,529,2818,550
1,1,1,512,2819,550
1,1,1,504,2820,550
1,1,1,512,2824,550
1,1,1,524,2824,550
1,1,1,534,2827,550
1,1,1,543,2931,550
1,1,1,552,2841,550
1,1,0,697,2832,550
1,1,0,991,2830,550
1,1,0,978,2828,550
1,1,0,978,2828,550
1,1,1,914,2822,550
1,1,1,532,2825,550
1,1,1,510,2829,550
1,1,1,522,2830,550
1,1,1,534,2833,550
1,1,1,553,2834,550
1,1,1,553,2831,550
1,1,1,554,2833,550
1,1,1,551,2833,550
1,1,1,539,2836,550
1,1,1,521,2837,550
1,1,1,501,2838,550
1,1,1,501,2840,550
1,1,1,518,2842,550
1,1,1,529,2844,550
1,1,1,549,2844,550
1,1,0,718,2848,550
1,1,0,992,2848,550
1,1,0,985,2845,550
1,1,0,981,2844,550
1,1,1,981,2844,550
1,1,1,543,2841,550
1,1,1,502,2845,550
1,1,1,518,2846,550
1,1,1,529,2848,550
1,1,1,552,2848,550
1,1,1,548,2848,550
1,1,1,554,2850,550
1,1,1,553,2851,550
1,1,1,549,2853,550
1,1,1,532,2853,550
1,1,1,511,2855,550
1,1,1,503,2856,550
1,1,1,512,2857,550
1,1,1,523,2859,550
1,1,1,545,2860,550
1,1,0,735,2866,550
1,1,0,992,2864,550
1,1,0,978,2861,550
1,1,0,980,2862,550
1,1,1,981,2860,550
1,1,1,538,2949,550
1,1,1,546,2860,550
1,1,1,531,2861,550
1,1,1,512,2863,550
1,1,1,515,2864,550
1,1,1,510,2866,550
1,1,1,526,2868,550
1,1,1,537,2872,550
1,1,1,546,2967,550
1,1,1,551,2871,550
1,1,1,554,2870,550
1,1,1,513,2873,550
1,1,1,499,2875,550
1,1,1,510,2876,550
1,1,1,536,2876,550
1,1,0,732,2882,550
1,1,0,992,2880,550
1,1,0,980,2878,550
1,1,0,983,2878,550
1,1,1,978,2875,550
1,1,1,502,2876,550
1,1,1,546,2876,550
1,1,1,555,2877,550
1,1,1,556,2881,550
1,1,1,523,2881,550
1,1,1,529,2882,550
1,1,1,514,2883,550
1,1,1,501,2885,550
1,1,1,513,2887,550
1,1,1,530,2887,550
1,1,1,537,2891,550
1,1,1,546,2983,550
1,1,1,554,2889,550
1,1,1,556,2890,550
1,1,1,536,2892,550
1,1,0,717,2898,550
1,1,0,991,2896,550
1,1,0,978,2895,550
1,1,0,978,2894,550
1,1,1,971,2890,550
1,1,1,498,2891,550
1,1,1,534,2896,550
1,1,1,547,3003,550
1,1,1,553,2894,550
1,1,1,553,2896,550
1,1,1,555,2898,550
1,1,1,542,2900,550
1,1,1,518,2901,550
1,1,1,505,2902,550
1,1,1,501,2903,550
1,1,1,520,2905,550
1,1,1,531,2907,550
1,1,1,542,2920,550
1,1,1,550,2906,550
1,1,1,555,3000,550
1,1,0,706,2914,550
1,1,0,991,2912,550
1,1,0,979,2911,550
1,1,0,979,2911,550
1,1,1,960,2906,550
1,1,1,506,2907,550
1,1,1,529,2910,550
1,1,1,546,2925,550
1,1,1,552,2911,550
1,1,1,556,3005,550
1,1,1,557,2914,550
1,1,1,551,2915,550
1,1,1,530,2916,550
1,1,1,511,2918,550
1,1,1,505,2918,550
1,1,1,513,2920,550
1,1,1,525,2922,550
1,1,1,537,2925,550
1,1,1,548,3026,550
1,1,1,556,2939,550
1,1,0,697,2930,550
1,1,0,991,2928,550
1,1,0,983,2927,550
1,1,0,980,2926,550
1,1,1,936,2935,550
1,1,1,523,2924,550
1,1,1,519,2926,550
1,1,1,531,2929,550
1,1,1,543,2942,550
1,1,1,557,2932,550
1,1,1,557,2929,550
1,1,1,558,2931,550
1,1,1,553,2932,550
1,1,1,532,2935,550
1,1,1,515,2935,550
1,1,1,501,2937,550
1,1,1,514,2938,550
1,1,1,525,2938,550
1,1,1,538,2942,550
1,1,1,556,2942,550
1,1,0,733,2946,550
1,1,0,991,2944,550
1,1,0,986,2943,550
1,1,0,981,2942,550
1,1,1,979,2941,550
1,1,1,546,2939,550
1,1,1,521,2942,550
1,1,1,507,2944,550
1,1,1,507,2944,550
1,1,1,535,2945,550
1,1,1,532,2947,550
1,1,1,545,2961,550
1,1,1,552,2946,550
1,1,1,558,2949,550
1,1,1,558,3043,550
1,1,1,552,2951,550
1,1,1,532,2954,550
1,1,1,522,2954,550
1,1,1,533,2958,550
1,1,1,554,2957,550
1,1,0,724,2962,550
1,1,0,992,2960,550
1,1,0,983,2958,550
1,1,0,980,2957,550
1,1,0,968,2958,550
1,1,0,971,2957,550
1,1,0,964,2958,550
1,1,0,969,2957,550
1,1,0,964,2958,550
1,1,0,969,2956,550
1,1,0,960,2957,550
1,1,0,965,2956,550
1,1,0,955,2956,550
1,1,0,965,2956,550
1,1,0,955,2957,550
1,1,0,961,2958,550
1,1,0,955,2956,550
1,1,0,959,2956,550
1,1,0,955,2957,550
1,1,1,951,2951,550
1,1,0,705,2959,550
1,1,0,984,2957,550
1,1,0,974,2956,550
1,1,0,980,2956,550
1,1,1,979,2954,550
1,1,1,539,3047,550
1,1,1,555,2955,550
1,1,1,559,2957,550
1,1,1,556,2959,550
1,1,1,546,2960,550
1,1,1,521,2961,550
1,1,1,509,2962,550
1,1,1,506,2964,550
1,1,1,524,2965,550
1,1,1,545,2967,550
1,1,1,545,2980,550
1,1,1,552,2968,550
1,1,1,558,2969,550
1,1,1,558,2969,550
1,1,1,529,2970,550
1,1,0,721,2977,550
1,1,0,993,2976,550
1,1,0,982,2973,550
1,1,0,980,2973,550
1,1,1,981,2968,550
1,1,1,505,2971,550
1,1,1,552,2971,550
1,1,1,558,2973,550
1,1,1,560,2975,550
1,1,1,554,2976,550
1,1,1,533,2977,550
1,1,1,513,2978,550
1,1,1,505,2980,550
1,1,1,514,2981,550
1,1,1,540,2983,550
1,1,1,541,2986,550
1,1,1,549,3078,550
1,1,1,558,2984,550
1,1,1,559,2985,550
1,1,1,539,2987,550
1,1,0,717,2993,550
1,1,0,992,2991,550
1,1,0,979,2989,550
1,1,0,980,2989,550
1,1,1,972,2984,550
1,1,1,498,2987,550
1,1,1,546,3003,550
1,1,1,555,2989,550
1,1,1,559,2991,550
1,1,1,561,3086,550
1,1,1,556,2993,550
1,1,1,534,2995,550
1,1,1,517,2996,550
1,1,1,505,2997,550
1,1,1,527,2998,550
1,1,1,528,3000,550
1,1,1,540,3003,550
1,1,1,549,3093,550
1,1,1,555,3002,550
1,1,1,557,3002,550
1,1,0,713,3009,550
1,1,0,992,3008,550
1,1,0,983,3005,550
1,1,0,980,3006,550
1,1,1,982,3005,550
1,1,1,552,3002,550
1,1,1,504,3005,550
1,1,1,517,3007,550
1,1,1,529,3009,550
1,1,1,542,3009,550
1,1,1,553,3116,550
1,1,1,560,3011,550
1,1,1,561,3012,550
1,1,1,558,3013,550
1,1,1,527,3014,550
1,1,1,524,3015,550
1,1,1,550,3122,550
1,1,1,541,3021,550
1,1,1,551,3120,550
1,1,1,559,3034,550
1,1,0,698,3026,550
1,1,0,991,3023,550
1,1,0,980,3022,550
1,1,0,980,3022,550
1,1,1,982,3020,550
1,1,1,542,3107,550
1,1,1,554,3020,550
1,1,1,533,3022,550
1,1,1,515,3024,550
1,1,1,505,3024,550
1,1,1,517,3027,550
1,1,1,531,3028,550
1,1,1,543,3031,550
1,1,1,552,3124,550
1,1,1,563,3035,550
1,1,1,562,3030,550
1,1,1,559,3032,550
1,1,1,545,3034,550
1,1,1,521,3034,550
1,1,1,512,3035,550
1,1,0,737,3042,550
1,1,0,990,3039,550
1,1,0,985,3037,550
1,1,0,979,3037,550
1,1,1,978,3036,550
1,1,1,526,3036,550
1,1,1,561,3036,550
1,1,1,562,3038,550
1,1,1,547,3039,550
1,1,1,524,3041,550
1,1,1,511,3041,550
1,1,1,513,3043,550
1,1,1,527,3045,550
1,1,1,536,3047,550
1,1,1,555,3048,550
1,1,1,556,3046,550
1,1,1,562,3047,550
1,1,1,562,3049,550
1,1,1,556,3050,550
1,1,1,512,3051,550
1,1,0,729,3057,550
1,1,0,994,3055,550
1,1,0,978,3053,550
1,1,0,984,3053,550
1,1,1,980,3050,550
1,1,1,515,3052,550
1,1,1,559,3052,550
1,1,1,564,3053,550
1,1,1,561,3055,550
1,1,1,549,3056,550
1,1,1,524,3056,550
1,1,1,512,3058,550
1,1,1,509,3061,550
1,1,1,525,3062,550
1,1,1,548,3062,550
1,1,1,549,3077,550
1,1,1,556,3062,550
1,1,1,563,3064,550
1,1,1,563,3066,550
1,1,1,534,3066,550
1,1,0,723,3072,550
1,1,0,994,3070,550
1,1,0,979,3070,550
1,1,0,979,3069,550
1,1,1,977,3066,550
1,1,1,502,3067,550
1,1,1,551,3163,550
1,1,1,562,3068,550
1,1,1,564,3070,550
1,1,1,564,3071,550
1,1,1,548,3073,550
1,1,1,528,3075,550
1,1,1,510,3076,550
1,1,1,514,3077,550
1,1,1,538,3078,550
1,1,1,540,3081,550
1,1,1,548,3093,550
1,1,1,557,3080,550
1,1,1,564,3081,550
1,1,1,555,3082,550
1,1,0,697,3088,550
1,1,0,991,3087,550
1,1,0,980,3086,550
1,1,0,979,3084,550
1,1,1,978,3085,550
1,1,1,547,3082,550
1,1,1,517,3085,550
1,1,1,535,3087,550
1,1,1,547,3089,550
1,1,1,557,3088,550
1,1,1,563,3088,550
1,1,1,565,3089,550
1,1,1,562,3091,550
1,1,1,550,3093,550
1,1,1,515,3093,550
1,1,1,515,3094,550
1,1,1,560,3095,550
1,1,1,553,3188,550
1,1,1,562,3097,550
1,1,1,561,3099,550
1,1,0,713,3105,550
1,1,0,995,3103,550
1,1,0,979,3101,550
1,1,0,981,3100,550
1,1,1,977,3101,550
1,1,1,538,3097,550
1,1,1,526,3100,550
1,1,1,512,3101,550
1,1,1,514,3104,550
1,1,1,530,3105,550
1,1,1,539,3107,550
1,1,1,552,3120,550
1,1,1,560,3106,550
1,1,1,565,3107,550
1,1,1,559,3109,550
1,1,1,560,3110,550
1,1,1,537,3112,550
1,1,1,518,3113,550
1,1,1,506,3114,550
1,1,1,536,3115,550
1,1,0,742,3121,550
1,1,0,989,3118,550
1,1,0,985,3116,550
1,1,0,979,3117,550
1,1,1,982,3115,550
1,1,1,548,3112,550
1,1,1,547,3114,550
1,1,1,526,3116,550
1,1,1,513,3119,550
1,1,1,514,3119,550
1,1,1,526,3121,550
1,1,1,541,3123,550
1,1,1,552,3137,550
1,1,1,561,3123,550
1,1,1,565,3196,550
1,1,1,566,3125,550
1,1,1,560,3126,550
1,1,1,538,3127,550
1,1,1,520,3129,550
1,1,1,522,3131,550
1,1,0,740,3136,550
1,1,0,990,3133,550
1,1,0,979,3132,550
1,1,0,980,3131,550
1,1,1,978,3129,550
1,1,1,536,3132,550
1,1,1,564,3130,550
1,1,1,561,3132,550
1,1,1,540,3134,550
1,1,1,520,3134,550
1,1,1,510,3136,550
1,1,1,523,3138,550
1,1,1,536,3139,550
1,1,1,547,3141,550
1,1,1,562,3142,550
1,1,1,562,3141,550
1,1,1,567,3142,550
1,1,1,564,3142,550
1,1,1,551,3143,550
1,1,1,512,3144,550
1,1,0,738,3150,550
1,1,0,990,3147,550
1,1,0,984,3148,550
1,1,0,982,3147,550
1,1,1,980,3143,550
1,1,1,530,3145,550
1,1,1,565,3145,550
1,1,1,566,3146,550
1,1,1,552,3148,550
1,1,1,531,3149,550
1,1,1,516,3151,550
1,1,1,513,3152,550
1,1,1,529,3152,550
1,1,1,541,3155,550
1,1,1,560,3155,550
1,1,1,558,3154,550
1,1,1,566,3156,550
1,1,1,566,3157,550
1,1,1,561,3159,550
1,1,1,516,3160,550
1,1,0,719,3166,550
1,1,0,994,3164,550
1,1,0,983,3162,550
1,1,0,979,3162,550
1,1,1,968,3158,550
1,1,1,503,3159,550
1,1,1,544,3164,550
1,1,1,559,3250,550
1,1,1,565,3163,550
1,1,1,569,3171,550
1,1,1,567,3165,550
1,1,1,553,3167,550
1,1,1,528,3168,550
1,1,1,514,3170,550
1,1,1,526,3170,550
1,1,1,529,3172,550
1,1,1,564,3172,550
1,1,1,565,3172,550
1,1,1,564,3174,550
1,1,1,526,3176,550
1,1,0,729,3182,550
1,1,0,993,3179,550
1,1,0,982,3177,550
1,1,0,979,3178,550
1,1,0,968,3177,550
1,1,0,979,3177,550
1,1,0,964,3178,550
1,1,0,972,3177,550
1,1,0,961,3177,550
1,1,0,968,3176,550
1,1,0,960,3177,550
1,1,0,965,3176,550
1,1,0,956,3176,550
1,1,0,964,3175,550
1,1,0,956,3176,550
1,1,0,961,3176,550
1,1,0,958,3177,550
1,1,0,962,3177,550
1,1,0,955,3176,550
1,1,1,962,3173,550
1,1,0,723,3178,550
1,1,0,982,3177,550
1,1,0,974,3176,550
1,1,0,979,3175,550
1,1,1,979,3175,550
1,1,1,595,3176,550
1,1,1,687,3176,550
1,1,1,592,3180,550
1,1,1,687,3179,550
1,1,1,629,3182,550
1,1,1,674,3274,550
1,1,1,635,3185,550
1,1,1,660,3190,550
1,1,1,677,3186,550
1,1,1,683,3190,550
1,1,1,688,3188,550
1,1,1,613,3191,550
1,1,1,693,3191,550
1,1,1,593,3195,550
1,1,1,683,3193,550
1,1,0,807,3198,550
1,1,0,994,3196,550
1,1,0,984,3195,550
1,1,0,982,3194,550
1,1,1,981,3194,550
1,1,1,638,3196,550
1,1,1,685,3195,550
1,1,1,662,3227,550
1,1,1,655,3198,550
1,1,1,688,3202,550
1,1,1,688,3201,550
1,1,1,625,3204,550
1,1,1,681,3202,550
1,1,1,604,3205,550
1,1,1,679,3204,550
1,1,1,594,3208,550
1,1,1,681,3207,550
1,1,1,620,3210,550
1,1,1,667,3239,550
1,1,1,596,3212,550
1,1,0,819,3216,550
1,1,0,994,3215,550
1,1,0,985,3213,550
1,1,0,985,3212,550
1,1,1,975,3208,550
1,1,1,683,3211,550
1,1,1,589,3214,550
1,1,1,692,3213,550
1,1,1,614,3217,550
1,1,1,671,3304,550
1,1,1,600,3220,550
1,1,1,690,3218,550
1,1,1,595,3222,550
1,1,1,681,3221,550
1,1,1,614,3223,550
1,1,1,665,3255,550
1,1,1,656,3226,550
1,1,1,649,3229,550
1,1,1,688,3227,550
1,1,1,677,3230,550
1,1,0,780,3234,550
1,1,0,993,3231,550
1,1,0,984,3230,550
1,1,0,983,3229,550
1,1,1,981,3228,550
1,1,1,589,3230,550
1,1,1,679,3229,550
1,1,1,600,3233,550
1,1,1,690,3233,550
1,1,1,659,3234,550
1,1,1,685,3236,550
1,1,1,608,3238,550
1,1,1,676,3324,550
1,1,1,635,3241,550
1,1,1,691,3244,550
1,1,1,678,3242,550
1,1,1,666,3274,550
1,1,1,638,3244,550
1,1,1,656,3250,550
1,1,1,592,3248,550
1,1,0,821,3251,550
1,1,0,994,3249,550
1,1,0,985,3248,550
1,1,0,984,3248,550
1,1,1,983,3243,550
1,1,1,683,3245,550
1,1,1,599,3250,550
1,1,1,690,3249,550
1,1,1,625,3253,550
1,1,1,626,3251,550
1,1,1,603,3255,550
1,1,1,691,3254,550
1,1,1,595,3258,550
1,1,1,682,3255,550
1,1,1,615,3259,550
1,1,1,665,3297,550
1,1,1,657,3259,550
1,1,1,604,3263,550
1,1,1,684,3262,550
1,1,1,678,3266,550
1,1,0,758,3268,550
1,1,0,993,3266,550
1,1,0,986,3265,550
1,1,0,981,3264,550
1,1,1,981,3263,550
1,1,1,592,3263,550
1,1,1,677,3263,550
1,1,1,619,3268,550
1,1,1,691,3267,550
1,1,1,640,3272,550
1,1,1,681,3269,550
1,1,1,622,3272,550
1,1,1,668,3308,550
1,1,1,657,3275,550
1,1,1,686,3278,550
1,1,1,687,3276,550
1,1,1,595,3278,550
1,1,1,694,3277,550
1,1,1,602,3282,550
1,1,1,669,3280,550
1,1,0,813,3286,550
1,1,0,993,3283,550
1,1,0,986,3282,550
1,1,0,984,3282,550
1,1,1,982,3281,550
1,1,1,536,3279,550
1,1,1,524,3280,550
1,1,1,543,3283,550
1,1,1,559,3294,550
1,1,1,574,3287,550
1,1,1,574,3284,550
1,1,1,574,3286,550
1,1,1,568,3287,550
1,1,1,543,3289,550
1,1,1,512,3290,550
1,1,1,513,3292,550
1,1,1,528,3292,550
1,1,1,542,3294,550
1,1,1,552,3296,550
1,1,1,570,3296,550
1,1,0,722,3299,550
1,1,0,991,3298,550
1,1,0,984,3296,550
1,1,0,978,3296,550
1,1,1,982,3297,550
1,1,1,558,3293,550
1,1,1,517,3296,550
1,1,1,531,3298,550
1,1,1,550,3299,550
1,1,1,570,3300,550
1,1,1,569,3299,550
1,1,1,573,3300,550
1,1,1,574,3301,550
1,1,1,568,3303,550
1,1,1,526,3304,550
1,1,1,524,3305,550
1,1,1,516,3306,550
1,1,1,525,3308,550
1,1,1,541,3309,550
1,1,1,565,3310,550
1,1,0,748,3315,550
1,1,0,995,3313,550
1,1,0,983,3311,550
1,1,0,980,3310,550
1,1,1,982,3310,550
1,1,1,563,3307,550
1,1,1,554,3310,550
1,1,1,535,3312,550
1,1,1,520,3314,550
1,1,1,536,3315,550
1,1,1,533,3315,550
1,1,1,547,3318,550
1,1,1,560,3329,550
1,1,1,568,3317,550
1,1,1,576,3375,550
1,1,1,574,3320,550
1,1,1,533,3324,550
1,1,1,519,3323,550
1,1,1,533,3324,550
1,1,1,559,3325,550
1,1,0,744,3332,550
1,1,0,991,3329,550
1,1,0,982,3327,550
1,1,0,978,3326,550
1,1,1,977,3323,550
1,1,1,525,3325,550
1,1,1,571,3324,550
1,1,1,576,3326,550
1,1,1,573,3328,550
1,1,1,531,3329,550
1,1,1,536,3330,550
1,1,1,521,3332,550
1,1,1,522,3333,550
1,1,1,534,3335,550
1,1,1,559,3336,550
1,1,1,561,3346,550
1,1,1,568,3335,550
1,1,1,574,3336,550
1,1,1,574,3338,550
1,1,1,542,3338,550
1,1,0,732,3344,550
1,1,0,995,3341,550
1,1,0,984,3342,550
1,1,0,979,3340,550
1,1,1,954,3335,550
1,1,1,507,3338,550
1,1,1,560,3351,550
1,1,1,569,3339,550
1,1,1,575,3341,550
1,1,1,568,3342,550
1,1,1,569,3344,550
1,1,1,547,3345,550
1,1,1,525,3347,550
1,1,1,515,3348,550
1,1,1,541,3349,550
1,1,1,542,3351,550
1,1,1,555,3353,550
1,1,1,564,3441,550
1,1,1,573,3352,550
1,1,1,573,3352,550
1,1,0,720,3359,550
1,1,0,990,3357,550
1,1,0,983,3355,550
1,1,0,981,3355,550
1,1,1,902,3350,550
1,1,1,530,3353,550
1,1,1,542,3355,550
1,1,1,556,3358,550
1,1,1,567,3446,550
1,1,1,577,3365,550
1,1,1,577,3358,550
1,1,1,574,3359,550
1,1,1,561,3361,550
1,1,1,537,3362,550
1,1,1,521,3364,550
1,1,1,519,3365,550
1,1,1,536,3365,550
1,1,1,548,3367,550
1,1,1,560,3370,550
1,1,1,575,3370,550
1,1,0,704,3374,550
1,1,0,997,3371,550
1,1,0,984,3369,550
1,1,0,980,3369,550
1,1,1,979,3370,550
1,1,1,552,3367,550
1,1,1,526,3369,550
1,1,1,542,3371,550
1,1,1,557,3374,550
1,1,1,576,3374,550
1,1,1,574,3372,550
1,1,1,578,3373,550
1,1,1,575,3375,550
1,1,1,560,3376,550
1,1,1,519,3379,550
1,1,1,520,3379,550
1,1,1,522,3379,550
1,1,1,535,3381,550
1,1,1,550,3383,550
1,1,1,572,3383,550
1,1,0,751,3388,550
1,1,0,993,3386,550
1,1,0,983,3384,550
1,1,0,978,3384,550
1,1,1,983,3383,550
1,1,1,569,3381,550
1,1,1,536,3384,550
1,1,1,523,3384,550
1,1,1,523,3387,550
1,1,1,554,3387,550
1,1,1,549,3390,550
1,1,1,562,3402,550
1,1,1,573,3390,550
1,1,1,575,3390,550
1,1,1,573,3391,550
1,1,1,571,3393,550
1,1,1,550,3396,550
1,1,1,537,3397,550
1,1,1,549,3398,550
1,1,1,574,3399,550
1,1,0,734,3403,550
1,1,0,989,3401,550
1,1,0,982,3399,550
1,1,0,980,3399,550
1,1,0,967,3399,550
1,1,0,979,3398,550
1,1,0,965,3398,550
1,1,0,973,3398,550
1,1,0,961,3399,550
1,1,0,967,3399,550
1,1,0,957,3398,550
1,1,0,966,3398,550
1,1,0,958,3399,550
1,1,0,963,3397,550
1,1,0,957,3396,550
1,1,0,962,3397,550
1,1,0,955,3397,550
1,1,0,965,3397,550
1,1,0,955,3398,550
1,1,1,879,3391,550
1,1,0,713,3400,550
1,1,0,982,3399,550
1,1,0,977,3398,550
1,1,0,981,3397,550
1,1,1,979,3393,550
1,1,1,512,3396,550
1,1,1,564,3483,550
1,1,1,576,3397,550
1,1,1,578,3398,550
1,1,1,555,3399,550
1,1,1,561,3401,550
1,1,1,536,3403,550
1,1,1,526,3404,550
1,1,1,524,3406,550
1,1,1,549,3406,550
1,1,1,550,3409,550
1,1,1,563,3420,550
1,1,1,571,3408,550
1,1,1,579,3409,550
1,1,1,577,3494,550
1,1,0,724,3416,550
1,1,0,994,3414,550
1,1,0,983,3414,550
1,1,0,983,3412,550
1,1,1,975,3409,550
1,1,1,510,3410,550
1,1,1,562,3423,550
1,1,1,572,3412,550
1,1,1,579,3414,550
1,1,1,571,3414,550
1,1,1,573,3416,550
1,1,1,552,3418,550
1,1,1,530,3420,550
1,1,1,518,3420,550
1,1,1,545,3420,550
1,1,1,545,3423,550
1,1,1,556,3424,550
1,1,1,567,3516,550
1,1,1,575,3424,550
1,1,1,577,3434,550
1,1,0,723,3430,550
1,1,0,994,3429,550
1,1,0,982,3427,550
1,1,0,981,3427,550
1,1,1,959,3423,550
1,1,1,526,3424,550
1,1,1,550,3427,550
1,1,1,563,3440,550
1,1,1,573,3427,550
1,1,1,580,3493,550
1,1,1,578,3430,550
1,1,1,573,3431,550
1,1,1,553,3433,550
1,1,1,531,3435,550
1,1,1,528,3435,550
1,1,1,531,3436,550
1,1,1,544,3437,550
1,1,1,556,3441,550
1,1,1,567,3525,550
1,1,1,575,3441,550
1,1,0,739,3446,550
1,1,0,996,3443,550
1,1,0,985,3442,550
1,1,0,979,3442,550
1,1,1,977,3441,550
1,1,1,572,3438,550
1,1,1,519,3441,550
1,1,1,522,3443,550
1,1,1,541,3444,550
1,1,1,566,3445,550
1,1,1,564,3458,550
1,1,1,574,3445,550
1,1,1,581,3447,550
1,1,1,579,3448,550
1,1,1,553,3448,550
1,1,1,550,3451,550
1,1,1,564,3465,550
1,1,1,551,3455,550
1,1,1,564,3465,550
1,1,1,576,3455,550
1,1,0,704,3460,550
1,1,0,989,3457,550
1,1,0,983,3457,550
1,1,0,980,3457,550
1,1,1,981,3455,550
1,1,1,558,3533,550
1,1,1,573,3455,550
1,1,1,551,3457,550
1,1,1,530,3457,550
1,1,1,533,3459,550
1,1,1,533,3461,550
1,1,1,547,3462,550
1,1,1,558,3464,550
1,1,1,569,3546,550
1,1,1,580,3469,550
1,1,1,580,3464,550
1,1,1,577,3466,550
1,1,1,564,3467,550
1,1,1,540,3468,550
1,1,1,524,3468,550
1,1,0,754,3475,550
1,1,0,989,3472,550
1,1,0,984,3471,550
1,1,0,980,3471,550
1,1,1,981,3470,550
1,1,1,543,3469,550
1,1,1,579,3469,550
1,1,1,578,3469,550
1,1,1,564,3472,550
1,1,1,524,3473,550
1,1,1,527,3476,550
1,1,1,526,3476,550
1,1,1,539,3477,550
1,1,1,555,3478,550
1,1,1,575,3480,550
1,1,1,574,3478,550
1,1,1,579,3481,550
1,1,1,580,3481,550
1,1,1,574,3482,550
1,1,1,550,3483,550
1,1,0,745,3488,550
1,1,0,990,3487,550
1,1,0,980,3487,550
1,1,0,983,3485,550
1,1,1,978,3481,550
1,1,1,531,3483,550
1,1,1,576,3483,550
1,1,1,582,3484,550
1,1,1,581,3487,550
1,1,1,535,3487,550
1,1,1,541,3488,550
1,1,1,528,3490,550
1,1,1,528,3491,550
1,1,1,540,3492,550
1,1,1,565,3493,550
1,1,1,566,3506,550
1,1,1,576,3494,550
1,1,1,582,3495,550
1,1,1,579,3496,550
1,1,1,574,3498,550
1,1,0,736,3503,550
1,1,0,990,3502,550
1,1,0,984,3500,550
1,1,0,980,3499,550
1,1,1,979,3496,550
1,1,1,517,3496,550
1,1,1,571,3590,550
1,1,1,578,3498,550
1,1,1,584,3500,550
1,1,1,560,3501,550
1,1,1,566,3503,550
1,1,1,539,3504,550
1,1,1,526,3506,550
1,1,1,524,3506,550
1,1,1,553,3507,550
1,1,1,554,3509,550
1,1,1,569,3520,550
1,1,1,576,3509,550
1,1,1,583,3510,550
1,1,1,581,3592,550
1,1,0,708,3516,550
1,1,0,990,3515,550
1,1,0,983,3515,550
1,1,0,979,3514,550
1,1,1,911,3509,550
1,1,1,561,3511,550
1,1,1,533,3513,550
1,1,1,546,3515,550
1,1,1,561,3517,550
1,1,1,580,3517,550
1,1,1,582,3516,550
1,1,1,584,3518,550
1,1,1,581,3518,550
1,1,1,566,3520,550
1,1,1,525,3521,550
1,1,1,525,3522,550
1,1,1,581,3523,550
1,1,1,572,3609,550
1,1,1,578,3524,550
1,1,1,580,3534,550
1,1,0,721,3532,550
1,1,0,992,3530,550
1,1,0,981,3528,550
1,1,0,979,3528,550
1,1,1,979,3528,550
1,1,1,571,3525,550
1,1,1,551,3527,550
1,1,1,533,3528,550
1,1,1,523,3531,550
1,1,1,553,3531,550
1,1,1,551,3533,550
1,1,1,563,3535,550
1,1,1,572,3623,550
1,1,1,582,3535,550
1,1,1,582,3531,550
1,1,1,581,3535,550
1,1,1,565,3537,550
1,1,1,542,3537,550
1,1,1,524,3538,550
1,1,1,525,3540,550
1,1,0,754,3545,550
1,1,0,997,3542,550
1,1,0,984,3542,550
1,1,0,979,3541,550
1,1,1,983,3539,550
1,1,1,562,3618,550
1,1,1,576,3540,550
1,1,1,554,3541,550
1,1,1,534,3543,550
1,1,1,537,3544,550
1,1,1,533,3545,550
1,1,1,549,3546,550
1,1,1,562,3549,550
1,1,1,575,3633,550
1,1,1,586,3553,550
1,1,1,585,3549,550
1,1,1,582,3551,550
1,1,1,567,3551,550
1,1,1,541,3552,550
1,1,1,526,3553,550
1,1,0,752,3558,550
1,1,0,990,3557,550
1,1,0,983,3557,550
1,1,0,980,3555,550
1,1,1,981,3554,550
1,1,1,552,3555,550
1,1,1,583,3554,550
1,1,1,579,3556,550
1,1,1,554,3556,550
1,1,1,522,3558,550
1,1,1,522,3559,550
1,1,1,534,3561,550
1,1,1,551,3562,550
1,1,1,563,3564,550
1,1,1,582,3564,550
1,1,1,582,3562,550
1,1,1,586,3564,550
1,1,1,582,3565,550
1,1,1,568,3567,550
1,1,1,540,3566,550
1,1,0,748,3572,550
1,1,0,994,3570,550
1,1,0,984,3569,550
1,1,0,980,3569,550
1,1,1,980,3568,550
1,1,1,549,3566,550
1,1,1,584,3567,550
1,1,1,584,3569,550
1,1,1,572,3570,550
1,1,1,527,3572,550
1,1,1,526,3573,550
1,1,1,525,3574,550
1,1,1,542,3576,550
1,1,1,556,3577,550
1,1,1,577,3578,550
1,1,1,578,3576,550
1,1,1,583,3577,550
1,1,1,584,3579,550
1,1,1,578,3580,550
1,1,1,556,3580,550
1,1,0,728,3586,550
1,1,0,989,3584,550
1,1,0,981,3584,550
1,1,0,980,3582,550
1,1,1,972,3579,550
1,1,1,516,3580,550
1,1,1,566,3593,550
1,1,1,579,3582,550
1,1,1,587,3584,550
1,1,1,579,3585,550
1,1,1,579,3586,550
1,1,1,556,3587,550
1,1,1,538,3589,550
1,1,1,521,3590,550
1,1,1,549,3591,550
1,1,1,549,3592,550
1,1,1,579,3592,550
1,1,1,585,3593,550
1,1,1,581,3595,550
1,1,1,552,3595,550
1,1,0,747,3602,550
1,1,0,991,3598,550
1,1,0,984,3597,550
1,1,0,980,3596,550
1,1,0,970,3597,550
1,1,0,979,3596,550
1,1,0,967,3597,550
1,1,0,971,3595,550
1,1,0,961,3596,550
1,1,0,968,3595,550
1,1,0,957,3597,550
1,1,0,964,3597,550
1,1,0,956,3597,550
1,1,0,964,3595,550
1,1,0,954,3596,550
1,1,0,961,3594,550
1,1,0,956,3596,550
1,1,0,964,3595,550
1,1,0,955,3595,550
1,1,1,963,3593,550
1,1,0,730,3597,550
1,1,0,981,3596,550
1,1,0,978,3595,550
1,1,0,979,3595,550
1,1,1,979,3594,550
1,1,1,579,3591,550
1,1,1,534,3595,550
1,1,1,523,3597,550
1,1,1,539,3599,550
1,1,1,567,3599,550
1,1,1,565,3602,550
1,1,1,576,3685,550
1,1,1,584,3600,550
1,1,1,586,3602,550
1,1,1,578,3682,550
1,1,1,569,3604,550
1,1,1,545,3606,550
1,1,1,530,3607,550
1,1,1,528,3608,550
1,1,1,559,3608,550
1,1,0,752,3613,550
1,1,0,994,3612,550
1,1,0,982,3610,550
1,1,0,981,3610,550
1,1,1,981,3622,550
1,1,1,574,3606,550
1,1,1,554,3610,550
1,1,1,535,3610,550
1,1,1,526,3611,550
1,1,1,555,3613,550
1,1,1,553,3615,550
1,1,1,566,3616,550
1,1,1,578,3696,550
1,1,1,584,3615,550
1,1,1,588,3621,550
1,1,1,584,3619,550
1,1,1,571,3619,550
1,1,1,544,3620,550
1,1,1,528,3621,550
1,1,1,547,3623,550
1,1,0,757,3628,550
1,1,0,989,3626,550
1,1,0,985,3626,550
1,1,0,980,3624,550
1,1,1,981,3623,550
1,1,1,573,3621,550
1,1,1,567,3623,550
1,1,1,547,3624,550
1,1,1,530,3626,550
1,1,1,547,3626,550
1,1,1,546,3627,550
1,1,1,561,3629,550
1,1,1,571,3641,550
1,1,1,582,3628,550
1,1,1,585,3634,550
1,1,1,589,3631,550
1,1,1,582,3633,550
1,1,1,556,3634,550
1,1,1,536,3635,550
1,1,1,539,3635,550
1,1,0,747,3641,550
1,1,0,989,3640,550
1,1,0,985,3639,550
1,1,0,980,3638,550
1,1,1,978,3634,550
1,1,1,534,3634,550
1,1,1,584,3636,550
1,1,1,589,3636,550
1,1,1,586,3639,550
1,1,1,542,3639,550
1,1,1,546,3641,550
1,1,1,531,3642,550
1,1,1,531,3643,550
1,1,1,547,3646,550
1,1,1,556,3645,550
1,1,1,571,3657,550
1,1,1,546,3647,550
1,1,1,573,3648,550
1,1,1,545,3649,550
1,1,1,534,3650,550
1,1,0,756,3655,550
1,1,0,995,3653,550
1,1,0,983,3652,550
1,1,0,984,3651,550
1,1,1,944,3646,550
1,1,1,540,3649,550
1,1,1,550,3651,550
1,1,1,565,3654,550
1,1,1,578,3731,550
1,1,1,589,3663,550
1,1,1,589,3653,550
1,1,1,589,3656,550
1,1,1,573,3655,550
1,1,1,545,3657,550
1,1,1,531,3658,550
1,1,1,532,3660,550
1,1,1,544,3662,550
1,1,1,558,3663,550
1,1,1,571,3673,550
1,1,1,591,3666,550
1,1,0,711,3669,550
1,1,0,999,3667,550
1,1,0,983,3666,550
1,1,0,981,3665,550
1,1,1,933,3661,550
1,1,1,554,3662,550
1,1,1,541,3666,550
1,1,1,560,3667,550
1,1,1,572,3678,550
1,1,1,588,3670,550
1,1,1,588,3668,550
1,1,1,591,3669,550
1,1,1,584,3671,550
1,1,1,559,3672,550
1,1,1,543,3672,550
1,1,1,526,3673,550
1,1,1,537,3676,550
1,1,1,553,3677,550
1,1,1,566,3678,550
1,1,1,585,3678,550
1,1,0,732,3682,550
1,1,0,998,3680,550
1,1,0,983,3679,550
1,1,0,980,3679,550
1,1,1,982,3679,550
1,1,1,576,3676,550
1,1,1,528,3679,550
1,1,1,546,3681,550
1,1,1,561,3682,550
1,1,1,586,3683,550
1,1,1,584,3681,550
1,1,1,590,3682,550
1,1,1,591,3684,550
1,1,1,584,3686,550
1,1,1,564,3685,550
1,1,1,538,3688,550
1,1,1,525,3688,550
1,1,1,540,3690,550
1,1,1,554,3690,550
1,1,1,581,3692,550
1,1,0,746,3696,550
1,1,0,995,3695,550
1,1,0,983,3692,550
1,1,0,980,3692,550
1,1,1,982,3692,550
1,1,1,583,3689,550
1,1,1,529,3691,550
1,1,1,530,3693,550
1,1,1,548,3695,550
1,1,1,578,3696,550
1,1,1,575,3707,550
1,1,1,584,3695,550
1,1,1,590,3697,550
1,1,1,590,3697,550
1,1,1,587,3698,550
1,1,1,560,3699,550
1,1,1,539,3702,550
1,1,1,525,3701,550
1,1,1,537,3704,550
1,1,1,570,3705,550
1,1,0,759,3709,550
1,1,0,991,3706,550
1,1,0,983,3706,550
1,1,0,981,3705,550
1,1,1,982,3705,550
1,1,1,569,3709,550
1,1,1,586,3705,550
1,1,1,573,3705,550
1,1,1,548,3708,550
1,1,1,533,3707,550
1,1,1,531,3710,550
1,1,1,549,3712,550
1,1,1,562,3712,550
1,1,1,575,3723,550
1,1,1,584,3714,550
1,1,1,591,3713,550
1,1,1,532,3717,550
1,1,1,533,3716,550
1,1,1,533,3718,550
1,1,1,565,3718,550
1,1,0,758,3723,550
1,1,0,988,3721,550
1,1,0,982,3720,550
1,1,0,982,3720,550
1,1,1,973,3715,550
1,1,1,519,3716,550
1,1,1,575,3729,550
1,1,1,584,3719,550
1,1,1,591,3720,550
1,1,1,584,3721,550
1,1,1,586,3722,550
1,1,1,562,3724,550
1,1,1,545,3725,550
1,1,1,525,3727,550
1,1,1,536,3726,550
1,1,1,555,3729,550
1,1,1,568,3730,550
1,1,1,580,3806,550
1,1,1,587,3730,550
1,1,1,591,3731,550
1,1,0,728,3735,550
1,1,0,990,3732,550
1,1,0,984,3732,550
1,1,0,979,3731,550
1,1,1,947,3727,550
1,1,1,541,3730,550
1,1,1,556,3732,550
1,1,1,569,3733,550
1,1,1,581,3815,550
1,1,1,592,3743,550
1,1,1,593,3735,550
1,1,1,591,3735,550
1,1,1,575,3736,550
1,1,1,550,3738,550
1,1,1,533,3738,550
1,1,1,534,3739,550
1,1,1,548,3742,550
1,1,1,563,3743,550
1,1,1,575,3752,550
1,1,1,594,3746,550
1,1,0,712,3748,550
1,1,0,991,3746,550
1,1,0,982,3746,550
1,1,0,981,3744,550
1,1,1,981,3744,550
1,1,1,569,3741,550
1,1,1,537,3744,550
1,1,1,555,3745,550
1,1,1,570,3748,550
1,1,1,591,3749,550
1,1,1,592,3747,550
1,1,1,594,3748,550
1,1,1,591,3749,550
1,1,1,575,3751,550
1,1,1,557,3751,550
1,1,1,531,3754,550
1,1,1,532,3754,550
1,1,1,548,3756,550
1,1,1,563,3757,550
1,1,1,585,3757,550
1,1,0,741,3763,550
1,1,0,991,3760,550
1,1,0,983,3759,550
1,1,0,984,3759,550
1,1,1,978,3759,550
1,1,1,586,3753,550
1,1,1,531,3757,550
1,1,1,532,3758,550
1,1,1,548,3761,550
1,1,1,580,3760,550
1,1,1,577,3771,550
1,1,1,586,3761,550
1,1,1,594,3762,550
1,1,1,594,3763,550
1,1,1,585,3763,550
1,1,1,563,3766,550
1,1,1,540,3767,550
1,1,1,528,3769,550
1,1,1,539,3770,550
1,1,1,572,3769,550
1,1,0,760,3775,550
1,1,0,991,3772,550
1,1,0,983,3771,550
1,1,0,981,3771,550
1,1,1,980,3770,550
1,1,1,573,3840,550
1,1,1,587,3769,550
1,1,1,564,3770,550
1,1,1,541,3773,550
1,1,1,545,3774,550
1,1,1,542,3777,550
1,1,1,557,3776,550
1,1,1,571,3778,550
1,1,1,582,3852,550
1,1,1,589,3779,550
1,1,1,593,3778,550
1,1,1,541,3781,550
1,1,1,529,3782,550
1,1,1,542,3784,550
1,1,1,572,3783,550
1,1,0,757,3788,550
1,1,0,994,3787,550
1,1,0,983,3784,550
1,1,0,980,3786,550
1,1,0,967,3783,550
1,1,0,972,3783,550
1,1,0,968,3784,550
1,1,0,972,3784,550
1,1,0,963,3783,550
1,1,0,966,3784,550
1,1,0,960,3785,550
1,1,0,966,3785,550
1,1,0,958,3783,550
1,1,0,965,3784,550
1,1,0,956,3784,550
1,1,0,962,3783,550
1,1,0,956,3784,550
1,1,0,965,3784,550
1,1,0,955,3783,550
1,1,1,915,3777,550
1,1,0,715,3785,550
1,1,0,982,3782,550
1,1,0,977,3781,550
1,1,0,978,3783,550
1,1,1,969,3779,550
1,1,1,528,3781,550
1,1,1,569,3784,550
1,1,1,583,3861,550
1,1,1,591,3783,550
1,1,1,596,3791,550
1,1,1,593,3786,550
1,1,1,576,3787,550
1,1,1,551,3789,550
1,1,1,533,3790,550
1,1,1,549,3790,550
1,1,1,549,3792,550
1,1,1,564,3794,550
1,1,1,577,3804,550
1,1,1,586,3792,550
1,1,1,593,3869,550
1,1,0,724,3800,550
1,1,0,994,3798,550
1,1,0,982,3798,550
1,1,0,984,3798,550
1,1,1,956,3792,550
1,1,1,536,3794,550
1,1,1,565,3797,550
1,1,1,580,3808,550
1,1,1,588,3797,550
1,1,1,594,3801,550
1,1,1,596,3800,550
1,1,1,588,3801,550
1,1,1,565,3801,550
1,1,1,541,3803,550
1,1,1,540,3803,550
1,1,1,543,3805,550
1,1,1,558,3807,550
1,1,1,575,3808,550
1,1,1,582,3888,550
1,1,1,594,3815,550
1,1,0,718,3814,550
1,1,0,998,3811,550
1,1,0,984,3809,550
1,1,0,980,3808,550
1,1,1,940,3803,550
1,1,1,545,3806,550
1,1,1,556,3810,550
1,1,1,572,3812,550
1,1,1,583,3885,550
1,1,1,592,3813,550
1,1,1,597,3812,550
1,1,1,594,3815,550
1,1,1,580,3814,550
1,1,1,550,3816,550
1,1,1,532,3816,550
1,1,1,536,3819,550
1,1,1,551,3820,550
1,1,1,565,3821,550
1,1,1,579,3831,550
1,1,1,595,3824,550
1,1,0,755,3828,550
1,1,0,990,3824,550
1,1,0,984,3824,550
1,1,0,984,3823,550
1,1,1,982,3823,550
1,1,1,586,3820,550
1,1,1,548,3824,550
1,1,1,535,3824,550
1,1,1,534,3826,550
1,1,1,552,3825,550
1,1,1,566,3828,550
1,1,1,579,3839,550
1,1,1,590,3827,550
1,1,1,595,3828,550
1,1,1,591,3829,550
1,1,1,591,3832,550
1,1,1,567,3835,550
1,1,1,547,3834,550
1,1,1,568,3836,550
1,1,1,591,3836,550
1,1,0,743,3842,550
1,1,0,991,3837,550
1,1,0,983,3837,550
1,1,0,981,3837,550
1,1,1,979,3834,550
1,1,1,555,3835,550
1,1,1,594,3836,550
1,1,1,596,3837,550
1,1,1,580,3838,550
1,1,1,553,3839,550
1,1,1,536,3840,550
1,1,1,534,3842,550
1,1,1,552,3843,550
1,1,1,566,3845,550
1,1,1,588,3845,550
1,1,1,589,3843,550
1,1,1,593,3845,550
1,1,1,594,3845,550
1,1,1,594,3847,550
1,1,1,537,3846,550
1,1,0,753,3854,550
1,1,0,993,3851,550
1,1,0,983,3851,550
1,1,0,982,3850,550
1,1,1,984,3847,550
1,1,1,550,3848,550
1,1,1,595,3847,550
1,1,1,598,3848,550
1,1,1,593,3850,550
1,1,1,566,3851,550
1,1,1,543,3853,550
1,1,1,533,3854,550
1,1,1,543,3856,550
1,1,1,560,3857,550
1,1,1,582,3858,550
1,1,1,588,3930,550
1,1,1,594,3857,550
1,1,1,595,3858,550
1,1,1,598,3860,550
1,1,1,547,3860,550
1,1,0,752,3865,550
1,1,0,990,3863,550
1,1,0,982,3864,550
1,1,0,982,3864,550
1,1,1,982,3859,550
1,1,1,542,3860,550
1,1,1,592,3860,550
1,1,1,599,3862,550
1,1,1,596,3864,550
1,1,1,577,3864,550
1,1,1,555,3865,550
1,1,1,535,3867,550
1,1,1,535,3869,550
1,1,1,553,3869,550
1,1,1,580,3869,550
1,1,1,582,3880,550
1,1,1,590,3869,550
1,1,1,599,3871,550
1,1,1,602,3872,550
1,1,1,562,3872,550
1,1,0,746,3879,550
1,1,0,989,3877,550
1,1,0,983,3874,550
1,1,0,982,3875,550
1,1,1,917,3869,550
1,1,1,561,3873,550
1,1,1,596,3872,550
1,1,1,597,3876,550
1,1,1,581,3875,550
1,1,1,553,3877,550
1,1,1,540,3879,550
1,1,1,536,3880,550
1,1,1,556,3882,550
1,1,1,568,3882,550
1,1,1,593,3882,550
1,1,1,591,3882,550
1,1,1,596,3883,550
1,1,1,597,3884,550
1,1,1,593,3885,550
1,1,1,540,3886,550
1,1,0,737,3891,550
1,1,0,990,3889,550
1,1,0,986,3889,550
1,1,0,982,3888,550
1,1,1,968,3883,550
1,1,1,530,3886,550
1,1,1,573,3889,550
1,1,1,587,3961,550
1,1,1,596,3888,550
1,1,1,602,3899,550
1,1,1,598,3891,550
1,1,1,580,3892,550
1,1,1,555,3893,550
1,1,1,535,3893,550
1,1,1,553,3894,550
1,1,1,553,3897,550
1,1,1,600,3897,550
1,1,1,603,3896,550
1,0,1,595,3897,550
1,0,1,538,3898,550
1,0,0,752,3904,550
1,0,0,990,3903,550
1,0,0,983,3901,550
1,0,0,981,3901,550
1,0,1,915,3820,550
1,0,1,582,3821,550
1,0,1,533,3832,550
1,0,1,553,3838,550
1,0,1,567,3843,550
1,0,1,589,3847,550
1,0,1,590,3845,550
1,0,1,598,3851,550
1,0,1,596,3847,550
1,0,1,590,3842,550
1,0,1,538,3850,550
1,0,1,544,3849,550
1,0,1,531,3843,550
1,0,1,545,3845,550
1,0,1,559,3848,550
1,0,1,590,3839,550
1,0,0,749,3844,550
1,0,0,993,3844,550
1,0,0,982,3835,550
1,0,0,980,3832,550
1,0,1,982,3837,550
1,0,1,588,3824,550
1,0,1,534,3829,550
1,0,1,534,3831,550
1,0,1,552,3822,550
1,0,1,578,3829,550
1,0,1,579,3838,550
1,0,1,589,3821,550
1,0,1,596,3816,550
1,0,1,596,3822,550
1,0,1,546,3815,550
1,0,1,565,3816,550
1,0,1,542,3815,550
1,0,1,529,3820,550
1,0,1,543,3815,550
1,0,1,583,3815,550
1,0,0,760,3819,550
1,0,0,989,3815,550
1,0,0,981,3807,550
1,0,0,981,3808,550
1,0,1,983,3806,550
1,0,1,587,3794,550
1,0,1,540,3802,550
1,0,1,529,3803,550
1,0,1,540,3795,550
1,0,1,569,3800,550
1,0,1,573,3801,550
1,0,1,583,3875,550
1,0,1,593,3790,550
1,0,1,595,3791,550
1,0,1,557,3794,550
1,0,1,579,3792,550
1,0,1,552,3785,550
1,0,1,536,3789,550
1,0,1,532,3791,550
1,0,1,578,3783,550
1,0,0,759,3786,550
1,0,0,989,3787,550
1,0,0,983,3787,550
1,0,0,980,3775,550
1,0,1,982,3780,550
1,0,1,582,3773,550
1,0,1,560,3767,550
1,0,1,540,3771,550
1,0,1,528,3775,550
1,0,1,555,3768,550
1,0,1,558,3766,550
1,0,1,570,3768,550
1,0,1,583,3846,550
1,0,1,590,3768,550
1,0,1,585,3760,550
1,0,1,591,3760,550
1,0,1,578,3765,550
1,0,1,551,3765,550
1,0,1,535,3759,550
1,0,1,561,3761,550
1,0,0,755,3767,550
1,0,0,996,3757,550
1,0,0,983,3755,550
1,0,0,982,3756,550
1,0,1,980,3745,550
1,0,1,539,3747,550
1,0,1,587,3748,550
1,0,1,594,3749,550
1,0,1,592,3742,550
1,0,1,558,3743,550
1,0,1,550,3744,550
1,0,1,535,3745,550
1,0,1,531,3742,550
1,0,1,547,3739,550
1,0,1,582,3744,550
1,0,1,577,3751,550
1,0,1,550,3741,550
1,0,1,575,3733,550
1,0,1,549,3737,550
1,0,1,546,3731,550
1,0,0,761,3735,550
1,0,0,989,3731,550
1,0,0,981,3727,550
1,0,0,983,3730,550
1,0,0,967,3730,550
1,0,0,977,3727,550
1,0,0,964,3718,550
1,0,0,969,3716,550
1,0,0,962,3718,550
1,0,0,969,3719,550
1,0,0,961,3717,550
1,0,0,965,3710,550
1,0,0,958,3707,550
1,0,0,965,3709,550
1,0,0,955,3710,550
1,0,0,962,3708,550
1,0,0,955,3700,550
1,0,0,960,3696,550
1,0,0,954,3699,550
1,0,1,960,3696,550
1,0,0,729,3699,550
1,0,0,983,3691,550
1,0,0,975,3686,550
1,0,0,978,3689,550
1,0,1,980,3689,550
1,0,1,579,3674,550
1,0,1,522,3680,550
1,0,1,536,3681,550
1,0,1,554,3685,550
1,0,1,586,3683,550
1,0,1,578,3758,550
1,0,1,588,3672,550
1,0,1,590,3671,550
1,0,1,588,3677,550
1,0,1,534,3679,550
1,0,1,543,3678,550
1,0,1,529,3674,550
1,0,1,530,3673,550
1,0,1,544,3670,550
1,0,1,580,3676,550
1,0,0,750,3678,550
1,0,0,989,3673,550
1,0,0,983,3664,550
1,0,0,979,3661,550
1,0,1,981,3664,550
1,0,1,581,3660,550
1,0,1,536,3659,550
1,0,1,525,3657,550
1,0,1,535,3655,550
1,0,1,577,3657,550
1,0,1,569,3658,550
1,0,1,577,3734,550
1,0,1,585,3655,550
1,0,1,590,3652,550
1,0,1,552,3646,550
1,0,1,571,3646,550
1,0,1,543,3648,550
1,0,1,527,3649,550
1,0,1,530,3651,550
1,0,1,572,3646,550
1,0,0,759,3652,550
1,0,0,994,3644,550
1,0,0,982,3637,550
1,0,0,981,3637,550
1,0,1,982,3639,550
1,0,1,576,3634,550
1,0,1,556,3633,550
1,0,1,537,3628,550
1,0,1,523,3628,550
1,0,1,565,3631,550
1,0,1,552,3630,550
1,0,1,565,3632,550
1,0,1,576,3710,550
1,0,1,586,3629,550
1,0,1,579,3619,550
1,0,1,586,3622,550
1,0,1,569,3620,550
1,0,1,545,3619,550
1,0,1,529,3621,550
1,0,1,556,3624,550
1,0,0,750,3627,550
1,0,0,995,3618,550
1,0,0,982,3612,550
1,0,0,980,3611,550
1,0,1,981,3614,550
1,0,1,548,3612,550
1,0,1,585,3610,550
1,0,1,584,3608,550
1,0,1,570,3605,550
1,0,1,526,3602,550
1,0,1,527,3602,550
1,0,1,530,3601,550
1,0,1,544,3603,550
1,0,1,558,3603,550
1,0,1,585,3606,550
1,0,1,581,3601,550
1,0,1,528,3602,550
1,0,1,545,3595,550
1,0,1,527,3591,550
1,0,1,558,3592,550
1,0,0,754,3595,550
1,0,0,988,3592,550
1,0,0,981,3585,550
1,0,0,981,3586,550
1,0,1,967,3583,550
1,0,1,515,3586,550
1,0,1,566,3597,550
1,0,1,579,3584,550
1,0,1,586,3583,550
1,0,1,555,3578,550
1,0,1,579,3580,550
1,0,1,557,3578,550
1,0,1,533,3576,550
1,0,1,525,3572,550
1,0,1,558,3571,550
1,0,1,549,3570,550
1,0,1,561,3571,550
1,0,1,573,3650,550
1,0,1,580,3568,550
1,0,1,567,3571,550
1,0,0,723,3574,550
1,0,0,997,3570,550
1,0,0,984,3569,550
1,0,0,981,3567,550
1,0,1,957,3559,550
1,0,1,517,3555,550
1,0,1,560,3558,550
1,0,1,572,3633,550
1,0,1,581,3550,550
1,0,1,570,3549,550
1,0,1,583,3549,550
1,0,1,569,3548,550
1,0,1,544,3547,550
1,0,1,524,3546,550
1,0,1,551,3550,550
1,0,1,542,3546,550
1,0,1,554,3546,550
1,0,1,566,3555,550
1,0,1,576,3542,550
1,0,1,577,3545,550
1,0,0,716,3547,550
1,0,0,991,3545,550
1,0,0,982,3543,550
1,0,0,981,3541,550
1,0,1,926,3535,550
1,0,1,536,3535,550
1,0,1,545,3535,550
1,0,1,562,3536,550
1,0,1,574,3613,550
1,0,1,582,3614,550
1,0,1,585,3530,550
1,0,1,584,3530,550
1,0,1,568,3529,550
1,0,1,543,3529,550
1,0,1,535,3522,550
1,0,1,526,3527,550
1,0,1,539,3526,550
1,0,1,555,3526,550
1,0,1,567,3534,550
1,0,1,580,3521,550
1,0,0,709,3525,550
1,0,0,995,3521,550
1,0,0,982,3517,550
1,0,0,980,3514,550
1,0,1,980,3508,550
1,0,1,562,3502,550
1,0,1,531,3506,550
1,0,1,543,3507,550
1,0,1,561,3508,550
1,0,1,583,3502,550
1,0,1,581,3503,550
1,0,1,582,3503,550
1,0,1,581,3508,550
1,0,1,568,3505,550
1,0,1,521,3517,550
1,0,1,527,3520,550
1,0,1,524,3523,550
1,0,1,539,3524,550
1,0,1,553,3527,550
1,0,1,582,3530,550
1,0,0,751,3533,550
1,0,0,991,3531,550
1,0,0,983,3530,550
1,0,0,980,3529,550
1,0,1,980,3531,550
1,0,1,574,3527,550
1,0,1,537,3530,550
1,0,1,526,3530,550
1,0,1,526,3533,550
1,0,1,570,3535,550
1,0,1,556,3536,550
1,0,1,568,3546,550
1,0,1,577,3536,550
1,0,1,584,3537,550
1,0,1,560,3539,550
1,0,1,578,3540,550
1,0,1,555,3542,550
1,0,1,544,3544,550
1,0,1,554,3545,550
1,0,1,580,3546,550
1,0,0,736,3550,550
1,0,0,990,3549,550
1,0,0,982,3546,550
1,0,0,978,3547,550
1,0,1,981,3544,550
1,0,1,539,3544,550
1,0,1,581,3545,550
1,0,1,584,3546,550
1,0,1,579,3549,550
1,0,1,524,3550,550
1,0,1,534,3552,550
1,0,1,522,3554,550
1,0,1,537,3554,550
1,0,1,549,3556,550
1,0,1,581,3558,550
1,0,1,573,3654,550
1,0,1,581,3557,550
1,0,1,583,3559,550
1,0,1,580,3559,550
1,0,1,526,3561,550
1,0,0,741,3566,550
1,0,0,994,3566,550
1,0,0,984,3564,550
1,0,0,980,3562,550
1,0,1,981,3560,550
1,0,1,525,3562,550
1,0,1,578,3562,550
1,0,1,584,3563,550
1,0,1,585,3565,550
1,0,1,537,3567,550
1,0,1,554,3568,550
1,0,1,536,3570,550
1,0,1,522,3571,550
1,0,1,538,3571,550
1,0,1,571,3573,550
1,0,1,565,3576,550
1,0,1,574,3669,550
1,0,1,582,3574,550
1,0,1,584,3575,550
1,0,1,542,3578,550
1,0,0,736,3582,550
1,0,0,999,3582,550
1,0,0,982,3580,550
1,0,0,980,3579,550
1,0,1,976,3576,550
1,0,1,519,3578,550
1,0,1,574,3666,550
1,0,1,583,3579,550
1,0,1,587,3582,550
1,0,1,545,3582,550
1,0,1,568,3584,550
1,0,1,543,3585,550
1,0,1,528,3586,550
1,0,1,530,3589,550
1,0,1,568,3591,550
1,0,1,558,3591,550
1,0,1,570,3604,550
1,0,1,578,3590,550
1,0,1,585,3592,550
1,0,1,557,3593,550
1,0,0,729,3598,550
1,0,0,992,3597,550
1,0,0,985,3597,550
1,0,0,978,3596,550
1,0,1,960,3591,550
1,0,1,520,3594,550
1,0,1,562,3597,550
1,0,1,576,3694,550
1,0,1,585,3597,550
1,0,1,569,3598,550
1,0,1,584,3600,550
1,0,1,571,3601,550
1,0,1,545,3602,550
1,0,1,528,3604,550
1,0,1,554,3605,550
1,0,1,543,3606,550
1,0,1,558,3608,550
1,0,1,572,3619,550
1,0,1,578,3607,550
1,0,1,583,3609,550
1,0,0,737,3616,550
1,0,0,993,3613,550
1,0,0,983,3613,550
1,0,0,982,3611,550
1,0,1,981,3612,550
1,0,1,574,3608,550
1,0,1,526,3612,550
1,0,1,542,3613,550
1,0,1,560,3615,550
1,0,1,587,3616,550
1,0,1,581,3615,550
1,0,1,588,3616,550
1,0,1,587,3617,550
1,0,1,583,3619,550
1,0,1,526,3620,550
1,0,1,536,3622,550
1,0,1,581,3621,550
1,0,1,570,3635,550
1,0,1,579,3623,550
1,0,1,583,3625,550
1,0,0,723,3632,550
1,0,0,994,3630,550
1,0,0,983,3626,550
1,0,0,979,3628,550
1,0,0,968,3627,550
1,0,0,980,3628,550
1,0,0,966,3626,550
1,0,0,970,3627,550
1,0,0,962,3626,550
1,0,0,968,3627,550
1,0,0,958,3627,550
1,0,0,965,3627,550
1,0,0,958,3628,550
1,0,0,966,3627,550
1,0,0,956,3627,550
1,0,0,961,3627,550
1,0,0,955,3628,550
1,0,0,964,3627,550
1,0,0,954,3628,550
1,0,1,961,3622,550
1,0,0,737,3628,550
1,0,0,982,3629,550
1,0,0,975,3627,550
1,0,0,980,3626,550
1,0,1,981,3626,550
1,0,1,563,3632,550
1,0,1,583,3626,550
1,0,1,570,3628,550
1,0,1,543,3630,550
1,0,1,545,3631,550
1,0,1,528,3633,550
1,0,1,546,3634,550
1,0,1,559,3634,550
1,0,1,573,3647,550
1,0,1,588,3646,550
1,0,1,587,3636,550
1,0,1,586,3637,550
1,0,1,580,3639,550
1,0,1,557,3640,550
1,0,1,526,3642,550
1,0,0,755,3647,550
1,0,0,993,3645,550
1,0,0,983,3643,550
1,0,0,979,3642,550
1,0,1,982,3641,550
1,0,1,544,3642,550
1,0,1,585,3642,550
1,0,1,589,3642,550
1,0,1,583,3645,550
1,0,1,524,3646,550
1,0,1,535,3646,550
1,0,1,527,3649,550
1,0,1,540,3650,550
1,0,1,555,3651,550
1,0,1,585,3653,550
1,0,1,580,3749,550
1,0,1,585,3652,550
1,0,1,587,3654,550
1,0,1,584,3654,550
1,0,1,548,3656,550
1,0,0,745,3663,550
1,0,0,992,3661,550
1,0,0,984,3659,550
1,0,0,980,3659,550
1,0,1,978,3657,550
1,0,1,537,3656,550
1,0,1,583,3656,550
1,0,1,588,3658,550
1,0,1,588,3659,550
1,0,1,533,3661,550
1,0,1,545,3662,550
1,0,1,528,3664,550
1,0,1,531,3665,550
1,0,1,548,3668,550
1,0,1,580,3668,550
1,0,1,575,3679,550
1,0,1,582,3667,550
1,0,1,587,3668,550
1,0,1,589,3670,550
1,0,1,565,3670,550
1,0,0,720,3677,550
1,0,0,993,3676,550
1,0,0,984,3674,550
1,0,0,981,3672,550
1,0,1,960,3669,550
1,0,1,542,3670,550
1,0,1,553,3673,550
1,0,1,569,3677,550
1,0,1,580,3757,550
1,0,1,590,3789,550
1,0,1,590,3677,550
1,0,1,590,3679,550
1,0,1,573,3680,550
1,0,1,548,3681,550
1,0,1,541,3682,550
1,0,1,530,3682,550
1,0,1,588,3683,550
1,0,1,587,3684,550
1,0,1,593,3685,550
1,0,1,580,3685,550
1,0,0,736,3692,550
1,0,0,990,3690,550
1,0,0,980,3690,550
1,0,0,983,3689,550
1,0,1,976,3615,550
1,0,1,578,3608,550
1,0,1,541,3621,550
1,0,1,529,3632,550
1,0,1,530,3632,550
1,0,1,571,3638,550
1,0,1,559,3637,550
1,0,1,572,3651,550
1,0,1,582,3640,550
1,0,1,585,3640,550
1,0,1,569,3635,550
1,0,1,581,3636,550
1,0,1,557,3635,550
1,0,1,537,3632,550
1,0,1,523,3635,550
1,0,1,548,3637,550
1,0,0,757,3640,550
1,0,0,990,3636,550
1,0,0,982,3628,550
1,0,0,980,3623,550
1,0,1,981,3632,550
1,0,1,567,3701,550
1,0,1,580,3625,550
1,0,1,557,3621,550
1,0,1,535,3615,550
1,0,1,552,3618,550
1,0,1,538,3616,550
1,0,1,552,3619,550
1,0,1,565,3620,550
1,0,1,577,3703,550
1,0,1,586,3693,550
1,0,1,588,3613,550
1,0,1,585,3609,550
1,0,1,568,3609,550
1,0,1,544,3606,550
1,0,1,524,3610,550
1,0,0,757,3611,550
1,0,0,992,3610,550
1,0,0,983,3609,550
1,0,0,980,3606,550
1,0,1,981,3600,550
1,0,1,552,3597,550
1,0,1,584,3593,550
1,0,1,581,3596,550
1,0,1,557,3598,550
1,0,1,537,3597,550
1,0,1,523,3597,550
1,0,1,535,3596,550
1,0,1,549,3592,550
1,0,1,564,3589,550
1,0,1,586,3589,550
1,0,1,581,3582,550
1,0,1,584,3583,550
1,0,1,585,3584,550
1,0,1,567,3585,550
1,0,1,529,3587,550
1,0,0,749,3590,550
1,0,0,991,3587,550
1,0,0,984,3582,550
1,0,0,980,3580,550
1,0,1,981,3572,550
1,0,1,542,3571,550
1,0,1,582,3568,550
1,0,1,585,3570,550
1,0,1,580,3572,550
1,0,1,525,3572,550
1,0,1,534,3571,550
1,0,1,525,3571,550
1,0,1,534,3569,550
1,0,1,550,3569,550
1,0,1,578,3561,550
1,0,1,573,3651,550
1,0,1,582,3559,550
1,0,1,585,3556,550
1,0,1,582,3553,550
1,0,1,549,3557,550
1,0,0,723,3564,550
1,0,0,995,3562,550
1,0,0,982,3559,550
1,0,0,980,3557,550
1,0,1,968,3548,550
1,0,1,526,3543,550
1,0,1,554,3547,550
1,0,1,567,3554,550
1,0,1,577,3540,550
1,0,1,581,3543,550
1,0,1,583,3540,550
1,0,1,579,3539,550
1,0,1,553,3540,550
1,0,1,535,3540,550
1,0,1,543,3543,550
1,0,1,536,3539,550
1,0,1,584,3535,550
1,0,1,580,3538,550
1,0,1,582,3538,550
1,0,1,558,3535,550
1,0,0,736,3541,550
1,0,0,995,3537,550
1,0,0,982,3531,550
1,0,0,982,3530,550
1,0,1,981,3530,550
1,0,1,576,3525,550
1,0,1,524,3526,550
1,0,1,527,3526,550
1,0,1,543,3524,550
1,0,1,576,3520,550
1,0,1,570,3532,550
1,0,1,577,3519,550
1,0,1,581,3518,550
1,0,1,582,3518,550
1,0,1,536,3511,550
1,0,1,553,3517,550
1,0,1,530,3514,550
1,0,1,521,3514,550
1,0,1,531,3514,550
1,0,1,557,3509,550
1,0,0,750,3516,550
1,0,0,990,3513,550
1,0,0,983,3507,550
1,0,0,981,3506,550
1,0,1,981,3498,550
1,0,1,572,3493,550
1,0,1,537,3495,550
1,0,1,525,3495,550
1,0,1,527,3494,550
1,0,1,564,3491,550
1,0,1,555,3495,550
1,0,1,567,3505,550
1,0,1,575,3490,550
1,0,1,581,3490,550
1,0,1,560,3483,550
1,0,1,576,3490,550
1,0,1,551,3490,550
1,0,1,530,3490,550
1,0,1,519,3489,550
1,0,1,541,3486,550
1,0,0,751,3492,550
1,0,0,996,3489,550
1,0,0,981,3484,550
1,0,0,977,3483,550
1,0,1,981,3482,550
1,0,1,568,3471,550
1,0,1,548,3475,550
1,0,1,531,3474,550
1,0,1,519,3473,550
1,0,1,558,3472,550
1,0,1,548,3473,550
1,0,1,559,3474,550
1,0,1,571,3562,550
1,0,1,579,3467,550
1,0,1,573,3468,550
1,0,1,579,3464,550
1,0,1,563,3463,550
1,0,1,540,3460,550
1,0,1,525,3458,550
1,0,1,534,3460,550
1,0,0,751,3460,550
1,0,0,992,3458,550
1,0,0,981,3455,550
1,0,0,979,3449,550
1,0,1,979,3448,550
1,0,1,563,3442,550
1,0,1,562,3442,550
1,0,1,540,3443,550
1,0,1,524,3446,550
1,0,1,551,3443,550
1,0,1,539,3447,550
1,0,1,554,3448,550
1,0,1,565,3456,550
1,0,1,572,3441,550
1,0,1,578,3442,550
1,0,1,580,3437,550
1,0,1,573,3434,550
1,0,1,549,3431,550
1,0,1,528,3431,550
1,0,1,525,3431,550
1,0,0,740,3433,550
1,0,0,989,3430,550
1,0,0,982,3428,550
1,0,0,980,3429,550
1,0,1,980,3420,550
1,0,1,527,3419,550
1,0,1,575,3423,550
1,0,1,579,3424,550
1,0,1,577,3422,550
1,0,1,526,3423,550
1,0,1,540,3417,550
1,0,1,524,3414,550
1,0,1,521,3412,550
1,0,1,536,3413,550
1,0,1,570,3410,550
1,0,1,562,3427,550
1,0,1,539,3413,550
1,0,1,561,3414,550
1,0,1,536,3412,550
1,0,1,516,3410,550
1,0,0,747,3407,550
1,0,0,992,3406,550
1,0,0,981,3407,550
1,0,0,980,3401,550
1,0,0,973,3394,550
1,0,0,970,3396,550
1,0,0,965,3393,550
1,0,0,970,3394,550
1,0,0,961,3394,550
1,0,0,968,3390,550
1,0,0,957,3384,550
1,0,0,964,3380,550
1,0,0,958,3381,550
1,0,0,964,3382,550
1,0,0,955,3382,550
1,0,0,964,3376,550
1,0,0,954,3370,550
1,0,0,960,3366,550
1,0,0,955,3370,550
1,0,1,961,3366,550
1,0,0,711,3367,550
1,0,0,981,3359,550
1,0,0,975,3360,550
1,0,0,978,3357,550
1,0,1,982,3355,550
1,0,1,567,3352,550
1,0,1,518,3355,550
1,0,1,519,3350,550
1,0,1,534,3347,550
1,0,1,568,3347,550
1,0,1,562,3364,550
1,0,1,570,3347,550
1,0,1,573,3341,550
1,0,1,575,3340,550
1,0,1,560,3339,550
1,0,1,550,3345,550
1,0,1,525,3341,550
1,0,1,514,3337,550
1,0,1,526,3340,550
1,0,1,562,3340,550
1,0,0,747,3343,550
1,0,0,993,3334,550
1,0,0,979,3330,550
1,0,0,978,3334,550
1,0,1,977,3332,550
1,0,1,562,3325,550
1,0,1,556,3320,550
1,0,1,533,3320,550
1,0,1,520,3325,550
1,0,1,546,3324,550
1,0,1,536,3318,550
1,0,1,546,3318,550
1,0,1,559,3335,550
1,0,1,569,3317,550
1,0,1,574,3320,550
1,0,1,574,3312,550
1,0,1,568,3316,550
1,0,1,546,3314,550
1,0,1,526,3307,550
1,0,1,537,3310,550
1,0,0,747,3317,550
1,0,0,990,3308,550
1,0,0,981,3303,550
1,0,0,982,3305,550
1,0,1,979,3302,550
1,0,1,552,3308,550
1,0,1,569,3292,550
1,0,1,557,3296,550
1,0,1,531,3296,550
1,0,1,534,3292,550
1,0,1,517,3290,550
1,0,1,532,3294,550
1,0,1,545,3290,550
1,0,1,558,3297,550
1,0,1,569,3288,550
1,0,1,573,3285,550
1,0,1,572,3282,550
1,0,1,567,3285,550
1,0,1,543,3283,550
1,0,1,524,3277,550
1,0,0,730,3284,550
1,0,0,992,3283,550
1,0,0,982,3277,550
1,0,0,978,3271,550
1,0,1,977,3266,550
1,0,1,510,3270,550
1,0,1,548,3266,550
1,0,1,561,3359,550
1,0,1,570,3263,550
1,0,1,560,3263,550
1,0,1,571,3262,550
1,0,1,556,3260,550
1,0,1,534,3260,550
1,0,1,516,3258,550
1,0,1,522,3258,550
1,0,1,533,3272,550
1,0,1,570,3276,550
1,0,1,573,3280,550
1,0,1,568,3281,550
1,0,1,514,3283,550
1,0,0,733,3290,550
1,0,0,992,3289,550
1,0,0,981,3288,550
1,0,0,979,3287,550
1,0,0,979,3287,550
1,0,0,981,3287,550
1,0,0,982,3287,550
1,0,0,987,3287,550
1,0,0,989,3287,550
1,0,0,988,3288,550
1,0,0,991,3288,550
1,0,0,992,3289,550
1,0,0,990,3287,550
1,0,0,993,3288,550
1,0,0,995,3288,550
1,0,0,990,3286,550
1,0,0,990,3288,550
1,0,0,995,3287,550
1,0,0,997,3288,550
1,0,0,998,3289,550
1,0,0,997,3288,550
1,0,0,995,3289,550
1,0,0,993,3289,550
1,0,0,1000,3289,550
1,0,0,988,3289,550
1,0,0,998,3288,550
1,0,0,997,3287,550
1,0,0,1000,3288,550
1,0,0,1000,3288,550
1,0,0,999,3288,550
1,0,0,998,3289,550
1,0,0,998,3289,550
1,0,0,998,3288,550
1,0,0,1000,3290,550
1,0,0,1000,3288,550
1,0,0,1000,3289,550
1,0,0,998,3289,550
1,0,0,998,3288,550
1,0,0,999,3290,550
1,0,0,998,3290,550
1,0,0,998,3290,550
1,0,0,999,3289,550
1,0,0,993,3289,550
1,0,0,990,3290,550
1,0,0,993,3291,550
1,0,0,994,3291,550
1,0,0,1000,3290,550
1,0,0,996,3288,550
1,0,0,1000,3292,550
1,0,0,1000,3290,550
1,0,0,998,3290,550
1,0,0,1000,3290,550
1,0,0,996,3291,550
1,0,0,997,3291,550
1,0,0,997,3290,550
1,0,0,997,3291,550
1,0,0,998,3290,550
1,0,0,998,3291,550
1,0,0,997,3291,550
1,0,0,998,3290,550
1,0,0,997,3290,550
1,0,0,995,3290,550
1,0,0,992,3291,550
1,0,0,991,3291,550
1,0,0,992,3291,550
1,0,0,998,3291,550
1,0,0,998,3292,550
1,0,0,998,3292,550
1,0,0,997,3292,550
1,0,0,999,3292,550
1,0,0,998,3290,550
1,0,0,1000,3292,550
1,0,0,998,3292,550
1,0,0,998,3292,550
1,0,1,994,3291,550
1,0,1,906,3293,550
1,0,1,894,3298,550
1,0,1,893,3298,550
1,0,1,905,3297,550
1,0,0,949,3299,550
1,0,0,1000,3297,550
1,0,0,995,3297,550
1,0,0,994,3299,550
1,0,0,991,3296,550
1,0,0,998,3296,550
1,0,0,999,3297,550
1,0,0,996,3296,550
1,0,0,998,3296,550
1,0,0,1001,3296,550
1,0,0,996,3296,550
1,0,0,997,3297,550
1,0,0,997,3295,550
1,0,0,998,3297,550
1,0,0,998,3297,550
1,0,0,996,3296,550
1,0,0,997,3297,550
1,0,0,1000,3298,550
1,0,0,997,3298,550
1,0,0,1016,3297,550
1,0,0,1003,3296,550
1,0,0,998,3296,550
1,0,0,993,3297,550
1,0,0,992,3298,550
1,0,0,992,3298,550
1,0,0,994,3297,550
1,0,0,999,3297,550
1,0,0,999,3297,550
1,0,0,996,3297,550
1,0,0,998,3295,550
1,0,0,998,3298,550
1,0,0,998,3298,550
1,0,0,997,3298,550
1,0,0,998,3296,550
1,0,0,998,3297,550
1,0,0,998,3297,550
1,0,0,999,3297,550
1,0,0,1000,3298,550
1,0,0,1000,3298,550
1,0,0,1000,3298,550
1,0,0,998,3299,550
1,0,0,1000,3298,550
1,0,0,997,3297,550
1,0,0,995,3297,550
1,0,0,996,3299,550
1,0,0,993,3298,550
1,0,0,1000,3298,550
1,0,0,999,3298,550
1,0,0,999,3298,550
1,0,0,996,3299,550
1,0,0,996,3298,550
1,0,0,998,3297,550
1,0,0,998,3299,550
1,0,0,998,3299,550
1,0,0,996,3299,550
1,0,0,1000,3297,550
1,0,0,997,3299,550
1,0,0,998,3298,550
1,0,0,997,3299,550
1,0,0,998,3298,550
1,0,0,999,3298,550
1,0,0,998,3298,550
1,0,0,997,3299,550
1,0,0,997,3298,550
1,0,0,999,3299,550
1,0,1,948,3298,550
1,0,1,903,3300,550
1,0,1,909,3301,550
1,0,1,895,3308,550
1,0,1,895,3306,550
1,0,0,950,3307,550
1,0,0,1003,3304,550
1,0,0,999,3303,550
1,0,0,998,3303,550
1,0,0,998,3304,550
1,0,0,997,3304,550
1,0,0,998,3304,550
1,0,0,1000,3301,550
1,0,0,998,3303,550
1,0,0,997,3302,550
1,0,0,998,3302,550
1,0,0,999,3302,550
1,0,0,999,3304,550
1,0,0,1000,3302,550
1,0,0,1000,3301,550
1,0,0,1000,3302,550
1,0,0,999,3303,550
1,0,0,999,3303,550
1,0,0,1000,3302,550
1,0,0,999,3303,550
1,0,0,1000,3303,550
1,0,0,999,3303,550
1,0,0,997,3303,550
1,0,0,1000,3303,550
1,0,0,1000,3303,550
1,0,0,998,3304,550
1,0,0,998,3304,550
1,0,0,998,3304,550
1,0,0,997,3304,550
1,0,0,998,3304,550
1,0,0,997,3304,550
1,0,0,999,3302,550
1,0,0,995,3303,550
1,0,0,995,3303,550
1,0,0,1000,3304,550
1,0,0,998,3303,550
1,0,0,997,3305,550
1,0,0,998,3303,550
1,0,0,997,3304,550
1,0,0,998,3304,550
1,0,0,1000,3304,550
1,0,0,1000,3302,550
1,0,0,997,3306,550
1,0,0,998,3304,550
1,0,0,998,3302,550
1,0,0,999,3304,550
1,0,0,998,3306,550
1,0,0,997,3304,550
1,0,0,1000,3304,550
1,0,0,1011,3305,550
1,0,0,1002,3304,550
1,0,0,1000,3305,550
1,0,0,999,3303,550
1,0,0,1000,3304,550
1,0,0,991,3304,550
1,0,0,983,3305,550
1,0,0,985,3305,550
1,0,0,970,3305,550
1,0,0,978,3305,550
1,0,0,970,3305,550
1,0,0,971,3306,550
1,0,0,966,3305,550
1,0,0,976,3306,550
1,0,0,964,3306,550
1,0,0,972,3304,550
1,0,0,963,3306,550
1,0,0,970,3305,550
1,0,0,962,3306,550
1,0,0,967,3306,550
1,0,0,960,3306,550
1,0,1,921,3304,550
1,0,0,876,3308,550
1,0,0,985,3306,550
1,0,0,984,3306,550
1,0,0,988,3306,550
1,0,0,991,3306,550
1,0,0,989,3307,550
1,0,0,992,3306,550
1,0,0,995,3306,550
1,0,0,997,3306,550
1,0,0,998,3305,550
1,0,0,997,3307,550
1,0,0,998,3305,550
1,0,0,998,3307,550
1,0,0,999,3305,550
1,0,0,999,3306,550
1,0,0,998,3307,550
1,0,0,999,3305,550
1,0,0,998,3306,550
1,0,0,996,3306,550
1,0,0,997,3306,550
1,0,0,998,3306,550
1,0,0,998,3306,550
1,0,0,999,3307,550
1,0,0,997,3306,550
1,0,0,997,3306,550
1,0,0,997,3306,550
1,0,0,996,3306,550
1,0,0,998,3307,550
1,0,0,998,3307,550
1,0,0,998,3306,550
1,0,0,997,3306,550
1,0,0,999,3305,550
1,0,0,996,3307,550
1,0,0,1000,3306,550
1,0,0,997,3307,550
1,0,0,999,3306,550
1,0,0,998,3306,550
1,0,0,999,3307,550
1,0,0,999,3306,550
1,0,0,998,3306,550
1,0,0,998,3307,550
1,0,0,995,3307,550
1,0,0,994,3306,550
1,0,0,1000,3307,550
1,0,0,995,3308,550
1,0,0,996,3308,550
1,0,0,997,3306,550
1,0,0,996,3307,550
1,0,0,998,3307,550
1,0,0,999,3306,550
1,0,0,998,3308,550
1,0,0,997,3306,550
1,0,0,999,3307,550
1,0,0,996,3306,550
1,0,0,995,3307,550
1,0,0,998,3306,550
1,0,0,998,3306,550
1,0,0,997,3307,550
1,0,0,998,3306,550
1,0,0,997,3307,550
1,0,0,1001,3306,550
1,0,0,999,3308,550
1,0,0,997,3305,550
1,0,0,996,3307,550
1,0,0,997,3306,550
1,0,0,995,3306,550
1,0,0,999,3307,550
1,0,0,998,3307,550
1,0,0,1000,3306,550
1,0,1,998,3305,550
1,0,1,899,3308,550
1,0,1,894,3314,550
1,0,1,895,3312,550
1,0,1,905,3313,550
1,0,0,945,3315,550
1,0,0,1003,3313,550
1,0,0,996,3311,550
1,0,0,998,3311,550
1,0,0,1011,3313,550
1,0,0,1002,3312,550
1,0,0,998,3311,550
1,0,0,999,3312,550
1,0,0,999,3312,550
1,0,0,1000,3312,550
1,0,0,1000,3312,550
1,0,0,997,3310,550
1,0,0,1001,3313,550
1,0,0,998,3312,550
1,0,0,998,3313,550
1,0,0,999,3312,550
1,0,0,1001,3312,550
1,0,0,998,3312,550
1,0,0,998,3312,550
1,0,0,998,3312,550
1,0,0,998,3310,550
1,0,0,998,3311,550
1,0,0,998,3312,550
1,0,0,999,3311,550
1,0,0,997,3312,550
1,0,0,1000,3311,550
1,0,0,997,3311,550
1,0,0,1000,3311,550
1,0,0,997,3311,550
1,0,0,996,3312,550
1,0,0,999,3313,550
1,0,0,996,3311,550
1,0,0,998,3313,550
1,0,0,998,3312,550
1,0,0,999,3312,550
1,0,0,999,3311,550
1,0,0,998,3311,550
1,0,0,998,3312,550
1,0,0,998,3311,550
1,0,0,997,3312,550
1,0,0,999,3312,550
1,0,0,1000,3313,550
1,0,0,998,3312,550
1,0,0,997,3312,550
1,0,0,997,3314,550
1,0,0,997,3312,550
1,0,0,997,3312,550
1,0,0,997,3313,550
1,0,0,997,3312,550
1,0,0,1000,3312,550
1,0,0,996,3311,550
1,0,0,999,3311,550
1,0,0,999,3312,550
1,0,0,998,3311,550
1,0,0,999,3313,550
1,0,0,998,3314,550
1,0,0,1000,3311,550
1,0,0,998,3312,550
1,0,0,998,3312,550
1,0,0,999,3312,550
1,0,0,997,3313,550
1,0,0,999,3312,550
1,0,0,998,3313,550
1,0,0,997,3313,550
1,0,0,998,3313,550
1,0,1,970,3312,550
1,0,0,939,3314,550
1,0,0,998,3313,550
1,0,0,998,3313,550
1,0,0,997,3313,550
1,0,0,997,3314,550
1,0,0,997,3314,550
1,0,0,997,3314,550
1,0,0,998,3314,550
1,0,0,998,3312,550
1,0,0,997,3313,550
1,0,0,998,3312,550
1,0,0,999,3313,550
1,0,0,997,3314,550
1,0,0,998,3315,550
1,0,0,998,3312,550
1,0,0,999,3314,550
1,0,0,999,3314,550
1,0,0,997,3312,550
1,0,0,998,3313,550
1,0,0,1000,3313,550
1,0,0,996,3312,550
1,0,0,996,3312,550
1,0,0,996,3313,550
1,0,0,1000,3313,550
1,0,0,997,3315,550
1,0,0,998,3312,550
1,0,0,997,3313,550
1,0,0,998,3313,550
1,0,0,1000,3313,550
1,0,0,1000,3313,550
1,0,0,998,3314,550
1,0,0,996,3314,550
1,0,0,998,3313,550
1,0,0,998,3312,550
1,0,0,999,3313,550
1,0,0,1000,3314,550
1,0,0,999,3314,550
1,0,0,1000,3314,550
1,0,0,1011,3314,550
1,0,0,1001,3314,550
1,0,0,1000,3312,550
1,0,0,998,3315,550
1,0,0,997,3314,550
1,0,0,999,3313,550
1,0,0,998,3314,550
1,0,0,997,3313,550
1,0,0,998,3314,550
1,0,0,1000,3313,550
1,0,0,998,3313,550
1,0,0,998,3313,550
1,0,0,1000,3313,550
1,0,0,1001,3312,550
1,0,0,999,3314,550
1,0,0,997,3313,550
1,0,0,998,3314,550
1,0,0,996,3314,550
1,0,0,999,3314,550
1,0,0,999,3313,550
1,0,0,1000,3314,550
1,0,0,997,3313,550
1,0,0,997,3315,550
1,0,0,1001,3315,550
1,0,0,999,3314,550
1,0,0,997,3313,550
1,0,0,1000,3314,550
1,0,0,999,3314,550
1,0,0,997,3314,550
1,0,0,997,3313,550
1,0,0,999,3313,550
1,0,0,999,3315,550
1,0,0,997,3315,550
1,0,0,998,3313,550
1,0,0,998,3313,550
1,0,0,998,3314,550
1,0,1,964,3376,550
1,0,1,902,3318,550
1,0,1,905,3317,550
1,0,1,903,3317,550
1,0,1,896,3323,550
1,0,0,946,3321,550
1,0,0,1001,3319,550
1,0,0,999,3321,550
1,0,0,997,3317,550
1,0,0,998,3318,550
1,0,0,998,3318,550
1,0,0,1000,3319,550
1,0,0,998,3317,550
1,0,0,998,3319,550
1,0,0,998,3318,550
1,0,0,998,3318,550
1,0,0,1000,3317,550
1,0,0,999,3318,550
1,0,0,1000,3318,550
1,0,0,997,3319,550
1,0,0,997,3317,550
1,0,0,999,3318,550
1,0,0,1000,3319,550
1,0,0,996,3319,550
1,0,0,997,3318,550
1,0,0,998,3319,550
1,0,0,1000,3317,550
1,0,0,998,3319,550
1,0,0,999,3318,550
1,0,0,1000,3319,550
1,0,0,996,3318,550
1,0,0,998,3318,550
1,0,0,998,3318,550
1,0,0,998,3319,550
1,0,0,998,3317,550
1,0,0,997,3318,550
1,0,0,998,3318,550
1,0,0,998,3318,550
1,0,0,997,3319,550
1,0,0,998,3320,550
1,0,0,996,3319,550
1,0,0,997,3318,550
1,0,0,997,3319,550
1,0,0,998,3319,550
1,0,0,999,3318,550
1,0,0,1000,3318,550
1,0,0,1000,3318,550
1,0,0,1000,3317,550
1,0,0,1000,3320,550
1,0,0,999,3318,550
1,0,0,997,3318,550
1,0,0,998,3318,550
1,0,0,998,3320,550
1,0,0,1001,3318,550
1,0,0,999,3317,550
1,0,0,998,3319,550
1,0,0,997,3319,550
1,0,0,997,3318,550
1,0,0,1000,3318,550
1,0,0,999,3318,550
1,0,0,999,3319,550
1,0,0,998,3318,550
1,0,0,998,3319,550
1,0,0,998,3318,550
1,0,0,1017,3318,550
1,0,0,1000,3319,550
1,0,0,999,3318,550
1,0,0,998,3318,550
1,0,0,1001,3317,550
1,0,0,1000,3319,550
1,0,0,982,3319,550
1,0,0,986,3319,550
1,0,0,971,3318,550
1,0,0,980,3319,550
1,0,0,966,3319,550
1,0,0,972,3319,550
1,0,0,965,3319,550
1,0,0,970,3319,550
1,0,0,964,3319,550
1,0,0,970,3319,550
1,0,0,962,3319,550
1,0,0,970,3319,550
1,0,0,963,3319,550
1,0,0,972,3319,550
1,0,0,964,3321,550
1,0,1,952,3319,550
1,0,0,890,3323,550
1,0,0,982,3320,550
1,0,0,986,3320,550
1,0,0,992,3320,550
1,0,0,1001,3320,550
1,0,0,994,3320,550
1,0,0,997,3318,550
1,0,0,999,3320,550
1,0,0,1001,3320,550
1,0,0,1000,3319,550
1,0,0,998,3321,550
1,0,0,996,3319,550
1,0,0,996,3320,550
1,0,0,998,3320,550
1,0,0,998,3319,550
1,0,0,1000,3320,550
1,0,0,999,3320,550
1,0,0,999,3319,550
1,0,0,998,3320,550
1,0,0,998,3319,550
1,0,0,999,3319,550
1,0,0,998,3320,550
1,0,0,998,3319,550
1,0,0,999,3319,550
1,0,0,999,3321,550
1,0,0,999,3319,550
1,0,0,999,3320,550
1,0,0,998,3321,550
1,0,0,1000,3318,550
1,0,0,999,3320,550
1,0,0,999,3321,550
1,0,0,999,3320,550
1,0,0,996,3320,550
1,0,0,998,3322,550
1,0,0,998,3320,550
1,0,0,998,3321,550
1,0,0,997,3319,550
1,0,0,996,3320,550
1,0,0,999,3319,550
1,0,0,998,3319,550
1,0,0,999,3320,550
1,0,0,997,3321,550
1,0,0,996,3320,550
1,0,0,1000,3321,550
1,0,0,996,3319,550
1,0,0,997,3319,550
1,0,0,1000,3320,550
1,0,0,1000,3320,550
1,0,0,1000,3321,550
1,0,0,999,3319,550
1,0,0,998,3320,550
1,0,0,998,3320,550
1,0,0,997,3320,550
1,0,0,999,3320,550
1,0,0,1000,3321,550
1,0,0,998,3321,550
1,0,0,998,3319,550
1,0,0,998,3319,550
1,0,0,998,3321,550
1,0,0,998,3320,550
1,0,0,1000,3321,550
1,0,0,995,3320,550
1,0,0,997,3321,550
1,0,0,996,3321,550
1,0,0,995,3319,550
1,0,0,999,3320,550
1,0,0,997,3321,550
1,0,0,1000,3320,550
1,0,0,998,3321,550
1,0,1,952,3321,550
1,0,1,901,3324,550
1,0,1,904,3323,550
1,0,1,895,3328,550
1,0,1,898,3326,550
1,0,0,953,3328,550
1,0,0,1004,3326,550
1,0,0,1000,3326,550
1,0,0,997,3324,550
1,0,0,1012,3326,550
1,0,0,1001,3326,550
1,0,0,998,3324,550
1,0,0,998,3325,550
1,0,0,997,3324,550
1,0,0,1000,3325,550
1,0,0,997,3324,550
1,0,0,995,3324,550
1,0,0,997,3324,550
1,0,0,996,3325,550
1,0,0,998,3325,550
1,0,0,998,3325,550
1,0,0,998,3325,550
1,0,0,999,3324,550
1,0,0,1000,3324,550
1,0,0,995,3324,550
1,0,0,998,3324,550
1,0,0,998,3324,550
1,0,0,998,3325,550
1,0,0,1000,3326,550
1,0,0,999,3324,550
1,0,0,998,3324,550
1,0,0,999,3324,550
1,0,0,1000,3324,550
1,0,0,997,3325,550
1,0,0,1000,3325,550
1,0,0,999,3324,550
1,0,0,996,3324,550
1,0,0,1000,3324,550
1,0,0,998,3325,550
1,0,0,996,3324,550
1,0,0,1000,3326,550
1,0,0,1000,3323,550
1,0,0,999,3324,550
1,0,0,997,3324,550
1,0,0,998,3325,550
1,0,0,997,3325,550
1,0,0,997,3325,550
1,0,0,997,3325,550
1,0,0,998,3325,550
1,0,0,998,3326,550
1,0,0,999,3325,550
1,0,0,998,3325,550
1,0,0,1000,3325,550
1,0,0,998,3326,550
1,0,0,997,3325,550
1,0,0,997,3323,550
1,0,0,998,3324,550
1,0,0,998,3326,550
1,0,0,997,3325,550
1,0,0,998,3325,550
1,0,0,999,3325,550
1,0,0,998,3325,550
1,0,0,998,3324,550
1,0,0,999,3323,550
1,0,0,998,3325,550
1,0,0,997,3326,550
1,0,0,998,3324,550
1,0,0,998,3324,550
1,0,0,1000,3323,550
1,0,0,999,3324,550
1,0,0,998,3324,550
1,0,0,998,3325,550
1,0,0,1000,3324,550
1,0,0,996,3324,550
1,0,0,999,3324,550
1,0,1,996,3324,550
1,0,1,903,3326,550
1,0,1,895,3389,550
1,0,1,896,3329,550
1,0,1,904,3330,550
1,0,0,951,3332,550
1,0,0,1000,3329,550
1,0,0,998,3329,550
1,0,0,999,3330,550
1,0,0,999,3329,550
1,0,0,998,3331,550
1,0,0,999,3329,550
1,0,0,997,3328,550
1,0,0,1000,3329,550
1,0,0,997,3328,550
1,0,0,999,3329,550
1,0,0,997,3328,550
1,0,0,998,3328,550
1,0,0,999,3328,550
1,0,0,996,3328,550
1,0,0,998,3329,550
1,0,0,998,3328,550
1,0,0,996,3328,550
1,0,0,998,3329,550
1,0,0,999,3330,550
1,0,0,1000,3329,550
1,0,0,1000,3328,550
1,0,0,998,3329,550
1,0,0,998,3329,550
1,0,0,998,3328,550
1,0,0,1000,3328,550
1,0,0,997,3328,550
1,0,0,998,3329,550
1,0,0,999,3330,550
1,0,0,1011,3328,550
1,0,0,1002,3327,550
1,0,0,996,3329,550
1,0,0,998,3328,550
1,0,0,995,3328,550
1,0,0,998,3328,550
1,0,0,999,3329,550
1,0,0,999,3328,550
1,0,0,997,3329,550
1,0,0,998,3329,550
1,0,0,997,3329,550
1,0,0,1000,3329,550
1,0,0,999,3329,550
1,0,0,1000,3329,550
1,0,0,997,3329,550
1,0,0,996,3328,550
1,0,0,999,3330,550
1,0,0,999,3328,550
1,0,0,998,3328,550
1,0,0,999,3330,550
1,0,0,1000,3329,550
1,0,0,1000,3329,550
1,0,0,997,3328,550
1,0,0,998,3329,550
1,0,0,997,3329,550
1,0,0,996,3329,550
1,0,0,997,3330,550
1,0,0,998,3329,550
1,0,0,998,3328,550
1,0,0,998,3328,550
1,0,0,998,3330,550
1,0,0,997,3329,550
1,0,0,998,3329,550
1,0,0,997,3328,550
1,0,0,998,3329,550
1,0,0,998,3329,550
1,0,1,960,3352,550
1,0,1,893,3330,550
1,0,1,903,3332,550
1,0,1,904,3332,550
1,0,1,903,3338,550
1,0,0,948,3336,550
1,0,0,1005,3335,550
1,0,0,998,3335,550
1,0,0,999,3332,550
1,0,0,998,3334,550
1,0,0,996,3333,550
1,0,0,997,3334,550
1,0,0,998,3332,550
1,0,0,998,3332,550
1,0,0,996,3333,550
1,0,0,996,3332,550
1,0,0,998,3334,550
1,0,0,998,3333,550
1,0,0,998,3332,550
1,0,0,996,3334,550
1,0,0,998,3333,550
1,0,0,1000,3333,550
1,0,0,998,3334,550
1,0,0,998,3332,550
1,0,0,998,3332,550
1,0,0,997,3334,550
1,0,0,999,3333,550
1,0,0,999,3331,550
1,0,0,998,3333,550
1,0,0,998,3333,550
1,0,0,997,3333,550
1,0,0,999,3333,550
1,0,0,998,3334,550
1,0,0,998,3332,550
1,0,0,999,3332,550
1,0,0,996,3333,550
1,0,0,998,3332,550
1,0,0,998,3333,550
1,0,0,998,3334,550
1,0,0,998,3332,550
1,0,0,998,3332,550
1,0,0,999,3333,550
1,0,0,999,3333,550
1,0,0,1000,3333,550
1,0,0,999,3334,550
1,0,0,997,3332,550
1,0,0,1001,3332,550
1,0,0,997,3332,550
1,0,0,995,3335,550
1,0,0,1001,3332,550
1,0,0,998,3332,550
1,0,0,1000,3334,550
1,0,0,1001,3332,550
1,0,0,999,3332,550
1,0,0,998,3332,550
1,0,0,1000,3332,550
1,0,0,997,3332,550
1,0,0,999,3334,550
1,0,0,996,3333,550
1,0,0,1000,3333,550
1,0,0,997,3333,550
1,0,0,998,3334,550
1,0,0,997,3333,550
1,0,0,997,3332,550
1,0,0,1012,3334,550
1,0,0,1002,3333,550
1,0,0,999,3332,550
1,0,0,997,3332,550
1,0,0,999,3332,550
1,0,0,994,3332,550
1,0,0,987,3333,550
1,0,0,985,3335,550
1,0,0,977,3332,550
1,0,0,980,3333,550
1,0,0,968,3333,550
1,0,0,978,3334,550
1,0,0,967,3333,550
1,0,0,973,3333,550
1,0,0,964,3334,550
1,0,0,971,3333,550
1,0,0,963,3332,550
1,0,0,974,3333,550
1,0,0,966,3333,550
1,0,0,969,3333,550
1,0,0,964,3333,550
1,0,1,951,3333,550
1,0,0,892,3336,550
1,0,0,984,3335,550
1,0,0,987,3334,550
1,0,0,992,3334,550
1,0,0,994,3334,550
1,0,0,1000,3333,550
1,0,0,996,3334,550
1,0,0,997,3334,550
1,0,0,997,3333,550
1,0,0,998,3334,550
1,0,0,998,3332,550
1,0,0,999,3334,550
1,0,0,996,3334,550
1,0,0,999,3334,550
1,0,0,997,3333,550
1,0,0,999,3334,550
1,0,0,999,3335,550
1,0,0,999,3334,550
1,0,0,999,3334,550
1,0,0,999,3336,550
1,0,0,1001,3333,550
1,0,0,998,3335,550
1,0,0,996,3332,550
1,0,0,997,3334,550
1,0,0,997,3335,550
1,0,0,995,3332,550
1,0,0,997,3333,550
1,0,0,998,3334,550
1,0,0,999,3334,550
1,0,0,998,3333,550
1,0,0,998,3335,550
1,0,0,999,3333,550
1,0,0,997,3334,550
1,0,0,997,3334,550
1,0,0,997,3334,550
1,0,0,1000,3334,550
1,0,0,998,3333,550
1,0,0,998,3333,550
1,0,0,1000,3333,550
1,0,0,998,3333,550
1,0,0,998,3333,550
1,0,0,999,3334,550
1,0,0,999,3334,550
1,0,0,996,3334,550
1,0,0,996,3334,550
1,0,0,999,3334,550
1,0,0,999,3335,550
1,0,0,998,3334,550
1,0,0,997,3333,550
1,0,0,998,3334,550
1,0,0,998,3335,550
1,0,0,1000,3334,550
1,0,0,998,3334,550
1,0,0,999,3334,550
1,0,0,998,3334,550
1,0,0,997,3335,550
1,0,0,1000,3333,550
1,0,0,998,3333,550
1,0,0,998,3334,550
1,0,0,997,3333,550
1,0,0,998,3334,550
1,0,0,997,3334,550
1,0,0,997,3334,550
1,0,0,998,3333,550
1,0,0,1000,3333,550
1,0,0,1000,3333,550
1,0,0,997,3333,550
1,0,0,999,3334,550
1,0,0,998,3335,550
1,0,0,998,3334,550
1,0,0,998,3333,550
1,0,0,998,3334,550
1,0,0,997,3334,550
1,0,0,998,3333,550
1,0,1,998,3334,550
1,0,1,905,3335,550
1,0,1,898,3391,550
1,0,1,905,3338,550
1,0,1,922,3339,550
1,0,0,947,3341,550
1,0,0,1005,3339,550
1,0,0,999,3338,550
1,0,0,1000,3339,550
1,0,0,995,3338,550
1,0,0,996,3338,550
1,0,0,998,3338,550
1,0,0,1000,3339,550
1,0,0,1000,3339,550
1,0,0,998,3338,550
1,0,0,996,3339,550
1,0,0,1000,3337,550
1,0,0,998,3338,550
1,0,0,1001,3338,550
1,0,0,998,3339,550
1,0,0,998,3338,550
1,0,0,998,3338,550
1,0,0,998,3339,550
1,0,0,996,3337,550
1,0,0,998,3338,550
1,0,0,997,3338,550
1,0,0,998,3338,550
1,0,0,998,3338,550
1,0,0,999,3338,550
1,0,0,998,3338,550
1,0,0,1001,3338,550
1,0,0,1000,3337,550
1,0,0,999,3338,550
1,0,0,1000,3338,550
1,0,0,1000,3338,550
1,0,0,997,3337,550
1,0,0,998,3337,550
1,0,0,997,3338,550
1,0,0,998,3337,550
1,0,0,1000,3338,550
1,0,0,1000,3338,550
1,0,0,998,3338,550
1,0,0,997,3339,550
1,0,0,998,3338,550
1,0,0,998,3338,550
1,0,0,998,3338,550
1,0,0,998,3338,550
1,0,0,999,3338,550
1,0,0,997,3338,550
1,0,0,998,3337,550
1,0,0,997,3338,550
1,0,0,999,3336,550
1,0,0,998,3337,550
1,0,0,996,3338,550
1,0,0,998,3338,550
1,0,0,998,3338,550
1,0,0,999,3338,550
1,0,0,998,3338,550
1,0,0,998,3338,550
1,0,0,998,3336,550
1,0,0,997,3338,550
1,0,0,999,3338,550
1,0,0,997,3338,550
1,0,0,996,3338,550
1,0,0,999,3338,550
1,0,0,997,3337,550
1,0,0,998,3338,550
1,0,0,998,3338,550
1,0,0,996,3338,550
1,0,0,998,3338,550
1,0,1,996,3337,550
1,0,1,904,3339,550
1,0,1,894,3343,550
1,0,1,898,3342,550
1,0,1,907,3341,550
1,0,0,951,3345,550
1,0,0,1000,3343,550
1,0,0,999,3342,550
1,0,0,997,3343,550
1,0,0,999,3341,550
1,0,0,998,3341,550
1,0,0,997,3342,550
1,0,0,997,3343,550
1,0,0,997,3342,550
1,0,0,996,3342,550
1,0,0,997,3343,550
1,0,0,998,3343,550
1,0,0,998,3340,550
1,0,0,999,3342,550
1,0,0,997,3342,550
1,0,0,1000,3342,550
1,0,0,999,3341,550
1,0,0,998,3342,550
1,0,0,997,3342,550
1,0,0,998,3343,550
1,0,0,998,3342,550
1,0,0,998,3343,550
1,0,0,998,3341,550
1,0,0,998,3341,550
1,0,0,997,3342,550
1,0,0,998,3342,550
1,0,0,998,3342,550
1,0,0,999,3341,550
1,0,0,998,3341,550
1,0,0,1014,3341,550
1,0,0,1002,3343,550
1,0,0,1001,3342,550
1,0,0,996,3341,550
1,0,0,998,3342,550
1,0,0,998,3339,550
1,0,0,998,3341,550
1,0,0,998,3341,550
1,0,0,1000,3341,550
1,0,0,998,3341,550
1,0,0,998,3341,550
1,0,0,998,3342,550
1,0,0,1000,3342,550
1,0,0,998,3341,550
1,0,0,1000,3339,550
1,0,0,1000,3341,550
1,0,0,1000,3341,550
1,0,0,1000,3341,550
1,0,0,1000,3339,550
1,0,0,1000,3342,550
1,0,0,999,3341,550
1,0,0,998,3341,550
1,0,0,998,3340,550
1,0,0,998,3342,550
1,0,0,1001,3341,550
1,0,0,998,3343,550
1,0,0,999,3341,550
1,0,0,998,3342,550
1,0,0,999,3341,550
1,0,0,998,3341,550
1,0,0,999,3341,550
1,0,0,999,3341,550
1,0,0,999,3342,550
1,0,0,998,3339,550
1,0,0,1000,3341,550
1,0,0,998,3341,550
1,0,0,997,3339,550
1,0,0,998,3339,550
1,0,0,999,3339,550
1,0,0,1001,3341,550
1,0,0,996,3340,550
1,0,1,978,3341,550
1,0,0,936,3344,550
1,0,0,1000,3342,550
1,0,0,997,3341,550
1,0,0,999,3342,550
1,0,0,997,3341,550
1,0,0,997,3341,550
1,0,0,997,3342,550
1,0,0,998,3342,550
1,0,0,998,3341,550
1,0,0,998,3342,550
1,0,0,1000,3341,550
1,0,0,1000,3343,550
1,0,0,999,3341,550
1,0,0,998,3342,550
1,0,0,999,3342,550
1,0,0,999,3343,550
1,0,0,1000,3343,550
1,0,0,998,3340,550
1,0,0,996,3343,550
1,0,0,999,3341,550
1,0,0,999,3343,550
1,0,0,998,3341,550
1,0,0,999,3342,550
1,0,0,1000,3343,550
1,0,0,1000,3341,550
1,0,0,997,3342,550
1,0,0,996,3342,550
1,0,0,997,3341,550
1,0,0,998,3341,550
1,0,0,1000,3342,550
1,0,0,998,3342,550
1,0,0,998,3341,550
1,0,0,997,3341,550
1,0,0,998,3342,550
1,0,0,998,3342,550
1,0,0,998,3343,550
1,0,0,998,3341,550
1,0,0,999,3342,550
1,0,0,998,3342,550
1,0,0,999,3342,550
1,0,0,998,3342,550
1,0,0,998,3342,550
1,0,0,999,3342,550
1,0,0,998,3342,550
1,0,0,999,3341,550
1,0,0,1001,3341,550
1,0,0,999,3342,550
1,0,0,1000,3342,550
1,0,0,998,3342,550
1,0,0,997,3341,550
1,0,0,997,3342,550
1,0,0,999,3342,550
1,0,0,999,3342,550
1,0,0,998,3342,550
1,0,0,998,3342,550
1,0,0,998,3342,550
1,0,0,997,3342,550
1,0,0,997,3343,550
1,0,0,1012,3342,550
1,0,0,1004,3342,550
1,0,0,998,3341,550
1,0,0,997,3343,550
1,0,0,1000,3341,550
1,0,0,995,3342,550
1,0,0,984,3342,550
1,0,0,985,3343,550
1,0,0,974,3343,550
1,0,0,977,3343,550
1,0,0,967,3341,550
1,0,0,972,3343,550
1,0,0,968,3343,550
1,0,0,970,3342,550
1,0,0,963,3343,550
1,0,0,969,3342,550
1,0,0,963,3342,550
1,0,0,970,3342,550
1,0,0,963,3342,550
1,0,0,970,3342,550
1,0,0,964,3343,550
1,0,1,957,3342,550
1,0,0,890,3345,550
1,0,0,985,3345,550
1,0,0,988,3344,550
1,0,0,993,3343,550
1,0,0,993,3343,550
1,0,0,1001,3343,550
1,0,0,998,3343,550
1,0,0,996,3342,550
1,0,0,999,3343,550
1,0,0,1000,3342,550
1,0,0,998,3342,550
1,0,0,998,3344,550
1,0,0,997,3342,550
1,0,0,1000,3343,550
1,0,0,999,3341,550
1,0,0,999,3343,550
1,0,0,1000,3343,550
1,0,0,998,3341,550
1,0,0,998,3343,550
1,0,0,1000,3342,550
1,0,0,997,3343,550
1,0,0,997,3343,550
1,0,0,996,3343,550
1,0,0,996,3342,550
1,0,0,997,3342,550
1,0,0,998,3344,550
1,0,0,998,3342,550
1,0,0,999,3343,550
1,0,0,998,3344,550
1,0,0,1000,3342,550
1,0,0,997,3344,550
1,0,0,1000,3343,550
1,0,0,996,3342,550
1,0,0,996,3343,550
1,0,0,999,3343,550
1,0,0,999,3343,550
1,0,0,999,3342,550
1,0,0,999,3344,550
1,0,0,1000,3342,550
1,0,0,1000,3343,550
1,0,0,999,3341,550
1,0,0,995,3342,550
1,0,0,998,3344,550
1,0,0,1000,3344,550
1,0,0,998,3343,550
1,0,0,999,3343,550
1,0,0,999,3342,550
1,0,0,997,3342,550
1,0,0,1000,3342,550
1,0,0,999,3344,550
1,0,0,999,3344,550
1,0,0,997,3344,550
1,0,0,1000,3343,550
1,0,0,996,3343,550
1,0,0,998,3344,550
1,0,0,999,3344,550
1,0,0,999,3342,550
1,0,0,999,3342,550
1,0,0,999,3343,550
1,0,0,998,3345,550
1,0,0,999,3342,550
1,0,0,998,3343,550
1,0,0,995,3343,550
1,0,0,999,3343,550
1,0,0,996,3343,550
1,0,0,997,3343,550
1,0,0,998,3342,550
1,0,0,999,3344,550
1,0,0,998,3344,550
1,0,0,998,3342,550
1,0,0,997,3343,550
1,0,0,998,3342,550
1,0,0,996,3342,550
1,0,0,999,3344,550
1,0,1,986,3344,550
1,0,1,892,3347,550
1,0,1,898,3347,550
1,0,1,895,3351,550
1,0,1,912,3395,550
1,0,0,946,3352,550
1,0,0,1002,3348,550
1,0,0,1000,3347,550
1,0,0,999,3347,550
1,0,0,1000,3348,550
1,0,0,997,3347,550
1,0,0,998,3346,550
1,0,0,999,3346,550
1,0,0,996,3347,550
1,0,0,1001,3347,550
1,0,0,999,3346,550
1,0,0,998,3348,550
1,0,0,996,3349,550
1,0,0,997,3349,550
1,0,0,996,3349,550
1,0,0,999,3348,550
1,0,0,998,3349,550
1,0,0,998,3347,550
1,0,0,998,3348,550
1,0,0,998,3347,550
1,0,0,998,3348,550
1,0,0,1000,3347,550
1,0,0,997,3347,550
1,0,0,996,3347,550
1,0,0,997,3347,550
1,0,0,998,3347,550
1,0,0,998,3350,550
1,0,0,998,3348,550
1,0,0,997,3347,550
1,0,0,999,3348,550
1,0,0,996,3348,550
1,0,0,999,3347,550
1,0,0,998,3347,550
1,0,0,997,3347,550
1,0,0,998,3346,550
1,0,0,998,3347,550
1,0,0,999,3348,550
1,0,0,1000,3347,550
1,0,0,999,3347,550
1,0,0,999,3347,550
1,0,0,1000,3347,550
1,0,0,998,3347,550
1,0,0,999,3346,550
1,0,0,999,3348,550
1,0,0,997,3347,550
1,0,0,995,3347,550
1,0,0,998,3347,550
1,0,0,997,3347,550
1,0,0,998,3347,550
1,0,0,999,3347,550
1,0,0,997,3347,550
1,0,0,998,3347,550
1,0,0,998,3347,550
1,0,0,998,3346,550
1,0,0,1001,3347,550
1,0,0,997,3347,550
1,0,0,998,3347,550
1,0,0,999,3349,550
1,0,0,998,3349,550
1,0,0,998,3347,550
1,0,0,1000,3346,550
1,0,0,998,3347,550
1,0,0,1000,3346,550
1,0,0,997,3347,550
1,0,0,996,3347,550
1,0,0,998,3346,550
1,0,0,998,3347,550
1,0,0,999,3348,550
1,0,0,1000,3346,550
1,0,0,999,3348,550
1,0,1,997,3347,550
1,0,1,904,3349,550
1,0,1,896,3408,550
1,0,1,894,3354,550
1,0,1,904,3352,550
1,0,0,951,3354,550
1,0,0,1005,3353,550
1,0,0,998,3351,550
1,0,0,996,3351,550
1,0,0,998,3353,550
1,0,0,998,3352,550
1,0,0,998,3350,550
1,0,0,998,3350,550
1,0,0,1000,3351,550
1,0,0,996,3351,550
1,0,0,996,3351,550
1,0,0,998,3351,550
1,0,0,999,3351,550
1,0,0,1000,3350,550
1,0,0,997,3351,550
1,0,0,996,3351,550
1,0,0,1000,3351,550
1,0,0,1000,3351,550
1,0,0,1000,3351,550
1,0,0,999,3351,550
1,0,0,997,3351,550
1,0,0,998,3351,550
1,0,0,997,3351,550
1,0,0,998,3351,550
1,0,0,1012,3351,550
1,0,0,1004,3352,550
1,0,0,997,3352,550
1,0,0,1001,3352,550
1,0,0,999,3350,550
1,0,0,1000,3350,550
1,0,0,998,3352,550
1,0,0,998,3350,550
1,0,0,997,3351,550
1,0,0,999,3351,550
1,0,0,998,3351,550
1,0,0,998,3351,550
1,0,0,999,3352,550
1,0,0,998,3352,550
1,0,0,1000,3349,550
1,0,0,999,3352,550
1,0,0,998,3351,550
1,0,0,998,3350,550
1,0,0,998,3351,550
1,0,0,999,3350,550
1,0,0,998,3351,550
1,0,0,998,3352,550
1,0,0,999,3350,550
1,0,0,997,3351,550
1,0,0,1000,3351,550
1,0,0,999,3350,550
1,0,0,998,3349,550
1,0,0,996,3350,550
1,0,0,998,3351,550
1,0,0,998,3352,550
1,0,0,998,3349,550
1,0,0,998,3352,550
1,0,0,998,3352,550
1,0,0,997,3352,550
1,0,0,998,3351,550
1,0,0,999,3350,550
1,0,0,999,3351,550
1,0,0,997,3350,550
1,0,0,997,3351,550
1,0,0,1000,3350,550
1,0,0,998,3352,550
1,0,1,966,3349,550
1,0,0,938,3354,550
1,0,0,1001,3353,550
1,0,0,1001,3353,550
1,0,0,1000,3352,550
1,0,0,999,3351,550
1,0,0,998,3353,550
1,0,0,999,3352,550
1,0,0,998,3353,550
1,0,0,996,3351,550
1,0,0,997,3352,550
1,0,0,998,3350,550
1,0,0,998,3351,550
1,0,0,999,3353,550
1,0,0,999,3352,550
1,0,0,998,3352,550
1,0,0,998,3352,550
1,0,0,999,3351,550
1,0,0,1000,3352,550
1,0,0,1000,3352,550
1,0,0,999,3352,550
1,0,0,999,3351,550
1,0,0,999,3352,550
1,0,0,998,3351,550
1,0,0,1000,3352,550
1,0,0,997,3351,550
1,0,0,1001,3351,550
1,0,0,1000,3351,550
1,0,0,1001,3351,550
1,0,0,996,3351,550
1,0,0,998,3352,550
1,0,0,997,3353,550
1,0,0,999,3351,550
1,0,0,997,3350,550
1,0,0,997,3352,550
1,0,0,999,3351,550
1,0,0,998,3351,550
1,0,0,999,3351,550
1,0,0,998,3351,550
1,0,0,999,3350,550
1,0,0,1000,3352,550
1,0,0,998,3351,550
1,0,0,1000,3351,550
1,0,0,1000,3351,550
1,0,0,1000,3353,550
1,0,0,999,3351,550
1,0,0,1000,3351,550
1,0,0,999,3351,550
1,0,0,998,3352,550
1,0,0,1000,3350,550
1,0,0,996,3352,550
1,0,0,998,3351,550
1,0,0,998,3352,550
1,0,0,999,3352,550
1,0,0,999,3351,550
1,0,0,999,3351,550
1,0,0,996,3353,550
1,0,0,999,3351,550
1,0,0,999,3353,550
1,0,0,1018,3352,550
1,0,0,999,3350,550
1,0,0,999,3350,550
1,0,0,997,3350,550
1,0,0,999,3351,550
1,0,0,993,3351,550
1,0,0,984,3351,550
1,0,0,985,3351,550
1,0,0,974,3352,550
1,0,0,976,3351,550
1,0,0,967,3352,550
1,0,0,978,3352,550
1,0,0,967,3353,550
1,0,0,978,3352,550
1,0,0,967,3351,550
1,0,0,970,3352,550
1,0,0,962,3353,550
1,0,0,972,3352,550
1,0,0,962,3352,550
1,0,0,974,3352,550
1,0,0,963,3352,550
1,0,1,902,3422,550
1,0,0,884,3355,550
1,0,0,985,3354,550
1,0,0,985,3353,550
1,0,0,989,3353,550
1,0,0,1001,3352,550
1,0,0,1001,3351,550
1,0,0,1000,3352,550
1,0,0,999,3353,550
1,0,0,999,3351,550
1,0,0,997,3351,550
1,0,0,998,3352,550
1,0,0,999,3352,550
1,0,0,999,3354,550
1,0,0,998,3352,550
1,0,0,998,3354,550
1,0,0,999,3353,550
1,0,0,998,3353,550
1,0,0,997,3352,550
1,0,0,998,3352,550
1,0,0,998,3352,550
1,0,0,999,3351,550
1,0,0,998,3351,550
1,0,0,999,3352,550
1,0,0,998,3352,550
1,0,0,1000,3353,550
1,0,0,999,3352,550
1,0,0,1000,3352,550
1,0,0,997,3352,550
1,0,0,1000,3352,550
1,0,0,998,3352,550
1,0,0,999,3354,550
1,0,0,997,3352,550
1,0,0,998,3351,550
1,0,0,998,3352,550
1,0,0,998,3353,550
1,0,0,998,3351,550
1,0,0,1000,3353,550
1,0,0,997,3352,550
1,0,0,999,3352,550
1,0,0,998,3355,550
1,0,0,999,3352,550
1,0,0,999,3351,550
1,0,0,999,3352,550
1,0,0,1000,3353,550
1,0,0,998,3352,550
1,0,0,999,3351,550
1,0,0,1000,3352,550
1,0,0,999,3353,550
1,0,0,997,3353,550
1,0,0,1000,3352,550
1,0,0,996,3352,550
1,0,0,998,3351,550
1,0,0,998,3352,550
1,0,0,998,3353,550
1,0,0,997,3353,550
1,0,0,997,3352,550
1,0,0,998,3350,550
1,0,0,998,3352,550
1,0,0,998,3353,550
1,0,0,1000,3350,550
1,0,0,998,3353,550
1,0,0,999,3353,550
1,0,0,997,3353,550
1,0,0,1000,3352,550
1,0,0,998,3354,550
1,0,0,996,3352,550
1,0,0,998,3353,550
1,0,0,998,3351,550
1,0,0,998,3351,550
1,0,0,997,3352,550
1,0,0,1000,3350,550
1,0,0,998,3353,550
1,0,0,998,3352,550
1,0,0,997,3352,550
1,0,0,997,3354,550
1,0,0,1000,3352,550
1,0,0,1000,3352,550
1,0,0,998,3353,550
1,0,0,1017,3351,550
1,0,1,963,3375,550
1,0,0,943,3356,550
1,0,0,1004,3354,550
1,0,0,1001,3355,550
1,0,0,997,3353,550
1,0,0,999,3353,550
1,0,0,998,3354,550
1,0,0,1000,3353,550
1,0,0,1000,3354,550
1,0,0,997,3352,550
1,0,0,999,3353,550
1,0,0,998,3352,550
1,0,0,1000,3352,550
1,0,0,998,3353,550
1,0,0,998,3353,550
1,0,0,998,3354,550
1,0,0,1000,3352,550
1,0,0,1000,3354,550
1,0,0,999,3353,550
1,0,0,997,3351,550
1,0,0,998,3353,550
1,0,0,997,3355,550
1,0,0,998,3353,550
1,0,0,1000,3353,550
1,0,0,997,3352,550
1,0,0,996,3353,550
1,0,0,998,3353,550
1,0,0,997,3353,550
1,0,0,998,3353,550
1,0,0,998,3352,550
1,0,0,998,3352,550
1,0,0,998,3354,550
1,0,0,999,3352,550
1,0,0,996,3353,550
1,0,0,998,3353,550
1,0,0,997,3354,550
1,0,0,998,3352,550
1,0,0,997,3352,550
1,0,0,996,3353,550
1,0,0,998,3352,550
1,0,0,998,3353,550
1,0,0,1000,3353,550
1,0,0,1000,3353,550
1,0,0,995,3353,550
1,0,0,1000,3352,550
1,0,0,999,3352,550
1,0,0,1000,3353,550
1,0,0,1001,3353,550
1,0,0,996,3353,550
1,0,0,1000,3353,550
1,0,0,998,3353,550
1,0,0,998,3353,550
1,0,0,999,3352,550
1,0,0,996,3352,550
1,0,0,995,3352,550
1,0,0,1000,3352,550
1,0,0,1000,3351,550
1,0,0,999,3353,550
1,0,0,998,3353,550
1,0,0,1000,3353,550
1,0,0,998,3353,550
1,0,0,1001,3352,550
1,0,0,1001,3353,550
1,0,0,997,3354,550
1,0,0,997,3353,550
1,0,0,998,3352,550
1,0,0,998,3353,550
1,0,0,998,3353,550
1,0,0,998,3352,550
1,0,0,999,3353,550
1,0,1,995,3352,550
1,0,1,899,3414,550
1,0,1,893,3355,550
1,0,1,901,3357,550
1,0,1,912,3357,550
1,0,0,940,3361,550
1,0,0,1001,3359,550
1,0,0,999,3358,550
1,0,0,998,3358,550
1,0,0,998,3356,550
1,0,0,998,3357,550
1,0,0,998,3357,550
1,0,0,998,3356,550
1,0,0,998,3357,550
1,0,0,995,3357,550
1,0,0,999,3357,550
1,0,0,998,3358,550
1,0,0,997,3356,550
1,0,0,999,3358,550
1,0,0,1000,3357,550
1,0,0,998,3357,550
1,0,0,999,3357,550
1,0,0,996,3356,550
1,0,0,998,3357,550
1,0,0,997,3358,550
1,0,0,998,3357,550
1,0,0,998,3357,550
1,0,0,1000,3357,550
1,0,0,1000,3357,550
1,0,0,1010,3357,550
1,0,0,1004,3358,550
1,0,0,1000,3358,550
1,0,0,997,3356,550
1,0,0,996,3356,550
1,0,0,998,3357,550
1,0,0,997,3356,550
1,0,0,1000,3358,550
1,0,0,998,3356,550
1,0,0,997,3356,550
1,0,0,998,3356,550
1,0,0,998,3357,550
1,0,0,998,3357,550
1,0,0,997,3356,550
1,0,0,998,3356,550
1,0,0,998,3355,550
1,0,0,998,3357,550
1,0,0,998,3357,550
1,0,0,1000,3357,550
1,0,0,999,3357,550
1,0,0,999,3358,550
1,0,0,998,3357,550
1,0,0,999,3356,550
1,0,0,999,3357,550
1,0,0,998,3357,550
1,0,0,995,3355,550
1,0,0,998,3357,550
1,0,0,1000,3356,550
1,0,0,998,3356,550
1,0,0,997,3357,550
1,0,0,997,3357,550
1,0,0,997,3358,550
1,0,0,1000,3356,550
1,0,0,998,3357,550
1,0,0,999,3358,550
1,0,0,1000,3357,550
1,0,0,1000,3357,550
1,0,0,1000,3356,550
1,0,0,998,3356,550
1,0,0,1000,3357,550
1,0,0,998,3356,550
1,0,1,997,3357,550
1,0,0,945,3359,550
1,0,0,1003,3359,550
1,0,0,996,3357,550
1,0,0,999,3357,550
1,0,0,998,3359,550
1,0,0,998,3358,550
1,0,0,997,3358,550
1,0,0,1000,3357,550
1,0,0,998,3356,550
1,0,0,998,3356,550
1,0,0,999,3359,550
1,0,0,999,3357,550
1,0,0,999,3358,550
1,0,0,999,3357,550
1,0,0,999,3358,550
1,0,0,998,3359,550
1,0,0,998,3357,550
1,0,0,998,3356,550
1,0,0,1000,3358,550
1,0,0,999,3359,550
1,0,0,998,3357,550
1,0,0,995,3356,550
1,0,0,997,3357,550
1,0,0,996,3356,550
1,0,0,1000,3358,550
1,0,0,998,3357,550
1,0,0,998,3357,550
1,0,0,999,3356,550
1,0,0,997,3357,550
1,0,0,999,3357,550
1,0,0,999,3358,550
1,0,0,999,3358,550
1,0,0,999,3356,550
1,0,0,998,3358,550
1,0,0,996,3357,550
1,0,0,998,3357,550
1,0,0,997,3358,550
1,0,0,998,3358,550
1,0,0,999,3357,550
1,0,0,998,3358,550
1,0,0,998,3359,550
1,0,0,998,3357,550
1,0,0,999,3359,550
1,0,0,998,3357,550
1,0,0,998,3357,550
1,0,0,997,3357,550
1,0,0,1000,3358,550
1,0,0,998,3357,550
1,0,0,999,3357,550
1,0,0,1000,3357,550
1,0,0,999,3357,550
1,0,0,1001,3357,550
1,0,0,998,3357,550
1,0,0,998,3357,550
1,0,0,999,3358,550
1,0,0,999,3358,550
1,0,0,1000,3359,550
1,0,0,998,3358,550
1,0,0,1015,3357,550
1,0,0,1001,3358,550
1,0,0,1001,3356,550
1,0,0,995,3358,550
1,0,0,1000,3357,550
1,0,0,999,3357,550
1,0,0,983,3357,550
1,0,0,986,3356,550
1,0,0,974,3357,550
1,0,0,979,3358,550
1,0,0,967,3357,550
1,0,0,974,3357,550
1,0,0,967,3359,550
1,0,0,972,3358,550
1,0,0,965,3358,550
1,0,0,969,3358,550
1,0,0,965,3358,550
1,0,0,970,3359,550
1,0,0,964,3358,550
1,0,0,974,3357,550
1,0,0,963,3359,550
1,0,1,937,3355,550
1,0,0,883,3361,550
1,0,0,985,3359,550
1,0,0,986,3358,550
1,0,0,988,3360,550
1,0,0,993,3358,550
1,0,0,995,3359,550
1,0,0,999,3357,550
1,0,0,996,3358,550
1,0,0,1001,3358,550
1,0,0,999,3357,550
1,0,0,997,3360,550
1,0,0,997,3357,550
1,0,0,999,3358,550
1,0,0,1001,3357,550
1,0,0,999,3357,550
1,0,0,997,3358,550
1,0,0,997,3357,550
1,0,0,999,3358,550
1,0,0,1000,3359,550
1,0,0,999,3359,550
1,0,0,1000,3358,550
1,0,0,998,3357,550
1,0,0,1000,3359,550
1,0,0,999,3359,550
1,0,0,995,3358,550
1,0,0,997,3358,550
1,0,0,1000,3357,550
1,0,0,998,3358,550
1,0,0,997,3361,550
1,0,0,999,3358,550
1,0,0,997,3357,550
1,0,0,998,3358,550
1,0,0,998,3359,550
1,0,0,999,3359,550
1,0,0,998,3358,550
1,0,0,999,3359,550
1,0,0,998,3359,550
1,0,0,997,3358,550
1,0,0,1000,3358,550
1,0,0,996,3358,550
1,0,0,999,3357,550
1,0,0,995,3357,550
1,0,0,997,3357,550
1,0,0,997,3357,550
1,0,0,995,3358,550
1,0,0,997,3357,550
1,0,0,999,3358,550
1,0,0,998,3357,550
1,0,0,998,3358,550
1,0,0,999,3358,550
1,0,0,997,3357,550
1,0,0,999,3358,550
1,0,0,998,3358,550
1,0,0,998,3358,550
1,0,0,999,3359,550
1,0,0,998,3359,550
1,0,0,999,3358,550
1,0,0,998,3358,550
1,0,0,998,3359,550
1,0,0,999,3359,550
1,0,0,998,3358,550
1,0,0,997,3358,550
1,0,0,998,3358,550
1,0,0,999,3359,550
1,0,0,997,3358,550
1,0,0,997,3358,550
1,0,0,998,3357,550
1,0,0,999,3357,550
1,0,0,998,3358,550
1,0,0,998,3358,550
1,0,0,998,3359,550
1,0,0,998,3358,550
1,0,0,999,3358,550
1,0,0,998,3357,550
1,0,0,998,3358,550
1,0,0,997,3357,550
1,0,0,996,3358,550
1,0,0,996,3359,550
1,0,0,1018,3358,550
1,0,1,954,3359,550
1,0,0,950,3360,550
1,0,0,1003,3360,550
1,0,0,998,3359,550
1,0,0,996,3358,550
1,0,0,999,3358,550
1,0,0,1000,3358,550
1,0,0,998,3359,550
1,0,0,1000,3359,550
1,0,0,998,3359,550
1,0,0,998,3358,550
1,0,0,997,3359,550
1,0,0,999,3359,550
1,0,0,999,3359,550
1,0,0,1000,3359,550
1,0,0,998,3360,550
1,0,0,998,3358,550
1,0,0,999,3360,550
1,0,0,998,3357,550
1,0,0,1000,3357,550
1,0,0,998,3359,550
1,0,0,999,3359,550
1,0,0,999,3359,550
1,0,0,999,3361,550
1,0,0,996,3359,550
1,0,0,997,3359,550
1,0,0,998,3359,550
1,0,0,999,3359,550
1,0,0,999,3360,550
1,0,0,997,3358,550
1,0,0,1000,3359,550
1,0,0,999,3359,550
1,0,0,997,3360,550
1,0,0,998,3358,550
1,0,0,998,3359,550
1,0,0,1000,3359,550
1,0,0,998,3359,550
1,0,0,999,3359,550
1,0,0,1000,3357,550
1,0,0,998,3360,550
1,0,0,998,3359,550
1,0,0,998,3358,550
1,0,0,1000,3359,550
1,0,0,998,3359,550
1,0,0,999,3359,550
1,0,0,998,3359,550
1,0,0,997,3358,550
1,0,0,997,3359,550
1,0,0,998,3358,550
1,0,0,996,3359,550
1,0,0,998,3357,550
1,0,0,1000,3358,550
1,0,0,998,3360,550
1,0,0,1000,3358,550
1,0,0,997,3359,550
1,0,0,998,3358,550
1,0,0,999,3358,550
1,0,0,997,3359,550
1,0,0,999,3359,550
1,0,0,1000,3360,550
1,0,0,1000,3358,550
1,0,0,998,3358,550
1,0,0,997,3358,550
1,0,0,1000,3358,550
1,0,0,998,3358,550
1,0,0,998,3358,550
1,0,0,998,3359,550
1,0,0,997,3358,550
1,0,0,999,3358,550
1,0,0,999,3358,550
1,0,1,996,3357,550
1,0,1,898,3408,550
1,0,1,898,3363,550
1,0,1,901,3364,550
1,0,1,912,3363,550
1,0,0,938,3365,550
1,0,0,1005,3364,550
1,0,0,1000,3364,550
1,0,0,998,3363,550
1,0,0,998,3361,550
1,0,0,998,3362,550
1,0,0,1001,3362,550
1,0,0,999,3364,550
1,0,0,997,3362,550
1,0,0,998,3362,550
1,0,0,997,3362,550
1,0,0,1001,3362,550
1,0,0,997,3363,550
1,0,0,998,3362,550
1,0,0,998,3361,550
1,0,0,999,3362,550
1,0,0,999,3361,550
1,0,0,998,3362,550
1,0,0,999,3364,550
1,0,0,999,3363,550
1,0,0,999,3363,550
1,0,0,999,3364,550
1,0,0,997,3361,550
1,0,0,998,3363,550
1,0,0,1014,3362,550
1,0,0,1000,3361,550
1,0,0,1000,3361,550
1,0,0,998,3363,550
1,0,0,998,3364,550
1,0,0,999,3362,550
1,0,0,998,3362,550
1,0,0,998,3362,550
1,0,0,1000,3363,550
1,0,0,1001,3363,550
1,0,0,997,3363,550
1,0,0,1001,3361,550
1,0,0,998,3362,550
1,0,0,998,3362,550
1,0,0,998,3362,550
1,0,0,1000,3362,550
1,0,0,997,3364,550
1,0,0,999,3363,550
1,0,0,997,3362,550
1,0,0,999,3362,550
1,0,0,1000,3362,550
1,0,0,998,3361,550
1,0,0,998,3363,550
1,0,0,999,3362,550
1,0,0,999,3362,550
1,0,0,997,3362,550
1,0,0,998,3362,550
1,0,0,1000,3362,550
1,0,0,1001,3363,550
1,0,0,1000,3362,550
1,0,0,998,3362,550
1,0,0,998,3362,550
1,0,0,1000,3363,550
1,0,0,1000,3363,550
1,0,0,996,3361,550
1,0,0,998,3362,550
1,0,0,998,3362,550
1,0,0,999,3363,550
1,0,0,1001,3363,550
1,0,0,998,3362,550
1,0,0,998,3362,550
1,0,0,996,3362,550
1,0,0,999,3362,550
1,0,0,999,3363,550
1,0,0,997,3362,550
1,0,0,1000,3362,550
1,0,1,983,3360,550
1,0,1,897,3368,550
1,0,1,900,3366,550
1,0,1,905,3367,550
1,0,1,905,3367,550
1,0,0,938,3370,550
1,0,0,1000,3367,550
1,0,0,1001,3368,550
1,0,0,997,3367,550
1,0,0,998,3365,550
1,0,0,998,3367,550
1,0,0,998,3366,550
1,0,0,1000,3366,550
1,0,0,998,3366,550
1,0,0,996,3366,550
1,0,0,998,3367,550
1,0,0,998,3366,550
1,0,0,1000,3366,550
1,0,0,998,3367,550
1,0,0,998,3367,550
1,0,0,1001,3366,550
1,0,0,997,3367,550
1,0,0,998,3367,550
1,0,0,1000,3366,550
1,0,0,1001,3365,550
1,0,0,999,3367,550
1,0,0,997,3366,550
1,0,0,998,3366,550
1,0,0,997,3365,550
1,0,0,998,3365,550
1,0,0,999,3366,550
1,0,0,998,3366,550
1,0,0,998,3367,550
1,0,0,998,3365,550
1,0,0,999,3365,550
1,0,0,997,3365,550
1,0,0,998,3366,550
1,0,0,998,3365,550
1,0,0,999,3366,550
1,0,0,999,3367,550
1,0,0,996,3366,550
1,0,0,1000,3366,550
1,0,0,997,3365,550
1,0,0,997,3368,550
1,0,0,999,3366,550
1,0,0,999,3366,550
1,0,0,998,3365,550
1,0,0,998,3366,550
1,0,0,999,3367,550
1,0,0,999,3366,550
1,0,0,997,3366,550
1,0,0,998,3365,550
1,0,0,999,3366,550
1,0,0,1000,3367,550
1,0,0,1011,3366,550
1,0,0,1001,3365,550
1,0,0,998,3365,550
1,0,0,998,3368,550
1,0,0,998,3365,550
1,0,0,998,3366,550
1,0,0,984,3367,550
1,0,0,987,3366,550
1,0,0,972,3366,550
