PV,MV,BO,TP,MO,TP_O
1,0,1,604,3655,350
1,0,1,562,3657,350
1,0,1,566,3656,350
1,0,1,565,3657,350
1,0,1,568,3658,350
1,0,1,552,3660,350
1,0,1,588,3658,350
1,0,1,588,3658,350
1,0,1,590,3659,350
1,0,1,587,3658,350
1,0,1,589,3659,350
1,0,1,589,3660,350
1,0,1,593,3661,350
1,0,1,592,3660,350
1,0,1,594,3661,350
1,0,1,593,3661,350
1,0,1,593,3661,350
1,0,1,593,3660,350
1,0,1,598,3662,350
1,0,1,597,3661,350
1,0,1,598,3662,350
1,0,1,576,3662,350
1,0,1,580,3663,350
1,0,1,580,3663,350
1,0,1,578,3662,350
1,0,0,611,3665,350
1,0,1,617,3670,350
1,0,0,604,3664,350
1,0,0,624,3662,350
1,0,0,626,3664,350
1,0,0,626,3662,350
1,0,1,617,3662,350
1,0,1,599,3663,350
1,0,1,603,3663,350
1,0,1,602,3663,350
1,0,1,600,3663,350
1,0,1,610,3664,350
1,0,1,627,3663,350
1,0,1,627,3664,350
1,0,1,623,3663,350
1,0,1,623,3664,350
1,0,1,628,3665,350
1,0,1,627,3664,350
1,0,1,626,3664,350
1,0,1,628,3664,350
1,0,1,631,3667,350
1,0,1,632,3666,350
1,0,1,631,3665,350
1,0,1,633,3663,350
1,0,1,634,3665,350
1,0,1,634,3664,350
1,0,1,637,3666,350
1,0,1,637,3664,350
1,0,1,636,3665,350
1,0,1,637,3665,350
1,0,0,642,3666,350
1,0,1,630,3664,350
1,0,0,618,3666,350
1,0,0,629,3665,350
1,0,0,628,3664,350
1,0,0,629,3664,350
1,0,1,628,3664,350
1,0,1,621,3665,350
1,0,1,622,3664,350
1,0,1,622,3666,350
1,0,1,627,3668,350
1,0,1,624,3666,350
1,0,1,626,3665,350
1,0,1,627,3665,350
1,0,1,630,3666,350
1,0,1,627,3666,350
1,0,1,630,3666,350
1,0,1,630,3665,350
1,0,1,630,3666,350
1,0,1,631,3666,350
1,0,0,637,3666,350
1,0,1,628,3666,350
1,0,0,626,3666,350
1,0,0,626,3665,350
1,0,0,627,3665,350
1,0,0,631,3665,350
1,0,1,627,3665,350
1,0,1,622,3666,350
1,0,1,620,3666,350
1,0,1,628,3666,350
1,0,1,623,3666,350
1,0,1,625,3667,350
1,0,1,628,3666,350
1,0,1,627,3667,350
1,0,1,627,3668,350
1,0,1,627,3668,350
1,0,1,615,3667,350
1,0,1,613,3667,350
1,0,1,614,3667,350
1,0,0,626,3668,350
1,0,0,637,3667,350
1,0,0,640,3666,350
1,0,0,631,3667,350
1,0,0,634,3667,350
1,0,0,628,3666,350
1,0,0,631,3667,350
1,0,0,627,3667,350
1,0,1,624,3666,350
1,0,1,619,3667,350
1,0,1,621,3666,350
1,0,1,621,3670,350
1,0,1,624,3667,350
1,0,1,624,3668,350
1,0,1,625,3667,350
1,0,1,628,3667,350
1,0,1,626,3667,350
1,0,1,627,3668,350
1,0,1,629,3667,350
1,0,1,630,3668,350
1,0,1,630,3669,350
1,0,0,639,3668,350
1,0,0,633,3668,350
1,0,0,635,3667,350
1,0,1,621,3668,350
1,0,1,616,3668,350
1,0,1,619,3668,350
1,0,1,620,3669,350
1,0,1,619,3667,350
1,0,1,627,3668,350
1,0,1,622,3668,350
1,0,1,625,3669,350
1,0,1,625,3668,350
1,0,1,626,3668,350
1,0,1,615,3668,350
1,0,1,611,3668,350
1,0,1,611,3669,350
1,0,1,611,3670,350
1,0,1,614,3669,350
1,0,1,616,3669,350
1,0,1,613,3672,350
1,0,0,628,3670,350
1,0,0,635,3670,350
1,0,0,639,3670,350
1,0,1,623,3669,350
1,0,1,619,3669,350
1,0,1,620,3670,350
1,0,1,624,3670,350
1,0,1,622,3669,350
1,0,1,623,3669,350
1,0,1,624,3670,350
1,0,1,627,3670,350
1,0,1,627,3670,350
1,0,1,628,3671,350
1,0,1,630,3668,350
1,0,1,632,3671,350
1,0,1,631,3671,350
1,0,1,632,3671,350
1,0,1,633,3671,350
1,0,1,628,3669,350
1,0,1,617,3672,350
1,0,0,629,3672,350
1,0,0,638,3670,350
1,0,0,636,3671,350
1,0,1,628,3671,350
1,0,1,622,3671,350
1,0,1,620,3671,350
1,0,1,622,3672,350
1,0,1,628,3670,350
1,0,1,626,3676,350
1,0,1,627,3671,350
1,0,1,627,3671,350
1,0,1,629,3672,350
1,0,1,632,3672,350
1,0,1,631,3671,350
1,0,1,633,3672,350
1,0,1,632,3671,350
1,0,1,634,3673,350
1,0,1,636,3673,350
1,0,1,634,3677,350
1,0,1,636,3672,350
1,0,0,643,3673,350
1,0,0,639,3672,350
1,0,0,640,3671,350
1,0,1,628,3670,350
1,0,1,621,3671,350
1,0,1,624,3671,350
1,0,1,628,3671,350
1,0,1,627,3672,350
1,0,1,615,3672,350
1,0,1,610,3674,350
1,0,1,609,3672,350
1,0,1,613,3672,350
1,0,1,611,3674,350
1,0,1,613,3674,350
1,0,1,615,3673,350
1,0,1,616,3674,350
1,0,1,618,3674,350
1,0,1,616,3675,350
1,0,1,616,3678,350
1,0,1,617,3674,350
1,0,0,632,3674,350
1,0,0,640,3674,350
1,0,0,641,3674,350
1,0,1,622,3676,350
1,0,1,605,3673,350
1,0,1,608,3674,350
1,0,1,609,3674,350
1,0,1,611,3674,350
1,0,1,606,3676,350
1,0,1,594,3675,350
1,0,1,596,3675,350
1,0,1,593,3675,350
1,0,1,596,3676,350
1,0,1,594,3676,350
1,0,1,597,3677,350
1,0,1,599,3677,350
1,0,1,596,3678,350
1,0,1,595,3677,350
1,0,1,599,3680,350
1,0,1,599,3678,350
1,0,0,622,3678,350
1,0,0,639,3677,350
1,0,0,640,3678,350
1,0,1,620,3697,350
1,0,1,588,3677,350
1,0,1,591,3679,350
1,0,1,590,3678,350
1,0,1,592,3678,350
1,0,1,576,3679,350
1,0,1,578,3679,350
1,0,1,576,3706,350
1,0,1,576,3680,350
1,0,1,575,3680,350
1,0,1,576,3680,350
1,0,1,577,3680,350
1,0,1,584,3681,350
1,0,1,584,3680,350
1,0,1,582,3682,350
1,0,1,582,3682,350
1,0,1,582,3683,350
1,0,0,608,3684,350
1,0,0,639,3684,350
1,0,0,641,3683,350
1,0,1,608,3682,350
1,0,1,570,3682,350
1,0,1,569,3683,350
1,0,1,572,3684,350
1,0,1,572,3684,350
1,0,1,577,3684,350
1,0,1,557,3685,350
1,0,1,560,3685,350
1,0,1,564,3685,350
1,0,1,560,3685,350
1,0,1,559,3690,350
1,0,1,559,3686,350
1,0,1,561,3687,350
1,0,1,562,3688,350
1,0,1,560,3688,350
1,0,1,564,3689,350
1,0,1,565,3689,350
1,0,0,601,3688,350
1,0,0,645,3688,350
1,0,0,642,3689,350
1,0,1,625,3724,350
1,0,1,554,3689,350
1,0,1,556,3688,350
1,0,1,555,3690,350
1,0,1,556,3690,350
1,0,1,564,3690,350
1,0,1,541,3690,350
1,0,1,540,3691,350
1,0,1,544,3691,350
1,0,1,547,3691,350
1,0,1,545,3674,350
1,0,1,543,3693,350
1,0,1,547,3692,350
1,0,1,545,3692,350
1,0,1,544,3694,350
1,0,1,544,3693,350
1,0,1,548,3694,350
1,0,1,544,3694,350
1,0,1,544,3696,350
1,0,1,548,3694,350
1,0,1,545,3697,350
1,0,1,545,3696,350
1,0,1,548,3698,350
1,0,1,548,3696,350
1,0,1,548,3697,350
1,0,1,558,3697,350
1,0,1,529,3699,350
1,0,0,584,3699,350
1,0,0,643,3698,350
1,0,0,638,3698,350
1,0,1,597,3696,350
1,0,1,523,3698,350
1,0,1,529,3699,350
1,0,1,523,3698,350
1,0,1,527,3699,350
1,0,1,528,3701,350
1,0,1,526,3702,350
1,0,1,529,3701,350
1,0,1,537,3701,350
1,0,1,527,3701,350
1,0,1,531,3702,350
1,0,1,528,3703,350
1,0,1,533,3703,350
1,0,1,530,3705,350
1,0,1,525,3705,350
1,0,1,516,3704,350
1,0,1,512,3712,350
1,0,1,513,3707,350
1,0,1,515,3706,350
1,0,1,519,3706,350
1,0,1,512,3711,350
1,0,1,523,3706,350
1,0,1,520,3708,350
1,0,1,515,3709,350
1,0,1,511,3708,350
1,0,1,524,3709,350
1,0,1,514,3711,350
1,0,1,520,3710,350
1,0,1,519,3710,350
1,0,1,523,3710,350
1,0,1,513,3712,350
1,0,1,520,3712,350
1,0,1,514,3711,350
1,0,1,511,3712,350
1,0,1,512,3720,350
1,0,1,513,3713,350
1,0,1,505,3712,350
1,0,1,503,3713,350
1,0,1,506,3714,350
1,0,1,507,3715,350
1,0,1,510,3715,350
1,0,1,505,3715,350
1,0,1,507,3715,350
1,0,1,506,3716,350
1,0,1,506,3716,350
1,0,1,510,3718,350
1,0,1,506,3718,350
1,0,1,502,3718,350
1,0,1,506,3719,350
1,0,1,504,3719,350
1,0,1,510,3719,350
1,0,1,505,3720,350
1,0,1,504,3721,350
1,0,1,504,3721,350
1,0,1,506,3722,350
1,0,1,493,3722,350
1,0,1,495,3723,350
1,0,1,502,3722,350
1,0,1,503,3723,350
1,0,1,503,3725,350
1,0,1,485,3723,350
1,0,1,493,3723,350
1,0,1,488,3724,350
1,0,1,486,3724,350
1,0,1,483,3724,350
1,0,1,500,3725,350
1,0,1,493,3731,350
1,0,1,501,3728,350
1,0,1,503,3728,350
1,0,1,502,3728,350
1,0,1,482,3728,350
1,0,1,493,3728,350
1,0,1,489,3729,350
1,0,1,481,3729,350
1,0,1,483,3730,350
1,0,1,507,3730,350
1,0,1,482,3772,350
1,0,1,476,3731,350
1,0,1,472,3731,350
1,0,1,482,3731,350
1,0,1,492,3733,350
1,0,1,493,3732,350
1,0,1,482,3776,350
1,0,1,472,3731,350
1,0,1,469,3733,350
1,0,1,475,3732,350
1,0,1,503,3734,350
1,0,1,501,3735,350
1,0,1,498,3735,350
1,0,1,495,3736,350
1,0,1,439,3736,350
1,0,1,506,3737,350
1,0,1,509,3737,350
1,0,1,507,3737,350
1,0,1,507,3738,350
1,0,1,504,3739,350
1,0,1,508,3739,350
1,0,1,511,3739,350
1,0,1,508,3740,350
1,0,1,495,3766,350
1,0,1,480,3740,350
1,0,1,525,3741,350
1,0,1,522,3741,350
1,0,1,513,3742,350
1,0,1,508,3741,350
1,0,1,509,3742,350
1,0,0,567,3744,350
1,0,0,635,3743,350
1,0,0,634,3743,350
1,0,0,628,3743,350
1,0,1,625,3741,350
1,0,1,519,3741,350
1,0,1,521,3744,350
1,0,1,525,3743,350
1,0,1,531,3744,350
1,0,1,486,3743,350
1,0,1,544,3744,350
1,0,1,542,3745,350
1,0,1,540,3746,350
1,0,1,541,3747,350
1,0,1,540,3746,350
1,0,1,534,3746,350
1,0,1,523,3747,350
1,0,1,528,3748,350
1,0,1,528,3747,350
1,0,1,526,3749,350
1,0,1,525,3745,350
1,0,1,528,3749,350
1,0,1,529,3750,350
1,0,1,533,3749,350
1,0,1,531,3750,350
1,0,1,529,3751,350
1,0,1,531,3751,350
1,0,1,532,3751,350
1,0,1,522,2300,350
1,0,1,521,1852,350
1,0,1,496,1621,350
1,0,1,475,1424,350
1,0,1,461,1327,350
1,0,1,454,1211,350
1,0,1,456,1128,350
1,0,1,549,1060,350
1,0,1,540,997,350
1,0,1,548,944,350
1,0,1,547,895,350
1,0,1,553,844,350
1,0,1,533,799,350
1,0,1,523,757,350
1,0,1,521,718,350
1,0,1,516,681,350
1,0,1,504,643,350
1,0,1,500,607,350
1,0,1,496,577,350
1,0,1,490,547,350
1,0,1,487,518,350
1,0,1,480,491,350
1,0,1,475,463,350
1,0,1,470,494,350
1,0,1,466,416,350
1,0,1,465,395,350
1,0,1,465,375,350
1,0,1,541,370,350
1,0,1,532,352,350
1,0,1,530,336,350
1,0,1,526,320,350
1,0,1,536,288,350
1,0,1,525,280,350
1,0,1,523,258,350
1,0,1,517,255,350
1,0,1,516,245,350
1,0,1,516,221,350
1,0,1,515,212,350
1,0,1,511,202,350
1,0,1,508,193,350
1,0,1,507,183,350
1,0,1,505,200,350
1,0,1,479,164,350
1,0,1,476,212,350
1,0,1,475,181,350
1,0,1,475,169,350
1,0,1,474,163,350
1,0,1,475,147,350
1,0,1,477,126,350
1,0,1,477,120,350
1,0,1,478,112,350
1,0,1,477,108,350
1,0,1,476,102,350
1,0,1,472,97,350
1,0,1,471,94,350
1,0,1,464,90,350
1,0,1,460,103,350
1,0,1,491,83,350
1,0,1,491,79,350
1,0,1,488,76,350
1,0,1,488,73,350
1,0,1,477,70,350
1,0,1,507,68,350
1,0,1,505,62,350
1,0,1,507,62,350
1,0,1,503,62,350
1,0,1,551,58,350
1,0,1,533,73,350
1,0,1,532,65,350
1,0,1,528,53,350
1,0,1,530,50,350
1,0,1,527,47,350
1,0,1,529,64,350
1,0,1,529,43,350
1,0,1,526,45,350
1,0,1,531,42,350
1,0,1,527,42,350
1,0,1,530,39,350
1,0,1,527,61,350
1,0,1,528,56,350
1,0,1,527,48,350
1,0,1,526,56,350
1,0,1,527,34,350
1,0,1,530,33,350
1,0,1,530,32,350
1,0,1,530,54,350
1,0,1,528,31,350
1,0,1,525,43,350
1,0,1,526,31,350
1,0,1,528,29,350
1,0,1,528,28,350
1,0,1,526,28,350
1,0,1,528,50,350
1,0,1,530,41,350
1,0,1,527,39,350
1,0,1,527,27,350
1,0,1,527,40,350
1,0,1,527,24,350
1,0,1,526,24,350
1,0,1,527,48,350
1,0,1,527,42,350
1,0,1,527,63,350
1,0,1,524,24,350
1,0,1,526,22,350
1,0,1,526,21,350
1,0,1,527,21,350
1,0,1,526,22,350
1,0,1,525,40,350
1,0,1,525,34,350
1,0,1,527,22,350
1,0,1,525,20,350
1,0,1,525,19,350
1,0,1,527,19,350
1,0,1,528,41,350
1,0,1,526,39,350
1,0,1,531,57,350
1,0,1,547,51,350
1,0,1,512,58,350
1,0,1,510,68,350
1,0,1,512,108,350
1,0,1,516,74,350
1,0,1,516,78,350
1,0,1,518,81,350
1,0,1,517,86,350
1,0,1,517,122,350
1,0,1,521,93,350
1,0,1,523,97,350
1,0,1,520,139,350
1,0,1,522,104,350
1,0,1,518,127,350
1,0,1,523,110,350
1,0,1,522,124,350
1,0,1,527,117,350
1,0,1,524,122,350
1,0,1,524,162,350
1,0,1,526,128,350
1,0,1,538,131,350
1,0,1,501,134,350
1,0,1,501,138,350
1,0,1,501,141,350
1,0,1,504,144,350
1,0,1,506,149,350
1,0,1,501,195,350
1,0,1,499,195,350
1,0,1,502,200,350
1,0,1,502,204,350
1,0,1,513,166,350
1,0,1,504,201,350
1,0,1,503,204,350
1,0,1,507,195,350
1,0,1,509,197,350
1,0,1,510,181,350
1,0,1,512,188,350
1,0,1,513,189,350
1,0,1,511,193,350
1,0,1,512,196,350
1,0,1,511,238,350
1,0,1,490,199,350
1,0,1,488,201,350
1,0,1,488,252,350
1,0,1,490,245,350
1,0,1,492,242,350
1,0,1,494,237,350
1,0,1,501,220,350
1,0,1,503,221,350
1,0,1,494,261,350
1,0,1,492,271,350
1,0,1,495,267,350
1,0,1,497,255,350
1,0,1,501,240,350
1,0,1,506,241,350
1,0,1,505,245,350
1,0,1,508,248,350
1,0,1,508,249,350
1,0,1,507,252,350
1,0,1,504,254,350
1,0,1,495,257,350
1,0,1,490,264,350
1,0,1,493,264,350
1,0,1,485,266,350
1,0,1,479,268,350
1,0,1,495,273,350
1,0,1,484,313,350
1,0,1,496,280,350
1,0,1,495,281,350
1,0,1,489,284,350
1,0,1,476,287,350
1,0,1,515,289,350
1,0,1,516,292,350
1,0,1,509,293,350
1,0,1,508,295,350
1,0,1,505,299,350
1,0,1,505,301,350
1,0,1,506,343,350
1,0,1,507,339,350
1,0,1,510,326,350
1,0,1,510,323,350
1,0,1,514,317,350
1,0,1,518,318,350
1,0,1,519,319,350
1,0,1,521,322,350
1,0,1,518,325,350
1,0,1,515,326,350
1,0,1,509,329,350
1,0,1,511,331,350
1,0,1,510,376,350
1,0,1,524,373,350
1,0,1,502,339,350
1,0,1,493,341,350
1,0,1,489,343,350
1,0,1,496,382,350
1,0,1,495,350,350
1,0,1,509,353,350
1,0,1,503,354,350
1,0,1,497,356,350
1,0,1,492,359,350
1,0,1,509,362,350
1,0,1,504,381,350
1,0,1,513,368,350
1,0,1,507,370,350
1,0,1,500,371,350
1,0,1,512,375,350
1,0,1,499,421,350
1,0,1,510,382,350
1,0,1,514,382,350
1,0,1,508,384,350
1,0,1,524,385,350
1,0,1,479,387,350
1,0,1,482,391,350
1,0,1,497,393,350
1,0,1,494,422,350
1,0,1,479,396,350
1,0,1,480,399,350
1,0,1,493,402,350
1,0,1,501,414,350
1,0,1,486,425,350
1,0,1,481,464,350
1,0,1,516,412,350
1,0,1,506,413,350
1,0,1,502,415,350
1,0,1,506,458,350
1,0,1,508,419,350
1,0,1,523,424,350
1,0,1,515,424,350
1,0,1,510,426,350
1,0,1,504,427,350
1,0,1,520,431,350
1,0,1,512,456,350
1,0,1,521,436,350
1,0,1,526,437,350
1,0,1,516,440,350
1,0,1,517,456,350
1,0,1,506,443,350
1,0,1,513,474,350
1,0,1,522,455,350
1,0,1,525,451,350
1,0,1,521,452,350
1,0,1,489,454,350
1,0,1,503,457,350
1,0,1,509,467,350
1,0,1,493,476,350
1,0,1,493,463,350
1,0,1,499,466,350
1,0,1,511,469,350
1,0,1,499,514,350
1,0,1,506,496,350
1,0,1,492,474,350
1,0,1,491,478,350
1,0,1,502,479,350
1,0,1,512,483,350
1,0,1,504,519,350
1,0,1,499,534,350
1,0,0,557,489,350
1,0,0,637,486,350
1,0,0,634,485,350
1,0,0,629,483,350
1,0,1,629,482,350
1,0,1,514,495,350
1,0,1,522,492,350
1,0,1,518,494,350
1,0,1,506,496,350
1,0,1,498,499,350
1,0,1,533,501,350
1,0,1,527,502,350
1,0,1,523,504,350
1,0,1,521,505,350
1,0,1,524,509,350
1,0,1,550,509,350
1,0,1,550,511,350
1,0,1,551,513,350
1,0,1,551,514,350
1,0,1,558,518,350
1,0,1,527,543,350
1,0,1,534,522,350
1,0,1,533,524,350
1,0,1,540,525,350
1,0,1,541,527,350
1,0,1,540,528,350
1,0,1,539,530,350
1,0,1,535,532,350
1,0,1,528,533,350
1,0,1,528,535,350
1,0,1,527,536,350
1,0,1,529,570,350
1,0,1,530,565,350
1,0,1,534,547,350
1,0,1,538,548,350
1,0,1,539,547,350
1,0,1,542,548,350
1,0,1,542,550,350
1,0,1,543,551,350
1,0,1,524,553,350
1,0,1,522,583,350
1,0,1,530,559,350
1,0,1,531,560,350
1,0,1,520,560,350
1,0,1,528,565,350
1,0,1,515,564,350
1,0,1,521,594,350
1,0,1,531,570,350
1,0,1,532,571,350
1,0,1,517,613,350
1,0,1,516,574,350
1,0,1,516,629,350
1,0,1,521,604,350
1,0,1,531,580,350
1,0,1,513,580,350
1,0,1,527,583,350
1,0,1,515,584,350
1,0,1,515,585,350
1,0,1,523,615,350
1,0,1,514,589,350
1,0,1,520,591,350
1,0,1,521,596,350
1,0,1,502,594,350
1,0,1,501,596,350
1,0,1,522,599,350
1,0,1,522,601,350
1,0,1,508,649,350
1,0,1,499,603,350
1,0,1,513,606,350
1,0,1,521,611,350
1,0,1,513,641,350
1,0,1,501,610,350
1,0,1,507,613,350
1,0,1,522,616,350
1,0,1,510,663,350
1,0,1,501,617,350
1,0,1,502,620,350
1,0,1,512,622,350
1,0,1,523,625,350
1,0,1,523,687,350
1,0,1,507,662,350
1,0,1,488,629,350
1,0,1,503,681,350
1,0,1,501,633,350
1,0,1,498,635,350
1,0,1,485,636,350
1,0,1,512,640,350
1,0,1,485,639,350
1,0,1,512,652,350
1,0,1,513,660,350
1,0,1,499,646,350
1,0,1,498,687,350
1,0,1,506,649,350
1,0,1,505,652,350
1,0,1,487,653,350
1,0,1,509,688,350
1,0,1,493,656,350
1,0,1,501,708,350
1,0,1,499,660,350
1,0,1,492,663,350
1,0,1,481,662,350
1,0,1,494,709,350
1,0,1,498,721,350
1,0,1,502,706,350
1,0,1,489,671,350
1,0,1,498,726,350
1,0,1,503,710,350
1,0,1,504,688,350
1,0,1,503,680,350
1,0,1,468,678,350
1,0,1,496,680,350
1,0,1,501,683,350
1,0,1,488,684,350
1,0,1,508,687,350
1,0,1,498,688,350
1,0,1,474,695,350
1,0,1,479,692,350
1,0,1,473,694,350
1,0,1,462,695,350
1,0,1,436,697,350
1,0,1,493,699,350
1,0,1,485,701,350
1,0,1,484,702,350
1,0,1,485,704,350
1,0,1,479,707,350
1,0,1,517,708,350
1,0,1,522,709,350
1,0,1,519,711,350
1,0,1,522,712,350
1,0,1,519,715,350
1,0,1,549,716,350
1,0,1,546,742,350
1,0,1,547,717,350
1,0,1,546,719,350
1,0,1,555,721,350
1,0,1,544,757,350
1,0,1,544,757,350
1,0,1,548,759,350
1,0,1,544,759,350
1,0,1,557,727,350
1,0,1,548,745,350
1,0,1,548,732,350
1,0,1,545,747,350
1,0,1,546,749,350
1,0,1,556,734,350
1,0,1,545,735,350
1,0,1,545,737,350
1,0,1,541,738,350
1,0,1,533,740,350
1,0,1,532,740,350
1,0,1,533,743,350
1,0,1,533,773,350
1,0,1,534,767,350
1,0,1,537,750,350
1,0,1,540,750,350
1,0,1,543,751,350
1,0,1,548,752,350
1,0,1,549,753,350
1,0,1,545,754,350
1,0,1,544,756,350
1,0,1,540,756,350
1,0,1,532,758,350
1,0,1,533,759,350
1,0,1,532,799,350
1,0,1,545,796,350
1,0,1,531,764,350
1,0,1,520,765,350
1,0,1,518,766,350
1,0,1,525,793,350
1,0,1,523,770,350
1,0,1,538,772,350
1,0,1,528,773,350
1,0,1,519,774,350
1,0,1,518,775,350
1,0,1,535,778,350
1,0,1,531,783,350
1,0,1,538,781,350
1,0,1,536,782,350
1,0,1,525,783,350
1,0,1,533,787,350
1,0,1,519,785,350
1,0,1,530,796,350
1,0,1,537,790,350
1,0,1,536,790,350
1,0,1,534,810,350
1,0,1,481,793,350
1,0,1,478,794,350
1,0,1,483,847,350
1,0,1,489,803,350
1,0,1,476,799,350
1,0,1,492,802,350
1,0,1,479,803,350
1,0,1,478,804,350
1,0,1,484,808,350
1,0,1,484,844,350
1,0,1,476,810,350
1,0,1,482,862,350
1,0,1,492,818,350
1,0,1,496,816,350
1,0,1,478,817,350
1,0,1,491,819,350
1,0,1,477,820,350
1,0,1,479,821,350
1,0,1,487,853,350
1,0,1,482,825,350
1,0,1,498,827,350
1,0,1,490,828,350
1,0,1,479,830,350
1,0,1,480,831,350
1,0,1,481,833,350
1,0,1,480,840,350
1,0,1,468,902,350
1,0,1,460,838,350
1,0,1,478,840,350
1,0,1,444,841,350
1,0,1,484,889,350
1,0,1,492,849,350
1,0,1,497,846,350
1,0,1,492,847,350
1,0,1,468,849,350
1,0,1,520,852,350
1,0,1,515,851,350
1,0,1,512,854,350
1,0,1,508,854,350
1,0,1,501,885,350
1,0,1,532,859,350
1,0,1,529,859,350
1,0,1,531,860,350
1,0,1,530,861,350
1,0,1,520,893,350
1,0,1,532,864,350
1,0,1,535,865,350
1,0,1,535,867,350
1,0,1,537,869,350
1,0,1,522,876,350
1,0,1,532,871,350
1,0,1,533,872,350
1,0,1,534,874,350
1,0,1,531,874,350
1,0,1,525,878,350
1,0,1,528,877,350
1,0,1,527,879,350
1,0,1,531,880,350
1,0,1,528,881,350
1,0,1,542,884,350
1,0,1,516,887,350
1,0,1,519,887,350
1,0,1,525,887,350
1,0,1,523,889,350
1,0,1,525,890,350
1,0,1,521,891,350
1,0,1,511,892,350
1,0,1,509,894,350
1,0,1,508,894,350
1,0,1,508,946,350
1,0,1,512,933,350
1,0,1,514,907,350
1,0,1,519,902,350
1,0,1,521,902,350
1,0,1,525,905,350
1,0,1,526,906,350
1,0,1,519,906,350
1,0,1,517,908,350
1,0,1,511,908,350
1,0,1,511,910,350
1,0,1,508,912,350
1,0,1,504,914,350
1,0,1,494,915,350
1,0,1,490,916,350
1,0,1,507,918,350
1,0,1,500,930,350
1,0,1,511,921,350
1,0,1,504,922,350
1,0,1,494,923,350
1,0,1,509,925,350
1,0,1,494,925,350
1,0,1,503,937,350
1,0,1,508,930,350
1,0,1,510,930,350
1,0,1,496,984,350
1,0,1,494,933,350
1,0,1,494,934,350
1,0,1,498,974,350
1,0,1,508,939,350
1,0,1,499,938,350
1,0,1,481,940,350
1,0,1,496,943,350
1,0,1,489,973,350
1,0,1,472,944,350
1,0,1,484,946,350
1,0,1,491,948,350
1,0,1,495,951,350
1,0,1,475,948,350
1,0,1,481,993,350
1,0,0,558,955,350
1,0,0,656,952,350
1,0,0,644,952,350
1,0,0,640,951,350
1,0,0,639,951,350
1,0,0,642,952,350
1,0,0,643,950,350
1,0,0,642,950,350
1,0,0,646,951,350
1,0,0,646,950,350
1,0,0,646,951,350
1,0,0,646,950,350
1,0,0,647,950,350
1,0,0,648,950,350
1,0,0,650,950,350
1,0,0,651,951,350
1,0,0,653,951,350
1,0,0,653,951,350
1,0,0,655,951,350
1,0,0,653,951,350
1,0,0,652,951,350
1,0,0,654,951,350
1,0,0,653,952,350
1,0,0,654,951,350
1,0,0,654,952,350
1,0,0,659,951,350
1,0,0,656,952,350
1,0,0,657,952,350
1,0,0,657,952,350
1,0,0,658,952,350
1,0,0,658,952,350
1,0,0,660,951,350
1,0,0,659,952,350
1,0,0,661,952,350
1,0,0,661,953,350
1,0,0,661,952,350
1,0,0,661,953,350
1,0,0,662,952,350
1,0,0,663,952,350
1,0,0,661,953,350
1,0,0,662,954,350
1,0,0,661,953,350
1,0,0,662,954,350
1,0,0,663,953,350
1,0,0,663,953,350
1,0,0,662,953,350
1,0,0,664,954,350
1,0,0,662,954,350
1,0,0,663,953,350
1,0,0,662,954,350
1,0,0,662,954,350
1,0,0,665,954,350
1,0,0,663,954,350
1,0,0,663,954,350
1,0,0,665,954,350
1,0,0,663,955,350
1,0,0,664,954,350
1,0,0,664,954,350
1,0,0,664,955,350
1,0,0,663,954,350
1,0,0,664,955,350
1,0,0,665,955,350
1,0,0,663,956,350
1,0,0,665,955,350
1,0,0,666,955,350
1,0,0,664,955,350
1,0,0,666,955,350
1,0,0,664,955,350
1,0,0,665,956,350
1,0,0,664,956,350
1,0,0,664,955,350
1,1,0,665,956,350
1,1,0,665,956,350
1,1,0,665,956,350
1,1,0,667,956,350
1,1,1,582,977,350
1,1,1,566,958,350
1,1,1,579,961,350
1,1,1,582,974,350
1,1,1,588,964,350
1,1,1,578,999,350
1,1,0,617,967,350
1,1,0,650,965,350
1,1,0,647,965,350
1,1,0,640,964,350
1,1,0,641,964,350
1,1,0,636,964,350
1,1,0,636,964,350
1,1,0,631,964,350
1,1,0,634,964,350
1,1,0,629,964,350
1,1,1,631,965,350
1,1,1,577,966,350
1,1,1,580,968,350
1,1,1,580,968,350
1,1,1,584,969,350
1,1,1,585,971,350
1,1,1,557,972,350
1,1,1,557,973,350
1,1,1,559,974,350
1,1,1,560,975,350
1,1,1,560,976,350
1,1,1,560,977,350
1,1,1,562,978,350
1,1,1,563,1007,350
1,1,1,563,981,350
1,1,1,562,982,350
1,1,1,559,981,350
1,1,1,563,983,350
1,1,1,563,984,350
1,1,1,566,1014,350
1,1,1,559,987,350
1,1,1,558,988,350
1,1,1,560,989,350
1,1,1,563,989,350
1,1,1,562,990,350
1,1,1,573,992,350
1,1,1,541,1014,350
1,1,1,544,996,350
1,1,1,550,995,350
1,1,1,546,997,350
1,1,1,550,997,350
1,1,1,546,1001,350
1,1,1,554,1001,350
1,1,1,549,1001,350
1,1,1,543,1011,350
1,1,1,544,1048,350
1,1,1,553,1006,350
1,1,1,548,1006,350
1,1,1,543,1017,350
1,1,1,545,1009,350
1,1,1,544,1012,350
1,1,1,549,1011,350
1,1,1,545,1021,350
1,1,1,546,1014,350
1,1,1,548,1015,350
1,1,1,561,1051,350
1,1,1,539,1017,350
1,1,1,538,1018,350
1,1,1,535,1020,350
1,1,1,528,1020,350
1,1,1,533,1022,350
1,1,1,527,1038,350
1,1,1,529,1027,350
1,1,1,533,1027,350
1,1,1,536,1028,350
1,1,1,533,1030,350
1,1,1,534,1030,350
1,1,1,533,1032,350
1,1,1,526,1032,350
1,1,1,528,1071,350
1,1,1,527,1034,350
1,1,1,529,1038,350
1,1,1,532,1039,350
1,1,1,537,1040,350
1,1,1,538,1041,350
1,1,1,544,1040,350
1,1,1,519,1050,350
1,1,1,516,1061,350
1,1,1,515,1063,350
1,1,1,514,1064,350
1,1,1,519,1054,350
1,1,1,516,1067,350
1,1,1,514,1068,350
1,1,1,511,1053,350
1,1,1,516,1054,350
1,1,1,511,1054,350
1,1,1,514,1057,350
1,1,1,515,1058,350
1,1,1,516,1059,350
1,1,1,521,1061,350
1,1,1,517,1062,350
1,1,1,522,1064,350
1,1,1,521,1065,350
1,1,1,523,1066,350
1,1,1,521,1067,350
1,1,1,512,1071,350
1,1,1,508,1076,350
1,1,1,512,1073,350
1,1,1,515,1074,350
1,1,1,515,1075,350
1,1,1,501,1124,350
1,1,1,508,1077,350
1,1,1,503,1078,350
1,1,1,496,1079,350
1,1,1,495,1080,350
1,1,1,514,1082,350
1,1,1,502,1115,350
1,1,1,503,1105,350
1,1,1,510,1088,350
1,1,1,517,1088,350
1,1,1,496,1088,350
1,1,1,514,1090,350
1,1,1,509,1091,350
1,1,1,503,1092,350
1,1,1,495,1093,350
1,1,1,520,1094,350
1,1,1,490,1122,350
1,1,1,480,1097,350
1,1,1,487,1099,350
1,1,1,498,1101,350
1,1,1,503,1103,350
1,1,1,498,1125,350
1,1,1,489,1097,350
1,1,1,480,1105,350
1,1,1,489,1107,350
1,1,1,484,1109,350
1,1,1,515,1110,350
1,1,1,516,1112,350
1,1,1,517,1112,350
1,1,1,512,1114,350
1,1,1,485,1150,350
1,1,1,517,1117,350
1,1,1,517,1119,350
1,1,1,515,1120,350
1,1,1,515,1121,350
1,1,1,522,1121,350
1,1,1,522,1122,350
1,1,1,514,1125,350
1,1,1,520,1126,350
1,1,1,517,1127,350
1,1,1,526,1127,350
1,1,1,515,1130,350
1,1,1,517,1131,350
1,1,1,518,1132,350
1,1,1,517,1133,350
1,1,1,537,1133,350
1,1,1,498,1133,350
1,1,1,495,1135,350
1,1,1,495,1136,350
1,1,1,498,1137,350
1,1,1,509,1139,350
1,1,1,503,1159,350
1,1,1,510,1144,350
1,1,1,517,1144,350
1,1,1,517,1144,350
1,1,1,502,1187,350
1,1,1,504,1146,350
1,1,1,501,1147,350
1,1,1,497,1149,350
1,1,1,494,1149,350
1,1,1,512,1152,350
1,1,1,501,1196,350
1,1,1,506,1171,350
1,1,1,511,1157,350
1,1,1,517,1157,350
1,1,1,510,1158,350
1,1,1,491,1160,350
1,1,1,503,1161,350
1,1,1,505,1164,350
1,1,1,492,1209,350
1,1,1,474,1163,350
1,1,1,501,1165,350
1,1,1,495,1165,350
1,1,1,494,1167,350
1,1,1,499,1168,350
1,1,1,510,1170,350
1,1,1,509,1177,350
1,1,1,515,1173,350
1,1,1,513,1175,350
1,1,1,514,1175,350
1,1,1,499,1227,350
1,1,1,506,1177,350
1,1,1,503,1178,350
1,1,1,512,1179,350
1,1,1,509,1181,350
1,1,1,487,1216,350
1,1,1,520,1184,350
1,1,1,520,1185,350
1,1,1,521,1187,350
1,1,1,515,1200,350
1,1,1,517,1189,350
1,1,1,513,1195,350
1,1,1,514,1203,350
1,1,1,516,1204,350
1,1,1,513,1205,350
1,1,1,533,1193,350
1,1,1,504,1194,350
1,1,1,502,1196,350
1,1,1,496,1196,350
1,1,1,497,1197,350
1,1,1,513,1200,350
1,1,1,503,1241,350
1,1,1,505,1212,350
1,1,1,513,1204,350
1,1,1,514,1206,350
1,1,1,498,1204,350
1,1,1,509,1206,350
1,1,1,506,1208,350
1,1,1,503,1208,350
1,1,1,495,1210,350
1,1,1,519,1212,350
1,1,1,498,1212,350
1,1,1,500,1257,350
1,1,1,505,1231,350
1,1,1,513,1217,350
1,1,1,504,1217,350
1,1,1,497,1218,350
1,1,1,507,1220,350
1,1,1,500,1240,350
1,1,1,488,1221,350
1,1,1,481,1222,350
1,1,1,487,1224,350
1,1,1,499,1225,350
1,1,1,505,1227,350
1,1,1,499,1239,350
1,1,1,475,1228,350
1,1,1,496,1230,350
1,1,1,496,1231,350
1,1,1,498,1231,350
1,1,1,501,1273,350
1,1,1,497,1235,350
1,1,1,520,1236,350
1,1,1,516,1236,350
1,1,1,514,1238,350
1,1,1,515,1239,350
1,1,1,510,1239,350
1,1,1,514,1240,350
1,1,1,514,1242,350
1,1,1,516,1243,350
1,1,1,518,1244,350
1,1,1,511,1246,350
1,1,1,515,1246,350
1,1,1,515,1247,350
1,1,1,516,1249,350
1,1,1,517,1249,350
1,1,1,511,1250,350
1,1,1,512,1252,350
1,1,1,516,1253,350
1,1,1,516,1254,350
1,1,1,516,1255,350
1,1,1,515,1257,350
1,1,1,512,1259,350
1,1,1,516,1259,350
1,1,1,519,1260,350
1,1,1,515,1262,350
1,1,1,505,1280,350
1,1,1,499,1264,350
1,1,1,497,1264,350
1,1,1,497,1265,350
1,1,1,500,1266,350
1,1,1,507,1268,350
1,1,1,510,1273,350
1,1,1,513,1271,350
1,1,1,518,1272,350
1,1,1,515,1273,350
1,1,1,503,1313,350
1,1,1,503,1274,350
1,1,1,498,1275,350
1,1,1,498,1276,350
1,1,1,497,1277,350
1,1,1,498,1278,350
1,1,1,497,1315,350
1,1,1,488,1280,350
1,1,1,482,1282,350
1,1,1,492,1283,350
1,1,1,499,1284,350
1,1,1,507,1286,350
1,1,1,499,1316,350
1,1,1,488,1288,350
1,1,1,482,1289,350
1,1,1,480,1291,350
1,1,1,516,1292,350
1,1,1,518,1292,350
1,1,1,513,1295,350
1,1,1,513,1296,350
1,1,1,491,1296,350
1,1,1,515,1332,350
1,1,1,509,1339,350
1,1,1,513,1298,350
1,1,1,510,1301,350
1,1,0,569,1303,350
1,1,0,636,1300,350
1,1,0,634,1300,350
1,1,0,628,1299,350
1,1,1,630,1297,350
1,1,1,519,1332,350
1,1,1,525,1304,350
1,1,1,526,1305,350
1,1,1,532,1305,350
1,1,1,519,1307,350
1,1,1,540,1311,350
1,1,1,543,1308,350
1,1,1,549,1309,350
1,1,1,546,1310,350
1,1,1,551,1311,350
1,1,1,545,1312,350
1,1,1,551,1312,350
1,1,1,548,1313,350
1,1,1,543,1317,350
1,1,1,543,1343,350
1,1,1,551,1316,350
1,1,1,548,1317,350
1,1,1,542,1323,350
1,1,1,545,1320,350
1,1,1,550,1320,350
1,1,1,533,1322,350
1,1,1,539,1322,350
1,1,1,539,1323,350
1,1,1,543,1324,350
1,1,1,540,1326,350
1,1,1,529,1326,350
1,1,1,529,1362,350
1,1,1,531,1332,350
1,1,1,533,1331,350
1,1,1,529,1341,350
1,1,1,539,1331,350
1,1,1,544,1332,350
1,1,1,538,1333,350
1,1,1,533,1333,350
1,1,1,538,1335,350
1,1,1,529,1370,350
1,1,1,530,1341,350
1,1,1,532,1339,350
1,1,1,534,1339,350
1,1,1,544,1339,350
1,1,1,514,1340,350
1,1,1,513,1367,350
1,1,1,514,1342,350
1,1,1,514,1343,350
1,1,1,513,1399,350
1,1,1,513,1345,350
1,1,1,515,1346,350
1,1,1,512,1347,350
1,1,1,514,1348,350
1,1,1,513,1405,350
1,1,1,515,1350,350
1,1,1,514,1365,350
1,1,1,512,1353,350
1,1,1,515,1355,350
1,1,1,514,1398,350
1,1,1,514,1356,350
1,1,1,514,1357,350
1,1,1,512,1357,350
1,1,1,512,1358,350
1,1,1,528,1361,350
1,1,1,519,1362,350
1,1,1,513,1362,350
1,1,1,511,1363,350
1,1,1,502,1365,350
1,1,1,520,1367,350
1,1,1,497,1366,350
1,1,1,501,1367,350
1,1,1,503,1410,350
1,1,1,508,1381,350
1,1,1,500,1370,350
1,1,1,521,1374,350
1,1,1,516,1373,350
1,1,1,514,1374,350
1,1,1,510,1374,350
1,1,1,513,1377,350
1,1,1,498,1376,350
1,1,1,499,1377,350
1,1,1,498,1378,350
1,1,1,503,1421,350
1,1,1,498,1386,350
1,1,1,508,1382,350
1,1,1,505,1388,350
1,1,1,491,1383,350
1,1,1,484,1384,350
1,1,1,485,1385,350
1,1,1,502,1387,350
1,1,1,509,1389,350
1,1,1,501,1404,350
1,1,1,509,1392,350
1,1,1,470,1427,350
1,1,1,500,1392,350
1,1,1,506,1412,350
1,1,1,508,1405,350
1,1,1,517,1397,350
1,1,1,498,1397,350
1,1,1,516,1398,350
1,1,1,520,1399,350
1,1,1,512,1400,350
1,1,1,512,1401,350
1,1,1,512,1404,350
1,1,1,497,1403,350
1,1,1,498,1404,350
1,1,1,499,1403,350
1,1,1,504,1444,350
1,1,1,497,1411,350
1,1,1,510,1409,350
1,1,1,501,1414,350
1,1,1,489,1409,350
1,1,1,484,1411,350
1,1,1,480,1412,350
1,1,1,516,1413,350
1,1,1,510,1414,350
1,1,1,512,1415,350
1,1,1,503,1415,350
1,1,1,517,1418,350
1,1,1,499,1417,350
1,1,1,500,1418,350
1,1,1,503,1462,350
1,1,1,506,1432,350
1,1,1,497,1422,350
1,1,1,521,1424,350
1,1,1,513,1424,350
1,1,1,516,1425,350
1,1,1,508,1426,350
1,1,1,516,1430,350
1,1,1,497,1428,350
1,1,1,499,1428,350
1,1,1,499,1429,350
1,1,1,503,1473,350
1,1,1,496,1440,350
1,1,1,508,1434,350
1,1,1,504,1438,350
1,1,1,490,1434,350
1,1,1,484,1435,350
1,1,1,484,1437,350
1,1,1,501,1438,350
1,1,1,507,1440,350
1,1,1,501,1453,350
1,1,1,491,1440,350
1,1,1,452,1442,350
1,1,1,430,1487,350
1,1,1,430,1449,350
1,1,1,429,1490,350
1,1,1,432,1491,350
1,1,0,527,1450,350
1,1,0,642,1447,350
1,1,0,637,1447,350
1,1,0,637,1446,350
1,1,0,641,1445,350
1,1,1,633,1445,350
1,1,1,568,1447,350
1,1,1,575,1448,350
1,1,1,578,1448,350
1,1,1,574,1475,350
1,1,1,577,1450,350
1,1,1,577,1452,350
1,1,1,581,1451,350
1,1,1,572,1477,350
1,1,1,577,1454,350
1,1,1,565,1453,350
1,1,1,552,1455,350
1,1,0,586,1456,350
1,1,0,640,1455,350
1,1,0,635,1453,350
1,1,1,602,1452,350
1,1,1,552,1455,350
1,1,1,558,1480,350
1,1,1,559,1456,350
1,1,1,558,1458,350
1,1,1,560,1459,350
1,1,1,576,1460,350
1,1,1,576,1463,350
1,1,1,580,1460,350
1,1,1,579,1461,350
1,1,1,578,1462,350
1,1,1,579,1462,350
1,1,1,580,1463,350
1,1,1,580,1465,350
1,1,1,582,1463,350
1,1,1,582,1464,350
1,1,1,582,1467,350
1,1,1,583,1476,350
1,1,1,582,1466,350
1,1,1,582,1468,350
1,1,1,582,1493,350
1,1,1,585,1469,350
1,1,1,585,1470,350
1,1,1,588,1469,350
1,1,1,584,1489,350
1,1,1,589,1470,350
1,1,1,566,1471,350
1,1,0,599,1473,350
1,1,0,639,1471,350
1,1,0,641,1471,350
1,1,1,605,1470,350
1,1,1,570,1474,350
1,1,1,575,1473,350
1,1,1,575,1474,350
1,1,1,576,1477,350
1,1,1,578,1474,350
1,1,1,579,1476,350
1,1,1,580,1471,350
1,1,1,580,1477,350
1,1,1,581,1479,350
1,1,1,582,1506,350
1,1,1,581,1479,350
1,1,1,581,1481,350
1,1,1,581,1480,350
1,1,1,581,1481,350
1,1,1,581,1482,350
1,1,1,584,1482,350
1,1,0,607,1483,350
1,1,0,637,1481,350
1,1,0,634,1481,350
1,1,1,618,1480,350
1,1,1,588,1483,350
1,1,1,593,1482,350
1,1,1,592,1484,350
1,1,1,595,1485,350
1,1,1,598,1497,350
1,1,1,578,1486,350
1,1,1,579,1487,350
1,1,1,581,1486,350
1,1,1,582,1487,350
1,1,1,581,1490,350
1,1,1,582,1488,350
1,1,1,584,1489,350
1,1,1,584,1506,350
1,1,1,583,1490,350
1,1,1,582,1491,350
1,1,1,581,1509,350
1,1,0,609,1493,350
1,1,0,642,1491,350
1,1,0,637,1491,350
1,1,1,617,1498,350
1,1,1,590,1492,350
1,1,1,592,1493,350
1,1,1,594,1493,350
1,1,1,594,1493,350
1,1,1,595,1494,350
1,1,1,596,1494,350
1,1,1,597,1494,350
1,1,1,597,1495,350
1,1,1,599,1496,350
1,1,1,600,1497,350
1,1,1,583,1497,350
1,1,1,583,1499,350
1,1,1,586,1498,350
1,1,1,585,1499,350
1,1,1,584,1500,350
1,1,1,583,1500,350
1,1,1,585,1501,350
1,1,1,590,1502,350
1,1,1,587,1502,350
1,1,1,587,1503,350
1,1,1,589,1505,350
1,1,1,587,1503,350
1,1,1,587,1504,350
1,1,1,586,1506,350
1,1,1,588,1519,350
1,1,1,586,1506,350
1,1,1,587,1507,350
1,1,1,589,1507,350
1,1,1,588,1508,350
1,1,1,585,1507,350
1,1,1,574,1509,350
1,1,1,574,1510,350
1,1,1,570,1511,350
1,1,1,572,1521,350
1,1,1,574,1514,350
1,1,1,573,1514,350
1,1,1,570,1515,350
1,1,1,575,1514,350
1,1,1,572,1515,350
1,1,1,573,1535,350
1,1,1,572,1527,350
1,1,1,574,1518,350
1,1,1,573,1519,350
1,1,1,570,1521,350
1,1,1,574,1520,350
1,1,1,572,1521,350
1,1,1,571,1522,350
1,1,1,574,1532,350
1,1,1,573,1522,350
1,1,1,567,1523,350
1,1,1,557,1525,350
1,1,1,560,1526,350
1,1,1,554,1526,350
1,1,1,555,1543,350
1,1,1,557,1528,350
1,1,1,553,1531,350
1,1,1,559,1530,350
1,1,1,563,1531,350
1,1,1,554,1532,350
1,1,1,554,1535,350
1,1,0,597,1535,350
1,1,0,646,1532,350
1,1,0,644,1533,350
1,1,0,635,1532,350
1,1,0,635,1531,350
1,1,0,631,1532,350
1,1,0,633,1531,350
1,1,0,628,1531,350
1,1,1,619,1530,350
1,1,1,557,1532,350
1,1,1,557,1534,350
1,1,1,562,1552,350
1,1,1,562,1535,350
1,1,1,562,1539,350
1,1,1,561,1539,350
1,1,1,565,1537,350
1,1,1,565,1538,350
1,1,1,562,1540,350
1,1,1,573,1541,350
1,1,1,546,1569,350
1,1,1,546,1543,350
1,1,1,551,1542,350
1,1,1,555,1542,350
1,1,1,557,1544,350
1,1,1,549,1546,350
1,1,1,556,1546,350
1,1,1,554,1546,350
1,1,1,549,1575,350
1,1,1,552,1548,350
1,1,1,551,1549,350
1,1,1,556,1550,350
1,1,1,551,1578,350
1,1,1,549,1553,350
1,1,1,551,1557,350
1,1,1,559,1553,350
1,1,1,549,1580,350
1,1,0,596,1555,350
1,1,0,641,1554,350
1,1,0,643,1553,350
1,1,1,615,1551,350
1,1,1,557,1553,350
1,1,1,560,1557,350
1,1,1,563,1556,350
1,1,1,563,1557,350
1,1,1,562,1557,350
1,1,1,545,1559,350
1,1,1,552,1558,350
1,1,1,555,1560,350
1,1,1,546,1588,350
1,1,1,555,1560,350
1,1,1,550,1563,350
1,1,1,558,1564,350
1,1,1,545,1593,350
1,1,1,549,1566,350
1,1,1,550,1572,350
1,1,1,559,1565,350
1,1,1,550,1576,350
1,1,1,550,1568,350
1,1,1,551,1568,350
1,1,1,547,1569,350
1,1,1,549,1599,350
1,1,1,551,1571,350
1,1,1,555,1571,350
1,1,1,557,1571,350
1,1,1,562,1576,350
1,1,1,544,1573,350
1,1,0,580,1575,350
1,1,0,641,1573,350
1,1,0,638,1572,350
1,1,1,608,1572,350
1,1,1,526,1572,350
1,1,1,524,1608,350
1,1,1,527,1580,350
1,1,1,534,1578,350
1,1,1,533,1582,350
1,1,1,542,1579,350
1,1,1,544,1579,350
1,1,1,543,1581,350
1,1,1,533,1581,350
1,1,1,540,1582,350
1,1,1,530,1616,350
1,1,1,532,1588,350
1,1,1,533,1586,350
1,1,1,538,1586,350
1,1,1,545,1586,350
1,1,1,514,1586,350
1,1,1,517,1605,350
1,1,1,516,1588,350
1,1,1,515,1590,350
1,1,1,518,1646,350
1,1,1,515,1591,350
1,1,1,517,1592,350
1,1,1,515,1593,350
1,1,1,529,1594,350
1,1,1,528,1596,350
1,1,1,531,1596,350
1,1,1,528,1597,350
1,1,1,533,1598,350
1,1,1,531,1599,350
1,1,1,534,1600,350
1,1,1,534,1601,350
1,1,1,534,1602,350
1,1,1,534,1603,350
1,1,1,535,1604,350
1,1,1,521,1606,350
1,1,1,450,1606,350
1,1,1,456,1607,350
1,1,1,450,1608,350
1,1,1,454,1610,350
1,1,1,384,1608,350
1,1,1,463,1654,350
1,1,1,465,1618,350
1,1,1,465,1615,350
1,1,1,469,1615,350
1,1,1,466,1618,350
1,1,1,474,1616,350
1,1,1,466,1617,350
1,1,1,466,1618,350
1,1,1,461,1619,350
1,1,1,459,1620,350
1,1,1,498,1622,350
1,1,1,493,1621,350
1,1,1,489,1626,350
1,1,1,493,1625,350
1,1,1,463,1626,350
1,1,1,526,1627,350
1,1,1,525,1628,350
1,1,1,524,1653,350
1,1,1,525,1628,350
1,1,1,520,1633,350
1,1,1,522,1634,350
1,1,1,525,1631,350
1,1,1,525,1633,350
1,1,1,527,1635,350
1,1,1,525,1634,350
1,1,1,530,1635,350
1,1,1,524,1637,350
1,1,1,523,1640,350
1,1,1,526,1638,350
1,1,1,525,1639,350
1,1,1,524,1640,350
1,1,1,527,1670,350
1,1,1,529,1641,350
1,1,1,525,1643,350
1,1,1,541,1643,350
1,1,1,492,1649,350
1,1,1,496,1645,350
1,1,1,499,1646,350
1,1,1,497,1647,350
1,1,1,502,1648,350
1,1,1,494,1650,350
1,1,1,501,1651,350
1,1,1,495,1651,350
1,1,1,495,1657,350
1,1,1,492,1700,350
1,1,1,499,1654,350
1,1,1,494,1667,350
1,1,1,494,1661,350
1,1,1,496,1658,350
1,1,1,493,1658,350
1,1,1,495,1659,350
1,1,1,494,1664,350
1,1,1,495,1662,350
1,1,1,500,1661,350
1,1,1,517,1697,350
1,1,1,476,1664,350
1,1,1,472,1664,350
1,1,1,469,1665,350
1,1,1,466,1666,350
1,1,1,470,1671,350
1,1,1,502,1669,350
1,1,1,496,1669,350
1,1,1,496,1675,350
1,1,1,497,1672,350
1,1,1,495,1674,350
1,1,1,497,1672,350
1,1,1,495,1676,350
1,1,1,496,1676,350
1,1,1,503,1676,350
1,1,1,499,1678,350
1,1,1,495,1682,350
1,1,1,498,1680,350
1,1,1,503,1680,350
1,1,1,498,1681,350
1,1,1,503,1682,350
1,1,1,497,1684,350
1,1,1,504,1684,350
1,1,1,498,1684,350
1,1,1,497,1690,350
1,1,1,500,1686,350
1,1,1,469,1691,350
1,1,1,473,1689,350
1,1,1,475,1691,350
1,1,1,472,1691,350
1,1,1,476,1694,350
1,1,1,507,1692,350
1,1,1,495,1747,350
1,1,1,497,1698,350
1,1,1,497,1696,350
1,1,1,445,1699,350
1,1,1,534,1720,350
1,1,1,532,1699,350
1,1,1,530,1699,350
1,1,1,529,1703,350
1,1,1,531,1700,350
1,1,1,529,1702,350
1,1,1,532,1703,350
1,1,1,536,1733,350
1,1,1,534,1704,350
1,1,1,532,1707,350
1,1,1,534,1709,350
1,1,1,538,1706,350
1,1,1,534,1708,350
1,1,1,531,1708,350
1,1,1,533,1709,350
1,1,1,534,1710,350
1,1,1,534,1711,350
1,1,1,531,1714,350
1,1,1,535,1711,350
1,1,1,535,1712,350
1,1,1,505,1714,350
1,1,1,503,1714,350
1,1,1,500,1720,350
1,1,1,502,1718,350
1,1,1,500,1718,350
1,1,1,503,1718,350
1,1,1,501,1721,350
1,1,1,502,1721,350
1,1,1,506,1720,350
1,1,1,504,1723,350
1,1,1,501,1727,350
1,1,1,502,1725,350
1,1,1,507,1725,350
1,1,1,505,1725,350
1,1,1,507,1726,350
1,1,1,502,1727,350
1,1,1,508,1728,350
1,1,1,505,1729,350
1,1,1,502,1734,350
1,1,1,503,1731,350
1,1,1,473,1738,350
1,1,1,477,1734,350
1,1,1,478,1735,350
1,1,1,481,1736,350
1,1,1,477,1737,350
1,1,1,481,1737,350
1,1,1,473,1738,350
1,1,1,472,1739,350
1,1,1,474,1778,350
1,1,1,475,1740,350
1,1,1,476,1743,350
1,1,1,479,1744,350
1,1,1,485,1744,350
1,1,1,482,1745,350
1,1,1,420,1745,350
1,1,1,506,1747,350
1,1,1,509,1747,350
1,1,1,500,1782,350
1,1,1,502,1751,350
1,1,1,487,1750,350
1,1,1,537,1751,350
1,1,1,536,1763,350
1,1,1,537,1753,350
1,1,1,539,1753,350
1,1,1,539,1753,350
1,1,1,541,1754,350
1,1,1,538,1755,350
1,1,1,539,1757,350
1,1,1,535,1767,350
1,1,1,540,1759,350
1,1,1,541,1759,350
1,1,1,534,1761,350
1,1,1,545,1760,350
1,1,1,539,1761,350
1,1,1,540,1782,350
1,1,1,537,1772,350
1,1,1,540,1763,350
1,1,1,539,1764,350
1,1,1,539,1766,350
1,1,1,547,1767,350
1,1,1,505,1765,350
1,1,1,505,1767,350
1,1,1,508,1767,350
1,1,1,513,1768,350
1,1,1,509,1769,350
1,1,1,504,1771,350
1,1,1,510,1771,350
1,1,1,513,1772,350
1,1,1,505,1772,350
1,1,1,510,1773,350
1,1,1,508,1775,350
1,1,1,514,1775,350
1,1,1,505,1775,350
1,1,1,506,1794,350
1,1,1,509,1778,350
1,1,1,505,1780,350
1,1,1,509,1780,350
1,1,1,514,1781,350
1,1,1,505,1780,350
1,1,1,510,1783,350
1,1,0,543,1784,350
1,1,0,639,1783,350
1,1,0,636,1782,350
1,1,0,630,1782,350
1,1,1,631,1780,350
1,1,1,526,1783,350
1,1,1,535,1784,350
1,1,1,538,1785,350
1,1,1,541,1784,350
1,1,1,540,1786,350
1,1,1,535,1786,350
1,1,1,530,1787,350
1,1,1,528,1820,350
1,1,1,531,1792,350
1,1,1,531,1826,350
1,1,1,536,1791,350
1,1,1,541,1791,350
1,1,1,545,1793,350
1,1,1,539,1793,350
1,1,1,543,1793,350
1,1,1,532,1794,350
1,1,1,531,1825,350
1,1,1,533,1799,350
1,1,1,537,1798,350
1,1,1,537,1796,350
1,1,1,483,1798,350
1,1,1,490,1799,350
1,1,1,490,1800,350
1,1,1,486,1801,350
1,1,1,488,1802,350
1,1,1,479,1802,350
1,1,1,479,1842,350
1,1,1,480,1810,350
1,1,1,481,1807,350
1,1,1,479,1811,350
1,1,1,488,1807,350
1,1,1,488,1808,350
1,1,1,487,1810,350
1,1,1,483,1810,350
1,1,1,490,1811,350
1,1,1,478,1850,350
1,1,1,480,1817,350
1,1,1,482,1814,350
1,1,1,486,1815,350
1,1,1,481,1817,350
1,1,1,490,1817,350
1,1,1,483,1817,350
1,1,1,481,1818,350
1,1,1,478,1819,350
1,1,1,487,1822,350
1,1,1,513,1820,350
1,1,1,510,1821,350
1,1,1,508,1825,350
1,1,1,512,1824,350
1,1,1,509,1825,350
1,1,1,510,1824,350
1,1,1,508,1827,350
1,1,1,510,1828,350
1,1,1,516,1828,350
1,1,1,529,1861,350
1,1,1,491,1829,350
1,1,1,489,1830,350
1,1,1,484,1831,350
1,1,1,479,1831,350
1,1,1,483,1833,350
1,1,1,483,1836,350
1,1,1,489,1835,350
1,1,1,487,1836,350
1,1,1,490,1837,350
1,1,1,433,1836,350
1,1,1,512,1838,350
1,1,1,514,1839,350
1,1,1,520,1840,350
1,1,1,510,1873,350
1,1,1,512,1841,350
1,1,1,513,1842,350
1,1,1,514,1843,350
1,1,1,508,1875,350
1,1,1,510,1846,350
1,1,1,509,1849,350
1,1,1,516,1845,350
1,1,1,510,1877,350
1,1,1,512,1849,350
1,1,1,517,1848,350
1,1,1,526,1848,350
1,1,1,493,1851,350
1,1,1,492,1851,350
1,1,1,490,1852,350
1,1,1,486,1852,350
1,1,1,491,1854,350
1,1,1,483,1894,350
1,1,1,483,1860,350
1,1,1,486,1857,350
1,1,1,490,1857,350
1,1,1,406,1857,350
1,1,1,518,1859,350
1,1,1,509,1910,350
1,1,1,511,1863,350
1,1,1,514,1862,350
1,1,1,515,1863,350
1,1,1,513,1865,350
1,1,1,517,1865,350
1,1,1,520,1865,350
1,1,1,511,1898,350
1,1,1,515,1866,350
1,1,1,519,1868,350
1,1,1,516,1868,350
1,1,1,511,1901,350
1,1,1,514,1871,350
1,1,1,518,1870,350
1,1,1,486,1872,350
1,1,1,489,1873,350
1,1,1,494,1874,350
1,1,1,494,1874,350
1,1,1,494,1874,350
1,1,1,487,1875,350
1,1,1,484,1889,350
1,1,1,485,1915,350
1,1,1,486,1883,350
1,1,1,484,1916,350
1,1,1,490,1881,350
1,1,1,493,1881,350
1,1,1,495,1882,350
1,1,1,492,1883,350
1,1,1,496,1884,350
1,1,1,485,1884,350
1,1,1,483,1899,350
1,1,1,486,1889,350
1,1,1,487,1888,350
1,1,1,503,1887,350
1,1,1,458,1888,350
1,1,1,461,1889,350
1,1,1,459,1890,350
1,1,1,459,1891,350
1,1,1,441,1893,350
1,1,1,496,1893,350
1,1,1,493,1894,350
1,1,1,492,1895,350
1,1,1,487,1895,350
1,1,1,421,1899,350
1,1,1,520,1897,350
1,1,1,518,1898,350
1,1,1,513,1901,350
1,1,1,515,1900,350
1,1,1,485,1899,350
1,1,1,535,1901,350
1,1,1,535,1902,350
1,1,1,536,1929,350
1,1,1,538,1903,350
1,1,1,532,1905,350
1,1,1,535,1908,350
1,1,1,536,1905,350
1,1,1,533,1905,350
1,1,1,536,1908,350
1,1,1,536,1908,350
1,1,1,537,1907,350
1,1,1,539,1908,350
1,1,1,534,1912,350
1,1,1,543,1910,350
1,1,1,536,1912,350
1,1,1,537,1912,350
1,1,1,542,1938,350
1,1,1,540,1913,350
1,1,1,537,1914,350
1,1,1,547,1914,350
1,1,1,518,1918,350
1,1,1,522,1916,350
1,1,1,524,1916,350
1,1,1,521,1917,350
1,1,1,525,1918,350
1,1,1,521,1921,350
1,1,1,525,1919,350
1,1,1,522,1921,350
1,1,1,520,1926,350
1,1,1,519,1958,350
1,1,1,525,1924,350
1,1,1,518,1938,350
1,1,1,518,1927,350
1,1,1,519,1925,350
1,1,1,518,1928,350
1,1,1,521,1926,350
1,1,1,519,1931,350
1,1,1,522,1929,350
1,1,1,525,1930,350
1,1,1,537,1961,350
1,1,1,499,1931,350
1,1,1,494,1931,350
1,1,1,493,1932,350
1,1,1,488,1932,350
1,1,1,495,1934,350
1,1,1,490,1939,350
1,1,1,494,1937,350
1,1,1,497,1937,350
1,1,1,493,1937,350
1,1,1,492,1938,350
1,1,1,491,1943,350
1,1,1,495,1940,350
1,1,1,495,1941,350
1,1,1,499,1941,350
1,1,1,497,1943,350
1,1,1,490,1978,350
1,1,1,489,1949,350
1,1,1,493,1946,350
1,1,1,496,1946,350
1,1,1,512,1946,350
1,1,1,464,1947,350
1,1,1,466,1966,350
1,1,1,464,1948,350
1,1,1,464,1948,350
1,1,1,465,1950,350
1,1,1,466,1951,350
1,1,1,465,1951,350
1,1,1,465,1953,350
1,1,1,465,1953,350
1,1,1,439,1955,350
1,1,1,501,1956,350
1,1,1,494,1956,350
1,1,1,491,1957,350
1,1,1,491,1958,350
1,1,1,497,1961,350
1,1,1,526,1959,350
1,1,1,521,1960,350
1,1,1,518,1963,350
1,1,1,519,1962,350
1,1,1,517,1963,350
1,1,1,523,1963,350
1,1,1,518,1964,350
1,1,1,519,1964,350
1,1,1,529,1965,350
1,1,1,523,1965,350
1,1,1,521,1969,350
1,1,1,522,1968,350
1,1,1,529,1968,350
1,1,1,527,1968,350
1,1,1,527,1969,350
1,1,1,523,1969,350
1,1,1,533,1971,350
1,1,1,524,1971,350
1,1,1,521,1974,350
1,1,1,524,1972,350
1,1,1,494,1977,350
1,1,1,495,1975,350
1,1,1,499,1976,350
1,1,1,501,1976,350
1,1,1,500,1977,350
1,1,1,500,1978,350
1,1,1,493,1978,350
1,1,1,492,1978,350
1,1,1,493,2016,350
1,1,1,491,1981,350
1,1,1,496,1982,350
1,1,1,499,1982,350
1,1,1,502,1984,350
1,1,1,502,1984,350
1,1,1,504,1984,350
1,1,1,495,1985,350
1,1,1,494,2016,350
1,1,1,493,2003,350
1,1,1,497,1989,350
1,1,1,505,1988,350
1,1,1,470,1989,350
1,1,1,469,1989,350
1,1,1,470,1990,350
1,1,1,470,1991,350
1,1,1,468,1992,350
1,1,1,468,1993,350
1,1,1,469,1993,350
1,1,1,467,1994,350
1,1,1,468,1995,350
1,1,1,452,1995,350
1,1,1,501,1997,350
1,1,1,503,1998,350
1,1,1,505,1998,350
1,1,1,500,1999,350
1,1,1,428,2000,350
1,1,1,524,2002,350
1,1,1,524,2001,350
1,1,1,522,2012,350
1,1,1,521,2004,350
1,1,1,519,2004,350
1,1,1,529,2004,350
1,1,1,521,2016,350
1,1,1,522,2007,350
1,1,1,524,2007,350
1,1,1,522,2008,350
1,1,1,522,2019,350
1,1,1,521,2009,350
1,1,1,527,2009,350
1,1,1,530,2010,350
1,1,1,531,2011,350
1,1,1,523,2012,350
1,1,1,526,2013,350
1,1,1,526,2013,350
1,1,1,521,2013,350
1,1,1,536,2015,350
1,1,1,507,2015,350
1,1,1,505,2016,350
1,1,1,503,2017,350
1,1,1,495,2018,350
1,1,1,496,2044,350
1,1,0,562,2020,350
1,1,0,639,2019,350
1,1,0,636,2019,350
1,1,0,632,2018,350
1,1,1,620,2018,350
1,1,1,517,2018,350
1,1,1,516,2020,350
1,1,1,519,2021,350
1,1,1,527,2022,350
1,1,1,470,2049,350
1,1,1,539,2023,350
1,1,1,535,2024,350
1,1,1,534,2025,350
1,1,1,537,2049,350
1,1,1,535,2026,350
1,1,1,538,2026,350
1,1,1,536,2028,350
1,1,1,539,2027,350
1,1,1,538,2029,350
1,1,1,539,2062,350
1,1,1,539,2053,350
1,1,1,538,2031,350
1,1,1,540,2031,350
1,1,1,540,2033,350
1,1,1,546,2034,350
1,1,1,525,2033,350
1,1,1,524,2035,350
1,1,1,524,2035,350
1,1,1,529,2035,350
1,1,1,531,2036,350
1,1,1,525,2039,350
1,1,1,525,2038,350
1,1,1,530,2038,350
1,1,1,525,2038,350
1,1,1,531,2039,350
1,1,1,525,2040,350
1,1,1,531,2041,350
1,1,1,527,2041,350
1,1,1,521,2045,350
1,1,1,521,2085,350
1,1,1,529,2044,350
1,1,1,528,2044,350
1,1,1,522,2048,350
1,1,1,526,2047,350
1,1,1,533,2045,350
1,1,1,506,2048,350
1,1,1,510,2047,350
1,1,1,510,2048,350
1,1,1,508,2049,350
1,1,1,511,2050,350
1,1,1,499,2051,350
1,1,1,498,2085,350
1,1,1,500,2057,350
1,1,1,502,2054,350
1,1,1,500,2058,350
1,1,1,508,2056,350
1,1,1,510,2056,350
1,1,1,509,2056,350
1,1,1,503,2056,350
1,1,1,509,2058,350
1,1,1,500,2093,350
1,1,1,502,2063,350
1,1,1,503,2061,350
1,1,1,506,2062,350
1,1,1,516,2061,350
1,1,1,475,2062,350
1,1,1,474,2087,350
1,1,1,475,2063,350
1,1,1,474,2065,350
1,1,1,474,2064,350
1,1,1,475,2065,350
1,1,1,474,2066,350
1,1,1,475,2067,350
1,1,1,474,2068,350
1,1,1,474,2069,350
1,1,1,476,2069,350
1,1,1,474,2084,350
1,1,1,474,2071,350
1,1,1,475,2072,350
1,1,1,475,2073,350
1,1,1,474,2073,350
1,1,1,474,2074,350
1,1,1,474,2075,350
1,1,1,474,2076,350
1,1,1,447,2077,350
1,1,1,509,2077,350
1,1,1,505,2079,350
1,1,1,504,2079,350
1,1,1,498,2079,350
1,1,1,506,2081,350
1,1,1,501,2084,350
1,1,1,503,2083,350
1,1,1,508,2084,350
1,1,1,502,2084,350
1,1,1,507,2086,350
1,1,1,529,2085,350
1,1,1,516,2097,350
1,1,1,517,2090,350
1,1,1,520,2088,350
1,1,1,527,2088,350
1,1,1,519,2090,350
1,1,1,525,2090,350
1,1,1,527,2089,350
1,1,1,518,2120,350
1,1,1,522,2091,350
1,1,1,523,2093,350
1,1,1,524,2093,350
1,1,1,521,2122,350
1,1,1,521,2095,350
1,1,1,527,2094,350
1,1,1,506,2096,350
1,1,1,508,2097,350
1,1,1,512,2098,350
1,1,1,514,2097,350
1,1,1,513,2099,350
1,1,1,507,2099,350
1,1,1,502,2122,350
1,1,1,502,2134,350
1,1,1,505,2105,350
1,1,1,504,2157,350
1,1,1,510,2104,350
1,1,1,512,2103,350
1,1,1,514,2105,350
1,1,1,511,2105,350
1,1,1,514,2106,350
1,1,1,501,2105,350
1,1,1,503,2119,350
1,1,1,505,2112,350
1,1,1,504,2110,350
1,1,1,517,2109,350
1,1,1,475,2109,350
1,1,1,478,2110,350
1,1,1,476,2111,350
1,1,1,475,2112,350
1,1,1,475,2113,350
1,1,1,476,2113,350
1,1,1,477,2114,350
1,1,1,476,2115,350
1,1,1,476,2116,350
1,1,1,476,2117,350
1,1,1,477,2118,350
1,1,1,476,2118,350
1,1,1,477,2119,350
1,1,1,476,2119,350
1,1,1,476,2121,350
1,1,1,476,2121,350
1,1,1,479,2121,350
1,1,1,477,2123,350
1,1,1,478,2124,350
1,1,1,458,2123,350
1,1,1,512,2126,350
1,1,1,513,2126,350
1,1,1,510,2127,350
1,1,1,508,2128,350
1,1,1,513,2128,350
1,1,1,504,2161,350
1,1,1,505,2131,350
1,1,1,507,2131,350
1,1,1,513,2132,350
1,1,1,506,2133,350
1,1,1,514,2132,350
1,1,1,514,2133,350
1,1,1,507,2133,350
1,1,1,503,2134,350
1,1,1,507,2135,350
1,1,1,505,2139,350
1,1,1,511,2137,350
1,1,1,512,2137,350
1,1,1,513,2138,350
1,1,1,524,2138,350
1,1,1,481,2179,350
1,1,1,481,2176,350
1,1,1,481,2179,350
1,1,1,482,2178,350
1,1,1,483,2147,350
1,1,1,481,2180,350
1,1,1,483,2156,350
1,1,1,480,2184,350
1,1,1,484,2175,350
1,1,1,483,2150,350
1,1,1,482,2176,350
1,1,1,481,2178,350
1,1,1,480,2187,350
1,1,1,483,2185,350
1,1,1,438,2154,350
1,1,1,511,2151,350
1,1,1,503,2151,350
1,1,1,504,2152,350
1,1,1,505,2183,350
1,1,1,504,2153,350
1,1,1,511,2155,350
1,1,1,516,2156,350
1,1,1,519,2156,350
1,1,1,503,2156,350
1,1,1,509,2157,350
1,1,1,488,2158,350
1,1,1,486,2158,350
1,1,1,489,2159,350
1,1,1,488,2160,350
1,1,1,488,2160,350
1,1,1,493,2161,350
1,1,1,492,2161,350
1,1,1,492,2162,350
1,1,1,492,2164,350
1,1,1,482,2162,350
1,1,1,509,2166,350
1,1,1,509,2166,350
1,1,1,512,2166,350
1,1,1,517,2166,350
1,1,1,511,2167,350
1,1,1,517,2168,350
1,1,1,508,2167,350
1,1,1,506,2169,350
1,1,1,506,2202,350
1,1,1,506,2169,350
1,1,1,510,2172,350
1,1,1,516,2172,350
1,1,1,517,2172,350
1,1,1,521,2173,350
1,1,1,529,2172,350
1,1,1,485,2179,350
1,1,1,485,2179,350
1,1,1,486,2181,350
1,1,1,486,2180,350
1,1,1,491,2178,350
1,1,1,486,2181,350
1,1,1,488,2181,350
1,1,1,487,2183,350
1,1,1,487,2184,350
1,1,1,490,2182,350
1,1,1,486,2186,350
1,1,1,486,2184,350
1,1,1,488,2187,350
1,1,1,486,2189,350
1,1,1,491,2185,350
1,1,1,488,2188,350
1,1,1,489,2187,350
1,1,1,488,2190,350
1,1,1,488,2190,350
1,1,1,436,2188,350
1,1,1,511,2188,350
1,1,1,505,2188,350
1,1,1,507,2221,350
1,1,1,508,2194,350
1,1,1,513,2192,350
1,1,1,485,2192,350
1,1,1,482,2192,350
1,1,1,487,2193,350
1,1,1,486,2194,350
1,1,1,485,2194,350
1,1,1,488,2195,350
1,1,1,485,2196,350
1,1,1,489,2197,350
1,1,1,481,2198,350
1,1,1,464,2197,350
1,1,1,515,2200,350
1,1,1,520,2200,350
1,1,1,517,2200,350
1,1,1,513,2201,350
1,1,1,521,2202,350
1,1,1,506,2202,350
1,1,1,506,2214,350
1,1,1,509,2205,350
1,1,1,514,2205,350
1,1,1,510,2207,350
1,1,1,523,2207,350
1,1,1,514,2206,350
1,1,1,515,2207,350
1,1,1,506,2207,350
1,1,1,515,2208,350
1,1,1,508,2221,350
1,1,1,511,2211,350
1,1,1,512,2211,350
1,1,1,515,2212,350
1,1,1,528,2211,350
1,1,1,484,2212,350
1,1,1,487,2244,350
1,1,1,484,2213,350
1,1,1,485,2214,350
1,1,1,489,2231,350
1,1,1,485,2215,350
1,1,1,486,2216,350
1,1,1,486,2217,350
1,1,1,486,2217,350
1,1,1,489,2236,350
1,1,1,485,2219,350
1,1,1,489,2250,350
1,1,1,486,2221,350
1,1,1,486,2222,350
1,1,1,489,2238,350
1,1,1,487,2223,350
1,1,1,487,2274,350
1,1,1,486,2224,350
1,1,1,489,2225,350
1,1,1,482,2226,350
1,1,1,509,2228,350
1,1,1,511,2228,350
1,1,1,514,2228,350
1,1,1,516,2229,350
1,1,1,500,2232,350
1,1,0,561,2231,350
1,1,0,638,2230,350
1,1,0,635,2229,350
1,1,0,629,2228,350
1,1,1,621,2226,350
1,1,1,507,2230,350
1,1,1,511,2230,350
1,1,1,513,2231,350
1,1,1,504,2232,350
1,1,1,421,2234,350
1,1,1,527,2234,350
1,1,1,521,2233,350
1,1,1,521,2237,350
1,1,1,522,2236,350
1,1,1,489,2235,350
1,1,1,538,2237,350
1,1,1,536,2238,350
1,1,1,539,2255,350
1,1,1,539,2238,350
1,1,1,538,2241,350
1,1,1,535,2241,350
1,1,1,540,2240,350
1,1,1,539,2241,350
1,1,1,536,2242,350
1,1,1,540,2242,350
1,1,1,539,2242,350
1,1,1,542,2244,350
1,1,1,536,2246,350
1,1,1,543,2244,350
1,1,1,541,2245,350
1,1,1,541,2246,350
1,1,1,544,2269,350
1,1,1,546,2246,350
1,1,1,541,2247,350
1,1,1,552,2248,350
1,1,1,524,2252,350
1,1,1,528,2250,350
1,1,1,531,2251,350
1,1,1,527,2250,350
1,1,1,532,2251,350
1,1,1,525,2251,350
1,1,1,531,2252,350
1,1,1,527,2253,350
1,1,1,525,2255,350
1,1,1,524,2293,350
1,1,1,532,2255,350
1,1,1,524,2270,350
1,1,1,524,2259,350
1,1,1,526,2257,350
1,1,1,526,2258,350
1,1,1,529,2257,350
1,1,1,526,2261,350
1,1,1,527,2260,350
1,1,1,532,2259,350
1,1,1,541,2285,350
1,1,1,519,2261,350
1,1,1,513,2261,350
1,1,1,513,2262,350
1,1,1,507,2262,350
1,1,1,514,2264,350
1,1,1,510,2267,350
1,1,1,512,2266,350
1,1,1,517,2266,350
1,1,1,518,2267,350
1,1,1,516,2268,350
1,1,1,516,2268,350
1,1,1,508,2269,350
1,1,1,508,2269,350
1,1,1,509,2302,350
1,1,1,507,2269,350
1,1,1,513,2273,350
1,1,1,515,2273,350
1,1,1,519,2273,350
1,1,1,520,2273,350
1,1,1,527,2271,350
1,1,1,494,2277,350
1,1,1,497,2276,350
1,1,1,494,2280,350
1,1,1,494,2280,350
1,1,1,497,2279,350
1,1,1,493,2282,350
1,1,1,493,2282,350
1,1,1,494,2283,350
1,1,1,493,2283,350
1,1,1,498,2281,350
1,1,1,494,2285,350
1,1,1,496,2282,350
1,1,1,492,2286,350
1,1,1,494,2286,350
1,1,1,498,2286,350
1,1,1,494,2288,350
1,1,1,494,2289,350
1,1,1,494,2289,350
1,1,1,487,2286,350
1,1,1,495,2288,350
1,1,1,481,2289,350
1,1,1,486,2289,350
1,1,1,484,2289,350
1,1,1,481,2291,350
1,1,1,471,2290,350
1,1,1,475,2292,350
1,1,1,470,2292,350
1,1,1,466,2293,350
1,1,1,466,2293,350
1,1,1,474,2295,350
1,1,1,501,2295,350
1,1,1,498,2296,350
1,1,1,501,2297,350
1,1,1,502,2297,350
1,1,1,491,2297,350
1,1,1,510,2300,350
1,1,1,508,2300,350
1,1,1,514,2300,350
1,1,1,515,2301,350
1,1,1,513,2301,350
1,1,1,511,2301,350
1,1,1,504,2303,350
1,1,1,504,2302,350
1,1,1,506,2335,350
1,1,1,504,2304,350
1,1,1,508,2305,350
1,1,1,514,2307,350
1,1,1,513,2307,350
1,1,1,520,2307,350
1,1,1,513,2307,350
1,1,1,509,2308,350
1,1,1,506,2326,350
1,1,1,508,2342,350
1,1,1,508,2313,350
1,1,1,513,2310,350
1,1,1,494,2311,350
1,1,1,496,2312,350
1,1,1,494,2313,350
1,1,1,497,2313,350
1,1,1,490,2313,350
1,1,1,494,2315,350
1,1,1,490,2315,350
1,1,1,493,2316,350
1,1,1,495,2316,350
1,1,1,491,2317,350
1,1,1,495,2318,350
1,1,1,496,2318,350
1,1,1,497,2319,350
1,1,1,494,2319,350
1,1,1,492,2320,350
1,1,1,494,2321,350
1,1,1,493,2321,350
1,1,1,497,2322,350
1,1,1,496,2323,350
1,1,1,496,2324,350
1,1,1,483,2326,350
1,1,1,488,2325,350
1,1,1,487,2327,350
1,1,1,483,2327,350
1,1,1,476,2355,350
1,1,1,471,2327,350
1,1,1,469,2328,350
1,1,1,468,2329,350
1,1,1,472,2330,350
1,1,1,470,2328,350
1,1,1,499,2331,350
1,1,1,501,2332,350
1,1,1,499,2333,350
1,1,1,500,2333,350
1,1,1,487,2380,350
1,1,1,509,2335,350
1,1,1,514,2335,350
1,1,1,513,2336,350
1,1,1,515,2336,350
1,1,1,512,2338,350
1,1,1,507,2336,350
1,1,1,503,2337,350
1,1,1,505,2369,350
1,1,1,508,2342,350
1,1,1,505,2390,350
1,1,1,515,2342,350
1,1,1,521,2342,350
1,1,1,516,2342,350
1,1,1,513,2342,350
1,1,1,516,2343,350
1,1,1,504,2343,350
1,1,1,507,2374,350
1,1,1,508,2349,350
1,1,1,508,2346,350
1,1,1,522,2346,350
1,1,1,493,2346,350
1,1,1,493,2348,350
1,1,1,492,2348,350
1,1,1,492,2348,350
1,1,1,495,2349,350
1,1,1,492,2351,350
1,1,1,492,2351,350
1,1,1,494,2352,350
1,1,1,508,2354,350
1,1,1,506,2353,350
1,1,1,510,2354,350
1,1,1,508,2354,350
1,1,1,511,2356,350
1,1,1,512,2356,350
1,1,1,509,2356,350
1,1,1,507,2357,350
1,1,1,508,2358,350
1,1,1,507,2358,350
1,1,1,509,2359,350
1,1,1,513,2358,350
1,1,1,470,2359,350
1,1,1,473,2360,350
1,1,1,474,2360,350
1,1,1,478,2393,350
1,1,1,475,2362,350
1,1,1,488,2364,350
1,1,1,490,2364,350
1,1,1,489,2364,350
1,1,1,484,2365,350
1,1,1,422,2365,350
1,1,1,505,2367,350
1,1,1,503,2368,350
1,1,1,502,2369,350
1,1,1,504,2369,350
1,1,1,430,2368,350
1,1,1,505,2369,350
1,1,1,504,2393,350
1,1,1,507,2373,350
1,1,1,510,2372,350
1,1,1,506,2375,350
1,1,1,516,2373,350
1,1,1,515,2373,350
1,1,1,513,2373,350
1,1,1,509,2373,350
1,1,1,513,2375,350
1,1,1,506,2406,350
1,1,1,509,2379,350
1,1,1,510,2378,350
1,1,1,512,2378,350
1,1,1,529,2378,350
1,1,1,492,2378,350
1,1,1,495,2395,350
1,1,1,495,2380,350
1,1,1,493,2380,350
1,1,1,496,2430,350
1,1,1,495,2382,350
1,1,1,494,2382,350
1,1,1,495,2382,350
1,1,1,495,2382,350
1,1,1,496,2434,350
1,1,1,494,2384,350
1,1,1,494,2412,350
1,1,1,494,2386,350
1,1,1,494,2387,350
1,1,1,495,2437,350
1,1,1,494,2387,350
1,1,1,493,2388,350
1,1,1,495,2389,350
1,1,1,494,2390,350
1,1,1,511,2390,350
1,1,1,491,2392,350
1,1,1,483,2392,350
1,1,1,479,2393,350
1,1,1,474,2393,350
1,1,1,493,2394,350
1,1,1,474,2394,350
1,1,1,479,2395,350
1,1,1,482,2401,350
1,1,1,486,2398,350
1,1,1,456,2397,350
1,1,1,496,2397,350
1,1,1,492,2398,350
1,1,1,493,2399,350
1,1,1,493,2399,350
1,1,1,491,2400,350
1,1,1,491,2401,350
1,1,1,492,2401,350
1,1,1,494,2402,350
1,1,1,492,2402,350
1,1,1,494,2404,350
1,1,1,493,2404,350
1,1,1,494,2405,350
1,1,1,492,2405,350
1,1,1,495,2406,350
1,1,1,491,2407,350
1,1,1,491,2407,350
1,1,1,493,2408,350
1,1,1,493,2409,350
1,1,1,494,2409,350
1,1,1,504,2410,350
1,1,1,495,2411,350
1,1,1,487,2412,350
1,1,1,485,2412,350
1,1,1,480,2412,350
1,1,1,411,2414,350
1,1,1,507,2414,350
1,1,1,511,2414,350
1,1,1,507,2416,350
1,1,1,497,2419,350
1,1,1,456,2441,350
1,1,1,520,2417,350
1,1,1,510,2417,350
1,1,1,506,2418,350
1,1,1,507,2458,350
1,1,1,511,2422,350
1,1,0,570,2422,350
1,1,0,638,2421,350
1,1,0,635,2419,350
1,1,0,629,2419,350
1,1,1,613,2418,350
1,1,1,515,2436,350
1,1,1,520,2420,350
1,1,1,524,2421,350
1,1,1,526,2421,350
1,1,1,463,2423,350
1,1,1,537,2437,350
1,1,1,538,2424,350
1,1,1,537,2424,350
1,1,1,534,2425,350
1,1,1,537,2425,350
1,1,1,536,2425,350
1,1,1,536,2426,350
1,1,1,540,2447,350
1,1,1,539,2427,350
1,1,1,535,2430,350
1,1,1,540,2429,350
1,1,1,541,2428,350
1,1,1,538,2429,350
1,1,1,541,2431,350
1,1,1,551,2431,350
1,1,1,521,2455,350
1,1,1,526,2432,350
1,1,1,527,2433,350
1,1,1,530,2433,350
1,1,1,532,2434,350
1,1,1,527,2435,350
1,1,1,529,2435,350
1,1,1,531,2434,350
1,1,1,524,2460,350
1,1,1,529,2436,350
1,1,1,530,2436,350
1,1,1,530,2437,350
1,1,1,522,2462,350
1,1,1,528,2439,350
1,1,1,524,2442,350
1,1,1,533,2440,350
1,1,1,523,2467,350
1,1,1,526,2441,350
1,1,1,530,2441,350
1,1,1,538,2442,350
1,1,1,522,2443,350
1,1,1,522,2443,350
1,1,1,517,2444,350
1,1,1,515,2444,350
1,1,1,521,2445,350
1,1,1,511,2476,350
1,1,1,512,2449,350
1,1,1,512,2447,350
1,1,1,518,2448,350
1,1,1,514,2449,350
1,1,1,522,2448,350
1,1,1,517,2449,350
1,1,1,514,2449,350
1,1,1,508,2449,350
1,1,1,516,2450,350
1,1,1,513,2453,350
1,1,1,512,2453,350
1,1,1,517,2454,350
1,1,1,520,2454,350
1,1,1,532,2453,350
1,1,1,496,2489,350
1,1,1,498,2463,350
1,1,1,497,2489,350
1,1,1,497,2489,350
1,1,1,499,2461,350
1,1,1,496,2492,350
1,1,1,497,2491,350
1,1,1,497,2491,350
1,1,1,497,2493,350
1,1,1,498,2465,350
1,1,1,497,2493,350
1,1,1,498,2468,350
1,1,1,496,2496,350
1,1,1,496,2496,350
1,1,1,498,2467,350
1,1,1,496,2495,350
1,1,1,495,2498,350
1,1,1,495,2499,350
1,1,1,495,2497,350
1,1,1,514,2467,350
1,1,1,492,2466,350
1,1,1,484,2468,350
1,1,1,482,2468,350
1,1,1,478,2468,350
1,1,1,497,2470,350
1,1,1,482,2469,350
1,1,1,484,2506,350
1,1,1,491,2475,350
1,1,1,481,2471,350
1,1,1,494,2473,350
1,1,1,484,2503,350
1,1,1,493,2475,350
1,1,1,494,2475,350
1,1,1,497,2476,350
1,1,1,465,2526,350
1,1,1,490,2476,350
1,1,1,490,2477,350
1,1,1,492,2478,350
1,1,1,492,2478,350
1,1,1,492,2479,350
1,1,1,489,2479,350
1,1,1,493,2480,350
1,1,1,491,2481,350
1,1,1,489,2481,350
1,1,1,491,2482,350
1,1,1,489,2482,350
1,1,1,490,2483,350
1,1,1,489,2483,350
1,1,1,490,2485,350
1,1,1,491,2484,350
1,1,1,489,2485,350
1,1,1,493,2486,350
1,1,1,490,2487,350
1,1,1,489,2486,350
1,1,1,498,2489,350
1,1,1,498,2489,350
1,1,1,497,2489,350
1,1,1,492,2490,350
1,1,1,488,2491,350
1,1,1,489,2492,350
1,1,1,478,2491,350
1,1,1,481,2491,350
1,1,1,480,2492,350
1,1,1,484,2529,350
1,1,1,474,2492,350
1,1,1,494,2495,350
1,1,1,496,2495,350
1,1,1,493,2496,350
1,1,1,493,2496,350
1,1,1,492,2497,350
1,1,1,496,2498,350
1,1,1,492,2498,350
1,1,1,494,2498,350
1,1,1,494,2500,350
1,1,1,490,2500,350
1,1,1,494,2501,350
1,1,1,493,2501,350
1,1,1,493,2502,350
1,1,1,493,2503,350
1,1,1,493,2504,350
1,1,1,494,2504,350
1,1,1,493,2505,350
1,1,1,495,2505,350
1,1,1,494,2505,350
1,1,1,496,2506,350
1,1,1,498,2507,350
1,1,1,499,2507,350
1,1,1,498,2508,350
1,1,1,493,2508,350
1,1,1,492,2512,350
1,1,1,483,2508,350
1,1,1,480,2509,350
1,1,1,480,2509,350
1,1,1,482,2511,350
1,1,1,483,2510,350
1,1,1,500,2512,350
1,1,1,499,2513,350
1,1,1,500,2514,350
1,1,1,500,2514,350
1,1,1,485,2560,350
1,1,1,511,2516,350
1,1,1,519,2516,350
1,1,1,521,2516,350
1,1,1,516,2517,350
1,1,1,514,2518,350
1,1,1,509,2518,350
1,1,1,506,2519,350
1,1,1,507,2547,350
1,1,1,510,2523,350
1,1,1,508,2562,350
1,1,1,512,2522,350
1,1,1,517,2522,350
1,1,1,520,2522,350
1,1,1,514,2523,350
1,1,1,523,2544,350
1,1,1,501,2525,350
1,1,1,502,2526,350
1,1,1,501,2526,350
1,1,1,502,2527,350
1,1,1,506,2527,350
1,1,1,501,2528,350
1,1,1,503,2529,350
1,1,1,501,2529,350
1,1,1,502,2530,350
1,1,1,504,2530,350
1,1,1,502,2532,350
1,1,1,502,2531,350
1,1,1,501,2532,350
1,1,1,492,2532,350
1,1,1,492,2532,350
1,1,1,491,2533,350
1,1,1,491,2534,350
1,1,1,493,2534,350
1,1,1,490,2535,350
1,1,1,497,2536,350
1,1,1,496,2537,350
1,1,1,501,2538,350
1,1,1,498,2538,350
1,1,1,495,2538,350
1,1,1,492,2543,350
1,1,1,483,2540,350
1,1,1,480,2540,350
1,1,1,480,2540,350
1,1,1,484,2540,350
1,1,1,490,2542,350
1,1,1,492,2545,350
1,1,1,497,2544,350
1,1,1,499,2544,350
1,1,1,497,2545,350
1,1,1,441,2545,350
1,1,1,498,2547,350
1,1,1,498,2547,350
1,1,1,497,2549,350
1,1,1,496,2549,350
1,1,1,439,2547,350
1,1,1,508,2548,350
1,1,1,505,2548,350
1,1,1,506,2576,350
1,1,1,507,2552,350
1,1,1,506,2587,350
1,1,1,515,2553,350
1,1,1,521,2551,350
1,1,1,519,2553,350
1,1,1,515,2553,350
1,1,1,521,2577,350
1,1,1,501,2554,350
1,1,1,501,2555,350
1,1,1,503,2556,350
1,1,1,502,2556,350
1,1,1,506,2556,350
1,1,1,501,2556,350
1,1,1,504,2558,350
1,1,1,501,2558,350
1,1,1,502,2559,350
1,1,1,506,2559,350
1,1,1,501,2560,350
1,1,1,502,2561,350
1,1,1,501,2562,350
1,1,1,501,2562,350
1,1,1,505,2562,350
1,1,1,501,2563,350
1,1,1,504,2563,350
1,1,1,503,2565,350
1,1,1,502,2565,350
1,1,1,519,2564,350
1,1,1,484,2565,350
1,1,1,479,2565,350
1,1,1,480,2566,350
1,1,1,484,2566,350
1,1,1,486,2568,350
1,1,1,493,2570,350
1,1,1,501,2568,350
1,1,1,499,2570,350
1,1,1,495,2570,350
1,1,1,488,2586,350
1,1,1,486,2571,350
1,1,1,481,2571,350
1,1,1,479,2571,350
1,1,1,480,2572,350
1,1,1,486,2573,350
1,1,1,507,2574,350
1,1,1,501,2574,350
1,1,1,502,2575,350
1,1,1,506,2576,350
1,1,1,500,2576,350
1,1,1,506,2576,350
1,1,1,506,2577,350
1,1,1,503,2578,350
1,1,1,503,2578,350
1,1,1,493,2580,350
1,1,1,488,2592,350
1,1,1,502,2581,350
1,1,1,499,2581,350
1,1,1,499,2582,350
1,1,1,442,2580,350
1,1,1,497,2587,350
1,1,1,498,2587,350
1,1,1,497,2588,350
1,1,1,498,2589,350
1,1,1,499,2587,350
1,1,1,497,2589,350
1,1,1,497,2588,350
1,1,1,495,2590,350
1,1,1,496,2592,350
1,1,1,499,2589,350
1,1,1,497,2593,350
1,1,1,496,2594,350
1,1,1,497,2598,350
1,1,1,493,2591,350
1,1,1,492,2591,350
1,1,1,498,2591,350
1,1,1,494,2592,350
1,1,1,499,2593,350
1,1,1,498,2594,350
1,1,1,493,2595,350
1,1,0,557,2597,350
1,1,0,636,2594,350
1,1,0,633,2594,350
1,1,0,629,2594,350
1,1,1,630,2592,350
1,1,1,499,2594,350
1,1,1,502,2595,350
1,1,1,502,2596,350
1,1,1,503,2597,350
1,1,1,496,2596,350
1,1,1,511,2599,350
1,1,1,506,2599,350
1,1,1,512,2599,350
1,1,1,518,2599,350
1,1,1,454,2599,350
1,1,1,522,2601,350
1,1,1,527,2601,350
1,1,1,526,2601,350
1,1,1,520,2626,350
1,1,1,523,2601,350
1,1,1,529,2603,350
1,1,1,529,2603,350
1,1,1,521,2629,350
1,1,1,522,2606,350
1,1,1,521,2608,350
1,1,1,528,2605,350
1,1,1,524,2616,350
1,1,1,525,2607,350
1,1,1,531,2608,350
1,1,1,520,2608,350
1,1,1,522,2634,350
1,1,1,523,2609,350
1,1,1,532,2610,350
1,1,1,534,2610,350
1,1,1,535,2612,350
1,1,1,516,2612,350
1,1,1,509,2612,350
1,1,1,506,2612,350
1,1,1,509,2642,350
1,1,1,509,2613,350
1,1,1,511,2615,350
1,1,1,515,2614,350
1,1,1,519,2616,350
1,1,1,520,2615,350
1,1,1,517,2616,350
1,1,1,511,2616,350
1,1,1,510,2627,350
1,1,1,509,2646,350
1,1,1,512,2621,350
1,1,1,509,2637,350
1,1,1,516,2620,350
1,1,1,519,2620,350
1,1,1,521,2620,350
1,1,1,517,2621,350
1,1,1,523,2641,350
1,1,1,504,2624,350
1,1,1,506,2623,350
1,1,1,505,2625,350
1,1,1,505,2625,350
1,1,1,507,2626,350
1,1,1,504,2626,350
1,1,1,506,2627,350
1,1,1,505,2627,350
1,1,1,505,2627,350
1,1,1,509,2628,350
1,1,1,505,2629,350
1,1,1,506,2629,350
1,1,1,504,2630,350
1,1,1,503,2631,350
1,1,1,508,2631,350
1,1,1,504,2632,350
1,1,1,505,2632,350
1,1,1,503,2633,350
1,1,1,504,2634,350
1,1,1,518,2632,350
1,1,1,483,2634,350
1,1,1,480,2634,350
1,1,1,481,2635,350
1,1,1,484,2635,350
1,1,1,489,2636,350
1,1,1,491,2640,350
1,1,1,496,2638,350
1,1,1,500,2639,350
1,1,1,498,2639,350
1,1,1,484,2673,350
1,1,1,490,2641,350
1,1,1,479,2640,350
1,1,1,478,2640,350
1,1,1,479,2641,350
1,1,1,493,2642,350
1,1,1,484,2677,350
1,1,1,490,2645,350
1,1,1,495,2644,350
1,1,1,484,2671,350
1,1,1,480,2644,350
1,1,1,504,2646,350
1,1,1,498,2646,350
1,1,1,503,2648,350
1,1,1,500,2647,350
1,1,1,499,2647,350
1,1,1,511,2651,350
1,1,1,509,2651,350
1,1,1,513,2650,350
1,1,1,515,2651,350
1,1,1,527,2650,350
1,1,1,496,2685,350
1,1,1,497,2661,350
1,1,1,496,2676,350
1,1,1,496,2684,350
1,1,1,498,2657,350
1,1,1,496,2686,350
1,1,1,496,2684,350
1,1,1,495,2688,350
1,1,1,498,2687,350
1,1,1,498,2659,350
1,1,1,496,2690,350
1,1,1,497,2663,350
1,1,1,496,2689,350
1,1,1,496,2691,350
1,1,1,497,2663,350
1,1,1,497,2692,350
1,1,1,498,2691,350
1,1,1,495,2692,350
1,1,1,497,2693,350
1,1,1,513,2662,350
1,1,1,494,2662,350
1,1,1,485,2662,350
1,1,1,483,2664,350
1,1,1,478,2664,350
1,1,1,499,2666,350
1,1,1,483,2665,350
1,1,1,485,2702,350
1,1,1,491,2669,350
1,1,1,494,2669,350
1,1,1,480,2668,350
1,1,1,496,2669,350
1,1,1,489,2669,350
1,1,1,487,2670,350
1,1,1,481,2671,350
1,1,1,406,2670,350
1,1,1,508,2672,350
1,1,1,508,2672,350
1,1,1,508,2673,350
1,1,1,512,2673,350
1,1,1,507,2673,350
1,1,1,511,2674,350
1,1,1,509,2674,350
1,1,1,507,2676,350
1,1,1,512,2676,350
1,1,1,510,2677,350
1,1,1,510,2677,350
1,1,1,511,2678,350
1,1,1,513,2679,350
1,1,1,509,2679,350
1,1,1,496,2678,350
1,1,1,478,2680,350
1,1,1,484,2741,350
1,1,1,485,2715,350
1,1,1,491,2685,350
1,1,1,478,2681,350
1,1,1,499,2683,350
1,1,1,498,2683,350
1,1,1,492,2684,350
1,1,1,488,2685,350
1,1,1,418,2683,350
1,1,1,507,2686,350
1,1,1,509,2687,350
1,1,1,506,2687,350
1,1,1,506,2687,350
1,1,1,508,2689,350
1,1,1,505,2689,350
1,1,1,506,2690,350
1,1,1,507,2691,350
1,1,1,506,2690,350
1,1,1,508,2691,350
1,1,1,506,2691,350
1,1,1,509,2692,350
1,1,1,506,2693,350
1,1,1,508,2693,350
1,1,1,513,2692,350
1,1,1,478,2693,350
1,1,1,478,2694,350
1,1,1,482,2694,350
1,1,1,484,2730,350
1,1,1,483,2697,350
1,1,1,496,2698,350
1,1,1,499,2697,350
1,1,1,496,2699,350
1,1,1,494,2698,350
1,1,1,429,2700,350
1,1,1,501,2701,350
1,1,1,503,2701,350
1,1,1,502,2702,350
1,1,1,491,2700,350
1,1,1,469,2701,350
1,1,1,518,2702,350
1,1,1,519,2703,350
1,1,1,517,2703,350
1,1,1,509,2704,350
1,1,1,510,2743,350
1,1,1,513,2706,350
1,1,1,517,2707,350
1,1,1,519,2707,350
1,1,1,515,2707,350
1,1,1,519,2708,350
1,1,1,507,2708,350
1,1,1,509,2714,350
1,1,1,510,2711,350
1,1,1,513,2712,350
1,1,1,520,2711,350
1,1,1,493,2710,350
1,1,1,494,2711,350
1,1,1,493,2712,350
1,1,1,494,2713,350
1,1,1,494,2712,350
1,1,1,492,2714,350
1,1,1,495,2714,350
1,1,1,493,2714,350
1,1,1,493,2715,350
1,1,1,496,2715,350
1,1,1,493,2717,350
1,1,1,492,2716,350
1,1,1,493,2717,350
1,1,1,492,2717,350
1,1,1,494,2719,350
1,1,1,493,2719,350
1,1,1,494,2719,350
1,1,1,493,2720,350
1,1,1,492,2721,350
1,1,1,503,2722,350
1,1,1,499,2722,350
1,1,1,498,2723,350
1,1,1,493,2724,350
1,1,1,492,2723,350
1,1,1,491,2726,350
1,1,1,479,2725,350
1,1,1,481,2725,350
1,1,1,483,2725,350
1,1,1,484,2760,350
1,1,1,484,2727,350
1,1,1,497,2729,350
1,1,1,500,2728,350
1,1,1,498,2730,350
1,1,1,493,2728,350
1,1,1,490,2733,350
1,1,1,483,2730,350
1,1,1,479,2730,350
1,1,1,480,2731,350
1,1,1,484,2731,350
1,1,1,481,2731,350
1,1,1,503,2733,350
1,1,1,502,2733,350
1,1,1,504,2734,350
1,1,1,499,2735,350
1,1,1,494,2736,350
1,1,1,498,2736,350
1,1,1,496,2736,350
1,1,1,498,2737,350
1,1,1,500,2737,350
1,1,1,496,2739,350
1,1,1,492,2740,350
1,1,1,500,2740,350
1,1,1,498,2741,350
1,1,1,496,2741,350
1,1,1,488,2754,350
1,1,1,485,2743,350
1,1,1,479,2741,350
1,1,1,480,2742,350
1,1,1,480,2742,350
1,1,1,484,2742,350
1,1,1,504,2744,350
1,1,1,506,2744,350
1,1,1,503,2746,350
1,1,1,504,2747,350
1,1,1,499,2747,350
1,1,1,504,2747,350
1,1,1,503,2747,350
1,1,1,506,2748,350
1,1,1,505,2749,350
1,1,1,499,2749,350
1,1,1,503,2749,350
1,1,1,504,2749,350
1,1,1,502,2750,350
1,1,1,504,2750,350
1,1,1,494,2752,350
1,1,1,488,2758,350
1,1,1,498,2753,350
1,1,1,500,2753,350
1,1,1,500,2754,350
1,1,1,484,2753,350
1,1,1,493,2755,350
1,1,1,486,2755,350
1,1,1,478,2756,350
1,1,1,493,2755,350
1,1,1,435,2756,350
1,1,1,502,2758,350
1,1,1,496,2758,350
1,1,1,503,2759,350
1,1,1,498,2760,350
1,1,1,447,2761,350
1,1,0,573,2762,350
1,1,0,634,2759,350
1,1,0,634,2760,350
1,1,0,629,2759,350
1,1,1,590,2758,350
1,1,1,515,2760,350
1,1,1,524,2760,350
1,1,1,526,2761,350
1,1,1,521,2775,350
1,1,1,436,2760,350
1,1,1,537,2763,350
1,1,1,538,2772,350
1,1,1,539,2763,350
1,1,1,539,2765,350
1,1,1,544,2764,350
1,1,1,543,2765,350
1,1,1,542,2765,350
1,1,1,540,2767,350
1,1,1,543,2787,350
1,1,1,543,2767,350
1,1,1,538,2767,350
1,1,1,537,2769,350
1,1,1,542,2768,350
1,1,1,538,2769,350
1,1,1,542,2769,350
1,1,1,526,2770,350
1,1,1,529,2770,350
1,1,1,532,2771,350
1,1,1,524,2794,350
1,1,1,530,2771,350
1,1,1,531,2773,350
1,1,1,533,2773,350
1,1,1,524,2797,350
1,1,1,528,2774,350
1,1,1,526,2777,350
1,1,1,532,2774,350
1,1,1,527,2781,350
1,1,1,527,2777,350
1,1,1,530,2777,350
1,1,1,528,2777,350
1,1,1,527,2798,350
1,1,1,526,2779,350
1,1,1,531,2779,350
1,1,1,534,2779,350
1,1,1,542,2780,350
1,1,1,519,2780,350
1,1,1,511,2779,350
1,1,1,511,2780,350
1,1,1,513,2811,350
1,1,1,510,2782,350
1,1,1,516,2783,350
1,1,1,519,2783,350
1,1,1,523,2784,350
1,1,1,523,2784,350
1,1,1,521,2784,350
1,1,1,515,2785,350
1,1,1,512,2801,350
1,1,1,510,2813,350
1,1,1,512,2788,350
1,1,1,514,2840,350
1,1,1,519,2787,350
1,1,1,522,2789,350
1,1,1,522,2789,350
1,1,1,519,2789,350
1,1,1,528,2812,350
1,1,1,505,2791,350
1,1,1,506,2791,350
1,1,1,505,2792,350
1,1,1,506,2794,350
1,1,1,507,2793,350
1,1,1,505,2794,350
1,1,1,505,2794,350
1,1,1,505,2795,350
1,1,1,505,2795,350
1,1,1,508,2796,350
1,1,1,505,2797,350
1,1,1,507,2797,350
1,1,1,503,2797,350
1,1,1,505,2798,350
1,1,1,507,2799,350
1,1,1,503,2799,350
1,1,1,505,2799,350
1,1,1,505,2800,350
1,1,1,504,2801,350
1,1,1,518,2800,350
1,1,1,486,2801,350
1,1,1,482,2801,350
1,1,1,482,2801,350
1,1,1,484,2803,350
1,1,1,494,2803,350
1,1,1,493,2807,350
1,1,1,498,2806,350
1,1,1,503,2805,350
1,1,1,493,2809,350
1,1,1,485,2806,350
1,1,1,498,2808,350
1,1,1,500,2809,350
1,1,1,500,2807,350
1,1,1,496,2808,350
1,1,1,486,2856,350
1,1,1,490,2810,350
1,1,1,484,2810,350
1,1,1,479,2810,350
1,1,1,480,2811,350
1,1,1,482,2811,350
1,1,1,486,2814,350
1,1,1,480,2878,350
1,1,1,468,2812,350
1,1,1,469,2814,350
1,1,1,469,2812,350
1,1,1,498,2815,350
1,1,1,499,2816,350
1,1,1,498,2817,350
1,1,1,493,2816,350
1,1,1,428,2816,350
1,1,1,504,2818,350
1,1,1,505,2819,350
1,1,1,500,2819,350
1,1,1,501,2820,350
1,1,1,428,2819,350
1,1,1,508,2820,350
1,1,1,510,2846,350
1,1,1,511,2823,350
1,1,1,513,2823,350
1,1,1,509,2825,350
1,1,1,523,2822,350
1,1,1,516,2823,350
1,1,1,515,2824,350
1,1,1,511,2824,350
1,1,1,515,2825,350
1,1,1,509,2851,350
1,1,1,512,2828,350
1,1,1,513,2828,350
1,1,1,518,2828,350
1,1,1,511,2828,350
1,1,1,520,2829,350
1,1,1,512,2829,350
1,1,1,511,2829,350
1,1,1,507,2829,350
1,1,1,511,2831,350
1,1,1,506,2830,350
1,1,1,509,2831,350
1,1,1,508,2832,350
1,1,1,509,2833,350
1,1,1,504,2833,350
1,1,1,508,2833,350
1,1,1,504,2835,350
1,1,1,507,2835,350
1,1,1,509,2835,350
1,1,1,503,2835,350
1,1,1,507,2836,350
1,1,1,507,2838,350
1,1,1,507,2838,350
1,1,1,509,2838,350
1,1,1,506,2838,350
1,1,1,509,2839,350
1,1,1,505,2839,350
1,1,1,508,2841,350
1,1,1,507,2840,350
1,1,1,493,2843,350
1,1,1,487,2875,350
1,1,1,494,2844,350
1,1,1,498,2843,350
1,1,1,502,2844,350
1,1,1,485,2844,350
1,1,1,497,2845,350
1,1,1,487,2844,350
1,1,1,484,2845,350
1,1,1,479,2845,350
1,1,1,502,2847,350
1,1,1,485,2847,350
1,1,1,486,2879,350
1,1,1,493,2851,350
1,1,1,498,2849,350
1,1,1,481,2848,350
1,1,1,499,2850,350
1,1,1,491,2849,350
1,1,1,490,2852,350
1,1,1,483,2851,350
1,1,1,501,2853,350
1,1,1,482,2852,350
1,1,1,485,2852,350
1,1,1,488,2886,350
1,1,1,492,2856,350
1,1,1,478,2854,350
1,1,1,501,2855,350
1,1,1,496,2855,350
1,1,1,496,2856,350
1,1,1,491,2857,350
1,1,1,419,2856,350
1,1,1,507,2858,350
1,1,1,506,2858,350
1,1,1,506,2859,350
1,1,1,496,2880,350
1,1,1,462,2860,350
1,1,1,523,2860,350
1,1,1,510,2861,350
1,1,1,509,2861,350
1,1,1,506,2862,350
1,1,1,520,2861,350
1,1,1,491,2862,350
1,1,1,495,2864,350
1,1,1,494,2864,350
1,1,1,492,2864,350
1,1,1,496,2865,350
1,1,1,491,2865,350
1,1,1,494,2865,350
1,1,1,492,2866,350
1,1,1,492,2867,350
1,1,1,494,2868,350
1,1,1,492,2868,350
1,1,1,492,2868,350
1,1,1,493,2869,350
1,1,1,492,2869,350
1,1,1,494,2870,350
1,1,1,495,2871,350
1,1,1,496,2871,350
1,1,1,492,2872,350
1,1,1,492,2871,350
1,1,1,502,2873,350
1,1,1,501,2874,350
1,1,1,500,2874,350
1,1,1,496,2875,350
1,1,1,492,2875,350
1,1,1,493,2878,350
1,1,1,479,2876,350
1,1,1,484,2876,350
1,1,1,484,2876,350
1,1,1,488,2911,350
1,1,1,484,2879,350
1,1,1,499,2880,350
1,1,1,500,2880,350
1,1,1,500,2880,350
1,1,1,496,2880,350
1,1,1,493,2885,350
1,1,1,484,2882,350
1,1,1,483,2881,350
1,1,1,481,2882,350
1,1,1,484,2883,350
1,1,1,482,2884,350
1,1,1,504,2884,350
1,1,1,501,2884,350
1,1,1,501,2884,350
1,1,1,505,2886,350
1,1,1,497,2886,350
1,1,1,501,2886,350
1,1,1,499,2887,350
1,1,1,501,2888,350
1,1,1,502,2889,350
1,1,1,493,2889,350
1,1,1,491,2892,350
1,1,1,499,2891,350
1,1,1,501,2890,350
1,1,1,498,2891,350
1,1,1,489,2899,350
1,1,1,489,2892,350
1,1,1,479,2892,350
1,1,1,482,2893,350
1,1,1,481,2893,350
1,1,1,492,2894,350
1,1,1,491,2899,350
1,1,1,494,2895,350
1,1,1,501,2896,350
1,1,1,501,2897,350
1,1,1,442,2895,350
1,1,1,498,2901,350
1,1,1,499,2899,350
1,1,1,497,2902,350
1,1,1,498,2902,350
1,1,1,500,2901,350
1,1,1,498,2904,350
1,1,1,498,2905,350
1,1,1,498,2903,350
1,1,1,497,2905,350
1,1,1,522,2901,350
1,1,1,491,2902,350
1,1,1,481,2902,350
1,1,1,482,2903,350
1,1,1,480,2904,350
1,1,1,497,2905,350
1,1,1,487,2943,350
1,1,1,490,2909,350
1,1,1,493,2907,350
1,1,1,499,2907,350
1,1,1,452,2906,350
1,1,1,495,2908,350
1,1,1,498,2925,350
1,1,1,493,2908,350
1,1,1,496,2955,350
1,1,1,498,2914,350
1,1,1,495,2947,350
1,1,1,494,2910,350
1,1,1,497,2947,350
1,1,1,499,2912,350
1,1,1,494,2912,350
1,1,1,512,2913,350
1,1,1,516,2914,350
1,1,1,519,2914,350
1,1,1,520,2915,350
1,1,1,513,2915,350
1,1,0,568,2918,350
1,1,0,636,2915,350
1,1,0,633,2916,350
1,1,0,630,2915,350
1,1,1,630,2913,350
1,1,1,520,2915,350
1,1,1,524,2914,350
1,1,1,520,2929,350
1,1,1,524,2918,350
1,1,1,498,2918,350
1,1,1,539,2919,350
1,1,1,535,2919,350
1,1,1,541,2919,350
1,1,1,539,2919,350
1,1,1,541,2920,350
1,1,1,523,2921,350
1,1,1,526,2921,350
1,1,1,531,2921,350
1,1,1,523,2943,350
1,1,1,529,2921,350
1,1,1,529,2922,350
1,1,1,530,2923,350
1,1,1,522,2943,350
1,1,1,527,2924,350
1,1,1,525,2926,350
1,1,1,531,2924,350
1,1,1,525,2931,350
1,1,1,527,2926,350
1,1,1,532,2927,350
1,1,1,527,2926,350
1,1,1,523,2949,350
1,1,1,527,2928,350
1,1,1,530,2928,350
1,1,1,532,2928,350
1,1,1,539,2930,350
1,1,1,519,2929,350
1,1,1,511,2929,350
1,1,1,508,2929,350
1,1,1,510,2954,350
1,1,1,509,2931,350
1,1,1,513,2934,350
1,1,1,517,2933,350
1,1,1,521,2934,350
1,1,1,522,2934,350
1,1,1,520,2935,350
1,1,1,513,2934,350
1,1,1,511,2950,350
1,1,1,510,2960,350
1,1,1,512,2938,350
1,1,1,511,2972,350
1,1,1,517,2939,350
1,1,1,521,2937,350
1,1,1,524,2937,350
1,1,1,518,2938,350
1,1,1,527,2958,350
1,1,1,506,2940,350
1,1,1,508,2941,350
1,1,1,506,2941,350
1,1,1,506,2941,350
1,1,1,508,2942,350
1,1,1,506,2943,350
1,1,1,506,2943,350
1,1,1,506,2944,350
1,1,1,506,2944,350
1,1,1,508,2944,350
1,1,1,505,2945,350
1,1,1,508,2945,350
1,1,1,507,2946,350
1,1,1,506,2946,350
1,1,1,510,2947,350
1,1,1,506,2947,350
1,1,1,507,2947,350
1,1,1,506,2947,350
1,1,1,505,2949,350
1,1,1,520,2948,350
1,1,1,484,2948,350
1,1,1,483,2948,350
1,1,1,483,2949,350
1,1,1,485,2948,350
1,1,1,493,2950,350
1,1,1,493,2954,350
1,1,1,498,2953,350
1,1,1,501,2952,350
1,1,1,499,2953,350
1,1,1,487,2992,350
1,1,1,490,2953,350
1,1,1,480,2955,350
1,1,1,479,2954,350
1,1,1,481,2954,350
1,1,1,495,2956,350
1,1,1,485,2989,350
1,1,1,492,2959,350
1,1,1,497,2958,350
1,1,1,487,2981,350
1,1,1,480,2958,350
1,1,1,506,2959,350
1,1,1,501,2959,350
1,1,1,503,2960,350
1,1,1,504,2961,350
1,1,1,496,2962,350
1,1,1,486,2994,350
1,1,1,491,2964,350
1,1,1,498,2964,350
1,1,1,500,2964,350
1,1,1,485,2964,350
1,1,1,493,2964,350
1,1,1,484,2966,350
1,1,1,483,2966,350
1,1,1,479,2966,350
1,1,1,398,2963,350
1,1,1,512,2967,350
1,1,1,506,2967,350
1,1,1,508,2968,350
1,1,1,508,2969,350
1,1,1,505,2969,350
1,1,1,510,2970,350
1,1,1,504,2971,350
1,1,1,508,2971,350
1,1,1,511,2971,350
1,1,1,504,2972,350
1,1,1,508,2973,350
1,1,1,508,2973,350
1,1,1,507,2973,350
1,1,1,506,2974,350
1,1,1,493,2975,350
1,1,1,485,3007,350
1,1,1,495,2976,350
1,1,1,496,2977,350
1,1,1,500,2976,350
1,1,1,483,2976,350
1,1,1,495,2977,350
1,1,1,489,2977,350
1,1,1,482,2978,350
1,1,1,479,2978,350
1,1,1,399,2978,350
1,1,1,506,2979,350
1,1,1,507,2980,350
1,1,1,511,2981,350
1,1,1,510,2981,350
1,1,1,504,2981,350
1,1,1,508,2982,350
1,1,1,506,2983,350
1,1,1,507,2984,350
1,1,1,508,2983,350
1,1,1,506,2984,350
1,1,1,507,2986,350
1,1,1,505,2985,350
1,1,1,507,2986,350
1,1,1,507,2986,350
1,1,1,493,2988,350
1,1,1,487,3018,350
1,1,1,493,2990,350
1,1,1,498,2990,350
1,1,1,502,2989,350
1,1,1,484,2989,350
1,1,1,495,2990,350
1,1,1,485,2990,350
1,1,1,484,2990,350
1,1,1,478,2991,350
1,1,1,500,2992,350
1,1,1,485,2993,350
1,1,1,486,3025,350
1,1,1,491,2995,350
1,1,1,498,2995,350
1,1,1,457,2996,350
1,1,1,495,2995,350
1,1,1,496,3017,350
1,1,1,493,2995,350
1,1,1,494,2996,350
1,1,1,497,3051,350
1,1,1,495,2997,350
1,1,1,496,2997,350
1,1,1,494,2998,350
1,1,1,497,2998,350
1,1,1,497,3043,350
1,1,1,495,2999,350
1,1,1,496,3017,350
1,1,1,495,3000,350
1,1,1,495,3001,350
1,1,1,507,3002,350
1,1,1,499,3003,350
1,1,1,494,3003,350
1,1,1,490,3004,350
1,1,1,484,3004,350
1,1,1,499,3005,350
1,1,1,481,3005,350
1,1,1,484,3024,350
1,1,1,486,3036,350
1,1,1,492,3008,350
1,1,1,478,3006,350
1,1,1,500,3008,350
1,1,1,498,3008,350
1,1,1,494,3009,350
1,1,1,503,3010,350
1,1,1,459,3010,350
1,1,1,494,3009,350
1,1,1,496,3064,350
1,1,1,494,3010,350
1,1,1,496,3011,350
1,1,1,472,3013,350
1,1,1,519,3013,350
1,1,1,519,3014,350
1,1,1,515,3013,350
1,1,1,511,3014,350
1,1,1,517,3015,350
1,1,1,508,3038,350
1,1,1,513,3016,350
1,1,1,513,3018,350
1,1,1,515,3016,350
1,1,1,512,3017,350
1,1,1,518,3017,350
1,1,1,515,3017,350
1,1,1,514,3018,350
1,1,1,507,3019,350
1,1,1,510,3019,350
1,1,1,508,3019,350
1,1,1,507,3019,350
1,1,1,509,3021,350
1,1,1,509,3022,350
1,1,1,506,3022,350
1,1,1,509,3022,350
1,1,1,508,3023,350
1,1,1,509,3023,350
1,1,1,510,3024,350
1,1,1,507,3025,350
1,1,1,509,3025,350
1,1,1,507,3026,350
1,1,1,509,3026,350
1,1,1,509,3027,350
1,1,1,505,3027,350
1,1,1,509,3027,350
1,1,1,510,3029,350
1,1,1,509,3029,350
1,1,1,510,3029,350
1,1,1,495,3031,350
1,1,1,487,3060,350
1,1,1,495,3032,350
1,1,1,499,3032,350
1,1,1,502,3032,350
1,1,1,483,3032,350
1,1,1,497,3033,350
1,1,1,489,3032,350
1,1,1,484,3032,350
1,1,1,479,3033,350
1,1,1,501,3036,350
1,1,1,484,3034,350
1,1,1,493,3042,350
1,1,1,491,3038,350
1,1,1,499,3037,350
1,1,1,481,3037,350
1,1,1,499,3038,350
1,1,1,494,3038,350
1,1,1,490,3038,350
1,1,1,480,3038,350
1,1,1,500,3040,350
1,1,1,483,3039,350
1,1,1,487,3058,350
1,1,1,490,3045,350
1,1,1,495,3043,350
1,1,1,462,3040,350
1,1,1,496,3041,350
1,1,1,494,3042,350
1,1,1,497,3042,350
1,1,1,493,3044,350
1,1,1,494,3044,350
1,1,1,494,3044,350
1,1,1,494,3045,350
1,1,1,494,3046,350
1,1,1,496,3045,350
1,1,1,507,3048,350
1,1,1,500,3047,350
1,1,1,497,3048,350
1,1,1,492,3048,350
1,1,1,487,3048,350
1,1,1,497,3050,350
1,1,1,481,3049,350
1,1,1,488,3050,350
1,1,1,484,3090,350
1,1,1,492,3057,350
1,1,1,472,3051,350
1,1,1,493,3051,350
1,1,1,492,3053,350
1,1,1,493,3053,350
1,1,1,494,3053,350
1,1,1,494,3053,350
1,1,1,493,3054,350
1,1,1,493,3054,350
1,1,1,494,3055,350
1,1,1,493,3056,350
1,1,1,494,3055,350
1,1,1,494,3056,350
1,1,1,494,3056,350
1,1,1,494,3058,350
1,1,1,508,3058,350
1,1,1,509,3060,350
1,1,1,510,3060,350
1,1,1,511,3060,350
1,1,1,509,3061,350
1,1,1,509,3061,350
1,1,1,517,3061,350
1,1,0,552,3064,350
1,1,0,639,3062,350
1,1,0,635,3062,350
1,1,0,629,3061,350
1,1,1,592,3075,350
1,1,1,494,3060,350
1,1,1,504,3062,350
1,1,1,503,3063,350
1,1,1,500,3063,350
1,1,1,432,3063,350
1,1,1,508,3064,350
1,1,1,511,3079,350
1,1,1,508,3066,350
1,1,1,509,3066,350
1,1,1,479,3066,350
1,1,1,521,3077,350
1,1,1,524,3068,350
1,1,1,529,3067,350
1,1,1,530,3068,350
1,1,1,531,3068,350
1,1,1,527,3070,350
1,1,1,527,3070,350
1,1,1,531,3069,350
1,1,1,523,3090,350
1,1,1,527,3071,350
1,1,1,527,3071,350
1,1,1,530,3071,350
1,1,1,523,3092,350
1,1,1,525,3073,350
1,1,1,524,3075,350
1,1,1,531,3073,350
1,1,1,523,3092,350
1,1,1,528,3075,350
1,1,1,532,3075,350
1,1,1,543,3075,350
1,1,1,521,3077,350
1,1,1,521,3076,350
1,1,1,519,3077,350
1,1,1,513,3077,350
1,1,1,520,3078,350
1,1,1,511,3105,350
1,1,1,513,3081,350
1,1,1,515,3079,350
1,1,1,518,3080,350
1,1,1,516,3081,350
1,1,1,522,3081,350
1,1,1,516,3081,350
1,1,1,516,3081,350
1,1,1,510,3082,350
1,1,1,516,3082,350
1,1,1,513,3085,350
1,1,1,515,3084,350
1,1,1,518,3084,350
1,1,1,522,3084,350
1,1,1,531,3084,350
1,1,1,499,3112,350
1,1,1,500,3091,350
1,1,1,500,3112,350
1,1,1,499,3113,350
1,1,1,501,3091,350
1,1,1,500,3113,350
1,1,1,499,3115,350
1,1,1,499,3116,350
1,1,1,500,3116,350
1,1,1,501,3092,350
1,1,1,499,3119,350
1,1,1,499,3096,350
1,1,1,498,3118,350
1,1,1,498,3117,350
1,1,1,500,3096,350
1,1,1,500,3119,350
1,1,1,499,3119,350
1,1,1,500,3121,350
1,1,1,498,3121,350
1,1,1,517,3094,350
1,1,1,497,3095,350
1,1,1,489,3094,350
1,1,1,486,3096,350
1,1,1,482,3095,350
1,1,1,502,3097,350
1,1,1,486,3096,350
1,1,1,488,3127,350
1,1,1,495,3100,350
1,1,1,500,3099,350
1,1,1,484,3099,350
1,1,1,500,3099,350
1,1,1,495,3102,350
1,1,1,491,3100,350
1,1,1,486,3101,350
1,1,1,503,3102,350
1,1,1,484,3102,350
1,1,1,485,3102,350
1,1,1,487,3136,350
1,1,1,483,3104,350
1,1,1,502,3104,350
1,1,1,485,3104,350
1,1,1,492,3109,350
1,1,1,493,3107,350
1,1,1,500,3108,350
1,1,1,487,3108,350
1,1,1,486,3108,350
1,1,1,492,3108,350
1,1,1,481,3132,350
1,1,1,473,3109,350
1,1,1,444,3154,350
1,1,1,495,3109,350
1,1,1,485,3110,350
1,1,1,482,3110,350
1,1,1,479,3111,350
1,1,1,399,3110,350
1,1,1,508,3113,350
1,1,1,508,3112,350
1,1,1,507,3113,350
1,1,1,505,3114,350
1,1,1,500,3114,350
1,1,1,514,3115,350
1,1,1,516,3115,350
1,1,1,519,3116,350
1,1,1,523,3116,350
1,1,1,520,3116,350
1,1,1,516,3117,350
1,1,1,514,3116,350
1,1,1,508,3118,350
1,1,1,510,3140,350
1,1,1,509,3119,350
1,1,1,513,3121,350
1,1,1,519,3120,350
1,1,1,520,3120,350
1,1,1,520,3121,350
1,1,1,522,3122,350
1,1,1,512,3121,350
1,1,1,508,3121,350
1,1,1,510,3144,350
1,1,1,512,3125,350
1,1,1,517,3122,350
1,1,1,497,3124,350
1,1,1,494,3123,350
1,1,1,498,3125,350
1,1,1,499,3125,350
1,1,1,493,3125,350
1,1,1,499,3126,350
1,1,1,498,3127,350
1,1,1,500,3127,350
1,1,1,501,3127,350
1,1,1,495,3128,350
1,1,1,500,3128,350
1,1,1,493,3129,350
1,1,1,499,3130,350
1,1,1,498,3130,350
1,1,1,492,3130,350
1,1,1,499,3130,350
1,1,1,500,3131,350
1,1,1,500,3132,350
1,1,1,497,3134,350
1,1,1,503,3133,350
1,1,1,500,3134,350
1,1,1,501,3134,350
1,1,1,500,3135,350
1,1,1,498,3136,350
1,1,1,493,3138,350
1,1,1,486,3136,350
1,1,1,480,3135,350
1,1,1,483,3136,350
1,1,1,486,3136,350
1,1,1,493,3138,350
1,1,1,494,3140,350
1,1,1,503,3139,350
1,1,1,502,3139,350
1,1,1,500,3139,350
1,1,1,486,3189,350
1,1,1,491,3140,350
1,1,1,485,3141,350
1,1,1,479,3141,350
1,1,1,484,3141,350
1,1,1,487,3141,350
1,1,1,487,3144,350
1,1,1,480,3158,350
1,1,1,468,3142,350
1,1,1,470,3143,350
1,1,1,469,3142,350
1,1,1,501,3144,350
1,1,1,505,3145,350
1,1,1,499,3146,350
1,1,1,497,3146,350
1,1,1,430,3188,350
1,1,1,507,3147,350
1,1,1,505,3147,350
1,1,1,503,3148,350
1,1,1,505,3148,350
1,1,1,429,3148,350
1,1,1,507,3149,350
1,1,1,508,3164,350
1,1,1,513,3152,350
1,1,1,519,3151,350
1,1,1,519,3152,350
1,1,1,507,3151,350
1,1,1,508,3162,350
1,1,1,513,3155,350
1,1,1,514,3154,350
1,1,1,521,3153,350
1,1,1,511,3154,350
1,1,1,508,3154,350
1,1,1,510,3177,350
1,1,1,513,3157,350
1,1,1,511,3183,350
1,1,1,515,3156,350
1,1,1,520,3157,350
1,1,1,521,3157,350
1,1,1,517,3158,350
1,1,1,525,3173,350
1,1,1,504,3159,350
1,1,1,505,3160,350
1,1,1,505,3161,350
1,1,1,505,3161,350
1,1,1,509,3162,350
1,1,1,504,3161,350
1,1,1,507,3162,350
1,1,1,505,3163,350
1,1,1,505,3163,350
1,1,1,510,3164,350
1,1,1,506,3165,350
1,1,1,505,3164,350
1,1,1,506,3165,350
1,1,1,504,3165,350
1,1,1,510,3165,350
1,1,1,504,3167,350
1,1,1,507,3167,350
1,1,1,504,3167,350
1,1,1,506,3168,350
1,1,1,522,3167,350
1,1,1,485,3168,350
1,1,1,482,3169,350
1,1,1,483,3168,350
1,1,1,486,3169,350
1,1,1,492,3171,350
1,1,1,493,3172,350
1,1,1,503,3171,350
1,1,1,503,3172,350
1,1,1,501,3172,350
1,1,1,489,3208,350
1,1,1,491,3172,350
1,1,1,486,3173,350
1,1,1,479,3174,350
1,1,1,484,3174,350
1,1,1,497,3175,350
1,1,1,489,3205,350
1,1,1,497,3177,350
1,1,1,501,3177,350
1,1,1,502,3178,350
1,1,1,497,3177,350
1,1,1,476,3177,350
1,1,1,487,3178,350
1,1,1,492,3179,350
1,1,1,485,3182,350
1,1,1,420,3179,350
1,1,1,480,3179,350
1,1,1,483,3180,350
1,1,1,482,3181,350
1,1,1,486,3180,350
1,1,1,478,3181,350
1,1,1,498,3182,350
1,1,1,499,3183,350
1,1,1,501,3183,350
1,1,1,500,3183,350
1,1,1,483,3183,350
1,1,1,514,3185,350
1,1,1,520,3185,350
1,1,1,524,3186,350
1,1,1,523,3186,350
1,1,1,520,3187,350
1,1,1,511,3186,350
1,1,1,509,3187,350
1,1,1,509,3191,350
1,1,1,513,3190,350
1,1,1,510,3194,350
1,1,1,516,3190,350
1,1,1,521,3190,350
1,1,1,523,3190,350
1,1,1,516,3190,350
1,1,1,523,3192,350
1,1,1,510,3190,350
1,1,1,510,3196,350
1,1,1,513,3193,350
1,1,1,515,3193,350
1,1,1,529,3192,350
1,1,1,496,3194,350
1,1,1,497,3193,350
1,1,1,496,3195,350
1,1,1,496,3195,350
1,1,1,497,3196,350
1,1,1,495,3195,350
1,1,1,496,3196,350
1,1,1,497,3197,350
1,1,1,506,3197,350
1,1,1,507,3199,350
1,1,1,510,3199,350
1,1,1,509,3198,350
1,1,1,510,3200,350
1,1,1,510,3200,350
1,1,1,511,3201,350
1,1,0,568,3202,350
1,1,0,640,3201,350
1,1,0,636,3201,350
1,1,0,630,3200,350
1,1,1,621,3198,350
1,1,1,512,3200,350
1,1,1,515,3200,350
1,1,1,513,3201,350
1,1,1,512,3201,350
1,1,1,438,3203,350
1,1,1,532,3203,350
1,1,1,525,3203,350
1,1,1,522,3205,350
1,1,1,524,3204,350
1,1,1,533,3205,350
1,1,1,513,3206,350
1,1,1,524,3205,350
1,1,1,519,3207,350
1,1,1,517,3206,350
1,1,1,523,3207,350
1,1,1,508,3207,350
1,1,1,510,3228,350
1,1,1,513,3209,350
1,1,1,511,3209,350
1,1,1,512,3211,350
1,1,1,519,3210,350
1,1,1,517,3210,350
1,1,1,517,3210,350
1,1,1,515,3211,350
1,1,1,521,3212,350
1,1,1,510,3233,350
1,1,1,513,3214,350
1,1,1,513,3213,350
1,1,1,519,3213,350
1,1,1,532,3213,350
1,1,1,495,3213,350
1,1,1,497,3236,350
1,1,1,496,3214,350
1,1,1,497,3216,350
1,1,1,499,3249,350
1,1,1,497,3216,350
1,1,1,497,3216,350
1,1,1,496,3216,350
1,1,1,497,3218,350
1,1,1,500,3253,350
1,1,1,496,3217,350
1,1,1,495,3231,350
1,1,1,496,3219,350
1,1,1,497,3219,350
1,1,1,500,3247,350
1,1,1,497,3221,350
1,1,1,496,3220,350
1,1,1,495,3222,350
1,1,1,498,3220,350
1,1,1,509,3223,350
1,1,1,501,3224,350
1,1,1,494,3223,350
1,1,1,492,3224,350
1,1,1,486,3224,350
1,1,1,502,3226,350
1,1,1,483,3225,350
1,1,1,485,3226,350
1,1,1,489,3254,350
1,1,1,494,3228,350
1,1,1,480,3227,350
1,1,1,502,3228,350
1,1,1,500,3229,350
1,1,1,497,3229,350
1,1,1,491,3229,350
1,1,1,494,3231,350
1,1,1,480,3230,350
1,1,1,483,3230,350
1,1,1,487,3231,350
1,1,1,488,3259,350
1,1,1,486,3232,350
1,1,1,500,3234,350
1,1,1,499,3234,350
1,1,1,500,3234,350
1,1,1,496,3235,350
1,1,1,494,3238,350
1,1,1,485,3234,350
1,1,1,480,3235,350
1,1,1,482,3236,350
1,1,1,486,3235,350
1,1,1,482,3234,350
1,1,1,504,3236,350
1,1,1,501,3238,350
1,1,1,502,3238,350
1,1,1,506,3239,350
1,1,1,495,3239,350
1,1,1,492,3240,350
1,1,1,502,3241,350
1,1,1,503,3241,350
1,1,1,494,3242,350
1,1,1,476,3239,350
1,1,1,496,3243,350
1,1,1,493,3242,350
1,1,1,496,3242,350
1,1,1,497,3244,350
1,1,1,489,3276,350
1,1,1,511,3246,350
1,1,1,521,3245,350
1,1,1,524,3246,350
1,1,1,523,3245,350
1,1,1,520,3247,350
1,1,1,515,3246,350
1,1,1,509,3250,350
1,1,1,509,3270,350
1,1,1,513,3250,350
1,1,1,510,3270,350
1,1,1,520,3249,350
1,1,1,524,3250,350
1,1,1,521,3249,350
1,1,1,520,3250,350
1,1,1,521,3251,350
1,1,1,508,3251,350
1,1,1,511,3259,350
1,1,1,513,3253,350
1,1,1,514,3253,350
1,1,1,523,3252,350
1,1,1,495,3253,350
1,1,1,494,3253,350
1,1,1,494,3254,350
1,1,1,495,3254,350
1,1,1,498,3255,350
1,1,1,495,3256,350
1,1,1,498,3255,350
1,1,1,495,3256,350
1,1,1,495,3256,350
1,1,1,498,3257,350
1,1,1,494,3258,350
1,1,1,494,3258,350
1,1,1,495,3258,350
1,1,1,495,3259,350
1,1,1,498,3259,350
1,1,1,494,3260,350
1,1,1,498,3261,350
1,1,1,494,3261,350
1,1,1,496,3261,350
1,1,1,505,3261,350
1,1,1,502,3263,350
1,1,1,501,3263,350
1,1,1,499,3263,350
1,1,1,493,3263,350
1,1,1,499,3265,350
1,1,1,481,3264,350
1,1,1,484,3265,350
1,1,1,486,3265,350
1,1,1,488,3285,350
1,1,1,488,3266,350
1,1,1,500,3269,350
1,1,1,502,3268,350
1,1,1,501,3267,350
1,1,1,498,3267,350
1,1,1,494,3270,350
1,1,1,485,3269,350
1,1,1,484,3269,350
1,1,1,480,3269,350
1,1,1,486,3270,350
1,1,1,481,3291,350
1,1,1,493,3272,350
1,1,1,483,3294,350
1,1,1,475,3272,350
1,1,1,468,3272,350
1,1,1,463,3270,350
1,1,1,501,3274,350
1,1,1,498,3274,350
1,1,1,497,3275,350
1,1,1,490,3276,350
1,1,1,419,3275,350
1,1,1,510,3276,350
1,1,1,509,3276,350
1,1,1,511,3278,350
1,1,1,514,3278,350
1,1,1,423,3277,350
1,1,1,511,3296,350
1,1,1,510,3280,350
1,1,1,511,3280,350
1,1,1,514,3280,350
1,1,1,511,3280,350
1,1,1,525,3281,350
1,1,1,518,3280,350
1,1,1,514,3281,350
1,1,1,507,3281,350
1,1,1,515,3282,350
1,1,1,510,3284,350
1,1,1,515,3284,350
1,1,1,520,3284,350
1,1,1,522,3285,350
1,1,1,519,3285,350
1,1,1,517,3284,350
1,1,1,512,3286,350
1,1,1,508,3285,350
1,1,1,520,3287,350
1,1,1,533,3286,350
1,1,1,500,3312,350
1,1,1,499,3294,350
1,1,1,500,3313,350
1,1,1,499,3313,350
1,1,1,498,3325,350
1,1,1,496,3289,350
1,1,1,495,3289,350
1,1,1,497,3290,350
1,1,1,496,3290,350
1,1,1,498,3319,350
1,1,1,497,3291,350
1,1,1,496,3306,350
1,1,1,498,3291,350
1,1,1,496,3293,350
1,1,1,501,3321,350
1,1,1,497,3294,350
1,1,1,497,3294,350
1,1,1,497,3295,350
1,1,1,497,3294,350
1,1,1,511,3295,350
1,1,1,500,3296,350
1,1,1,494,3297,350
1,1,1,493,3297,350
1,1,1,485,3297,350
1,1,1,503,3298,350
1,1,1,484,3298,350
1,1,1,485,3298,350
1,1,1,487,3326,350
1,1,1,493,3301,350
1,1,1,480,3301,350
1,1,1,502,3302,350
1,1,1,498,3302,350
1,1,1,497,3302,350
1,1,1,491,3302,350
1,1,1,492,3304,350
1,1,1,481,3303,350
1,1,1,483,3304,350
1,1,1,486,3303,350
1,1,1,490,3331,350
1,1,1,486,3304,350
1,1,1,498,3306,350
1,1,1,499,3306,350
1,1,1,502,3306,350
1,1,1,497,3306,350
1,1,1,509,3307,350
1,1,1,467,3307,350
1,1,1,479,3309,350
1,1,1,489,3309,350
1,1,1,494,3310,350
1,1,1,406,3309,350
1,1,1,483,3310,350
1,1,1,483,3367,350
1,1,1,489,3329,350
1,1,1,491,3312,350
1,1,1,466,3345,350
1,1,1,496,3312,350
1,1,1,494,3312,350
1,1,1,494,3313,350
1,1,1,497,3312,350
1,1,1,469,3313,350
1,1,1,520,3314,350
1,1,1,518,3315,350
1,1,1,512,3315,350
1,1,1,506,3315,350
1,1,1,513,3317,350
1,1,1,510,3321,350
1,1,1,514,3317,350
1,1,1,518,3317,350
1,1,1,521,3318,350
1,1,1,513,3318,350
1,1,1,520,3319,350
1,1,1,510,3319,350
1,1,1,509,3319,350
1,1,1,511,3319,350
1,1,1,510,3320,350
1,1,1,513,3322,350
1,1,1,517,3322,350
1,1,1,517,3322,350
1,1,1,526,3322,350
1,1,1,532,3321,350
1,1,1,502,3326,350
1,1,1,500,3324,350
1,1,1,502,3327,350
1,1,1,501,3328,350
1,1,1,505,3325,350
1,1,1,500,3328,350
1,1,1,502,3329,350
1,1,1,502,3330,350
1,1,1,501,3329,350
1,1,1,504,3328,350
1,1,1,499,3332,350
1,1,1,501,3329,350
1,1,1,499,3330,350
1,1,1,501,3331,350
1,1,1,504,3330,350
1,1,1,500,3333,350
1,1,1,502,3333,350
1,1,1,499,3332,350
1,1,1,499,3331,350
1,1,1,500,3331,350
1,1,1,495,3334,350
1,1,1,503,3333,350
1,1,1,502,3333,350
1,1,1,498,3333,350
1,1,1,486,3333,350
1,1,0,558,3336,350
1,1,0,637,3333,350
1,1,0,635,3334,350
1,1,0,630,3334,350
1,1,1,615,3331,350
1,1,1,491,3348,350
1,1,1,495,3337,350
1,1,1,498,3349,350
1,1,1,496,3349,350
1,1,1,452,3335,350
1,1,1,517,3336,350
1,1,1,510,3336,350
1,1,1,506,3337,350
1,1,1,506,3346,350
1,1,1,495,3338,350
1,1,1,530,3338,350
1,1,1,526,3343,350
1,1,1,525,3339,350
1,1,1,527,3338,350
1,1,1,523,3341,350
1,1,1,527,3355,350
1,1,1,528,3340,350
1,1,1,530,3340,350
1,1,1,532,3340,350
1,1,1,532,3341,350
1,1,1,526,3341,350
1,1,1,530,3342,350
1,1,1,534,3343,350
1,1,1,527,3359,350
1,1,1,516,3343,350
1,1,1,511,3343,350
1,1,1,510,3362,350
1,1,1,514,3346,350
1,1,1,515,3345,350
1,1,1,511,3347,350
1,1,1,524,3346,350
1,1,1,520,3346,350
1,1,1,520,3347,350
1,1,1,513,3347,350
1,1,1,519,3348,350
1,1,1,511,3367,350
1,1,1,513,3350,350
1,1,1,513,3350,350
1,1,1,519,3350,350
1,1,1,513,3350,350
1,1,1,523,3350,350
1,1,1,516,3350,350
1,1,1,514,3350,350
1,1,1,509,3350,350
1,1,1,511,3352,350
1,1,1,510,3351,350
1,1,1,510,3352,350
1,1,1,512,3353,350
1,1,1,511,3353,350
1,1,1,508,3353,350
1,1,1,510,3355,350
1,1,1,508,3355,350
1,1,1,512,3356,350
1,1,1,512,3356,350
1,1,1,506,3357,350
1,1,1,510,3357,350
1,1,1,511,3358,350
1,1,1,510,3357,350
1,1,1,510,3358,350
1,1,1,507,3358,350
1,1,1,511,3359,350
1,1,1,508,3359,350
1,1,1,510,3360,350
1,1,1,511,3360,350
1,1,1,496,3361,350
1,1,1,488,3389,350
1,1,1,496,3363,350
1,1,1,501,3362,350
1,1,1,503,3362,350
1,1,1,484,3362,350
1,1,1,499,3363,350
1,1,1,488,3364,350
1,1,1,486,3364,350
1,1,1,481,3364,350
1,1,1,502,3366,350
1,1,1,486,3364,350
1,1,1,488,3393,350
1,1,1,493,3368,350
1,1,1,501,3367,350
1,1,1,483,3366,350
1,1,1,501,3368,350
1,1,1,492,3367,350
1,1,1,493,3368,350
1,1,1,485,3368,350
1,1,1,503,3371,350
1,1,1,483,3369,350
1,1,1,485,3369,350
1,1,1,487,3398,350
1,1,1,480,3370,350
1,1,1,398,3369,350
1,1,1,512,3372,350
1,1,1,508,3373,350
1,1,1,507,3373,350
1,1,1,507,3374,350
1,1,1,510,3373,350
1,1,1,509,3374,350
1,1,1,510,3375,350
1,1,1,515,3377,350
1,1,1,510,3376,350
1,1,1,497,3374,350
1,1,1,481,3375,350
1,1,1,485,3398,350
1,1,1,487,3404,350
1,1,1,494,3379,350
1,1,1,481,3377,350
1,1,1,501,3378,350
1,1,1,499,3379,350
1,1,1,496,3380,350
1,1,1,490,3380,350
1,1,1,494,3382,350
1,1,1,480,3381,350
1,1,1,481,3381,350
1,1,1,487,3380,350
1,1,1,486,3407,350
1,1,1,475,3381,350
1,1,1,500,3383,350
1,1,1,498,3384,350
1,1,1,498,3383,350
1,1,1,499,3384,350
1,1,1,493,3383,350
1,1,1,499,3385,350
1,1,1,493,3385,350
1,1,1,498,3386,350
1,1,1,498,3386,350
1,1,1,493,3386,350
1,1,1,500,3387,350
1,1,1,497,3388,350
1,1,1,498,3388,350
1,1,1,500,3388,350
1,1,1,503,3390,350
1,1,1,498,3391,350
1,1,1,503,3390,350
1,1,1,500,3390,350
1,1,1,496,3391,350
1,1,1,493,3392,350
1,1,1,486,3391,350
1,1,1,481,3392,350
1,1,1,483,3393,350
1,1,1,487,3392,350
1,1,1,493,3394,350
1,1,1,494,3395,350
1,1,1,500,3395,350
1,1,1,502,3395,350
1,1,1,500,3395,350
1,1,1,487,3439,350
1,1,1,490,3396,350
1,1,1,482,3397,350
1,1,1,480,3396,350
1,1,1,481,3396,350
1,1,1,488,3398,350
1,1,1,511,3398,350
1,1,1,505,3399,350
1,1,1,507,3400,350
1,1,1,507,3400,350
1,1,1,495,3402,350
1,1,1,488,3418,350
1,1,1,494,3403,350
1,1,1,498,3403,350
1,1,1,501,3402,350
1,1,1,484,3401,350
1,1,1,495,3403,350
1,1,1,487,3403,350
1,1,1,485,3404,350
1,1,1,479,3403,350
1,1,1,398,3404,350
1,1,1,507,3405,350
1,1,1,510,3406,350
1,1,1,508,3406,350
1,1,1,508,3406,350
1,1,1,505,3407,350
1,1,1,506,3407,350
1,1,1,504,3407,350
1,1,1,511,3408,350
1,1,1,507,3409,350
1,1,1,504,3409,350
1,1,1,512,3408,350
1,1,1,512,3409,350
1,1,1,508,3411,350
1,1,1,507,3410,350
1,1,1,496,3412,350
1,1,1,488,3436,350
1,1,1,495,3413,350
1,1,1,499,3413,350
1,1,1,502,3413,350
1,1,1,487,3412,350
1,1,1,497,3413,350
1,1,1,491,3413,350
1,1,1,485,3415,350
1,1,1,495,3415,350
1,1,1,439,3416,350
1,1,1,501,3416,350
1,1,1,502,3417,350
1,1,1,501,3418,350
1,1,1,501,3419,350
1,1,1,500,3419,350
1,1,1,501,3432,350
1,1,1,499,3432,350
1,1,1,498,3441,350
1,1,1,498,3442,350
1,1,1,499,3420,350
1,1,1,499,3442,350
1,1,1,500,3427,350
1,1,1,498,3445,350
1,1,1,498,3445,350
1,1,1,518,3421,350
1,1,1,496,3422,350
1,1,1,492,3422,350
1,1,1,484,3423,350
1,1,1,481,3423,350
1,1,1,502,3424,350
1,1,1,484,3424,350
1,1,1,498,3428,350
1,1,1,493,3426,350
1,1,1,498,3427,350
1,1,1,484,3426,350
1,1,1,502,3427,350
1,1,1,496,3427,350
1,1,1,491,3428,350
1,1,1,484,3427,350
1,1,1,408,3427,350
1,1,1,510,3428,350
1,1,1,510,3430,350
1,1,1,509,3430,350
1,1,1,510,3430,350
1,1,1,511,3430,350
1,1,1,514,3431,350
1,1,1,515,3431,350
1,1,1,515,3432,350
1,1,1,513,3432,350
1,1,1,508,3433,350
1,1,1,515,3433,350
1,1,1,508,3434,350
1,1,1,510,3434,350
1,1,1,510,3433,350
1,1,1,498,3434,350
1,1,1,483,3434,350
1,1,1,488,3435,350
1,1,1,487,3462,350
1,1,1,494,3437,350
1,1,1,479,3436,350
1,1,1,504,3437,350
1,1,1,500,3438,350
1,1,1,495,3439,350
1,1,1,491,3438,350
1,1,1,494,3440,350
1,1,1,480,3439,350
1,1,1,481,3439,350
1,1,1,488,3439,350
1,1,1,491,3445,350
1,1,1,481,3441,350
1,1,1,502,3442,350
1,1,1,499,3441,350
1,1,1,497,3442,350
1,1,1,493,3442,350
1,1,1,424,3452,350
1,1,1,506,3444,350
1,1,1,504,3444,350
1,1,1,506,3445,350
1,1,1,505,3445,350
1,1,1,515,3446,350
1,1,1,505,3446,350
1,1,1,514,3446,350
1,1,1,508,3447,350
1,1,1,505,3447,350
1,1,1,518,3446,350
1,1,1,481,3447,350
1,1,1,482,3446,350
1,1,1,485,3449,350
1,1,1,489,3448,350
1,1,1,488,3449,350
1,1,1,497,3451,350
1,1,1,501,3451,350
1,1,1,500,3451,350
1,1,1,499,3451,350
1,1,1,434,3450,350
1,1,1,503,3452,350
1,1,1,506,3454,350
1,1,1,501,3454,350
1,1,1,506,3454,350
1,1,1,504,3455,350
1,1,1,502,3456,350
1,1,1,508,3456,350
1,1,1,503,3456,350
1,1,1,504,3457,350
1,1,1,508,3456,350
1,1,1,504,3456,350
1,1,1,505,3457,350
1,1,1,504,3458,350
1,1,1,496,3457,350
1,1,1,502,3459,350
1,1,1,500,3459,350
1,1,1,499,3459,350
1,1,1,497,3459,350
1,1,1,493,3460,350
1,1,1,492,3462,350
1,1,0,556,3462,350
1,1,0,638,3460,350
1,1,0,632,3460,350
1,1,0,627,3460,350
1,1,1,605,3458,350
1,1,1,490,3460,350
1,1,1,499,3461,350
1,1,1,498,3462,350
1,1,1,502,3462,350
1,1,1,441,3461,350
1,1,1,509,3463,350
1,1,1,508,3463,350
1,1,1,507,3473,350
1,1,1,510,3464,350
1,1,1,487,3464,350
1,1,1,526,3466,350
1,1,1,522,3466,350
1,1,1,527,3466,350
1,1,1,532,3465,350
1,1,1,529,3467,350
1,1,1,527,3467,350
1,1,1,525,3468,350
1,1,1,535,3467,350
1,1,1,527,3467,350
1,1,1,530,3467,350
1,1,1,527,3470,350
1,1,1,536,3469,350
1,1,1,528,3470,350
1,1,1,526,3471,350
1,1,1,530,3470,350
1,1,1,513,3472,350
1,1,1,515,3471,350
1,1,1,517,3472,350
1,1,1,525,3472,350
1,1,1,518,3472,350
1,1,1,521,3472,350
1,1,1,512,3472,350
1,1,1,509,3474,350
1,1,1,513,3492,350
1,1,1,511,3474,350
1,1,1,515,3475,350
1,1,1,520,3475,350
1,1,1,524,3476,350
1,1,1,525,3476,350
1,1,1,522,3476,350
1,1,1,516,3476,350
1,1,1,512,3486,350
1,1,1,511,3497,350
1,1,1,514,3479,350
1,1,1,518,3477,350
1,1,1,500,3479,350
1,1,1,500,3479,350
1,1,1,501,3479,350
1,1,1,502,3480,350
1,1,1,496,3480,350
1,1,1,500,3480,350
1,1,1,496,3480,350
1,1,1,502,3482,350
1,1,1,500,3482,350
1,1,1,495,3481,350
1,1,1,500,3482,350
1,1,1,502,3483,350
1,1,1,500,3484,350
1,1,1,502,3484,350
1,1,1,497,3485,350
1,1,1,499,3484,350
1,1,1,496,3485,350
1,1,1,500,3486,350
1,1,1,499,3487,350
1,1,1,504,3486,350
1,1,1,503,3487,350
1,1,1,506,3488,350
1,1,1,502,3488,350
1,1,1,500,3488,350
1,1,1,495,3491,350
1,1,1,488,3489,350
1,1,1,485,3489,350
1,1,1,484,3490,350
1,1,1,487,3489,350
1,1,1,493,3491,350
1,1,1,496,3492,350
1,1,1,501,3492,350
1,1,1,503,3493,350
1,1,1,501,3493,350
1,1,1,488,3522,350
1,1,1,494,3493,350
1,1,1,481,3493,350
1,1,1,482,3494,350
1,1,1,484,3494,350
1,1,1,485,3493,350
1,1,1,490,3496,350
1,1,1,477,3495,350
1,1,1,471,3496,350
1,1,1,474,3497,350
1,1,1,437,3497,350
1,1,1,490,3498,350
1,1,1,482,3498,350
1,1,1,481,3498,350
1,1,1,481,3498,350
1,1,1,409,3498,350
1,1,1,515,3499,350
1,1,1,514,3501,350
1,1,1,513,3502,350
1,1,1,512,3502,350
1,1,1,411,3498,350
1,1,1,511,3503,350
1,1,1,515,3502,350
1,1,1,515,3503,350
1,1,1,520,3503,350
1,1,1,516,3504,350
1,1,1,517,3504,350
1,1,1,516,3505,350
1,1,1,509,3503,350
1,1,1,510,3523,350
1,1,1,509,3505,350
1,1,1,513,3506,350
1,1,1,516,3506,350
1,1,1,521,3508,350
1,1,1,524,3507,350
1,1,1,523,3507,350
1,1,1,513,3508,350
1,1,1,511,3508,350
1,1,1,512,3530,350
1,1,1,514,3511,350
1,1,1,518,3509,350
1,1,1,499,3510,350
1,1,1,497,3510,350
1,1,1,502,3510,350
1,1,1,501,3511,350
1,1,1,495,3512,350
1,1,1,499,3511,350
1,1,1,499,3511,350
1,1,1,499,3513,350
1,1,1,499,3513,350
1,1,1,496,3513,350
1,1,1,502,3513,350
1,1,1,495,3515,350
1,1,1,499,3515,350
1,1,1,499,3515,350
1,1,1,496,3515,350
1,1,1,499,3516,350
1,1,1,501,3517,350
1,1,1,502,3517,350
1,1,1,500,3516,350
1,1,1,504,3518,350
1,1,1,501,3518,350
1,1,1,504,3519,350
1,1,1,501,3518,350
1,1,1,498,3519,350
1,1,1,496,3521,350
1,1,1,485,3520,350
1,1,1,482,3520,350
1,1,1,484,3520,350
1,1,1,487,3520,350
1,1,1,493,3522,350
1,1,1,496,3524,350
1,1,1,503,3523,350
1,1,1,503,3524,350
1,1,1,501,3524,350
1,1,1,488,3565,350
1,1,1,492,3523,350
1,1,1,485,3524,350
1,1,1,481,3526,350
1,1,1,484,3525,350
1,1,1,485,3525,350
1,1,1,491,3528,350
1,1,1,482,3589,350
1,1,1,470,3526,350
1,1,1,471,3528,350
1,1,1,471,3526,350
1,1,1,503,3530,350
1,1,1,505,3529,350
1,1,1,500,3529,350
1,1,1,495,3530,350
1,1,1,430,3529,350
1,1,1,503,3530,350
1,1,1,507,3531,350
1,1,1,502,3532,350
1,1,1,508,3533,350
1,1,1,433,3532,350
1,1,1,508,3531,350
1,1,1,511,3539,350
1,1,1,512,3535,350
1,1,1,515,3534,350
1,1,1,513,3535,350
1,1,1,520,3535,350
1,1,1,519,3535,350
1,1,1,517,3535,350
1,1,1,515,3535,350
1,1,1,519,3536,350
1,1,1,512,3555,350
1,1,1,513,3537,350
1,1,1,516,3537,350
1,1,1,517,3537,350
1,1,1,519,3537,350
1,1,1,512,3555,350
1,1,1,513,3539,350
1,1,1,513,3539,350
1,1,1,521,3539,350
1,1,1,527,3539,350
1,1,1,500,3541,350
1,1,1,500,3542,350
1,1,1,500,3542,350
1,1,1,503,3542,350
1,1,1,506,3542,350
1,1,1,501,3543,350
1,1,1,505,3542,350
1,1,1,501,3543,350
1,1,1,501,3544,350
1,1,1,507,3545,350
1,1,1,500,3545,350
1,1,1,500,3546,350
1,1,1,502,3546,350
1,1,1,500,3547,350
1,1,1,506,3547,350
1,1,1,503,3547,350
1,1,1,505,3546,350
1,1,1,501,3548,350
1,1,1,502,3548,350
1,1,1,521,3546,350
1,1,1,492,3548,350
1,1,1,485,3549,350
1,1,1,482,3549,350
1,1,1,485,3548,350
1,1,1,498,3550,350
1,1,1,488,3573,350
1,1,1,497,3551,350
1,1,1,500,3551,350
1,1,1,504,3552,350
1,1,1,487,3552,350
1,1,1,499,3552,350
1,1,1,492,3553,350
1,1,1,489,3552,350
1,1,1,481,3553,350
1,1,1,503,3555,350
1,1,1,486,3554,350
1,1,1,494,3557,350
1,1,1,495,3556,350
1,1,1,502,3556,350
1,1,1,483,3556,350
1,1,1,503,3556,350
1,1,1,497,3556,350
1,1,1,491,3557,350
1,1,1,484,3557,350
1,1,1,507,3559,350
1,1,1,484,3557,350
1,1,1,487,3617,350
1,1,1,489,3584,350
1,1,1,495,3561,350
1,1,1,469,3594,350
1,1,1,494,3560,350
1,1,1,494,3560,350
1,1,1,493,3561,350
1,1,1,495,3562,350
1,1,1,510,3561,350
1,1,1,504,3562,350
1,1,1,495,3563,350
1,1,1,495,3561,350
1,1,1,490,3562,350
1,1,1,497,3564,350
1,1,1,485,3564,350
1,1,1,482,3564,350
1,1,1,486,3612,350
1,1,1,492,3570,350
1,1,1,471,3564,350
1,1,1,494,3567,350
1,1,1,495,3567,350
1,1,1,496,3567,350
1,1,1,495,3567,350
1,1,1,495,3568,350
1,1,1,496,3568,350
1,1,1,494,3567,350
1,1,1,495,3568,350
1,1,1,495,3569,350
1,1,1,495,3570,350
1,1,1,495,3570,350
1,1,1,493,3571,350
1,1,1,496,3570,350
1,1,1,494,3571,350
1,1,1,498,3572,350
1,1,1,496,3572,350
1,1,1,495,3572,350
1,1,1,496,3573,350
1,1,1,496,3574,350
1,1,1,502,3575,350
1,1,1,504,3574,350
1,1,1,501,3575,350
1,1,1,499,3576,350
1,1,1,494,3576,350
1,1,1,496,3577,350
1,1,1,482,3576,350
1,1,1,483,3576,350
1,1,1,482,3576,350
1,1,1,480,3578,350
1,1,1,414,3578,350
1,1,1,512,3579,350
1,1,1,513,3580,350
1,1,1,515,3581,350
1,1,1,510,3579,350
1,1,1,514,3579,350
1,1,0,566,3583,350
1,1,0,636,3582,350
1,1,0,634,3581,350
1,1,0,630,3580,350
1,1,1,625,3579,350
1,1,1,510,3579,350
1,1,1,520,3580,350
1,1,1,519,3581,350
1,1,1,516,3581,350
1,1,1,440,3585,350
1,1,1,527,3582,350
1,1,1,530,3583,350
1,1,1,523,3582,350
1,1,1,526,3584,350
1,1,1,501,3583,350
1,1,1,541,3585,350
1,1,1,540,3586,350
1,1,1,545,3585,350
1,1,1,542,3586,350
1,1,1,543,3607,350
1,1,1,543,3595,350
1,1,1,542,3586,350
1,1,1,540,3587,350
1,1,1,543,3587,350
1,1,1,553,3587,350
1,1,1,531,3587,350
1,1,1,528,3588,350
1,1,1,529,3589,350
1,1,1,533,3589,350
1,1,1,535,3589,350
1,1,1,528,3591,350
1,1,1,530,3591,350
1,1,1,533,3590,350
1,1,1,532,3591,350
1,1,1,538,3590,350
1,1,1,528,3592,350
1,1,1,537,3592,350
1,1,1,529,3592,350
1,1,1,528,3594,350
1,1,1,526,3634,350
1,1,1,535,3594,350
1,1,1,531,3593,350
1,1,1,528,3595,350
1,1,1,529,3595,350
1,1,1,538,3594,350
1,1,1,521,3594,350
1,1,1,527,3595,350
1,1,1,526,3596,350
1,1,1,523,3596,350
1,1,1,527,3596,350
1,1,1,512,3597,350
1,1,1,514,3616,350
1,1,1,517,3599,350
1,1,1,516,3600,350
1,1,1,512,3602,350
1,1,1,524,3599,350
1,1,1,523,3599,350
1,1,1,523,3601,350
1,1,1,517,3601,350
1,1,1,522,3600,350
1,1,1,512,3618,350
1,1,1,514,3602,350
1,1,1,516,3602,350
1,1,1,521,3602,350
1,1,1,531,3601,350
1,1,1,498,3602,350
1,1,1,499,3622,350
1,1,1,499,3603,350
1,1,1,498,3602,350
1,1,1,500,3655,350
1,1,1,498,3604,350
1,1,1,499,3604,350
1,1,1,499,3605,350
1,1,1,499,3605,350
1,1,1,498,3663,350
1,1,1,498,3605,350
1,1,1,499,3614,350
1,1,1,499,3607,350
1,1,1,497,3608,350
1,1,1,499,3662,350
1,1,1,497,3608,350
1,1,1,499,3609,350
1,1,1,497,3609,350
1,1,1,498,3609,350
1,1,1,512,3610,350
1,1,1,504,3611,350
1,1,1,497,3611,350
1,1,1,493,3611,350
1,1,1,487,3612,350
1,1,1,504,3613,350
1,1,1,484,3612,350
1,1,1,487,3612,350
1,1,1,489,3640,350
1,1,1,485,3614,350
1,1,1,502,3615,350
1,1,1,488,3615,350
1,1,1,495,3627,350
1,1,1,496,3617,350
1,1,1,500,3617,350
1,1,1,481,3616,350
1,1,1,504,3618,350
1,1,1,502,3618,350
1,1,1,498,3618,350
1,1,1,492,3617,350
1,1,1,495,3619,350
1,1,1,482,3618,350
1,1,1,486,3618,350
1,1,1,485,3619,350
1,1,1,490,3646,350
1,1,1,483,3621,350
1,1,1,494,3621,350
1,1,1,492,3623,350
1,1,1,476,3621,350
1,1,1,470,3622,350
1,1,1,454,3620,350
1,1,1,499,3622,350
1,1,1,493,3623,350
1,1,1,492,3625,350
1,1,1,486,3623,350
1,1,1,410,3624,350
1,1,1,515,3626,350
1,1,1,509,3625,350
1,1,1,509,3626,350
1,1,1,511,3627,350
1,1,1,510,3627,350
1,1,1,509,3626,350
1,1,1,510,3627,350
1,1,1,509,3628,350
1,1,1,510,3628,350
1,1,1,510,3628,350
1,1,1,515,3628,350
1,1,1,515,3631,350
1,1,1,514,3630,350
1,1,1,513,3631,350
1,1,1,510,3630,350
1,1,1,516,3631,350
1,1,1,509,3631,350
1,1,1,514,3632,350
1,1,1,513,3632,350
1,1,1,498,3631,350
1,1,1,484,3632,350
1,1,1,489,3631,350
1,1,1,488,3657,350
1,1,1,495,3635,350
1,1,1,481,3635,350
1,1,1,503,3636,350
1,1,1,499,3636,350
1,1,1,499,3636,350
1,1,1,492,3636,350
1,1,1,494,3638,350
1,1,1,482,3637,350
1,1,1,484,3637,350
1,1,1,487,3636,350
1,1,1,491,3650,350
1,1,1,488,3639,350
1,1,1,503,3640,350
1,1,1,503,3640,350
1,1,1,500,3640,350
1,1,1,499,3641,350
1,1,1,493,3643,350
1,1,1,484,3640,350
1,1,1,479,3640,350
1,1,1,483,3641,350
1,1,1,487,3641,350
1,1,1,483,3640,350
1,1,1,505,3642,350
1,1,1,499,3643,350
1,1,1,507,3644,350
1,1,1,503,3643,350
1,1,1,497,3645,350
1,1,1,495,3646,350
1,1,1,502,3646,350
1,1,1,503,3646,350
1,1,1,500,3645,350
1,1,1,486,3690,350
1,1,1,490,3646,350
1,1,1,482,3647,350
1,1,1,482,3648,350
1,1,1,483,3647,350
1,1,1,493,3648,350
1,1,1,507,3648,350
1,1,1,509,3649,350
1,1,1,509,3649,350
1,1,1,511,3650,350
1,1,1,507,3650,350
1,1,1,509,3651,350
1,1,1,506,3652,350
1,1,1,509,3652,350
1,1,1,508,3651,350
1,1,1,507,3653,350
1,1,1,509,3653,350
1,1,1,508,3654,350
1,1,1,511,3653,350
1,1,1,502,3655,350
1,1,1,524,3654,350
1,1,1,492,3655,350
1,1,1,480,3656,350
1,1,1,482,3656,350
1,1,1,483,3655,350
1,1,1,505,3656,350
1,1,1,486,3657,350
1,1,1,488,3671,350
1,1,1,496,3658,350
1,1,1,505,3658,350
1,1,1,462,3660,350
1,1,1,495,3658,350
1,1,1,496,3712,350
1,1,1,495,3660,350
1,1,1,496,3660,350
1,1,1,497,3706,350
1,1,1,496,3660,350
1,1,1,497,3661,350
1,1,1,498,3660,350
1,1,1,497,3662,350
1,1,1,499,3715,350
1,1,1,497,3663,350
1,1,1,496,3673,350
1,1,1,496,3663,350
1,1,1,496,3663,350
1,1,1,497,3712,350
1,1,1,497,3663,350
1,1,1,498,3666,350
1,1,1,498,3664,350
1,1,1,496,3665,350
1,1,1,512,3666,350
1,1,1,502,3667,350
1,1,1,493,3668,350
1,1,1,494,3667,350
1,1,1,486,3669,350
1,1,1,504,3669,350
1,1,1,482,3669,350
1,1,1,488,3668,350
1,1,1,490,3682,350
1,1,1,496,3671,350
1,1,1,481,3669,350
1,1,1,505,3671,350
1,1,1,498,3671,350
1,1,1,496,3672,350
1,1,1,493,3672,350
1,1,1,495,3672,350
1,1,1,481,3672,350
1,1,1,480,3671,350
1,1,1,486,3673,350
1,1,1,490,3687,350
1,1,1,485,3673,350
1,1,1,504,3674,350
1,1,1,501,3675,350
1,1,1,501,3676,350
1,1,1,498,3677,350
1,1,1,431,3710,350
1,1,1,504,3676,350
1,1,1,505,3677,350
1,1,1,504,3677,350
1,1,1,507,3677,350
1,1,1,521,3676,350
1,1,1,483,3679,350
1,1,1,483,3678,350
1,1,1,482,3677,350
1,1,1,487,3730,350
1,1,1,490,3680,350
1,1,1,495,3681,350
1,1,1,504,3681,350
1,1,1,503,3682,350
1,1,1,499,3681,350
1,1,1,436,3680,350
1,1,1,506,3684,350
1,1,1,504,3684,350
1,1,1,503,3684,350
1,1,1,507,3684,350
1,1,1,504,3684,350
1,1,1,503,3685,350
1,1,1,507,3685,350
1,1,1,506,3685,350
1,1,1,503,3688,350
1,1,1,505,3687,350
1,1,1,504,3687,350
1,1,1,506,3687,350
1,1,1,503,3688,350
1,1,1,503,3689,350
1,1,1,519,3686,350
1,1,1,489,3688,350
1,1,1,482,3688,350
1,1,1,484,3689,350
1,1,1,483,3689,350
1,1,1,497,3689,350
1,1,1,493,3692,350
1,1,1,500,3690,350
1,1,1,504,3690,350
1,1,1,502,3690,350
1,1,1,489,3691,350
1,1,1,495,3691,350
1,1,1,489,3692,350
1,1,1,481,3692,350
1,1,1,496,3693,350
1,1,1,434,3692,350
1,1,1,504,3694,350
1,1,1,502,3693,350
1,1,1,504,3695,350
1,1,1,507,3696,350
1,1,1,505,3696,350
1,1,0,555,3697,350
1,1,0,636,3695,350
1,1,0,636,3694,350
1,1,0,629,3694,350
1,1,1,630,3693,350
1,1,1,504,3695,350
1,1,1,515,3696,350
1,1,1,514,3697,350
1,1,1,520,3697,350
1,1,1,455,3697,350
1,1,1,526,3697,350
1,1,1,529,3698,350
1,1,1,531,3698,350
1,1,1,526,3700,350
1,1,1,438,3698,350
1,1,1,540,3700,350
1,1,1,539,3705,350
1,1,1,542,3699,350
1,1,1,542,3700,350
1,1,1,549,3700,350
1,1,1,523,3701,350
1,1,1,526,3701,350
1,1,1,537,3702,350
1,1,1,529,3701,350
1,1,1,533,3701,350
1,1,1,529,3702,350
1,1,1,537,3703,350
1,1,1,529,3703,350
1,1,1,526,3705,350
1,1,1,527,3742,350
1,1,1,534,3705,350
1,1,1,529,3704,350
1,1,1,528,3707,350
1,1,1,528,3706,350
1,1,1,528,3707,350
1,1,1,532,3705,350
1,1,1,527,3707,350
1,1,1,531,3708,350
1,1,1,536,3707,350
1,1,1,541,3707,350
1,1,1,524,3708,350
1,1,1,521,3708,350
1,1,1,515,3709,350
1,1,1,511,3709,350
1,1,1,518,3709,350
1,1,1,516,3712,350
1,1,1,522,3711,350
1,1,1,520,3710,350
1,1,1,524,3710,350
1,1,1,520,3713,350
1,1,1,520,3711,350
1,1,1,515,3712,350
1,1,1,513,3711,350
1,1,1,511,3730,350
1,1,1,511,3712,350
1,1,1,516,3714,350
1,1,1,522,3714,350
1,1,1,525,3714,350
1,1,1,524,3714,350
1,1,1,532,3713,350
1,1,1,502,3717,350
1,1,1,503,3716,350
1,1,1,502,3718,350
1,1,1,503,3717,350
1,1,1,508,3717,350
1,1,1,503,3718,350
1,1,1,508,3718,350
1,1,1,503,3720,350
1,1,1,502,3719,350
1,1,1,507,3719,350
1,1,1,503,3720,350
1,1,1,503,3721,350
1,1,1,502,3721,350
1,1,1,502,3721,350
1,1,1,508,3721,350
1,1,1,502,3723,350
1,1,1,507,3722,350
1,1,1,503,3724,350
1,1,1,501,3723,350
1,1,1,521,3721,350
1,1,1,494,3723,350
1,1,1,487,3723,350
1,1,1,482,3723,350
1,1,1,485,3723,350
1,1,1,500,3724,350
1,1,1,491,3745,350
1,1,1,498,3726,350
1,1,1,501,3726,350
1,1,1,506,3726,350
1,1,1,486,3725,350
1,1,1,498,3726,350
1,1,1,493,3727,350
1,1,1,486,3726,350
1,1,1,498,3728,350
1,1,1,490,3749,350
1,1,1,492,3728,350
1,1,1,481,3729,350
1,1,1,481,3730,350
1,1,1,485,3729,350
1,1,1,493,3729,350
1,1,1,477,3729,350
1,1,1,471,3731,350
1,1,1,474,3730,350
1,1,1,486,3731,350
1,1,1,483,3731,350
1,1,1,490,3743,350
1,1,1,498,3733,350
1,1,1,500,3732,350
1,1,1,504,3733,350
1,1,1,450,3733,350
1,1,1,499,3743,350
1,1,1,501,3742,350
1,1,1,501,3742,350
1,1,1,500,3743,350
1,1,1,501,3736,350
1,1,1,499,3744,350
1,1,1,500,3740,350
1,1,1,500,3756,350
1,1,1,501,3755,350
1,1,1,501,3738,350
1,1,1,500,3745,350
1,1,1,499,3756,350
1,1,1,500,3756,350
1,1,1,500,3758,350
1,1,1,501,3739,350
1,1,1,500,3756,350
1,1,1,500,3745,350
1,1,1,501,3750,350
1,1,1,499,3760,350
1,1,1,518,3741,350
1,1,1,497,3740,350
1,1,1,493,3743,350
1,1,1,486,3742,350
1,1,1,481,3741,350
1,1,1,500,3744,350
1,1,1,489,3742,350
1,1,1,495,3749,350
1,1,1,496,3745,350
1,1,1,501,3745,350
1,1,1,485,3744,350
1,1,1,502,3746,350
1,1,1,497,3746,350
1,1,1,491,3745,350
1,1,1,485,3747,350
1,1,1,502,3746,350
1,1,1,482,3747,350
1,1,1,487,3771,350
1,1,1,489,3768,350
1,1,1,495,3749,350
1,1,1,488,3748,350
1,1,1,490,3749,350
1,1,1,495,3749,350
1,1,1,484,3763,350
1,1,1,477,3750,350
1,1,1,447,3776,350
1,1,1,499,3750,350
1,1,1,486,3750,350
1,1,1,484,3752,350
1,1,1,483,3751,350
1,1,1,397,3748,350
1,1,1,507,3753,350
1,1,1,507,3753,350
1,1,1,513,3753,350
1,1,1,508,3753,350
1,1,1,505,3754,350
1,1,1,516,3756,350
1,1,1,524,3755,350
1,1,1,515,3755,350
1,1,1,521,3756,350
1,1,1,515,3756,350
1,1,1,518,3756,350
1,1,1,514,3756,350
1,1,1,508,3756,350
1,1,1,510,3774,350
1,1,1,508,3757,350
1,1,1,517,3758,350
1,1,1,518,3758,350
1,1,1,524,3758,350
1,1,1,522,3759,350
1,1,1,522,3759,350
1,1,1,516,3760,350
1,1,1,511,3760,350
1,1,1,511,3773,350
1,1,1,514,3762,350
1,1,1,519,3761,350
1,1,1,499,3760,350
1,1,1,496,3762,350
1,1,1,500,3761,350
1,1,1,500,3762,350
1,1,1,494,3761,350
1,1,1,500,3763,350
1,1,1,503,3764,350
1,1,1,500,3764,350
1,1,1,514,3766,350
1,1,1,512,3765,350
1,1,1,511,3765,350
1,1,1,513,3766,350
1,1,1,510,3767,350
1,1,1,511,3766,350
1,1,1,510,3768,350
1,1,1,508,3768,350
1,1,1,507,3769,350
1,1,1,508,3769,350
1,1,1,507,3769,350
1,1,1,523,3769,350
1,1,1,488,3768,350
1,1,1,486,3768,350
1,1,1,483,3769,350
1,1,1,488,3769,350
1,1,1,495,3771,350
1,1,1,495,3772,350
1,1,1,501,3773,350
1,1,1,503,3773,350
1,1,1,501,3772,350
1,1,1,490,3810,350
1,1,1,491,3772,350
1,1,1,482,3774,350
1,1,1,481,3773,350
1,1,1,484,3774,350
1,1,1,497,3775,350
1,1,1,489,3793,350
1,1,1,495,3776,350
1,1,1,503,3778,350
1,1,1,503,3777,350
1,1,1,499,3775,350
1,1,1,479,3776,350
1,1,1,487,3778,350
1,1,1,496,3779,350
1,1,1,485,3802,350
1,1,1,426,3778,350
1,1,1,483,3778,350
1,1,1,480,3777,350
1,1,1,483,3780,350
1,1,1,489,3779,350
1,1,1,482,3778,350
1,1,1,504,3781,350
1,1,1,500,3781,350
1,1,1,505,3781,350
1,1,1,503,3781,350
1,1,1,501,3783,350
1,1,1,507,3783,350
1,1,1,503,3782,350
1,1,1,504,3783,350
1,1,1,504,3782,350
1,1,1,502,3784,350
1,1,1,505,3784,350
1,1,1,502,3784,350
1,1,1,504,3784,350
1,1,1,504,3785,350
1,1,1,501,3785,350
1,1,1,505,3785,350
1,1,1,507,3786,350
1,1,1,504,3786,350
1,1,1,502,3787,350
1,1,1,498,3789,350
1,1,1,495,3789,350
1,1,1,504,3789,350
1,1,1,504,3789,350
1,1,1,499,3789,350
1,1,1,492,3791,350
1,1,1,489,3790,350
1,1,1,481,3789,350
1,1,1,484,3790,350
1,1,1,482,3791,350
1,1,1,495,3792,350
1,1,1,495,3796,350
1,1,1,504,3793,350
1,1,1,503,3793,350
1,1,1,504,3793,350
1,1,1,490,3792,350
1,1,1,496,3794,350
1,1,1,490,3794,350
1,1,1,483,3794,350
1,1,1,484,3794,350
1,1,1,488,3793,350
1,1,1,484,3844,350
1,1,1,476,3795,350
1,1,1,470,3795,350
1,1,1,481,3797,350
1,1,1,482,3798,350
1,1,1,496,3801,350
1,1,1,496,3799,350
1,1,1,506,3798,350
1,1,1,503,3799,350
1,1,1,445,3797,350
1,1,1,500,3801,350
1,1,1,501,3800,350
1,1,1,502,3804,350
1,1,1,501,3803,350
1,1,1,448,3801,350
1,1,1,515,3800,350
1,1,1,512,3802,350
1,1,1,510,3801,350
1,1,1,520,3803,350
1,1,1,521,3803,350
1,1,1,520,3802,350
1,1,1,509,3803,350
1,1,1,511,3802,350
1,1,1,511,3808,350
1,1,1,515,3806,350
1,1,0,572,3806,350
1,1,0,638,3805,350
1,1,0,634,3805,350
1,1,0,630,3804,350
1,1,1,614,3803,350
1,1,1,517,3801,350
1,1,1,524,3804,350
1,1,1,525,3806,350
1,1,1,530,3805,350
1,1,1,467,3830,350
1,1,1,540,3806,350
1,1,1,542,3806,350
1,1,1,541,3807,350
1,1,1,542,3808,350
1,1,1,541,3808,350
1,1,1,541,3809,350
1,1,1,541,3808,350
1,1,1,543,3815,350
1,1,1,543,3809,350
1,1,1,525,3808,350
1,1,1,528,3809,350
1,1,1,536,3809,350
1,1,1,529,3810,350
1,1,1,529,3812,350
1,1,1,525,3842,350
1,1,1,534,3810,350
1,1,1,528,3830,350
1,1,1,528,3814,350
1,1,1,531,3813,350
1,1,1,529,3812,350
1,1,1,530,3813,350
1,1,1,528,3815,350
1,1,1,530,3814,350
1,1,1,535,3814,350
1,1,1,532,3815,350
1,1,1,529,3815,350
1,1,1,533,3815,350
1,1,1,539,3815,350
1,1,1,531,3816,350
1,1,1,536,3815,350
1,1,1,515,3815,350
1,1,1,513,3816,350
1,1,1,514,3830,350
1,1,1,517,3820,350
1,1,1,513,3864,350
1,1,1,520,3819,350
1,1,1,526,3818,350
1,1,1,525,3819,350
1,1,1,521,3819,350
1,1,1,526,3821,350
1,1,1,512,3819,350
1,1,1,514,3836,350
1,1,1,516,3821,350
1,1,1,517,3821,350
1,1,1,512,3824,350
1,1,1,525,3823,350
1,1,1,522,3822,350
1,1,1,521,3823,350
1,1,1,518,3823,350
1,1,1,513,3823,350
1,1,1,515,3824,350
1,1,1,513,3824,350
1,1,1,515,3824,350
1,1,1,513,3824,350
1,1,1,515,3825,350
1,1,1,513,3826,350
1,1,1,516,3825,350
1,1,1,513,3826,350
1,1,1,513,3828,350
1,1,1,516,3828,350
1,1,1,514,3828,350
1,1,1,513,3828,350
1,1,1,514,3828,350
1,1,1,514,3828,350
1,1,1,516,3829,350
1,1,1,513,3830,350
1,1,1,515,3830,350
1,1,1,514,3830,350
1,1,1,512,3831,350
1,1,1,519,3830,350
1,1,1,481,3831,350
1,1,1,486,3831,350
1,1,1,489,3830,350
1,1,1,490,3852,350
1,1,1,489,3834,350
1,1,1,501,3833,350
1,1,1,503,3834,350
1,1,1,502,3834,350
1,1,1,497,3834,350
1,1,1,495,3836,350
1,1,1,488,3834,350
1,1,1,482,3835,350
1,1,1,485,3835,350
1,1,1,486,3836,350
1,1,1,494,3837,350
1,1,1,482,3836,350
1,1,1,483,3837,350
1,1,1,488,3838,350
1,1,1,489,3858,350
1,1,1,493,3838,350
1,1,1,494,3839,350
1,1,1,500,3839,350
1,1,1,503,3839,350
1,1,1,502,3839,350
1,1,1,509,3839,350
1,1,1,473,3840,350
1,1,1,482,3840,350
1,1,1,493,3841,350
1,1,1,492,3843,350
1,1,1,417,3841,350
1,1,1,482,3841,350
1,1,1,484,3841,350
1,1,1,487,3842,350
1,1,1,491,3853,350
1,1,1,475,3841,350
1,1,1,497,3844,350
1,1,1,494,3845,350
1,1,1,499,3845,350
1,1,1,497,3846,350
1,1,1,495,3846,350
1,1,1,499,3846,350
1,1,1,501,3846,350
1,1,1,499,3846,350
1,1,1,498,3846,350
1,1,1,496,3846,350
1,1,1,500,3847,350
1,1,1,494,3848,350
1,1,1,501,3848,350
1,1,1,500,3849,350
1,1,1,494,3847,350
1,1,1,501,3849,350
1,1,1,500,3850,350
1,1,1,499,3850,350
1,1,1,500,3850,350
1,1,1,501,3849,350
1,1,1,500,3853,350
1,1,1,502,3852,350
1,1,1,503,3852,350
1,1,1,497,3852,350
1,1,1,495,3855,350
1,1,1,487,3853,350
1,1,1,483,3852,350
1,1,1,483,3854,350
1,1,1,486,3853,350
1,1,1,492,3854,350
1,1,1,494,3855,350
1,1,1,503,3855,350
1,1,1,505,3856,350
1,1,1,500,3856,350
1,1,1,488,3898,350
1,1,1,490,3855,350
1,1,1,488,3856,350
1,1,1,481,3857,350
1,1,1,484,3857,350
1,1,1,484,3856,350
1,1,1,493,3859,350
1,1,1,484,3879,350
1,1,1,470,3859,350
1,1,1,473,3860,350
1,1,1,471,3858,350
1,1,1,500,3861,350
1,1,1,501,3861,350
1,1,1,499,3862,350
1,1,1,495,3862,350
1,1,1,430,3860,350
1,1,1,505,3863,350
1,1,1,513,3862,350
1,1,1,507,3863,350
1,1,1,504,3863,350
1,1,1,432,3863,350
1,1,1,511,3864,350
1,1,1,512,3879,350
1,1,1,512,3867,350
1,1,1,512,3866,350
1,1,1,511,3867,350
1,1,1,521,3866,350
1,1,1,519,3866,350
1,1,1,518,3865,350
1,1,1,515,3867,350
1,1,1,517,3867,350
1,1,1,511,3882,350
1,1,1,515,3869,350
1,1,1,514,3869,350
1,1,1,522,3869,350
1,1,1,516,3870,350
1,1,1,523,3870,350
1,1,1,518,3869,350
1,1,1,514,3869,350
1,1,1,510,3871,350
1,1,1,511,3870,350
1,1,1,511,3872,350
1,1,1,512,3871,350
1,1,1,512,3871,350
1,1,1,507,3873,350
1,1,1,508,3873,350
1,1,1,501,3874,350
1,1,1,505,3873,350
1,1,1,500,3875,350
1,1,1,502,3874,350
1,1,1,502,3875,350
1,1,1,502,3891,350
1,1,1,500,3893,350
1,1,1,501,3892,350
1,1,1,500,3892,350
1,1,1,503,3877,350
1,1,1,503,3893,350
1,1,1,501,3885,350
1,1,1,502,3895,350
1,1,1,500,3893,350
1,1,1,520,3877,350
1,1,1,497,3879,350
1,1,1,494,3879,350
1,1,1,486,3879,350
1,1,1,482,3879,350
1,1,1,503,3879,350
1,1,1,488,3880,350
1,1,1,496,3885,350
1,1,1,496,3882,350
1,1,1,503,3881,350
1,1,1,486,3881,350
1,1,1,503,3882,350
1,1,1,499,3882,350
1,1,1,495,3882,350
1,1,1,488,3882,350
1,1,1,505,3884,350
1,1,1,484,3883,350
1,1,1,489,3910,350
1,1,1,487,3905,350
1,1,1,495,3886,350
1,1,1,488,3885,350
1,1,1,492,3885,350
1,1,1,495,3886,350
1,1,1,485,3908,350
1,1,1,475,3886,350
1,1,1,446,3911,350
1,1,1,498,3887,350
1,1,1,489,3888,350
1,1,1,486,3888,350
1,1,1,481,3887,350
1,1,1,399,3886,350
1,1,1,512,3889,350
1,1,1,509,3890,350
1,1,1,512,3889,350
1,1,1,508,3889,350
1,1,1,506,3891,350
1,1,1,508,3891,350
1,1,1,507,3890,350
1,1,1,509,3892,350
1,1,1,509,3892,350
1,1,1,509,3892,350
1,1,1,509,3893,350
1,1,1,509,3893,350
1,1,1,513,3893,350
1,1,1,509,3894,350
1,1,1,504,3894,350
1,1,1,508,3895,350
1,1,1,504,3894,350
1,1,1,508,3894,350
1,1,1,511,3895,350
1,1,1,500,3897,350
1,1,1,493,3899,350
1,1,1,497,3898,350
1,1,1,504,3897,350
1,1,1,502,3898,350
1,1,1,488,3897,350
1,1,1,497,3897,350
1,1,1,484,3898,350
1,1,1,482,3899,350
1,1,1,483,3898,350
1,1,1,501,3899,350
1,1,1,488,3900,350
1,1,1,492,3903,350
1,1,1,496,3901,350
1,1,1,502,3901,350
1,1,1,485,3899,350
1,1,1,501,3901,350
1,1,1,493,3901,350
1,1,1,489,3901,350
1,1,1,483,3903,350
1,1,1,506,3903,350
1,1,1,477,3902,350
1,1,1,472,3903,350
1,1,1,477,3904,350
1,1,1,486,3905,350
1,1,1,487,3908,350
1,1,1,487,3955,350
1,1,1,497,3906,350
1,1,1,500,3906,350
1,1,1,505,3905,350
1,1,1,456,3905,350
1,1,1,499,3954,350
1,1,1,497,3907,350
1,1,1,497,3948,350
1,1,1,499,3909,350
1,1,1,494,3907,350
1,1,1,517,3910,350
1,1,1,516,3909,350
1,1,1,521,3909,350
1,1,1,526,3911,350
1,1,1,515,3910,350
1,1,0,568,3912,350
1,1,0,638,3911,350
1,1,0,635,3911,350
1,1,0,628,3909,350
1,1,1,632,3909,350
1,1,1,522,3910,350
1,1,1,525,3910,350
1,1,1,522,3909,350
1,1,1,527,3911,350
1,1,1,502,3911,350
1,1,1,541,3912,350
1,1,1,540,3913,350
1,1,1,544,3912,350
1,1,1,541,3912,350
1,1,1,543,3936,350
1,1,1,543,3918,350
1,1,1,543,3914,350
1,1,1,543,3914,350
1,1,1,544,3915,350
1,1,1,540,3915,350
1,1,1,541,3916,350
1,1,1,543,3916,350
1,1,1,548,3922,350
1,1,1,543,3915,350
1,1,1,527,3916,350
1,1,1,529,3917,350
1,1,1,534,3916,350
1,1,1,532,3917,350
1,1,1,529,3918,350
1,1,1,525,3963,350
1,1,1,539,3919,350
1,1,1,533,3918,350
1,1,1,529,3920,350
1,1,1,531,3920,350
1,1,1,531,3920,350
1,1,1,531,3919,350
1,1,1,528,3921,350
1,1,1,530,3920,350
1,1,1,539,3921,350
1,1,1,534,3921,350
1,1,1,528,3923,350
1,1,1,530,3921,350
1,1,1,539,3923,350
1,1,1,531,3923,350
1,1,1,537,3924,350
1,1,1,516,3922,350
1,1,1,514,3944,350
1,1,1,514,3936,350
1,1,1,517,3925,350
1,1,1,516,3971,350
1,1,1,521,3924,350
1,1,1,525,3925,350
1,1,1,526,3926,350
1,1,1,521,3925,350
1,1,1,527,3927,350
1,1,1,512,3926,350
1,1,1,512,3931,350
1,1,1,517,3927,350
1,1,1,518,3927,350
1,1,1,515,3928,350
1,1,1,524,3928,350
1,1,1,525,3927,350
1,1,1,522,3928,350
1,1,1,517,3927,350
1,1,1,511,3929,350
1,1,1,515,3928,350
1,1,1,516,3929,350
1,1,1,514,3930,350
1,1,1,514,3930,350
1,1,1,515,3930,350
1,1,1,514,3930,350
1,1,1,514,3931,350
1,1,1,514,3931,350
1,1,1,515,3932,350
1,1,1,516,3932,350
1,1,1,513,3932,350
1,1,1,516,3933,350
1,1,1,515,3934,350
1,1,1,514,3934,350
1,1,1,516,3934,350
1,1,1,514,3934,350
1,1,1,514,3934,350
1,1,1,513,3935,350
1,1,1,514,3935,350
1,1,1,518,3934,350
1,1,1,482,3936,350
1,1,1,486,3935,350
1,1,1,488,3935,350
1,1,1,491,3955,350
1,1,1,488,3935,350
1,1,1,502,3939,350
1,1,1,505,3938,350
1,1,1,504,3939,350
1,1,1,502,3940,350
1,1,1,481,3939,350
1,1,1,505,3940,350
1,1,1,501,3941,350
1,1,1,498,3940,350
1,1,1,494,3940,350
1,1,1,494,3943,350
1,1,1,487,3940,350
1,1,1,481,3941,350
1,1,1,484,3941,350
1,1,1,488,3940,350
1,1,1,483,3949,350
1,1,1,494,3944,350
1,1,1,490,3944,350
1,1,1,474,3943,350
1,1,1,469,3944,350
1,1,1,479,3944,350
1,1,1,491,3945,350
1,1,1,495,3944,350
1,1,1,484,3955,350
1,1,1,477,3944,350
1,1,1,447,3969,350
1,1,1,497,3946,350
1,1,1,489,3946,350
1,1,1,484,3947,350
1,1,1,482,3947,350
1,1,1,397,3945,350
1,1,1,508,3948,350
1,1,1,510,3948,350
1,1,1,511,3949,350
1,1,1,510,3948,350
1,1,1,505,3949,350
1,1,1,516,3952,350
1,1,1,520,3951,350
1,1,1,521,3951,350
1,1,1,524,3950,350
1,1,1,519,3952,350
1,1,1,519,3951,350
1,1,1,515,3952,350
1,1,1,508,3951,350
1,1,1,512,3964,350
1,1,1,509,3953,350
1,1,1,512,3953,350
1,1,1,521,3953,350
1,1,1,528,3953,350
1,1,1,523,3954,350
1,1,1,523,3954,350
1,1,1,515,3956,350
1,1,1,510,3955,350
1,1,1,511,3968,350
1,1,1,514,3957,350
1,1,1,517,3955,350
1,1,1,500,3955,350
1,1,1,496,3957,350
1,1,1,500,3958,350
1,1,1,502,3957,350
1,1,1,496,3957,350
1,1,1,503,3956,350
1,1,1,500,3958,350
1,1,1,502,3958,350
1,1,1,502,3959,350
1,1,1,495,3959,350
1,1,1,500,3959,350
1,1,1,498,3959,350
1,1,1,500,3960,350
1,1,1,501,3962,350
1,1,1,495,3961,350
1,1,1,499,3961,350
1,1,1,499,3962,350
1,1,1,500,3962,350
1,1,1,502,3962,350
1,1,1,503,3963,350
1,1,1,502,3963,350
1,1,1,503,3963,350
1,1,1,502,3964,350
1,1,1,500,3964,350
1,1,1,497,3966,350
1,1,1,486,3964,350
1,1,1,481,3965,350
1,1,1,484,3966,350
1,1,1,486,3965,350
1,1,1,496,3966,350
1,1,1,495,3968,350
1,1,1,502,3967,350
1,1,1,506,3967,350
1,1,1,502,3969,350
1,1,1,489,4003,350
1,1,1,495,3968,350
1,1,1,486,3969,350
1,1,1,483,3968,350
1,1,1,484,3969,350
1,1,1,486,3969,350
1,1,1,491,3972,350
1,1,1,484,4002,350
1,1,1,470,3969,350
1,1,1,474,3972,350
1,1,1,480,3971,350
1,1,1,492,3972,350
1,1,1,493,3973,350
1,1,1,478,3972,350
1,1,1,484,3984,350
1,1,1,420,3973,350
1,1,1,481,3973,350
1,1,1,485,3974,350
1,1,1,488,3974,350
1,1,1,488,3984,350
1,1,1,483,3974,350
1,1,1,506,3976,350
1,1,1,505,3976,350
1,1,1,505,3976,350
1,1,1,502,3976,350
1,1,1,489,4000,350
1,1,1,513,3978,350
1,1,1,522,3978,350
1,1,1,521,3978,350
1,1,1,521,3978,350
1,1,1,524,3979,350
1,1,1,516,3979,350
1,1,1,509,3979,350
1,1,1,512,3995,350
1,1,1,514,3981,350
1,1,1,511,4015,350
1,1,1,520,3980,350
1,1,1,526,3980,350
1,1,1,521,3982,350
1,1,1,518,3981,350
1,1,1,528,3982,350
1,1,1,505,3983,350
1,1,1,508,3982,350
1,1,1,508,3983,350
1,1,1,508,3985,350
1,1,1,514,3984,350
1,1,1,508,3985,350
1,1,1,508,3984,350
1,1,1,507,3986,350
1,1,1,505,3985,350
1,1,1,512,3986,350
1,1,1,507,3987,350
1,1,1,506,3986,350
1,1,1,508,3987,350
1,1,1,507,3987,350
1,1,1,510,3987,350
1,1,1,509,3988,350
1,1,1,510,3987,350
1,1,1,507,3989,350
1,1,1,506,3989,350
1,1,1,519,3989,350
1,1,1,487,3989,350
1,1,1,483,3988,350
1,1,1,484,3989,350
1,1,1,488,3989,350
1,1,1,493,3991,350
1,1,1,496,3992,350
1,1,1,505,3991,350
1,1,1,505,3990,350
1,1,1,502,3992,350
1,1,1,488,4035,350
1,1,1,492,3992,350
1,1,1,488,3992,350
1,1,1,482,3993,350
1,1,1,485,3993,350
1,1,0,559,3996,350
1,1,0,646,3994,350
1,1,0,641,3994,350
1,1,0,640,3994,350
1,1,0,640,3994,350
1,1,0,643,3993,350
1,1,0,644,3994,350
1,1,0,646,3992,350
1,1,0,646,3993,350
1,1,0,646,3993,350
1,1,0,648,3994,350
1,1,0,648,3993,350
1,1,0,648,3993,350
1,1,0,651,3992,350
1,1,0,652,3992,350
1,1,1,651,3991,350
1,1,1,586,3994,350
1,1,1,588,3993,350
1,1,1,590,3992,350
1,1,1,595,3992,350
1,1,0,622,3994,350
1,1,0,658,3994,350
1,1,0,653,3994,350
1,1,0,653,3993,350
1,1,0,652,3993,350
1,1,1,620,3991,350
1,1,1,553,3992,350
1,1,1,554,3993,350
1,1,1,554,3994,350
1,1,1,557,3994,350
1,1,0,602,3997,350
1,1,0,658,3995,350
1,1,0,653,3994,350
1,1,0,653,3995,350
1,1,0,658,3995,350
1,1,0,658,3993,350
1,1,0,655,3994,350
1,1,0,659,3993,350
1,1,0,659,3994,350
1,1,0,656,3994,350
1,1,0,658,3993,350
1,1,0,659,3993,350
1,1,0,659,3994,350
1,1,0,659,3993,350
1,1,0,661,3992,350
1,1,1,657,3992,350
1,1,0,627,3994,350
1,1,0,651,3994,350
1,1,0,650,3995,350
1,1,0,644,3994,350
1,1,0,644,3993,350
1,1,0,637,3994,350
1,1,0,639,3993,350
1,1,0,634,3994,350
1,1,0,636,3992,350
1,1,0,629,3993,350
1,1,0,632,3994,350
1,1,0,627,3993,350
1,1,1,604,3993,350
1,1,1,569,3992,350
1,1,1,571,3994,350
1,1,1,571,3994,350
1,1,1,574,3994,350
1,1,0,601,3995,350
1,1,0,641,3994,350
1,1,0,638,3995,350
1,1,0,638,3995,350
1,1,0,643,3994,350
1,1,0,644,3995,350
1,1,0,643,3994,350
1,1,0,646,3995,350
1,1,0,647,3994,350
1,1,0,646,3995,350
1,1,0,641,3993,350
1,1,0,643,3995,350
1,1,0,638,3994,350
1,1,0,638,3994,350
1,1,0,639,3994,350
1,1,0,641,3993,350
1,1,0,644,3993,350
1,1,0,644,3994,350
1,1,0,646,3994,350
1,1,0,645,3994,350
1,1,0,643,3994,350
1,1,0,644,3993,350
1,1,0,641,3993,350
1,1,0,640,3993,350
1,1,0,643,3993,350
1,1,1,619,3992,350
1,1,1,578,3993,350
1,1,1,584,3994,350
1,1,1,580,3987,350
1,1,0,612,3995,350
1,1,0,640,3994,350
1,1,0,640,3993,350
1,1,0,636,3995,350
1,1,0,637,3994,350
1,1,0,643,3994,350
1,1,0,643,3993,350
1,1,0,645,3994,350
1,1,0,646,3993,350
1,1,0,646,3994,350
1,1,0,646,3993,350
1,1,1,643,3992,350
1,1,0,610,3994,350
1,1,0,645,3993,350
1,1,0,640,3994,350
1,1,0,642,3994,350
1,1,0,644,3994,350
1,1,0,644,3994,350
1,1,0,646,3993,350
1,1,0,646,3994,350
1,1,0,647,3994,350
1,1,1,633,3992,350
1,1,0,588,3994,350
1,1,0,642,3995,350
1,1,0,643,3994,350
1,1,0,643,3994,350
1,1,1,643,3993,350
1,1,1,541,3994,350
1,1,1,548,3998,350
1,1,1,549,3994,350
1,1,0,594,3996,350
1,1,0,646,3995,350
1,1,0,644,3996,350
1,1,0,642,3995,350
1,1,0,641,3994,350
1,1,0,643,3995,350
1,1,0,644,3995,350
1,1,0,645,3994,350
1,1,0,645,3995,350
1,1,0,648,3995,350
1,1,0,647,3994,350
1,1,0,646,3994,350
1,1,0,646,3993,350
1,1,0,641,3995,350
1,1,0,644,3994,350
1,1,0,641,3993,350
1,1,0,644,3993,350
1,1,1,614,3993,350
1,1,1,574,3994,350
1,1,1,579,3993,350
1,1,1,586,3994,350
1,1,1,584,3994,350
1,1,0,613,3995,350
1,1,0,647,3995,350
1,1,0,647,3995,350
1,1,0,648,3995,350
1,1,0,646,3995,350
1,1,0,648,3994,350
1,1,0,649,3994,350
1,1,0,650,3995,350
1,1,0,651,3996,350
1,1,0,647,3995,350
1,1,0,649,3995,350
1,1,0,646,3994,350
1,1,0,647,3993,350
1,1,0,644,3993,350
1,1,0,646,3995,350
1,1,0,644,3994,350
1,1,0,645,3993,350
1,1,0,643,3994,350
1,1,0,645,3994,350
1,1,0,643,3993,350
1,1,0,643,3994,350
1,1,0,643,3994,350
1,1,0,643,3994,350
1,1,1,641,3994,350
1,1,0,604,3994,350
1,1,0,644,3994,350
1,1,0,644,3994,350
1,1,0,644,3993,350
1,1,0,644,3994,350
1,1,0,644,3993,350
1,1,0,643,3995,350
1,1,0,644,3994,350
1,1,1,594,3990,350
1,1,1,544,3994,350
1,1,1,544,3995,350
1,1,1,552,3994,350
1,1,1,547,3995,350
1,1,0,595,3997,350
1,1,0,648,3996,350
1,1,0,646,3995,350
1,1,0,646,3996,350
1,1,0,648,3995,350
1,1,0,649,3995,350
1,1,0,648,3996,350
1,1,0,649,3994,350
1,1,0,652,3994,350
1,1,0,652,3995,350
1,1,0,652,3995,350
1,1,0,657,3995,350
1,1,0,652,3995,350
1,1,0,648,3995,350
1,1,0,646,3995,350
1,1,0,646,3994,350
1,1,0,647,3993,350
1,1,0,649,3995,350
1,1,0,650,3993,350
1,1,0,651,3995,350
1,1,0,653,3994,350
1,1,0,653,3993,350
1,1,0,653,3994,350
1,1,0,652,3995,350
1,1,0,652,3993,350
1,1,1,627,4028,350
1,1,1,591,3992,350
1,1,1,599,3993,350
1,1,1,590,4007,350
1,1,1,590,3996,350
1,1,0,622,3996,350
1,1,0,659,3994,350
1,1,0,652,3994,350
1,1,0,652,3995,350
1,1,0,649,3995,350
1,1,0,648,3995,350
1,1,0,649,3994,350
1,1,0,650,3994,350
1,1,0,652,3994,350
1,1,0,652,3994,350
1,1,1,648,3995,350
1,1,1,584,3994,350
1,1,1,588,3995,350
1,1,1,597,3995,350
1,1,1,593,3995,350
1,1,0,625,3996,350
1,1,0,660,3996,350
1,1,0,659,3995,350
1,1,0,653,3995,350
1,1,0,659,3995,350
1,1,0,655,3995,350
1,1,0,660,3995,350
1,1,0,653,3995,350
1,1,0,652,3995,350
1,1,0,651,3996,350
1,1,0,651,3996,350
1,1,0,651,3995,350
1,1,0,654,3995,350
1,1,0,653,3995,350
1,1,0,654,3994,350
1,1,0,653,3994,350
1,1,0,654,3994,350
1,1,0,654,3993,350
1,1,0,658,3994,350
1,1,0,656,3993,350
1,1,0,659,3993,350
1,1,0,659,3993,350
1,1,0,659,3993,350
1,1,0,659,3994,350
1,1,0,661,3992,350
1,1,0,661,3992,350
1,1,0,662,3993,350
1,1,0,658,3993,350
1,1,0,656,3994,350
1,1,0,651,3993,350
1,1,0,650,3994,350
1,1,0,654,3993,350
1,1,0,658,3994,350
1,1,0,652,3994,350
1,1,0,660,3994,350
1,1,0,655,3994,350
1,1,0,659,3993,350
1,1,0,660,3992,350
1,1,0,660,3993,350
1,1,0,659,3994,350
1,1,1,629,4029,350
1,1,1,599,3992,350
1,1,1,594,3995,350
1,1,1,594,3993,350
1,1,1,602,3994,350
1,1,0,625,3996,350
1,1,0,663,3994,350
1,1,0,656,3994,350
1,1,0,654,3994,350
1,1,0,653,3996,350
1,1,1,605,3993,350
1,1,1,552,3995,350
1,1,1,551,3996,350
1,1,1,560,3995,350
1,1,1,552,3997,350
1,1,0,602,3998,350
1,1,0,657,3997,350
1,1,0,660,3996,350
1,1,0,653,3995,350
1,1,0,659,3996,350
1,1,0,655,3996,350
1,1,0,658,3995,350
1,1,0,656,3995,350
1,1,0,658,3995,350
1,1,0,658,3995,350
1,1,0,661,3995,350
1,1,0,659,3996,350
1,1,0,657,3995,350
1,1,0,655,3994,350
1,1,0,654,3995,350
1,1,0,659,3996,350
1,1,0,654,3995,350
1,1,0,655,3995,350
1,1,0,654,3996,350
1,1,0,659,3996,350
1,1,0,659,3995,350
1,1,0,660,3995,350
1,1,0,660,3996,350
1,1,0,660,3994,350
1,1,0,660,3994,350
1,1,0,662,3994,350
1,1,0,661,3994,350
1,1,0,662,3994,350
1,1,0,661,3995,350
1,1,0,663,3995,350
1,1,0,663,3993,350
1,1,0,663,3994,350
1,1,0,662,3994,350
1,1,0,665,3993,350
1,1,0,666,3994,350
1,1,0,665,3993,350
1,1,0,664,3994,350
1,1,0,666,3994,350
1,1,0,665,3993,350
1,1,0,665,3994,350
1,1,0,667,3994,350
1,1,0,668,3993,350
1,1,0,664,3992,350
1,1,0,664,3993,350
1,1,0,667,3993,350
1,1,1,646,3992,350
1,1,1,599,3993,350
1,1,1,606,3993,350
1,1,1,599,4028,350
1,1,1,597,3994,350
1,1,0,628,3995,350
1,1,0,668,3994,350
1,1,0,664,3994,350
1,1,0,665,3994,350
1,1,0,666,3995,350
1,1,0,666,3994,350
1,1,0,665,3995,350
1,1,0,666,3994,350
1,1,0,664,3995,350
1,1,0,664,3995,350
1,1,0,665,3993,350
1,1,0,666,3994,350
1,1,0,666,3994,350
1,1,0,665,3994,350
1,1,0,666,3995,350
1,1,0,665,3994,350
1,1,0,658,3994,350
1,1,0,653,3995,350
1,1,0,646,3994,350
1,1,0,647,3995,350
1,1,0,643,3995,350
1,1,0,642,3994,350
1,1,0,639,3995,350
1,1,0,637,3995,350
1,1,0,633,3994,350
1,1,0,634,3994,350
1,1,0,631,3996,350
1,1,0,633,3995,350
1,1,0,627,3994,350
1,1,0,631,3994,350
1,1,0,626,3994,350
1,1,0,630,3994,350
1,1,0,631,3995,350
1,1,0,634,3994,350
1,1,0,636,3994,350
1,1,0,639,3995,350
1,1,0,637,3995,350
1,1,0,643,3996,350
1,1,0,640,3995,350
1,1,0,642,3994,350
1,1,0,644,3994,350
1,1,0,646,3995,350
1,1,0,647,3995,350
1,1,0,648,3994,350
1,1,0,648,3994,350
1,1,0,651,3995,350
1,1,0,649,3994,350
1,1,0,650,3994,350
1,1,0,649,3995,350
1,1,0,653,3994,350
1,1,0,650,3995,350
1,1,0,650,3993,350
1,1,0,651,3993,350
1,1,0,651,3994,350
1,1,0,655,3993,350
1,1,0,657,3993,350
1,1,0,656,3993,350
1,1,0,657,3993,350
1,1,0,652,3994,350
1,1,0,652,3992,350
1,1,1,630,3992,350
1,1,0,621,3994,350
1,1,0,654,3994,350
1,1,0,651,3995,350
1,1,0,655,3993,350
1,1,0,655,3994,350
1,1,0,658,3995,350
1,1,0,653,3992,350
1,1,0,654,3992,350
1,1,0,659,3993,350
1,1,1,658,3993,350
1,1,1,598,3992,350
1,1,1,595,3992,350
1,1,1,591,3994,350
1,1,1,592,3995,350
1,1,1,594,3995,350
1,1,1,561,3995,350
1,1,1,558,3995,350
1,1,1,558,3995,350
1,1,1,562,4012,350
1,1,0,603,3998,350
1,1,0,658,3997,350
1,1,0,656,3996,350
1,1,0,652,3996,350
1,1,0,659,3996,350
1,1,0,653,3995,350
1,1,0,660,3996,350
1,1,0,654,3996,350
1,1,0,655,3995,350
1,1,0,656,3994,350
1,1,0,660,3995,350
1,1,0,658,3995,350
1,1,0,660,3996,350
1,1,0,659,3996,350
1,1,0,659,3994,350
1,1,0,662,3994,350
1,1,0,663,3995,350
1,1,0,662,3995,350
1,1,0,661,3994,350
1,1,0,664,3994,350
1,1,0,663,3994,350
1,1,0,661,3994,350
1,1,0,661,3995,350
1,1,0,659,3995,350
1,1,0,659,3995,350
1,1,0,658,3995,350
1,1,0,657,3994,350
1,1,0,658,3994,350
1,1,0,659,3994,350
1,1,0,661,3994,350
1,1,0,662,3995,350
1,1,0,663,3993,350
1,1,0,662,3994,350
1,1,0,661,3994,350
1,1,0,661,3993,350
1,1,0,662,3994,350
1,1,0,664,3995,350
1,1,0,665,3994,350
1,1,0,663,3993,350
1,1,0,662,3994,350
1,1,0,664,3996,350
1,1,0,664,3993,350
1,1,0,664,3993,350
1,1,0,662,3994,350
1,1,0,660,3995,350
1,1,0,659,3994,350
1,1,0,661,3994,350
1,1,0,661,3994,350
1,1,0,662,3995,350
1,1,0,663,3994,350
1,1,0,661,3994,350
1,1,0,661,3994,350
1,1,0,662,3994,350
1,1,0,664,3993,350
1,1,0,663,3994,350
1,1,0,664,3992,350
1,1,0,664,3993,350
1,1,0,664,3994,350
1,1,0,665,3993,350
1,1,0,666,3993,350
1,1,1,642,3992,350
1,1,0,627,3993,350
1,1,0,665,3994,350
1,1,0,662,3995,350
1,1,0,660,3994,350
1,1,0,659,3994,350
1,1,0,661,3994,350
1,1,0,663,3994,350
1,1,0,662,3993,350
1,1,0,662,3992,350
1,1,1,663,3992,350
1,1,1,603,3993,350
1,1,1,602,3994,350
1,1,1,596,3995,350
1,1,1,599,3995,350
1,1,0,625,3995,350
1,1,0,666,3995,350
1,1,0,664,3994,350
1,1,0,663,3995,350
1,1,0,665,3995,350
1,1,0,664,3994,350
1,1,0,665,3995,350
1,1,0,663,3994,350
1,1,0,662,3994,350
1,1,0,662,3995,350
1,1,0,660,3994,350
1,1,0,663,3994,350
1,1,0,662,3994,350
1,1,0,664,3994,350
1,1,0,662,3994,350
1,1,0,664,3995,350
1,1,0,664,3994,350
1,1,0,664,3995,350
1,1,0,663,3994,350
1,1,0,665,3994,350
1,1,1,666,3993,350
1,1,1,602,3993,350
1,1,1,596,3999,350
1,1,1,598,3994,350
1,1,1,601,3996,350
1,1,0,625,3996,350
1,1,0,668,3996,350
1,1,0,663,3995,350
1,1,0,663,3996,350
1,1,0,662,3996,350
1,1,0,662,3995,350
1,1,0,661,3995,350
1,1,0,662,3996,350
1,1,0,663,3995,350
1,1,0,664,3995,350
1,1,0,663,3996,350
1,1,0,666,3994,350
1,1,0,665,3995,350
1,1,0,663,3994,350
1,1,0,666,3996,350
1,1,0,664,3994,350
1,1,0,665,3994,350
1,1,0,666,3994,350
1,1,0,666,3994,350
1,1,0,666,3995,350
1,1,0,667,3994,350
1,1,0,667,3994,350
1,1,0,664,3996,350
1,1,0,662,3994,350
1,1,0,661,3995,350
1,1,0,662,3994,350
1,1,0,663,3994,350
1,1,0,662,3994,350
1,1,0,662,3994,350
1,1,0,663,3994,350
1,1,0,663,3994,350
1,1,0,664,3993,350
1,1,0,664,3994,350
1,1,0,664,3992,350
1,1,0,665,3994,350
1,1,0,666,3994,350
1,1,0,666,3993,350
1,1,0,665,3994,350
1,1,0,667,3994,350
1,1,0,665,3994,350
1,1,1,666,3993,350
1,1,0,609,3996,350
1,1,0,666,3995,350
1,1,0,663,3994,350
1,1,0,663,3995,350
1,1,0,663,3994,350
1,1,0,662,3994,350
1,1,0,665,3994,350
1,1,0,663,3993,350
1,1,0,664,3993,350
1,1,1,635,3994,350
1,1,1,599,3994,350
1,1,1,605,3995,350
1,1,1,600,3994,350
1,1,1,597,3996,350
1,1,0,633,3996,350
1,1,0,666,3995,350
1,1,0,664,3995,350
1,1,0,665,3995,350
1,1,0,664,3994,350
1,1,0,665,3994,350
1,1,0,666,3995,350
1,1,0,664,3994,350
1,1,0,663,3995,350
1,1,0,661,3995,350
1,1,0,663,3996,350
1,1,0,662,3994,350
1,1,0,662,3995,350
1,1,0,663,3994,350
1,1,0,665,3995,350
1,1,0,665,3995,350
1,1,0,664,3995,350
1,1,0,665,3995,350
1,1,0,666,3994,350
1,1,0,666,3994,350
1,1,0,668,3994,350
1,1,0,667,3994,350
1,1,0,665,3994,350
1,1,0,665,3995,350
1,1,0,666,3995,350
1,1,0,666,3996,350
1,1,0,667,3995,350
1,1,0,664,3994,350
1,1,0,662,3995,350
1,1,0,663,3995,350
1,1,0,662,3994,350
1,1,0,664,3994,350
1,1,0,665,3994,350
1,1,0,664,3994,350
1,1,0,666,3994,350
1,1,0,664,3995,350
1,1,0,666,3994,350
1,1,0,667,3993,350
1,1,0,666,3994,350
1,1,0,666,3994,350
1,1,0,667,3994,350
1,1,0,666,3994,350
1,1,0,665,3995,350
1,1,0,666,3994,350
1,1,0,667,3994,350
1,1,0,667,3993,350
1,1,0,666,3993,350
1,1,0,665,3992,350
1,1,0,665,3994,350
1,1,0,665,3994,350
1,1,0,668,3993,350
1,1,0,667,3993,350
1,1,0,666,3994,350
1,1,0,664,3992,350
1,1,0,665,3994,350
1,1,0,665,3993,350
1,1,0,666,3993,350
1,1,0,665,3994,350
1,1,0,668,3994,350
1,1,0,667,3993,350
1,1,1,659,3994,350
1,1,1,594,3994,350
1,1,1,601,3992,350
1,1,1,609,3994,350
1,1,1,597,4030,350
1,1,0,637,3996,350
1,1,0,669,3995,350
1,1,0,668,3995,350
1,1,0,665,3995,350
1,1,0,666,3995,350
1,1,0,665,3995,350
1,1,0,665,3994,350
1,1,0,665,3995,350
1,1,0,666,3995,350
1,1,0,666,3995,350
1,0,1,666,3994,350
1,0,1,602,3993,350
1,0,1,597,4027,350
1,0,1,596,3997,350
1,0,1,604,3995,350
1,0,0,632,3997,350
1,0,0,653,3927,350
1,0,0,652,3916,350
1,0,0,644,3924,350
1,0,0,645,3937,350
1,0,0,637,3940,350
1,0,0,638,3937,350
1,0,0,635,3937,350
1,0,0,636,3943,350
1,0,0,633,3935,350
1,0,0,635,3937,350
1,0,0,631,3938,350
1,0,0,633,3929,350
1,0,0,630,3934,350
1,0,0,633,3929,350
1,0,0,632,3925,350
1,0,1,624,3926,350
1,0,1,570,3921,350
1,0,1,574,3918,350
1,0,1,576,3921,350
1,0,1,575,3912,350
1,0,1,572,3921,350
1,0,1,557,3910,350
1,0,1,558,3912,350
1,0,1,559,3916,350
1,0,1,564,3911,350
1,0,1,561,3913,350
1,0,1,562,3910,350
1,0,1,559,3898,350
1,0,1,564,3908,350
1,0,1,559,3902,350
1,0,1,563,3904,350
1,0,1,565,3903,350
1,0,1,561,3892,350
1,0,1,562,3890,350
1,0,1,565,3897,350
1,0,0,600,3890,350
1,0,1,641,3898,350
1,0,0,600,3891,350
1,0,0,651,3882,350
1,0,0,651,3887,350
1,0,0,655,3882,350
1,0,0,651,3874,350
1,0,1,644,3884,350
1,0,0,599,3877,350
1,0,0,655,3869,350
1,0,0,654,3876,350
1,0,0,658,3869,350
1,0,0,657,3865,350
1,0,1,646,3868,350
1,0,0,601,3864,350
1,0,0,662,3859,350
1,0,0,658,3863,350
1,0,0,657,3857,350
1,0,0,659,3850,350
1,0,1,625,3854,350
1,0,0,601,3847,350
1,0,0,663,3853,350
1,0,0,660,3849,350
1,0,0,659,3841,350
1,0,1,653,3845,350
1,0,1,553,3839,350
1,0,1,558,3860,350
1,0,1,559,3841,350
1,0,1,558,3833,350
1,0,1,567,3838,350
1,0,1,544,3831,350
1,0,1,539,3855,350
1,0,1,540,3834,350
1,0,1,545,3830,350
1,0,1,539,3826,350
1,0,1,538,3857,350
1,0,1,539,3828,350
1,0,1,544,3820,350
1,0,1,543,3822,350
1,0,1,540,3823,350
1,0,0,584,3815,350
1,0,0,657,3814,350
1,0,0,654,3817,350
1,0,0,657,3811,350
1,0,1,658,3806,350
1,0,1,536,3808,350
1,0,1,538,3810,350
1,0,1,540,3803,350
1,0,1,549,3802,350
1,0,1,549,3804,350
1,0,1,533,3799,350
1,0,1,530,3795,350
1,0,1,525,3799,350
1,0,1,521,3799,350
1,0,1,537,3792,350
1,0,1,524,3793,350
1,0,1,524,3796,350
1,0,1,527,3791,350
1,0,1,518,3789,350
1,0,1,534,3785,350
1,0,0,581,3782,350
1,0,0,658,3781,350
1,0,0,657,3785,350
1,0,0,652,3782,350
1,0,1,653,3771,350
1,0,1,528,3773,350
1,0,1,533,3770,350
1,0,1,533,3774,350
1,0,1,527,3771,350
1,0,1,543,3824,350
1,0,1,523,3765,350
1,0,1,523,3770,350
1,0,1,520,3767,350
1,0,1,519,3760,350
1,0,1,514,3764,350
1,0,1,524,3764,350
1,0,1,517,3760,350
1,0,1,518,3754,350
1,0,1,517,3757,350
1,0,1,511,3755,350
1,0,0,578,3755,350
1,0,0,656,3748,350
1,0,0,653,3749,350
1,0,0,654,3750,350
1,0,1,659,3742,350
1,0,1,500,3737,350
1,0,1,504,3740,350
1,0,1,506,3743,350
1,0,1,504,3740,350
1,0,1,505,3733,350
1,0,1,514,3740,350
1,0,1,512,3737,350
1,0,1,509,3731,350
1,0,1,505,3727,350
1,0,1,494,3734,350
1,0,1,504,3726,350
1,0,1,494,3723,350
1,0,1,489,3727,350
1,0,1,491,3729,350
1,0,1,508,3718,350
1,0,0,571,3724,350
1,0,0,654,3724,350
1,0,0,651,3720,350
1,0,0,651,3710,350
1,0,1,626,3711,350
1,0,1,489,3713,350
1,0,1,495,3708,350
1,0,1,497,3741,350
1,0,1,503,3705,350
1,0,1,491,3713,350
1,0,1,496,3708,350
1,0,1,504,3705,350
1,0,1,492,3742,350
1,0,1,482,3697,350
1,0,1,487,3765,350
1,0,1,488,3700,350
1,0,1,497,3696,350
1,0,1,503,3690,350
1,0,1,487,3722,350
1,0,1,475,3695,350
1,0,0,565,3692,350
1,0,0,655,3686,350
1,0,0,650,3682,350
1,0,0,652,3684,350
1,0,1,653,3684,350
1,0,1,476,3679,350
1,0,1,493,3674,350
1,0,1,501,3677,350
1,0,1,499,3680,350
1,0,1,483,3675,350
1,0,1,485,3667,350
1,0,1,475,3669,350
1,0,1,486,3673,350
1,0,1,496,3672,350
1,0,1,495,3662,350
1,0,1,488,3701,350
1,0,1,479,3658,350
1,0,1,472,3659,350
1,0,1,483,3662,350
1,0,1,489,3661,350
1,0,0,539,3663,350
1,0,0,653,3658,350
1,0,0,650,3650,350
1,0,0,650,3647,350
1,0,1,651,3649,350
1,0,1,471,3647,350
1,0,1,487,3649,350
1,0,1,493,3649,350
1,0,1,488,3680,350
1,0,1,486,3638,350
1,0,1,466,3633,350
1,0,1,467,3634,350
1,0,1,481,3636,350
1,0,1,487,3639,350
1,0,1,461,3641,350
1,0,1,477,3637,350
1,0,1,467,3634,350
1,0,1,467,3630,350
1,0,1,485,3661,350
1,0,1,469,3632,350
1,0,1,481,3626,350
1,0,1,473,3626,350
1,0,1,482,3626,350
1,0,1,476,3622,350
1,0,1,491,3622,350
1,0,1,495,3621,350
1,0,1,492,3620,350
1,0,1,480,3615,350
1,0,1,472,3612,350
1,0,1,481,3606,350
1,0,1,484,3607,350
1,0,1,492,3604,350
1,0,1,491,3606,350
1,0,1,477,3605,350
1,0,1,468,3607,350
1,0,1,473,3605,350
1,0,1,485,3604,350
1,0,1,492,3603,350
1,0,1,491,3601,350
1,0,1,471,3594,350
1,0,1,472,3592,350
1,0,1,472,3592,350
1,0,1,484,3588,350
1,0,1,491,3586,350
1,0,1,502,3592,350
1,0,1,483,3587,350
1,0,1,482,3615,350
1,0,1,467,3585,350
1,0,1,458,3584,350
1,0,1,384,3583,350
1,0,1,493,3584,350
1,0,1,484,3599,350
1,0,1,475,3577,350
1,0,1,468,3576,350
1,0,1,470,3568,350
1,0,1,501,3570,350
1,0,1,499,3567,350
1,0,1,497,3568,350
1,0,1,492,3565,350
1,0,1,436,3565,350
1,0,1,510,3561,350
1,0,1,508,3561,350
1,0,1,507,3560,350
1,0,1,509,3560,350
1,0,1,503,3562,350
1,0,1,508,3558,350
1,0,1,509,3558,350
1,0,1,510,3556,350
1,0,1,513,3555,350
1,0,1,503,3554,350
1,0,1,512,3554,350
1,0,1,508,3553,350
1,0,1,509,3550,350
1,0,1,509,3548,350
1,0,1,504,3543,350
1,0,1,511,3544,350
1,0,1,509,3544,350
1,0,1,509,3541,350
1,0,1,509,3539,350
1,0,1,521,3534,350
1,0,1,484,3535,350
1,0,1,484,3535,350
1,0,1,488,3533,350
1,0,1,488,3558,350
1,0,1,494,3526,350
1,0,1,501,3529,350
1,0,1,503,3528,350
1,0,1,500,3526,350
1,0,1,498,3524,350
1,0,1,487,3563,350
1,0,1,481,3526,350
1,0,1,485,3535,350
1,0,1,485,3537,350
1,0,1,489,3588,350
1,0,1,498,3540,350
1,0,1,497,3543,350
1,0,1,502,3544,350
1,0,1,505,3543,350
1,0,1,501,3545,350
1,0,1,501,3543,350
1,0,1,468,3545,350
1,0,1,481,3546,350
1,0,1,491,3547,350
1,0,1,494,3549,350
1,0,1,423,3548,350
1,0,1,485,3548,350
1,0,1,485,3549,350
1,0,1,487,3599,350
1,0,1,494,3554,350
1,0,1,492,3551,350
1,0,1,506,3552,350
1,0,1,501,3553,350
1,0,1,501,3553,350
1,0,1,496,3553,350
1,0,1,488,3580,350
1,0,1,482,3555,350
1,0,1,483,3555,350
1,0,1,488,3557,350
1,0,1,488,3557,350
1,0,1,429,3557,350
1,0,1,510,3558,350
1,0,1,511,3558,350
1,0,1,512,3560,350
1,0,1,503,3560,350
1,0,0,565,3562,350
1,0,0,638,3561,350
1,0,0,635,3561,350
1,0,0,631,3560,350
1,0,1,629,3563,350
1,0,1,510,3560,350
1,0,1,519,3561,350
1,0,1,520,3562,350
1,0,1,515,3562,350
1,0,1,452,3563,350
1,0,1,529,3565,350
1,0,1,531,3565,350
1,0,1,522,3579,350
1,0,1,524,3565,350
1,0,1,524,3565,350
1,0,1,531,3565,350
1,0,1,524,3575,350
1,0,1,526,3569,350
1,0,1,529,3568,350
1,0,1,533,3569,350
1,0,1,520,3569,350
1,0,1,523,3570,350
1,0,1,519,3570,350
1,0,1,514,3569,350
1,0,1,523,3571,350
1,0,1,512,3591,350
1,0,1,515,3573,350
1,0,1,514,3574,350
1,0,1,520,3573,350
1,0,1,511,3577,350
1,0,1,523,3574,350
1,0,1,519,3574,350
1,0,1,516,3574,350
1,0,1,512,3575,350
1,0,1,525,3576,350
1,0,1,515,3579,350
1,0,1,520,3577,350
1,0,1,517,3577,350
1,0,1,526,3578,350
1,0,1,526,3580,350
1,0,1,501,3600,350
1,0,1,502,3600,350
1,0,1,502,3602,350
1,0,1,502,3603,350
1,0,1,497,3581,350
1,0,1,500,3603,350
1,0,1,502,3591,350
1,0,1,502,3605,350
1,0,1,501,3606,350
1,0,1,497,3584,350
1,0,1,500,3606,350
1,0,1,500,3606,350
1,0,1,499,3610,350
1,0,1,501,3608,350
1,0,1,498,3586,350
1,0,1,499,3606,350
1,0,1,500,3593,350
1,0,1,502,3610,350
1,0,1,499,3610,350
1,0,1,510,3590,350
1,0,1,497,3590,350
1,0,1,494,3589,350
1,0,1,489,3590,350
1,0,1,483,3591,350
1,0,1,505,3592,350
1,0,1,487,3592,350
1,0,1,496,3599,350
1,0,1,496,3594,350
1,0,1,502,3595,350
1,0,1,485,3594,350
1,0,1,503,3594,350
1,0,1,499,3596,350
1,0,1,493,3596,350
1,0,1,487,3596,350
1,0,1,496,3599,350
1,0,1,484,3597,350
1,0,1,490,3619,350
1,0,1,489,3620,350
1,0,1,495,3600,350
1,0,1,484,3599,350
1,0,1,489,3601,350
1,0,1,495,3600,350
1,0,1,483,3628,350
1,0,1,475,3602,350
1,0,1,476,3602,350
1,0,1,481,3603,350
1,0,1,487,3603,350
1,0,1,494,3604,350
1,0,1,486,3631,350
1,0,1,470,3604,350
1,0,1,468,3604,350
1,0,1,479,3606,350
1,0,1,490,3607,350
1,0,1,484,3607,350
1,0,1,486,3607,350
1,0,1,493,3609,350
1,0,1,506,3609,350
1,0,1,502,3609,350
1,0,1,500,3609,350
1,0,1,465,3613,350
1,0,1,499,3631,350
1,0,1,498,3621,350
1,0,1,498,3631,350
1,0,1,500,3631,350
1,0,1,496,3611,350
1,0,1,499,3634,350
1,0,1,499,3618,350
1,0,1,500,3634,350
1,0,1,499,3634,350
1,0,1,497,3615,350
1,0,1,500,3634,350
1,0,1,499,3636,350
1,0,1,499,3639,350
1,0,1,498,3641,350
1,0,1,495,3618,350
1,0,1,498,3637,350
1,0,1,501,3619,350
1,0,1,498,3641,350
1,0,1,499,3640,350
1,0,1,510,3636,350
1,0,1,497,3621,350
1,0,1,493,3620,350
1,0,1,486,3621,350
1,0,1,483,3621,350
1,0,1,503,3623,350
1,0,1,487,3622,350
1,0,1,493,3628,350
1,0,1,496,3625,350
1,0,1,500,3624,350
1,0,1,484,3624,350
1,0,1,502,3627,350
1,0,1,497,3626,350
1,0,1,494,3627,350
1,0,1,489,3627,350
1,0,1,497,3629,350
1,0,1,482,3628,350
1,0,1,488,3648,350
1,0,1,488,3654,350
1,0,1,495,3631,350
1,0,1,484,3630,350
1,0,1,490,3631,350
1,0,1,494,3632,350
1,0,1,484,3658,350
1,0,1,474,3631,350
1,0,1,475,3633,350
1,0,1,478,3632,350
1,0,1,487,3633,350
1,0,1,496,3634,350
1,0,1,485,3652,350
1,0,1,444,3638,350
1,0,1,485,3634,350
1,0,1,482,3635,350
1,0,1,482,3635,350
1,0,1,487,3636,350
1,0,1,394,3633,350
1,0,1,497,3637,350
1,0,1,494,3638,350
1,0,1,499,3639,350
1,0,1,499,3640,350
1,0,1,504,3640,350
1,0,1,498,3639,350
1,0,1,501,3641,350
1,0,1,497,3641,350
1,0,1,501,3642,350
1,0,1,504,3643,350
1,0,1,499,3642,350
1,0,1,495,3643,350
1,0,1,500,3644,350
1,0,1,500,3644,350
1,0,1,505,3644,350
1,0,1,500,3644,350
1,0,1,499,3645,350
1,0,1,499,3645,350
1,0,1,499,3647,350
1,0,1,496,3646,350
1,0,1,500,3648,350
1,0,1,504,3648,350
1,0,1,501,3648,350
1,0,1,498,3649,350
1,0,1,487,3648,350
1,0,1,486,3650,350
1,0,1,482,3649,350
1,0,1,485,3649,350
1,0,1,486,3650,350
1,0,1,501,3653,350
1,0,1,494,3653,350
1,0,1,503,3653,350
1,0,1,503,3653,350
1,0,1,500,3653,350
1,0,1,482,3653,350
1,0,1,492,3654,350
1,0,1,483,3655,350
1,0,1,482,3655,350
1,0,1,491,3656,350
1,0,1,445,3657,350
1,0,1,507,3657,350
1,0,1,509,3657,350
1,0,1,508,3659,350
1,0,1,507,3660,350
1,0,1,512,3664,350
1,0,1,491,3659,350
1,0,1,487,3660,350
1,0,1,480,3659,350
1,0,1,485,3660,350
1,0,1,505,3662,350
1,0,1,487,3684,350
1,0,1,500,3664,350
1,0,1,501,3662,350
1,0,1,503,3663,350
1,0,1,484,3663,350
1,0,1,497,3664,350
1,0,1,492,3665,350
1,0,1,487,3665,350
1,0,1,483,3665,350
1,0,1,502,3667,350
1,0,1,487,3666,350
1,0,1,495,3669,350
1,0,1,494,3668,350
1,0,1,500,3668,350
1,0,1,485,3668,350
1,0,1,484,3669,350
1,0,1,492,3669,350
1,0,1,493,3672,350
1,0,1,480,3670,350
1,0,1,452,3731,350
1,0,1,492,3672,350
1,0,1,480,3671,350
1,0,1,481,3671,350
1,0,1,481,3672,350
1,0,1,405,3673,350
1,0,1,502,3674,350
1,0,1,502,3674,350
1,0,1,503,3675,350
1,0,1,504,3674,350
1,0,1,508,3675,350
1,0,1,504,3676,350
1,0,1,499,3676,350
1,0,1,506,3677,350
1,0,1,506,3677,350
1,0,1,507,3678,350
1,0,1,503,3678,350
1,0,1,505,3678,350
1,0,1,507,3679,350
1,0,1,504,3679,350
1,0,1,506,3680,350
1,0,1,504,3680,350
1,0,1,502,3681,350
1,0,1,504,3681,350
1,0,1,506,3682,350
1,0,1,494,3682,350
1,0,1,490,3705,350
1,0,1,496,3684,350
1,0,1,501,3684,350
1,0,1,502,3685,350
1,0,1,484,3684,350
1,0,1,494,3686,350
1,0,1,485,3686,350
1,0,1,482,3685,350
1,0,1,483,3686,350
1,0,1,505,3688,350
1,0,1,488,3687,350
1,0,1,494,3690,350
1,0,1,498,3689,350
1,0,1,504,3689,350
1,0,1,481,3688,350
1,0,1,502,3690,350
1,0,1,491,3689,350
1,0,1,487,3690,350
1,0,1,482,3690,350
1,0,1,511,3692,350
1,0,1,475,3691,350
1,0,1,471,3691,350
1,0,1,476,3693,350
1,0,1,488,3694,350
1,0,1,397,3692,350
1,0,1,493,3698,350
1,0,1,509,3694,350
1,0,1,502,3695,350
1,0,1,501,3696,350
1,0,1,459,3696,350
1,0,1,500,3699,350
1,0,1,500,3700,350
1,0,1,500,3700,350
1,0,1,499,3701,350
1,0,1,499,3721,350
1,0,1,501,3703,350
1,0,1,503,3700,350
1,0,1,501,3703,350
1,0,1,501,3703,350
1,0,1,498,3743,350
1,0,1,500,3704,350
1,0,1,500,3705,350
1,0,1,501,3705,350
1,0,1,496,3701,350
1,0,1,505,3702,350
1,0,1,502,3704,350
1,0,1,498,3704,350
1,0,1,503,3704,350
1,0,1,502,3704,350
1,0,1,500,3704,350
1,0,0,555,3707,350
1,0,0,640,3706,350
1,0,0,635,3704,350
1,0,0,628,3706,350
1,0,1,633,3704,350
1,0,1,501,3704,350
1,0,1,501,3705,350
1,0,1,509,3706,350
1,0,1,505,3706,350
1,0,1,415,3706,350
1,0,1,515,3708,350
1,0,1,516,3708,350
1,0,1,522,3709,350
1,0,1,519,3709,350
1,0,1,464,3709,350
1,0,1,528,3710,350
1,0,1,532,3710,350
1,0,1,526,3711,350
1,0,1,523,3712,350
1,0,1,529,3711,350
1,0,1,532,3712,350
1,0,1,527,3712,350
1,0,1,524,3714,350
1,0,1,526,3712,350
1,0,1,526,3718,350
1,0,1,528,3713,350
1,0,1,528,3715,350
1,0,1,529,3715,350
1,0,1,533,3715,350
1,0,1,528,3715,350
1,0,1,528,3719,350
1,0,1,528,3717,350
1,0,1,536,3716,350
1,0,1,529,3717,350
1,0,1,541,3717,350
1,0,1,514,3718,350
1,0,1,514,3740,350
1,0,1,515,3734,350
1,0,1,516,3720,350
1,0,1,513,3719,350
1,0,1,519,3721,350
1,0,1,524,3721,350
1,0,1,525,3721,350
1,0,1,521,3721,350
1,0,1,520,3723,350
1,0,1,512,3722,350
1,0,1,512,3728,350
1,0,1,515,3724,350
1,0,1,518,3723,350
1,0,1,511,3724,350
1,0,1,525,3725,350
1,0,1,525,3724,350
1,0,1,520,3725,350
1,0,1,515,3725,350
1,0,1,529,3725,350
1,0,1,514,3726,350
1,0,1,514,3727,350
1,0,1,512,3728,350
1,0,1,513,3729,350
1,0,1,508,3728,350
1,0,1,513,3729,350
1,0,1,512,3729,350
1,0,1,514,3730,350
1,0,1,513,3730,350
1,0,1,508,3731,350
1,0,1,512,3731,350
1,0,1,516,3731,350
1,0,1,513,3730,350
1,0,1,513,3731,350
1,0,1,507,3732,350
1,0,1,513,3733,350
1,0,1,512,3733,350
1,0,1,513,3734,350
1,0,1,513,3734,350
1,0,1,526,3735,350
1,0,1,481,3733,350
1,0,1,486,3733,350
1,0,1,488,3734,350
1,0,1,491,3759,350
1,0,1,497,3736,350
1,0,1,502,3737,350
1,0,1,504,3736,350
1,0,1,504,3738,350
1,0,1,498,3737,350
1,0,1,489,3738,350
1,0,1,487,3738,350
1,0,1,484,3738,350
1,0,1,483,3738,350
1,0,1,489,3739,350
1,0,1,500,3740,350
1,0,1,496,3741,350
1,0,1,502,3741,350
1,0,1,504,3742,350
1,0,1,494,3743,350
1,0,1,482,3742,350
1,0,1,492,3743,350
1,0,1,496,3743,350
1,0,1,478,3742,350
1,0,1,471,3744,350
1,0,1,471,3744,350
1,0,1,469,3744,350
1,0,1,479,3746,350
1,0,1,490,3746,350
1,0,1,495,3746,350
1,0,1,422,3747,350
1,0,1,483,3747,350
1,0,1,489,3805,350
1,0,1,490,3758,350
1,0,1,495,3750,350
1,0,1,481,3747,350
1,0,1,496,3748,350
1,0,1,495,3750,350
1,0,1,494,3750,350
1,0,1,497,3751,350
1,0,1,498,3751,350
1,0,1,494,3751,350
1,0,1,497,3753,350
1,0,1,494,3752,350
1,0,1,497,3752,350
1,0,1,496,3753,350
1,0,1,494,3754,350
1,0,1,496,3754,350
1,0,1,495,3754,350
1,0,1,494,3754,350
1,0,1,497,3756,350
1,0,1,497,3755,350
1,0,1,497,3755,350
1,0,1,494,3757,350
1,0,1,494,3756,350
1,0,1,498,3757,350
1,0,1,504,3758,350
1,0,1,501,3759,350
1,0,1,497,3758,350
1,0,1,494,3758,350
1,0,1,492,3764,350
1,0,1,481,3760,350
1,0,1,485,3760,350
1,0,1,488,3760,350
1,0,1,488,3781,350
1,0,1,496,3762,350
1,0,1,500,3762,350
1,0,1,505,3763,350
1,0,1,501,3764,350
1,0,1,499,3764,350
1,0,1,490,3763,350
1,0,1,485,3764,350
1,0,1,484,3765,350
1,0,1,483,3765,350
1,0,1,486,3764,350
1,0,1,488,3766,350
1,0,1,493,3768,350
1,0,1,478,3766,350
1,0,1,472,3767,350
1,0,1,473,3768,350
1,0,1,480,3767,350
1,0,1,500,3770,350
1,0,1,500,3769,350
1,0,1,502,3771,350
1,0,1,495,3770,350
1,0,1,445,3771,350
1,0,1,504,3772,350
1,0,1,503,3772,350
1,0,1,509,3773,350
1,0,1,504,3772,350
1,0,1,502,3773,350
1,0,1,509,3774,350
1,0,1,507,3775,350
1,0,1,504,3774,350
1,0,1,506,3774,350
1,0,1,503,3776,350
1,0,1,509,3776,350
1,0,1,506,3775,350
1,0,1,505,3777,350
1,0,1,506,3777,350
1,0,1,505,3778,350
1,0,1,508,3777,350
1,0,1,511,3778,350
1,0,1,505,3779,350
1,0,1,505,3778,350
1,0,1,526,3780,350
1,0,1,488,3779,350
1,0,1,481,3780,350
1,0,1,483,3778,350
1,0,1,488,3779,350
1,0,1,500,3781,350
1,0,1,495,3781,350
1,0,1,503,3783,350
1,0,1,503,3782,350
1,0,1,501,3783,350
1,0,1,483,3783,350
1,0,1,491,3783,350
1,0,1,486,3784,350
1,0,1,481,3784,350
1,0,1,491,3785,350
1,0,1,487,3785,350
1,0,1,486,3786,350
1,0,1,484,3785,350
1,0,1,483,3786,350
1,0,1,489,3786,350
1,0,1,505,3788,350
1,0,1,484,3801,350
1,0,1,475,3787,350
1,0,1,469,3788,350
1,0,1,479,3789,350
1,0,1,382,3787,350
1,0,1,504,3791,350
1,0,1,504,3790,350
1,0,1,499,3792,350
1,0,1,496,3791,350
1,0,1,443,3791,350
1,0,1,509,3793,350
1,0,1,504,3793,350
1,0,1,510,3795,350
1,0,1,504,3794,350
1,0,1,505,3795,350
1,0,1,506,3794,350
1,0,1,506,3795,350
1,0,1,504,3795,350
1,0,1,506,3796,350
1,0,1,502,3797,350
1,0,1,507,3796,350
1,0,1,506,3797,350
1,0,1,509,3798,350
1,0,1,505,3800,350
1,0,1,503,3799,350
1,0,1,505,3799,350
1,0,1,513,3799,350
1,0,1,506,3799,350
1,0,1,505,3801,350
1,0,1,520,3801,350
1,0,1,485,3801,350
1,0,1,482,3801,350
1,0,1,483,3801,350
1,0,1,488,3800,350
1,0,1,500,3803,350
1,0,1,496,3803,350
1,0,1,505,3804,350
1,0,1,503,3804,350
1,0,1,500,3803,350
1,0,1,483,3804,350
1,0,1,491,3805,350
1,0,1,485,3804,350
1,0,1,481,3805,350
1,0,1,485,3804,350
1,0,1,504,3806,350
1,0,1,489,3817,350
1,0,1,497,3808,350
1,0,1,504,3809,350
1,0,1,506,3809,350
1,0,1,491,3808,350
1,0,1,480,3809,350
1,0,1,490,3809,350
1,0,1,495,3810,350
1,0,1,485,3813,350
1,0,1,439,3811,350
1,0,1,482,3811,350
1,0,1,481,3810,350
1,0,1,483,3811,350
1,0,1,488,3811,350
1,0,1,490,3811,350
1,0,1,503,3813,350
1,0,1,502,3813,350
1,0,1,500,3813,350
1,0,1,500,3814,350
1,0,1,505,3814,350
1,0,1,504,3814,350
1,0,1,499,3814,350
1,0,1,503,3815,350
1,0,1,502,3815,350
1,0,1,505,3817,350
1,0,1,502,3817,350
1,0,1,502,3817,350
1,0,1,502,3818,350
1,0,1,503,3819,350
1,0,1,505,3818,350
1,0,1,504,3820,350
1,0,1,499,3820,350
1,0,1,504,3820,350
1,0,1,504,3820,350
1,0,1,498,3821,350
1,0,1,496,3822,350
1,0,1,505,3822,350
1,0,1,503,3823,350
1,0,1,500,3822,350
1,0,1,487,3821,350
1,0,1,489,3822,350
1,0,1,481,3824,350
1,0,1,484,3824,350
1,0,1,487,3824,350
1,0,1,502,3825,350
1,0,1,492,3829,350
1,0,1,496,3827,350
1,0,1,505,3827,350
1,0,1,492,3830,350
1,0,1,497,3828,350
1,0,1,497,3829,350
1,0,1,503,3828,350
1,0,1,504,3829,350
1,0,1,498,3828,350
1,0,1,493,3828,350
1,0,0,547,3831,350
1,0,0,639,3830,350
1,0,0,635,3829,350
1,0,0,626,3829,350
1,0,1,631,3828,350
1,0,1,497,3829,350
1,0,1,498,3829,350
1,0,1,501,3831,350
1,0,1,493,3831,350
1,0,1,443,3832,350
1,0,1,503,3833,350
1,0,1,504,3833,350
1,0,1,507,3833,350
1,0,1,503,3834,350
1,0,1,448,3834,350
1,0,1,512,3833,350
1,0,1,509,3835,350
1,0,1,515,3836,350
1,0,1,515,3836,350
1,0,1,493,3836,350
1,0,1,525,3846,350
1,0,1,527,3836,350
1,0,1,530,3836,350
1,0,1,534,3836,350
1,0,1,531,3837,350
1,0,1,527,3838,350
1,0,1,534,3838,350
1,0,1,535,3838,350
1,0,1,527,3849,350
1,0,1,535,3840,350
1,0,1,530,3839,350
1,0,1,533,3840,350
1,0,1,526,3850,350
1,0,1,531,3841,350
1,0,1,527,3840,350
1,0,1,535,3842,350
1,0,1,529,3847,350
1,0,1,530,3843,350
1,0,1,530,3843,350
1,0,1,538,3845,350
1,0,1,523,3843,350
1,0,1,525,3843,350
1,0,1,522,3845,350
1,0,1,517,3844,350
1,0,1,525,3844,350
1,0,1,513,3859,350
1,0,1,515,3846,350
1,0,1,516,3847,350
1,0,1,519,3847,350
1,0,1,515,3857,350
1,0,1,526,3848,350
1,0,1,521,3846,350
1,0,1,517,3847,350
1,0,1,512,3849,350
1,0,1,525,3849,350
1,0,1,518,3851,350
1,0,1,520,3849,350
1,0,1,520,3850,350
1,0,1,526,3851,350
1,0,1,525,3852,350
1,0,1,502,3870,350
1,0,1,502,3868,350
1,0,1,501,3870,350
1,0,1,502,3871,350
1,0,1,499,3853,350
1,0,1,502,3872,350
1,0,1,502,3864,350
1,0,1,502,3872,350
1,0,1,502,3875,350
1,0,1,499,3854,350
1,0,1,503,3873,350
1,0,1,503,3875,350
1,0,1,503,3877,350
1,0,1,501,3872,350
1,0,1,499,3855,350
1,0,1,503,3874,350
1,0,1,502,3864,350
1,0,1,500,3874,350
1,0,1,503,3878,350
1,0,1,508,3857,350
1,0,1,498,3859,350
1,0,1,495,3859,350
1,0,1,488,3859,350
1,0,1,483,3860,350
1,0,1,506,3861,350
1,0,1,488,3859,350
1,0,1,495,3867,350
1,0,1,497,3862,350
1,0,1,502,3863,350
1,0,1,484,3862,350
1,0,1,502,3863,350
1,0,1,498,3863,350
1,0,1,492,3863,350
1,0,1,501,3864,350
1,0,1,484,3864,350
1,0,1,499,3864,350
1,0,1,491,3865,350
1,0,1,486,3866,350
1,0,1,481,3865,350
1,0,1,489,3878,350
1,0,1,482,3867,350
1,0,1,485,3867,350
1,0,1,489,3866,350
1,0,1,489,3885,350
1,0,1,483,3868,350
1,0,1,493,3869,350
1,0,1,495,3870,350
1,0,1,479,3869,350
1,0,1,470,3870,350
1,0,1,482,3869,350
1,0,1,484,3870,350
1,0,1,493,3872,350
1,0,1,492,3873,350
1,0,1,479,3871,350
1,0,1,452,3956,350
1,0,1,491,3873,350
1,0,1,483,3872,350
1,0,1,483,3872,350
1,0,1,482,3873,350
1,0,1,404,3873,350
1,0,1,502,3875,350
1,0,1,506,3875,350
1,0,1,503,3876,350
1,0,1,507,3876,350
1,0,1,509,3877,350
1,0,1,504,3876,350
1,0,1,502,3876,350
1,0,1,506,3878,350
1,0,1,504,3878,350
1,0,1,510,3879,350
1,0,1,506,3878,350
1,0,1,507,3879,350
1,0,1,506,3880,350
1,0,1,506,3880,350
1,0,1,510,3880,350
1,0,1,507,3880,350
1,0,1,502,3880,350
1,0,1,506,3882,350
1,0,1,507,3882,350
1,0,1,495,3882,350
1,0,1,490,3902,350
1,0,1,496,3884,350
1,0,1,501,3884,350
1,0,1,506,3884,350
1,0,1,483,3883,350
1,0,1,497,3885,350
1,0,1,488,3885,350
1,0,1,486,3885,350
1,0,1,481,3886,350
1,0,1,504,3887,350
1,0,1,488,3885,350
1,0,1,491,3906,350
1,0,1,495,3889,350
1,0,1,504,3889,350
1,0,1,484,3888,350
1,0,1,503,3889,350
1,0,1,495,3889,350
1,0,1,493,3889,350
1,0,1,486,3890,350
1,0,1,511,3891,350
1,0,1,475,3888,350
1,0,1,468,3890,350
1,0,1,483,3892,350
1,0,1,492,3891,350
1,0,1,404,3892,350
1,0,1,489,3902,350
1,0,1,503,3894,350
1,0,1,501,3892,350
1,0,1,506,3894,350
1,0,1,465,3896,350
1,0,1,501,3910,350
1,0,1,501,3912,350
1,0,1,499,3911,350
1,0,1,500,3912,350
1,0,1,498,3931,350
1,0,1,502,3911,350
1,0,1,500,3904,350
1,0,1,500,3915,350
1,0,1,501,3915,350
1,0,1,498,3896,350
1,0,1,500,3917,350
1,0,1,500,3916,350
1,0,1,499,3919,350
1,0,1,501,3906,350
1,0,1,496,3899,350
1,0,1,500,3917,350
1,0,1,500,3906,350
1,0,1,501,3918,350
1,0,1,499,3919,350
1,0,1,510,3907,350
1,0,1,498,3901,350
1,0,1,492,3902,350
1,0,1,485,3902,350
1,0,1,499,3904,350
1,0,1,481,3903,350
1,0,1,493,3904,350
1,0,1,481,3905,350
1,0,1,483,3905,350
1,0,1,484,3904,350
1,0,1,506,3908,350
1,0,1,488,3905,350
1,0,1,491,3916,350
1,0,1,496,3908,350
1,0,1,501,3908,350
1,0,1,485,3908,350
1,0,1,499,3908,350
1,0,1,494,3909,350
1,0,1,492,3908,350
1,0,1,486,3909,350
1,0,1,494,3911,350
1,0,1,482,3910,350
1,0,1,487,3908,350
1,0,1,488,3921,350
1,0,1,496,3912,350
1,0,1,484,3912,350
1,0,1,490,3912,350
1,0,1,495,3912,350
1,0,1,485,3925,350
1,0,1,475,3912,350
1,0,1,459,3912,350
1,0,1,497,3913,350
1,0,1,490,3915,350
1,0,1,485,3915,350
1,0,1,483,3914,350
1,0,1,414,3914,350
1,0,1,509,3916,350
1,0,1,505,3917,350
1,0,1,511,3916,350
1,0,1,510,3917,350
1,0,1,511,3918,350
1,0,1,509,3918,350
1,0,1,509,3918,350
1,0,1,511,3918,350
1,0,1,509,3919,350
1,0,1,514,3919,350
1,0,1,508,3920,350
1,0,1,508,3920,350
1,0,1,514,3920,350
1,0,1,511,3920,350
1,0,1,514,3921,350
1,0,1,514,3922,350
1,0,1,511,3923,350
1,0,1,509,3923,350
1,0,1,510,3922,350
1,0,1,515,3924,350
1,0,1,487,3923,350
1,0,1,495,3928,350
1,0,1,495,3925,350
1,0,1,501,3925,350
1,0,1,484,3925,350
1,0,1,501,3926,350
1,0,1,498,3926,350
1,0,1,492,3926,350
1,0,1,482,3925,350
1,0,1,497,3927,350
1,0,1,484,3927,350
1,0,1,492,3928,350
1,0,1,495,3930,350
1,0,1,495,3928,350
1,0,1,486,3928,350
1,0,1,506,3929,350
1,0,1,502,3929,350
1,0,1,494,3928,350
1,0,1,489,3929,350
1,0,1,494,3930,350
1,0,1,485,3929,350
1,0,1,487,3930,350
1,0,1,487,3931,350
1,0,1,494,3933,350
1,0,1,483,3931,350
1,0,1,492,3932,350
1,0,1,494,3933,350
1,0,1,482,3932,350
1,0,1,472,3933,350
1,0,1,464,3931,350
1,0,1,498,3934,350
1,0,1,490,3934,350
1,0,1,488,3935,350
1,0,1,481,3935,350
1,0,1,418,3935,350
1,0,1,510,3936,350
1,0,1,513,3936,350
1,0,1,510,3936,350
1,0,1,510,3937,350
1,0,1,515,3937,350
1,0,1,515,3937,350
1,0,1,509,3938,350
1,0,1,511,3939,350
1,0,1,510,3939,350
1,0,1,512,3939,350
1,0,1,514,3939,350
1,0,1,512,3939,350
1,0,1,512,3941,350
1,0,1,505,3941,350
1,0,1,500,3977,350
1,0,1,502,3943,350
1,0,1,502,3942,350
1,0,1,500,3944,350
1,0,1,500,3946,350
1,0,1,506,3942,350
1,0,0,563,3944,350
1,0,0,639,3944,350
1,0,0,634,3943,350
1,0,0,629,3944,350
1,0,1,627,3942,350
1,0,1,491,3973,350
1,0,1,500,3946,350
1,0,1,494,3982,350
1,0,1,495,3981,350
1,0,1,474,3945,350
1,0,1,518,3945,350
1,0,1,516,3945,350
1,0,1,511,3944,350
1,0,1,509,3990,350
1,0,1,443,3947,350
1,0,1,529,3947,350
1,0,1,527,3949,350
1,0,1,529,3949,350
1,0,1,530,3948,350
1,0,1,532,3949,350
1,0,1,527,3953,350
1,0,1,528,3950,350
1,0,1,531,3950,350
1,0,1,530,3949,350
1,0,1,531,3951,350
1,0,1,526,3951,350
1,0,1,533,3952,350
1,0,1,530,3951,350
1,0,1,526,3955,350
1,0,1,533,3951,350
1,0,1,537,3952,350
1,0,1,530,3953,350
1,0,1,527,3956,350
1,0,1,529,3953,350
1,0,1,533,3966,350
1,0,1,521,3953,350
1,0,1,526,3954,350
1,0,1,524,3955,350
1,0,1,523,3955,350
1,0,1,520,3957,350
1,0,1,514,3956,350
1,0,1,513,3955,350
1,0,1,512,3961,350
1,0,1,517,3956,350
1,0,1,510,3955,350
1,0,1,520,3957,350
1,0,1,526,3958,350
1,0,1,522,3958,350
1,0,1,519,3958,350
1,0,1,523,3959,350
1,0,1,514,3958,350
1,0,1,514,3962,350
1,0,1,515,3960,350
1,0,1,519,3961,350
1,0,1,518,4013,350
1,0,1,500,3959,350
1,0,1,498,3960,350
1,0,1,500,3960,350
1,0,1,500,3961,350
1,0,1,498,3962,350
1,0,1,500,3962,350
1,0,1,499,3962,350
1,0,1,499,3963,350
1,0,1,499,3964,350
1,0,1,497,3965,350
1,0,1,500,3964,350
1,0,1,499,3965,350
1,0,1,499,3965,350
1,0,1,498,3965,350
1,0,1,496,3965,350
1,0,1,500,3965,350
1,0,1,499,3967,350
1,0,1,500,3967,350
1,0,1,499,3967,350
1,0,1,505,3967,350
1,0,1,505,3968,350
1,0,1,500,3967,350
1,0,1,496,3969,350
1,0,1,492,3970,350
1,0,1,492,3970,350
1,0,1,485,3970,350
1,0,1,484,3969,350
1,0,1,489,3970,350
1,0,1,493,3975,350
1,0,1,496,3972,350
1,0,1,504,3973,350
1,0,1,502,3973,350
1,0,1,502,3973,350
1,0,1,498,3973,350
1,0,1,489,4019,350
1,0,1,484,3972,350
1,0,1,485,3973,350
1,0,1,484,3974,350
1,0,1,486,3974,350
1,0,1,492,3976,350
1,0,1,484,3975,350
1,0,1,488,3975,350
1,0,1,488,3989,350
1,0,1,493,3980,350
1,0,1,499,3977,350
1,0,0,562,3979,350
1,0,0,638,3978,350
1,0,0,636,3977,350
1,0,0,629,3978,350
1,0,1,631,3974,350
1,0,1,492,3978,350
1,0,1,495,3976,350
1,0,1,498,3979,350
1,0,1,499,3978,350
1,0,1,503,3979,350
1,0,1,516,3980,350
1,0,1,517,3981,350
1,0,1,523,3981,350
1,0,1,519,3981,350
1,0,1,456,3981,350
1,0,1,529,3981,350
1,0,1,532,3982,350
1,0,1,525,3982,350
1,0,1,528,3982,350
1,0,1,515,3982,350
1,0,1,512,3986,350
1,0,1,512,3985,350
1,0,1,519,3984,350
1,0,1,517,3985,350
1,0,0,571,3987,350
1,0,0,646,3985,350
1,0,0,639,3984,350
1,0,0,644,3985,350
1,0,0,642,3984,350
1,0,1,618,3987,350
1,0,1,585,3985,350
1,0,1,579,3986,350
1,0,1,580,3985,350
1,0,1,589,3985,350
1,0,1,580,3986,350
1,0,1,586,3988,350
1,0,1,584,3987,350
1,0,1,592,3985,350
1,0,1,592,3986,350
1,0,1,585,3986,350
1,0,1,585,3987,350
1,0,1,587,3987,350
1,0,1,589,3987,350
1,0,1,585,3988,350
1,0,1,576,3988,350
1,0,1,548,3990,350
1,0,1,555,3988,350
1,0,1,551,3988,350
1,0,1,552,3989,350
1,0,0,598,3991,350
1,0,0,653,3988,350
1,0,0,651,3989,350
1,0,0,651,3988,350
1,0,0,651,3988,350
1,0,1,644,3987,350
1,0,1,588,3988,350
1,0,1,596,3988,350
1,0,1,590,3988,350
1,0,1,588,3989,350
1,0,1,593,3989,350
1,0,1,597,3988,350
1,0,1,591,3989,350
1,0,1,588,3991,350
1,0,1,593,3990,350
1,0,0,620,3991,350
1,0,0,657,3991,350
1,0,0,662,3990,350
1,0,0,655,3990,350
1,0,0,655,3990,350
1,0,1,649,3988,350
1,0,1,592,3990,350
1,0,1,601,3990,350
1,0,1,593,4022,350
1,0,1,592,3992,350
1,0,1,577,3995,350
1,0,1,556,3992,350
1,0,1,560,3996,350
1,0,1,561,3993,350
1,0,1,556,3992,350
1,0,1,556,3993,350
1,0,1,558,3994,350
1,0,1,552,3994,350
1,0,1,560,3995,350
1,0,1,556,3995,350
1,0,0,598,3996,350
1,0,0,657,3995,350
1,0,0,654,3993,350
1,0,0,654,3994,350
1,0,0,659,3993,350
1,0,0,657,3992,350
1,0,0,660,3993,350
1,0,0,659,3993,350
1,0,0,659,3995,350
1,0,0,659,3993,350
1,0,1,659,3992,350
1,0,1,589,3993,350
1,0,1,598,3994,350
1,0,1,601,3995,350
1,0,1,598,3994,350
1,0,0,629,3994,350
1,0,0,663,3996,350
1,0,0,650,3995,350
1,0,0,650,3995,350
1,0,0,643,3996,350
1,0,0,644,3995,350
1,0,0,641,3995,350
1,0,0,638,3994,350
1,0,0,634,3995,350
1,0,0,636,3994,350
1,0,0,632,3995,350
1,0,0,633,3995,350
1,0,0,628,3994,350
1,0,0,632,3995,350
1,0,0,633,3994,350
1,0,0,635,3994,350
1,0,0,636,3994,350
1,0,0,643,3994,350
1,0,0,637,3995,350
1,0,0,640,3995,350
1,0,0,641,3995,350
1,0,0,644,3995,350
1,0,0,644,3994,350
1,0,0,647,3995,350
1,0,0,647,3994,350
1,0,0,648,3994,350
1,0,0,649,3994,350
1,0,0,649,3995,350
1,0,0,651,3994,350
1,0,0,651,3994,350
1,0,0,652,3994,350
1,0,0,652,3994,350
1,0,0,658,3993,350
1,0,1,636,3993,350
1,0,1,596,3993,350
1,0,1,590,3994,350
1,0,1,589,3995,350
1,0,1,592,3998,350
1,0,0,625,3994,350
1,0,0,662,3995,350
1,0,0,658,3995,350
1,0,0,655,3994,350
1,0,0,655,3994,350
1,0,0,660,3992,350
1,0,0,658,3995,350
1,0,0,659,3994,350
1,0,0,661,3994,350
1,0,0,661,3994,350
1,0,0,660,3993,350
1,0,0,663,3994,350
1,0,0,663,3993,350
1,0,0,661,3994,350
1,0,0,664,3994,350
1,0,1,661,3992,350
1,0,1,559,3994,350
1,0,1,564,4035,350
1,0,1,563,3995,350
1,0,1,560,3995,350
1,0,0,606,3996,350
1,0,0,666,3996,350
1,0,0,664,3996,350
1,0,0,663,3996,350
1,0,0,662,3994,350
1,0,0,664,3994,350
1,0,0,664,3993,350
1,0,0,662,3994,350
1,0,0,663,3994,350
1,0,0,666,3995,350
1,0,0,665,3994,350
1,0,0,666,3995,350
1,0,0,665,3995,350
1,0,0,668,3995,350
1,0,0,665,3995,350
1,0,0,666,3994,350
1,0,0,667,3993,350
1,0,0,666,3994,350
1,0,0,666,3995,350
1,0,0,666,3995,350
1,0,0,667,3994,350
1,0,0,666,3994,350
1,0,0,668,3995,350
1,0,0,666,3995,350
1,0,0,666,3995,350
1,0,0,667,3994,350
1,0,0,667,3994,350
1,0,0,667,3993,350
1,0,0,667,3995,350
1,0,0,664,3994,350
1,0,0,666,3994,350
1,0,0,665,3994,350
1,0,0,665,3994,350
1,0,0,668,3994,350
1,0,0,666,3993,350
1,0,1,664,3993,350
1,0,1,605,3995,350
1,0,1,606,3994,350
1,0,1,602,3994,350
1,0,1,594,3996,350
1,0,0,634,3995,350
1,0,0,666,3996,350
1,0,0,666,3995,350
1,0,0,665,3995,350
1,0,0,652,3995,350
1,0,0,652,3996,350
1,0,0,646,3996,350
1,0,0,648,3997,350
1,0,0,642,3997,350
1,0,0,640,3997,350
1,0,0,636,3995,350
1,0,0,636,3996,350
1,0,0,632,3996,350
1,0,0,633,3996,350
1,0,0,631,3996,350
1,0,0,633,3995,350
1,0,0,627,3995,350
1,0,0,630,3995,350
1,0,0,626,3995,350
1,0,0,630,3995,350
1,0,0,631,3995,350
1,0,0,636,3995,350
1,0,0,636,3995,350
1,0,0,636,3995,350
1,0,0,636,3995,350
1,0,0,638,3995,350
1,0,0,641,3995,350
1,0,0,643,3997,350
1,0,0,644,3995,350
1,0,0,645,3996,350
1,0,0,646,3995,350
1,0,0,647,3996,350
1,0,0,649,3995,350
1,0,0,649,3995,350
1,0,0,650,3995,350
1,0,0,650,3995,350
1,0,0,653,3995,350
1,0,0,651,3994,350
1,0,0,651,3995,350
1,0,0,655,3993,350
1,0,0,659,3995,350
1,0,0,655,3995,350
1,0,0,659,3994,350
1,0,0,657,3994,350
1,0,0,659,3993,350
1,0,0,657,3995,350
1,0,0,660,3995,350
1,0,0,660,3995,350
1,0,0,660,3995,350
1,0,0,660,3992,350
1,0,0,660,3994,350
1,0,0,662,3994,350
1,0,0,660,3994,350
1,0,0,662,3992,350
1,0,0,663,3993,350
1,0,0,663,3993,350
1,0,0,663,3994,350
1,0,0,665,3993,350
1,0,0,665,3994,350
1,0,0,665,3992,350
1,0,0,665,3994,350
1,0,0,666,3994,350
1,0,0,667,3994,350
1,0,0,667,3992,350
1,0,1,645,3992,350
1,0,1,604,3993,350
1,0,1,599,4030,350
1,0,1,599,3994,350
1,0,1,602,3994,350
1,0,0,629,3994,350
1,0,0,669,3995,350
1,0,0,666,3994,350
1,0,0,665,3995,350
1,0,0,668,3993,350
1,0,0,665,3994,350
1,0,0,666,3995,350
1,0,0,667,3994,350
1,0,0,665,3994,350
1,0,0,667,3994,350
1,0,0,666,3993,350
1,0,0,668,3993,350
1,0,0,667,3993,350
1,0,0,665,3995,350
1,0,0,665,3994,350
1,0,0,668,3993,350
1,0,0,668,3993,350
1,0,0,666,3994,350
1,0,0,664,3994,350
1,0,0,665,3994,350
1,0,0,666,3993,350
1,0,0,667,3994,350
1,0,0,665,3993,350
1,0,0,667,3995,350
1,0,0,666,3994,350
1,0,1,666,3985,350
1,0,1,597,3995,350
1,0,1,597,3995,350
1,0,1,597,3996,350
1,0,1,598,3996,350
1,0,0,629,3996,350
1,0,0,667,3997,350
1,0,0,665,3995,350
1,0,0,665,3994,350
1,0,0,664,3995,350
1,0,0,654,3996,350
1,0,0,657,3995,350
1,0,0,646,3996,350
1,0,0,646,3996,350
1,0,0,642,3996,350
1,0,0,643,3995,350
1,0,0,636,3996,350
1,0,0,636,3995,350
1,0,0,631,3996,350
1,0,0,633,3996,350
1,0,0,628,3996,350
1,0,0,632,3995,350
1,0,0,627,3995,350
1,0,0,630,3995,350
1,0,0,627,3995,350
1,0,0,630,3996,350
1,0,0,633,3996,350
1,0,0,634,3995,350
1,0,0,636,3996,350
1,0,0,635,3995,350
1,0,0,636,3995,350
1,0,0,643,3995,350
1,0,0,640,3995,350
1,0,0,643,3995,350
1,0,0,644,3995,350
1,0,0,646,3995,350
1,0,0,644,3995,350
1,0,0,646,3995,350
1,0,0,648,3996,350
1,0,0,648,3995,350
1,0,0,649,3995,350
1,0,0,651,3995,350
1,0,0,653,3995,350
1,0,0,653,3995,350
1,0,0,657,3994,350
1,0,0,659,3995,350
1,0,0,654,3994,350
1,0,0,654,3995,350
1,0,0,654,3995,350
1,0,0,658,3994,350
1,0,0,659,3994,350
1,0,0,660,3994,350
1,0,0,660,3993,350
1,0,0,659,3995,350
1,0,0,658,3994,350
1,0,0,662,3995,350
1,0,0,660,3994,350
1,0,0,663,3994,350
1,0,0,662,3994,350
1,0,0,663,3993,350
1,0,0,663,3993,350
1,0,0,664,3994,350
1,0,0,663,3994,350
1,0,0,663,3993,350
1,0,0,664,3993,350
1,0,0,665,3993,350
1,0,0,662,3994,350
1,0,0,664,3995,350
1,0,0,665,3994,350
1,0,0,665,3994,350
1,0,0,668,3992,350
1,0,0,666,3993,350
1,0,0,668,3993,350
1,0,0,664,3994,350
1,0,0,667,3995,350
1,0,1,638,3991,350
1,0,1,563,3992,350
1,0,1,561,3995,350
1,0,1,563,3995,350
1,0,1,566,4036,350
1,0,0,614,3997,350
1,0,0,669,3995,350
1,0,0,665,3994,350
1,0,0,666,3996,350
1,0,0,665,3995,350
1,0,0,665,3995,350
1,0,0,665,3995,350
1,0,0,667,3994,350
1,0,0,665,3995,350
1,0,0,668,3995,350
1,0,0,667,3995,350
1,0,0,665,3995,350
1,0,0,665,3994,350
1,0,0,667,3994,350
1,0,0,665,3996,350
1,0,0,668,3993,350
1,0,0,668,3993,350
1,0,0,666,3994,350
1,0,0,667,3995,350
1,0,0,668,3994,350
1,0,1,651,3993,350
1,0,1,603,3995,350
1,0,1,607,3995,350
1,0,1,604,3995,350
1,0,1,603,3995,350
1,0,0,634,3996,350
1,0,0,669,3998,350
1,0,0,666,3996,350
1,0,0,664,3997,350
1,0,0,666,3996,350
1,0,0,654,3996,350
1,0,0,652,3997,350
1,0,0,647,3997,350
1,0,0,647,3997,350
1,0,0,641,3997,350
1,0,0,641,3996,350
1,0,0,634,3997,350
1,0,0,636,3995,350
1,0,0,632,3997,350
1,0,0,636,3997,350
1,0,0,628,3995,350
1,0,0,631,3997,350
1,0,0,630,3996,350
1,0,0,630,3996,350
1,0,0,627,3996,350
1,0,0,628,3995,350
1,0,0,631,3997,350
1,0,0,634,3996,350
1,0,0,636,3996,350
1,0,0,636,3996,350
1,0,0,643,3996,350
1,0,0,644,3997,350
1,0,0,643,3996,350
1,0,0,643,3997,350
1,0,0,643,3996,350
1,0,0,645,3997,350
1,0,0,646,3997,350
1,0,0,646,3996,350
1,0,0,648,3995,350
1,0,0,648,3995,350
1,0,0,651,3995,350
1,0,0,651,3995,350
1,0,0,650,3996,350
1,0,0,654,3996,350
1,0,0,653,3996,350
1,0,0,657,3995,350
1,0,0,657,3996,350
1,0,0,652,3996,350
1,0,0,659,3995,350
1,0,0,657,3995,350
1,0,0,658,3995,350
1,0,0,659,3996,350
1,0,0,658,3994,350
1,0,0,659,3996,350
1,0,0,661,3995,350
1,0,0,661,3994,350
1,0,0,662,3996,350
1,0,0,663,3996,350
1,0,0,660,3996,350
