PV,MV,BO,TP,MO,TP_O
1,0,1,1132,402,650
1,0,1,845,493,650
1,0,1,846,443,650
1,0,0,907,477,650
1,0,0,1046,454,650
1,0,0,1064,446,650
1,0,1,1050,505,650
1,0,0,912,461,650
1,0,0,1049,449,650
1,0,0,1055,448,650
1,0,0,1042,447,650
1,0,0,1047,446,650
1,0,1,1016,447,650
1,0,0,918,465,650
1,0,0,1052,456,650
1,0,0,1045,454,650
1,0,0,1052,453,650
1,0,1,1000,454,650
1,0,1,789,561,650
1,0,1,799,571,650
1,0,1,801,579,650
1,0,0,929,496,650
1,0,1,1023,489,650
1,0,0,901,499,650
1,0,0,1059,489,650
1,0,0,1062,486,650
1,0,0,1047,484,650
1,0,0,1058,484,650
1,0,1,1033,558,650
1,0,0,904,502,650
1,0,0,1055,493,650
1,0,0,1057,492,650
1,0,0,1048,490,650
1,0,0,1054,491,650
1,0,1,980,490,650
1,0,0,914,509,650
1,0,0,1058,500,650
1,0,0,1057,498,650
1,0,0,1052,498,650
1,0,0,1066,497,650
1,0,1,1009,588,650
1,0,0,888,516,650
1,0,0,1060,507,650
1,0,0,1052,505,650
1,0,0,1049,504,650
1,0,1,1048,503,650
1,0,1,762,520,650
1,0,1,769,622,650
1,0,1,778,619,650
1,0,1,784,605,650
1,0,1,791,550,650
1,0,1,792,561,650
1,0,1,804,565,650
1,0,1,802,570,650
1,0,1,801,574,650
1,0,1,800,641,650
1,0,1,799,586,650
1,0,1,794,590,650
1,0,1,814,597,650
1,0,1,816,603,650
1,0,1,800,609,650
1,0,0,898,616,650
1,0,0,1081,602,650
1,0,0,1065,598,650
1,0,0,1063,597,650
1,0,1,1062,597,650
1,0,1,782,613,650
1,0,1,775,619,650
1,0,1,765,626,650
1,0,1,763,632,650
1,0,1,789,736,650
1,0,1,789,666,650
1,0,1,796,653,650
1,0,1,791,656,650
1,0,1,782,746,650
1,0,1,795,666,650
1,0,1,798,681,650
1,0,1,802,680,650
1,0,1,803,684,650
1,0,1,795,690,650
1,0,1,777,694,650
1,0,0,891,701,650
1,0,0,1083,690,650
1,0,0,1069,686,650
1,0,0,1065,684,650
1,0,1,1063,779,650
1,0,1,769,699,650
1,0,1,768,791,650
1,0,1,752,709,650
1,0,1,763,716,650
1,0,1,783,721,650
1,0,1,786,746,650
1,0,1,759,731,650
1,0,1,785,801,650
1,0,1,780,829,650
1,0,1,793,754,650
1,0,1,771,756,650
1,0,1,781,762,650
1,0,1,792,768,650
1,0,1,792,775,650
1,0,0,919,779,650
1,0,0,1091,769,650
1,0,0,1063,764,650
1,0,0,1051,763,650
1,0,0,1053,762,650
1,0,0,1044,761,650
1,0,0,1054,761,650
1,0,0,1050,760,650
1,0,0,1059,760,650
1,0,0,1053,760,650
1,0,0,1056,761,650
1,0,0,1052,761,650
1,0,0,1063,761,650
1,0,0,1053,760,650
1,0,0,1058,760,650
1,0,0,1053,760,650
1,0,1,1064,761,650
1,0,1,738,771,650
1,0,1,763,782,650
1,0,1,744,786,650
1,0,1,773,796,650
1,0,0,908,800,650
1,0,0,1086,790,650
1,0,0,1070,786,650
1,0,0,1071,785,650
1,0,1,1044,784,650
1,0,1,735,796,650
1,0,1,777,867,650
1,0,1,744,810,650
1,0,1,776,906,650
1,0,1,780,821,650
1,0,1,769,828,650
1,0,1,782,838,650
1,0,1,779,922,650
1,0,1,761,840,650
1,0,1,780,846,650
1,0,1,752,852,650
1,0,1,785,941,650
1,0,1,766,858,650
1,0,1,753,865,650
1,0,1,822,871,650
1,0,0,904,878,650
1,0,0,1093,869,650
1,0,0,1079,864,650
1,0,0,1070,862,650
1,0,1,1069,858,650
1,0,1,738,871,650
1,0,1,752,877,650
1,0,1,766,994,650
1,0,1,753,888,650
1,0,1,758,896,650
1,0,1,741,899,650
1,0,1,737,903,650
1,0,1,735,909,650
1,0,1,739,914,650
1,0,1,779,982,650
1,0,1,764,925,650
1,0,1,764,929,650
1,0,1,772,935,650
1,0,1,783,992,650
1,0,1,751,941,650
1,0,0,850,946,650
1,0,0,1093,937,650
1,0,0,1077,935,650
1,0,0,1075,932,650
1,0,1,1075,929,650
1,0,1,748,941,650
1,0,1,741,948,650
1,0,1,761,1066,650
1,0,1,760,958,650
1,0,1,740,966,650
1,0,1,769,1078,650
1,0,1,741,976,650
1,0,1,773,1065,650
1,0,1,766,1095,650
1,0,1,732,985,650
1,0,1,772,1079,650
1,0,1,773,1108,650
1,0,1,743,1000,650
1,0,1,773,1089,650
1,0,1,814,1010,650
1,0,0,867,1015,650
1,0,0,1090,1005,650
1,0,0,1079,1002,650
1,0,0,1079,1000,650
1,0,1,1075,1000,650
1,0,1,720,1011,650
1,0,1,756,1083,650
1,0,1,708,1021,650
1,0,1,730,1028,650
1,0,1,705,1031,650
1,0,1,743,1034,650
1,0,1,708,1040,650
1,0,1,715,1045,650
1,0,1,763,1148,650
1,0,1,748,1054,650
1,0,1,741,1060,650
1,0,1,741,1061,650
1,0,1,709,1066,650
1,0,1,730,1070,650
1,0,1,728,1075,650
1,0,0,887,1084,650
1,0,0,1089,1074,650
1,0,0,1079,1071,650
1,0,0,1076,1069,650
1,0,1,1078,1067,650
1,0,1,709,1079,650
1,0,1,752,1201,650
1,0,1,695,1088,650
1,0,1,738,1098,650
1,0,1,724,1098,650
1,0,1,755,1101,650
1,0,1,756,1229,650
1,0,1,699,1110,650
1,0,1,740,1118,650
1,0,1,727,1118,650
1,0,1,755,1121,650
1,0,1,702,1126,650
1,0,1,757,1189,650
1,0,1,737,1138,650
1,0,1,704,1138,650
1,0,0,802,1144,650
1,0,0,1094,1136,650
1,0,0,1080,1133,650
1,0,0,1077,1133,650
1,0,1,1070,1260,650
1,0,1,644,1141,650
1,0,1,646,1140,650
1,0,1,662,1145,650
1,0,1,662,1275,650
1,0,1,627,1153,650
1,0,1,638,1157,650
1,0,1,653,1160,650
1,0,1,665,1163,650
1,0,1,664,1292,650
1,0,1,627,1170,650
1,0,1,634,1174,650
1,0,1,653,1177,650
1,0,1,665,1179,650
1,0,1,624,1183,650
1,0,1,669,1186,650
1,0,0,800,1195,650
1,0,0,1099,1188,650
1,0,0,1080,1185,650
1,0,0,1076,1186,650
1,0,1,1076,1185,650
1,0,1,599,1189,650
1,0,1,654,1321,650
1,0,1,614,1197,650
1,0,1,651,1216,650
1,0,1,659,1206,650
1,0,1,629,1210,650
1,0,1,662,1210,650
1,0,1,616,1216,650
1,0,1,659,1216,650
1,0,1,659,1240,650
1,0,1,652,1238,650
1,0,1,632,1228,650
1,0,1,640,1234,650
1,0,1,655,1233,650
1,0,1,690,1236,650
1,0,0,826,1246,650
1,0,0,1099,1238,650
1,0,0,1082,1236,650
1,0,0,1076,1235,650
1,0,1,1069,1231,650
1,0,1,608,1240,650
1,0,1,616,1246,650
1,0,1,620,1246,650
1,0,1,652,1378,650
1,0,1,601,1254,650
1,0,1,649,1256,650
1,0,1,646,1276,650
1,0,1,602,1264,650
1,0,1,655,1266,650
1,0,1,613,1270,650
1,0,1,614,1273,650
1,0,1,656,1274,650
1,0,1,617,1280,650
1,0,1,640,1281,650
1,0,1,620,1286,650
1,0,0,804,1292,650
1,0,0,1101,1286,650
1,0,0,1083,1284,650
1,0,0,1076,1283,650
1,0,1,1078,1282,650
1,0,1,635,1285,650
1,0,1,646,1288,650
1,0,1,592,1294,650
1,0,1,648,1295,650
1,0,1,596,1301,650
1,0,1,646,1302,650
1,0,1,593,1307,650
1,0,1,615,1312,650
1,0,1,624,1316,650
1,0,1,638,1315,650
1,0,1,622,1322,650
1,0,1,642,1321,650
1,0,1,625,1328,650
1,0,1,635,1328,650
1,0,1,617,1333,650
1,0,0,830,1339,650
1,0,0,1096,1334,650
1,0,0,1083,1332,650
1,0,0,1080,1330,650
1,0,1,1077,1328,650
1,0,1,612,1339,650
1,0,1,642,1335,650
1,0,1,633,1339,650
1,0,1,608,1343,650
1,0,1,594,1346,650
1,0,1,619,1349,650
1,0,1,593,1353,650
1,0,1,584,1356,650
1,0,1,599,1360,650
1,0,1,640,1363,650
1,0,1,598,1366,650
1,0,1,613,1369,650
1,0,1,631,1384,650
1,0,1,642,1501,650
1,0,1,646,1513,650
1,0,0,803,1382,650
1,0,0,1099,1375,650
1,0,0,1087,1374,650
1,0,0,1084,1373,650
1,0,1,1029,1367,650
1,0,1,593,1376,650
1,0,1,599,1378,650
1,0,1,617,1394,650
1,0,1,636,1385,650
1,0,1,641,1392,650
1,0,1,643,1390,650
1,0,1,598,1395,650
1,0,1,649,1395,650
1,0,1,581,1400,650
1,0,1,609,1400,650
1,0,1,578,1405,650
1,0,1,645,1404,650
1,0,1,586,1410,650
1,0,1,631,1547,650
1,0,1,576,1414,650
1,0,0,831,1423,650
1,0,0,1098,1417,650
1,0,0,1087,1416,650
1,0,0,1079,1414,650
1,0,1,1081,1411,650
1,0,1,637,1414,650
1,0,1,585,1421,650
1,0,1,631,1423,650
1,0,1,606,1429,650
1,0,1,580,1429,650
1,0,1,598,1433,650
1,0,1,645,1434,650
1,0,1,584,1439,650
1,0,1,644,1439,650
1,0,1,620,1444,650
1,0,1,646,1444,650
1,0,1,587,1449,650
1,0,1,637,1581,650
1,0,1,610,1453,650
1,0,1,643,1459,650
1,0,0,801,1464,650
1,0,0,1098,1459,650
1,0,0,1086,1457,650
1,0,0,1077,1456,650
1,0,1,1081,1455,650
1,0,1,583,1458,650
1,0,1,649,1459,650
1,0,1,608,1467,650
1,0,1,646,1466,650
1,0,1,637,1473,650
1,0,1,648,1472,650
1,0,1,580,1477,650
1,0,1,646,1477,650
1,0,1,589,1481,650
1,0,1,646,1481,650
1,0,1,609,1487,650
1,0,1,625,1501,650
1,0,1,642,1491,650
1,0,1,610,1496,650
1,0,1,605,1494,650
1,0,0,834,1504,650
1,0,0,1099,1499,650
1,0,0,1082,1496,650
1,0,0,1081,1485,650
1,0,1,1085,1491,650
1,0,1,633,1495,650
1,0,1,604,1500,650
1,0,1,648,1503,650
1,0,1,584,1508,650
1,0,1,646,1509,650
1,0,1,610,1514,650
1,0,1,632,1614,650
1,0,1,590,1519,650
1,0,1,644,1520,650
1,0,1,610,1526,650
1,0,1,632,1624,650
1,0,1,627,1530,650
1,0,1,619,1536,650
1,0,1,644,1534,650
1,0,0,837,1542,650
1,0,0,1083,1537,650
1,0,0,1074,1535,650
1,0,0,1064,1534,650
1,0,0,1072,1534,650
1,0,0,1062,1534,650
1,0,0,1069,1534,650
1,0,0,1060,1533,650
1,0,0,1069,1533,650
1,0,0,1058,1532,650
1,0,0,1066,1532,650
1,0,0,1058,1533,650
1,0,0,1065,1532,650
1,0,0,1055,1533,650
1,0,0,1063,1532,650
1,0,0,1053,1533,650
1,0,1,1066,1529,650
1,0,1,631,1537,650
1,0,1,737,1540,650
1,0,1,669,1549,650
1,0,1,713,1549,650
1,0,0,887,1556,650
1,0,0,1094,1550,650
1,0,0,1085,1549,650
1,0,0,1080,1546,650
1,0,1,1085,1544,650
1,0,1,711,1551,650
1,0,1,720,1684,650
1,0,1,637,1560,650
1,0,1,730,1562,650
1,0,1,726,1715,650
1,0,1,682,1572,650
1,0,1,695,1571,650
1,0,1,709,1626,650
1,0,1,643,1578,650
1,0,1,742,1579,650
1,0,1,747,1580,650
1,0,1,667,1587,650
1,0,1,754,1587,650
1,0,1,720,1687,650
1,0,1,654,1613,650
1,0,0,777,1599,650
1,0,0,1098,1594,650
1,0,0,1082,1592,650
1,0,0,1078,1591,650
1,0,1,1081,1589,650
1,0,1,591,1592,650
1,0,1,644,1726,650
1,0,1,586,1600,650
1,0,1,658,1600,650
1,0,1,624,1605,650
1,0,1,647,1739,650
1,0,1,607,1610,650
1,0,1,642,1710,650
1,0,1,636,1615,650
1,0,1,660,1630,650
1,0,1,652,1620,650
1,0,1,622,1626,650
1,0,1,661,1625,650
1,0,1,603,1629,650
1,0,1,645,1629,650
1,0,0,839,1638,650
1,0,0,1102,1633,650
1,0,0,1083,1631,650
1,0,0,1079,1631,650
1,0,1,1074,1626,650
1,0,1,635,1740,650
1,0,1,624,1635,650
1,0,1,634,1646,650
1,0,1,598,1642,650
1,0,1,661,1643,650
1,0,1,633,1646,650
1,0,1,639,1662,650
1,0,1,651,1651,650
1,0,1,621,1657,650
1,0,1,593,1657,650
1,0,1,604,1661,650
1,0,1,663,1659,650
1,0,1,590,1664,650
1,0,1,660,1664,650
1,0,1,607,1668,650
1,0,0,843,1676,650
1,0,0,1101,1671,650
1,0,0,1088,1668,650
1,0,0,1092,1668,650
1,0,1,1079,1666,650
1,0,1,656,1668,650
1,0,1,605,1674,650
1,0,1,663,1674,650
1,0,1,634,1683,650
1,0,1,591,1681,650
1,0,1,613,1686,650
1,0,1,666,1686,650
1,0,1,623,1693,650
1,0,1,662,1692,650
1,0,1,662,1698,650
1,0,1,669,1696,650
1,0,1,599,1701,650
1,0,1,666,1702,650
1,0,1,593,1706,650
1,0,1,666,1706,650
1,0,0,835,1717,650
1,0,0,1101,1710,650
1,0,0,1083,1708,650
1,0,0,1091,1707,650
1,0,1,1067,1701,650
1,0,1,628,1713,650
1,0,1,655,1711,650
1,0,1,622,1718,650
1,0,1,624,1718,650
1,0,1,670,1823,650
1,0,1,647,1723,650
1,0,1,634,1731,650
1,0,1,665,1729,650
1,0,1,618,1733,650
1,0,1,606,1732,650
1,0,1,610,1737,650
1,0,1,671,1737,650
1,0,1,625,1741,650
1,0,1,665,1741,650
1,0,1,611,1745,650
1,0,0,851,1753,650
1,0,0,1099,1747,650
1,0,0,1088,1745,650
1,0,0,1080,1746,650
1,0,1,1087,1744,650
1,0,1,661,1744,650
1,0,1,615,1751,650
1,0,1,671,1752,650
1,0,1,636,1760,650
1,0,1,595,1758,650
1,0,1,624,1763,650
1,0,1,671,1763,650
1,0,1,612,1767,650
1,0,1,673,1767,650
1,0,1,613,1771,650
1,0,1,672,1770,650
1,0,1,596,1776,650
1,0,1,663,1774,650
1,0,1,616,1779,650
1,0,1,674,1789,650
1,0,0,823,1789,650
1,0,0,1100,1784,650
1,0,0,1096,1782,650
1,0,0,1081,1781,650
1,0,1,1012,1774,650
1,0,1,609,1783,650
1,0,1,671,1784,650
1,0,1,602,1790,650
1,0,1,670,1791,650
1,0,1,598,1796,650
1,0,1,674,1797,650
1,0,1,613,1800,650
1,0,1,675,1801,650
1,0,1,596,1805,650
1,0,1,653,1805,650
1,0,1,598,1810,650
1,0,1,666,1809,650
1,0,1,619,1814,650
1,0,1,653,1904,650
1,0,1,598,1818,650
1,0,0,855,1826,650
1,0,0,1098,1823,650
1,0,0,1091,1819,650
1,0,0,1081,1818,650
1,0,1,1090,1814,650
1,0,1,668,1818,650
1,0,1,597,1824,650
1,0,1,674,1824,650
1,0,1,602,1829,650
1,0,1,611,1830,650
1,0,1,602,1834,650
1,0,1,675,1834,650
1,0,1,600,1839,650
1,0,1,669,1838,650
1,0,1,629,1844,650
1,0,1,660,1932,650
1,0,1,649,1847,650
1,0,1,640,1854,650
1,0,1,675,1851,650
1,0,1,611,1854,650
1,0,0,802,1862,650
1,0,0,1098,1856,650
1,0,0,1083,1855,650
1,0,0,1090,1853,650
1,0,1,1081,1853,650
1,0,1,604,1855,650
1,0,1,663,2009,650
1,0,1,624,1861,650
1,0,1,657,1939,650
1,0,1,646,1868,650
1,0,1,669,2009,650
1,0,1,624,1871,650
1,0,1,674,1873,650
1,0,1,601,1878,650
1,0,1,672,1877,650
1,0,1,625,1882,650
1,0,1,659,1968,650
1,0,1,654,1886,650
1,0,1,659,1975,650
1,0,1,603,1891,650
1,0,0,857,1898,650
1,0,0,1100,1893,650
1,0,0,1083,1892,650
1,0,0,1084,1890,650
1,0,1,1089,1888,650
1,0,1,675,1890,650
1,0,1,602,1897,650
1,0,1,679,1896,650
1,0,1,604,1902,650
1,0,1,618,1902,650
1,0,1,612,1907,650
1,0,1,683,1907,650
1,0,1,605,1911,650
1,0,1,679,1911,650
1,0,1,647,1916,650
1,0,1,648,1921,650
1,0,1,627,1921,650
1,0,1,661,2004,650
1,0,1,658,1924,650
1,0,1,678,1928,650
1,0,0,810,1933,650
1,0,0,1100,1928,650
1,0,0,1084,1926,650
1,0,0,1083,1926,650
1,0,1,1082,1925,650
1,0,1,598,1927,650
1,0,1,628,1933,650
1,0,1,620,1933,650
1,0,1,672,2060,650
1,0,1,663,1940,650
1,0,1,684,1940,650
1,0,1,606,1944,650
1,0,1,646,1950,650
1,0,1,627,1948,650
1,0,1,685,2089,650
1,0,1,640,1952,650
1,0,1,656,1964,650
1,0,1,674,1956,650
1,0,1,640,1961,650
1,0,1,610,1959,650
1,0,0,762,1964,650
1,0,0,1101,1963,650
1,0,0,1089,1961,650
1,0,0,1082,1960,650
1,0,1,1080,1956,650
1,0,1,526,1957,650
1,0,1,526,1959,650
1,0,1,540,1962,650
1,0,1,568,1962,650
1,0,1,565,1963,650
1,0,1,568,1964,650
1,0,1,571,1966,650
1,0,1,571,1968,650
1,0,1,562,1970,650
1,0,1,530,1971,650
1,0,1,561,1973,650
1,0,1,543,1974,650
1,0,1,534,1977,650
1,0,1,530,1978,650
1,0,1,547,1979,650
1,0,0,788,1987,650
1,0,0,1097,1983,650
1,0,0,1091,1982,650
1,0,0,1090,1981,650
1,0,1,1087,1980,650
1,0,1,520,1979,650
1,0,1,559,2103,650
1,0,1,568,1982,650
1,0,1,551,1984,650
1,0,1,533,1987,650
1,0,1,532,1989,650
1,0,1,536,1991,650
1,0,1,547,1992,650
1,0,1,556,1997,650
1,0,1,572,1999,650
1,0,1,570,1995,650
1,0,1,574,1997,650
1,0,1,573,1999,650
1,0,1,563,2000,650
1,0,1,535,2002,650
1,0,0,782,2011,650
1,0,0,1098,2007,650
1,0,0,1089,2006,650
1,0,0,1093,2005,650
1,0,1,1087,2003,650
1,0,1,534,2003,650
1,0,1,557,2007,650
1,0,1,572,2006,650
1,0,1,569,2008,650
1,0,1,533,2009,650
1,0,1,545,2011,650
1,0,1,529,2014,650
1,0,1,573,2014,650
1,0,1,568,2015,650
1,0,1,570,2016,650
1,0,1,573,2019,650
1,0,1,569,2021,650
1,0,1,553,2023,650
1,0,1,572,2023,650
1,0,0,767,2033,650
1,0,0,1083,2030,650
1,0,0,1077,2028,650
1,0,0,1064,2027,650
1,0,0,1073,2027,650
1,0,0,1065,2026,650
1,0,0,1069,2026,650
1,0,0,1059,2026,650
1,0,0,1068,2026,650
1,0,0,1064,2026,650
1,0,0,1065,2026,650
1,0,0,1056,2026,650
1,0,1,1066,2024,650
1,0,1,680,2026,650
1,0,1,621,2032,650
1,0,1,690,2033,650
1,0,1,607,2038,650
1,0,1,667,2038,650
1,0,1,620,2042,650
1,0,1,678,2164,650
1,0,1,646,2046,650
1,0,0,864,2053,650
1,0,0,1098,2048,650
1,0,0,1083,2048,650
1,0,0,1082,2046,650
1,0,1,1089,2042,650
1,0,1,689,2046,650
1,0,1,608,2051,650
1,0,1,690,2050,650
1,0,1,629,2057,650
1,0,1,689,2057,650
1,0,1,612,2062,650
1,0,1,692,2061,650
1,0,1,614,2066,650
1,0,1,684,2065,650
1,0,1,623,2070,650
1,0,1,647,2075,650
1,0,1,648,2074,650
1,0,1,666,2086,650
1,0,1,681,2077,650
1,0,1,695,2085,650
1,0,0,834,2088,650
1,0,0,1100,2083,650
1,0,0,1089,2081,650
1,0,0,1082,2080,650
1,0,1,1081,2079,650
1,0,1,603,2081,650
1,0,1,687,2082,650
1,0,1,623,2087,650
1,0,1,681,2213,650
1,0,1,674,2093,650
1,0,1,696,2093,650
1,0,1,614,2097,650
1,0,1,657,2103,650
1,0,1,636,2101,650
1,0,1,699,2105,650
1,0,1,568,2223,650
1,0,1,574,2102,650
1,0,1,578,2102,650
1,0,1,577,2104,650
1,0,1,539,2107,650
1,0,0,767,2114,650
1,0,0,1105,2111,650
1,0,0,1083,2110,650
1,0,0,1088,2110,650
1,0,1,1076,2104,650
1,0,1,536,2105,650
1,0,1,532,2108,650
1,0,1,565,2127,650
1,0,1,571,2111,650
1,0,1,575,2113,650
1,0,1,579,2115,650
1,0,1,574,2117,650
1,0,1,557,2118,650
1,0,1,543,2119,650
1,0,1,536,2121,650
1,0,1,542,2123,650
1,0,1,552,2125,650
1,0,1,562,2129,650
1,0,1,571,2251,650
1,0,1,577,2251,650
1,0,0,761,2136,650
1,0,0,1101,2134,650
1,0,0,1089,2132,650
1,0,0,1079,2132,650
1,0,1,1033,2125,650
1,0,1,566,2127,650
1,0,1,549,2130,650
1,0,1,551,2134,650
1,0,1,563,2138,650
1,0,1,578,2140,650
1,0,1,576,2137,650
1,0,1,580,2138,650
1,0,1,542,2142,650
1,0,1,535,2143,650
1,0,1,550,2144,650
1,0,1,554,2148,650
1,0,1,562,2150,650
1,0,1,569,2270,650
1,0,1,535,2151,650
1,0,1,564,2152,650
1,0,0,792,2160,650
1,0,0,1096,2156,650
1,0,0,1084,2155,650
1,0,0,1082,2155,650
1,0,1,1081,2153,650
1,0,1,549,2153,650
1,0,1,566,2272,650
1,0,1,575,2156,650
1,0,1,558,2157,650
1,0,1,539,2159,650
1,0,1,564,2160,650
1,0,1,547,2162,650
1,0,1,534,2163,650
1,0,1,544,2165,650
1,0,1,560,2166,650
1,0,1,541,2169,650
1,0,1,555,2169,650
1,0,1,564,2174,650
1,0,1,572,2296,650
1,0,1,579,2296,650
1,0,0,764,2181,650
1,0,0,1099,2178,650
1,0,0,1086,2177,650
1,0,0,1080,2176,650
1,0,1,1035,2170,650
1,0,1,566,2173,650
1,0,1,554,2176,650
1,0,1,552,2180,650
1,0,1,566,2182,650
1,0,1,582,2185,650
1,0,1,562,2185,650
1,0,1,572,2306,650
1,0,1,579,2185,650
1,0,1,581,2187,650
1,0,1,575,2187,650
1,0,1,582,2189,650
1,0,1,579,2191,650
1,0,1,569,2192,650
1,0,1,550,2194,650
1,0,1,547,2196,650
1,0,0,786,2204,650
1,0,0,1099,2203,650
1,0,0,1088,2200,650
1,0,0,1087,2199,650
1,0,1,1088,2196,650
1,0,1,531,2197,650
1,0,1,554,2199,650
1,0,1,580,2199,650
1,0,1,583,2202,650
1,0,1,551,2203,650
1,0,1,581,2206,650
1,0,1,579,2206,650
1,0,1,559,2208,650
1,0,1,547,2210,650
1,0,1,541,2211,650
1,0,1,546,2213,650
1,0,1,538,2214,650
1,0,1,543,2216,650
1,0,1,555,2219,650
1,0,1,579,2220,650
1,0,0,798,2227,650
1,0,0,1101,2224,650
1,0,0,1085,2223,650
1,0,0,1079,2222,650
1,0,1,1084,2220,650
1,0,1,558,2223,650
1,0,1,574,2219,650
1,0,1,572,2222,650
1,0,1,552,2223,650
1,0,1,551,2226,650
1,0,1,538,2228,650
1,0,1,550,2230,650
1,0,1,562,2233,650
1,0,1,571,2248,650
1,0,1,580,2235,650
1,0,1,581,2233,650
1,0,1,582,2236,650
1,0,1,578,2238,650
1,0,1,560,2239,650
1,0,1,542,2240,650
1,0,0,795,2249,650
1,0,0,1099,2246,650
1,0,0,1085,2245,650
1,0,0,1083,2243,650
1,0,1,1088,2241,650
1,0,1,548,2242,650
1,0,1,570,2248,650
1,0,1,582,2244,650
1,0,1,573,2247,650
1,0,1,538,2247,650
1,0,1,542,2250,650
1,0,1,542,2252,650
1,0,1,586,2252,650
1,0,1,579,2253,650
1,0,1,582,2381,650
1,0,1,582,2258,650
1,0,1,572,2259,650
1,0,1,553,2261,650
1,0,1,583,2262,650
1,0,1,564,2263,650
1,0,0,777,2271,650
1,0,0,1099,2268,650
1,0,0,1085,2269,650
1,0,0,1079,2266,650
1,0,1,1009,2260,650
1,0,1,570,2263,650
1,0,1,563,2265,650
1,0,1,554,2269,650
1,0,1,565,2272,650
1,0,1,585,2274,650
1,0,1,560,2274,650
1,0,1,573,2290,650
1,0,1,580,2275,650
1,0,1,586,2276,650
1,0,1,582,2278,650
1,0,1,585,2279,650
1,0,1,585,2280,650
1,0,1,580,2282,650
1,0,1,564,2285,650
1,0,1,545,2286,650
1,0,0,794,2294,650
1,0,0,1097,2291,650
1,0,0,1090,2289,650
1,0,0,1081,2289,650
1,0,1,1082,2286,650
1,0,1,546,2287,650
1,0,1,566,2290,650
1,0,1,586,2289,650
1,0,1,582,2291,650
1,0,1,538,2294,650
1,0,1,584,2294,650
1,0,1,563,2297,650
1,0,1,548,2298,650
1,0,1,540,2300,650
1,0,1,553,2302,650
1,0,1,541,2303,650
1,0,1,546,2305,650
1,0,1,558,2307,650
1,0,1,567,2309,650
1,0,1,584,2312,650
1,0,0,802,2316,650
1,0,0,1100,2314,650
1,0,0,1090,2311,650
1,0,0,1090,2312,650
1,0,1,1089,2309,650
1,0,1,567,2313,650
1,0,1,582,2309,650
1,0,1,563,2312,650
1,0,1,551,2314,650
1,0,1,559,2315,650
1,0,1,552,2318,650
1,0,1,538,2319,650
1,0,1,550,2320,650
1,0,1,560,2323,650
1,0,1,577,2324,650
1,0,1,560,2326,650
1,0,1,570,2329,650
1,0,1,576,2446,650
1,0,1,582,2327,650
1,0,1,577,2329,650
1,0,0,795,2337,650
1,0,0,1098,2334,650
1,0,0,1085,2335,650
1,0,0,1080,2333,650
1,0,1,1084,2332,650
1,0,1,577,2329,650
1,0,1,578,2332,650
1,0,1,546,2336,650
1,0,1,561,2337,650
1,0,1,584,2339,650
1,0,1,576,2353,650
1,0,1,584,2340,650
1,0,1,587,2341,650
1,0,1,587,2342,650
1,0,1,564,2344,650
1,0,1,556,2346,650
1,0,1,543,2348,650
1,0,1,541,2351,650
1,0,1,553,2351,650
1,0,1,581,2352,650
1,0,0,801,2359,650
1,0,0,1101,2356,650
1,0,0,1089,2355,650
1,0,0,1092,2356,650
1,0,1,1083,2354,650
1,0,1,577,2351,650
1,0,1,585,2353,650
1,0,1,549,2356,650
1,0,1,541,2358,650
1,0,1,571,2359,650
1,0,1,558,2361,650
1,0,1,571,2365,650
1,0,1,566,2363,650
1,0,1,583,2364,650
1,0,1,554,2365,650
1,0,1,549,2368,650
1,0,1,542,2370,650
1,0,1,548,2371,650
1,0,1,580,2371,650
1,0,0,800,2379,650
1,0,0,1079,2377,650
1,0,0,1074,2375,650
1,0,0,1067,2375,650
1,0,0,1073,2374,650
1,0,0,1063,2374,650
1,0,0,1073,2373,650
1,0,0,1060,2374,650
1,0,0,1066,2373,650
1,0,0,1057,2373,650
1,0,0,1064,2373,650
1,0,0,1054,2373,650
1,0,1,1041,2366,650
1,0,1,575,2370,650
1,0,1,586,2372,650
1,0,1,579,2376,650
1,0,1,565,2377,650
1,0,1,546,2379,650
1,0,1,540,2380,650
1,0,1,547,2382,650
1,0,1,560,2384,650
1,0,0,801,2391,650
1,0,0,1097,2388,650
1,0,0,1084,2386,650
1,0,0,1079,2386,650
1,0,1,1079,2385,650
1,0,1,579,2381,650
1,0,1,585,2385,650
1,0,1,544,2387,650
1,0,1,550,2389,650
1,0,1,571,2390,650
1,0,1,548,2393,650
1,0,1,561,2395,650
1,0,1,573,2399,650
1,0,1,583,2520,650
1,0,1,588,2547,650
1,0,1,582,2516,650
1,0,1,588,2400,650
1,0,1,589,2401,650
1,0,1,587,2403,650
1,0,1,544,2405,650
1,0,0,777,2413,650
1,0,0,1096,2411,650
1,0,0,1084,2408,650
1,0,0,1080,2409,650
1,0,1,1071,2403,650
1,0,1,549,2405,650
1,0,1,544,2407,650
1,0,1,572,2412,650
1,0,1,583,2532,650
1,0,1,589,2416,650
1,0,1,581,2522,650
1,0,1,588,2415,650
1,0,1,592,2416,650
1,0,1,590,2417,650
1,0,1,545,2418,650
1,0,1,589,2421,650
1,0,1,577,2421,650
1,0,1,557,2423,650
1,0,1,546,2426,650
1,0,1,568,2427,650
1,0,0,797,2435,650
1,0,0,1101,2432,650
1,0,0,1083,2429,650
1,0,0,1080,2429,650
1,0,1,1081,2427,650
1,0,1,555,2428,650
1,0,1,576,2440,650
1,0,1,589,2430,650
1,0,1,579,2432,650
1,0,1,547,2433,650
1,0,1,546,2436,650
1,0,1,548,2438,650
1,0,1,560,2439,650
1,0,1,570,2441,650
1,0,1,590,2444,650
1,0,1,587,2440,650
1,0,1,591,2443,650
1,0,1,592,2444,650
1,0,1,585,2446,650
1,0,1,544,2447,650
1,0,0,800,2456,650
1,0,0,1101,2452,650
1,0,0,1084,2451,650
1,0,0,1081,2451,650
1,0,1,1080,2448,650
1,0,1,553,2450,650
1,0,1,571,2453,650
1,0,1,592,2451,650
1,0,1,587,2453,650
1,0,1,557,2455,650
1,0,1,557,2456,650
1,0,1,544,2458,650
1,0,1,592,2460,650
1,0,1,586,2460,650
1,0,1,588,2462,650
1,0,1,594,2464,650
1,0,1,588,2465,650
1,0,1,566,2467,650
1,0,1,588,2468,650
1,0,1,581,2469,650
1,0,0,797,2477,650
1,0,0,1096,2474,650
1,0,0,1085,2473,650
1,0,0,1079,2473,650
1,0,1,1035,2467,650
1,0,1,579,2469,650
1,0,1,560,2471,650
1,0,1,564,2475,650
1,0,1,577,2479,650
1,0,1,592,2478,650
1,0,1,573,2481,650
1,0,1,584,2600,650
1,0,1,590,2480,650
1,0,1,593,2482,650
1,0,1,562,2483,650
1,0,1,580,2486,650
1,0,1,559,2488,650
1,0,1,547,2488,650
1,0,1,547,2491,650
1,0,1,579,2492,650
1,0,0,807,2498,650
1,0,0,1097,2496,650
1,0,0,1085,2495,650
1,0,0,1079,2493,650
1,0,1,1083,2494,650
1,0,1,582,2489,650
1,0,1,592,2493,650
1,0,1,549,2495,650
1,0,1,549,2496,650
1,0,1,570,2498,650
1,0,1,547,2501,650
1,0,1,562,2502,650
1,0,1,573,2505,650
1,0,1,581,2521,650
1,0,1,594,2521,650
1,0,1,579,2526,650
1,0,1,589,2506,650
1,0,1,592,2507,650
1,0,1,593,2510,650
1,0,1,556,2511,650
1,0,0,773,2520,650
1,0,0,1100,2517,650
1,0,0,1084,2515,650
1,0,0,1081,2514,650
1,0,1,1074,2509,650
1,0,1,548,2511,650
1,0,1,542,2515,650
1,0,1,582,2535,650
1,0,1,590,2516,650
1,0,1,595,2534,650
1,0,1,586,2519,650
1,0,1,594,2520,650
1,0,1,595,2523,650
1,0,1,591,2525,650
1,0,1,545,2525,650
1,0,1,591,2528,650
1,0,1,570,2528,650
1,0,1,555,2530,650
1,0,1,544,2532,650
1,0,1,576,2533,650
1,0,0,802,2541,650
1,0,0,1100,2538,650
1,0,0,1088,2536,650
1,0,0,1083,2536,650
1,0,1,1083,2534,650
1,0,1,564,2535,650
1,0,1,585,2652,650
1,0,1,592,2536,650
1,0,1,574,2538,650
1,0,1,550,2540,650
1,0,1,547,2542,650
1,0,1,554,2543,650
1,0,1,567,2546,650
1,0,1,579,2549,650
1,0,1,596,2552,650
1,0,1,594,2548,650
1,0,1,596,2548,650
1,0,1,594,2551,650
1,0,1,582,2553,650
1,0,1,550,2553,650
1,0,0,805,2560,650
1,0,0,1096,2557,650
1,0,0,1085,2556,650
1,0,0,1078,2556,650
1,0,1,1079,2554,650
1,0,1,562,2554,650
1,0,1,580,2567,650
1,0,1,594,2555,650
1,0,1,583,2558,650
1,0,1,550,2560,650
1,0,1,553,2562,650
1,0,1,552,2564,650
1,0,1,597,2563,650
1,0,1,594,2565,650
1,0,1,585,2566,650
1,0,1,594,2568,650
1,0,1,583,2570,650
1,0,1,563,2572,650
1,0,1,594,2572,650
1,0,1,573,2574,650
1,0,0,787,2581,650
1,0,0,1096,2579,650
1,0,0,1087,2578,650
1,0,0,1079,2576,650
1,0,1,1039,2572,650
1,0,1,582,2574,650
1,0,1,565,2576,650
1,0,1,568,2580,650
1,0,1,581,2583,650
1,0,1,594,2584,650
1,0,1,577,2586,650
1,0,1,588,2701,650
1,0,1,595,2585,650
1,0,1,599,2586,650
1,0,1,563,2588,650
1,0,1,596,2589,650
1,0,1,597,2591,650
1,0,1,584,2593,650
1,0,1,568,2594,650
1,0,1,563,2595,650
1,0,0,812,2603,650
1,0,0,1099,2601,650
1,0,0,1084,2600,650
1,0,0,1080,2599,650
1,0,1,1091,2597,650
1,0,1,573,2601,650
1,0,1,590,2597,650
1,0,1,585,2599,650
1,0,1,565,2600,650
1,0,1,548,2602,650
1,0,1,569,2603,650
1,0,1,553,2605,650
1,0,1,553,2607,650
1,0,1,564,2610,650
1,0,1,593,2611,650
1,0,1,566,2613,650
1,0,1,576,2615,650
1,0,1,584,2632,650
1,0,1,592,2614,650
1,0,1,592,2615,650
1,0,0,804,2624,650
1,0,0,1099,2622,650
1,0,0,1083,2620,650
1,0,0,1085,2619,650
1,0,1,1017,2613,650
1,0,1,588,2616,650
1,0,1,573,2618,650
1,0,1,565,2621,650
1,0,1,578,2623,650
1,0,1,591,2623,650
1,0,1,572,2627,650
1,0,1,586,2645,650
1,0,1,593,2627,650
1,0,1,599,2629,650
1,0,1,575,2629,650
1,0,1,599,2631,650
1,0,1,598,2633,650
1,0,1,595,2635,650
1,0,1,574,2635,650
1,0,1,557,2638,650
1,0,0,794,2645,650
1,0,0,1098,2641,650
1,0,0,1084,2641,650
1,0,0,1080,2640,650
1,0,1,1087,2637,650
1,0,1,544,2637,650
1,0,1,556,2641,650
1,0,1,595,2639,650
1,0,1,600,2642,650
1,0,1,596,2643,650
1,0,1,597,2646,650
1,0,1,577,2648,650
1,0,1,562,2649,650
1,0,1,551,2650,650
1,0,1,582,2651,650
1,0,1,570,2655,650
1,0,1,582,2657,650
1,0,1,591,2768,650
1,0,1,600,2655,650
1,0,1,589,2657,650
1,0,0,782,2665,650
1,0,0,1098,2662,650
1,0,0,1083,2661,650
1,0,0,1082,2661,650
1,0,1,1064,2655,650
1,0,1,565,2658,650
1,0,1,551,2660,650
1,0,1,582,2664,650
1,0,1,592,2778,650
1,0,1,600,2668,650
1,0,1,601,2666,650
1,0,1,600,2668,650
1,0,1,571,2671,650
1,0,1,557,2671,650
1,0,1,591,2673,650
1,0,1,584,2677,650
1,0,1,593,2789,650
1,0,1,596,2675,650
1,0,1,564,2678,650
1,0,0,808,2685,650
1,0,0,1082,2683,650
1,0,0,1076,2681,650
1,0,0,1064,2680,650
1,0,0,1070,2680,650
1,0,0,1062,2679,650
1,0,0,1072,2680,650
1,0,0,1062,2679,650
1,0,0,1068,2679,650
1,0,0,1058,2679,650
1,0,0,1068,2679,650
1,0,0,1055,2678,650
1,0,1,1066,2674,650
1,0,1,546,2676,650
1,0,1,545,2680,650
1,0,1,560,2681,650
1,0,1,572,2684,650
1,0,1,598,2686,650
1,0,1,595,2825,650
1,0,1,601,2685,650
1,0,1,599,2687,650
1,0,0,786,2696,650
1,0,0,1094,2694,650
1,0,0,1085,2692,650
1,0,0,1078,2690,650
1,0,1,1058,2685,650
1,0,1,716,2790,650
1,0,1,687,2694,650
1,0,1,709,2705,650
1,0,1,727,2698,650
1,0,1,743,2698,650
1,0,1,744,2703,650
1,0,1,719,2774,650
1,0,1,708,2706,650
1,0,1,655,2710,650
1,0,1,646,2710,650
1,0,1,648,2713,650
1,0,1,744,2712,650
1,0,1,668,2718,650
1,0,1,728,2871,650
1,0,1,718,2721,650
1,0,0,893,2726,650
1,0,0,1099,2721,650
1,0,0,1082,2720,650
1,0,0,1082,2719,650
1,0,1,1080,2718,650
1,0,1,671,2712,650
1,0,1,714,2755,650
1,0,1,711,2724,650
1,0,1,701,2731,650
1,0,1,718,2724,650
1,0,1,724,2830,650
1,0,1,746,2731,650
1,0,1,713,2743,650
1,0,1,724,2735,650
1,0,1,663,2739,650
1,0,1,746,2738,650
1,0,1,649,2743,650
1,0,1,745,2742,650
1,0,1,667,2744,650
1,0,1,688,2746,650
1,0,0,894,2751,650
1,0,0,1101,2748,650
1,0,0,1092,2747,650
1,0,0,1081,2747,650
1,0,1,1067,2741,650
1,0,1,718,2841,650
1,0,1,701,2749,650
1,0,1,712,2758,650
1,0,1,733,2752,650
1,0,1,705,2760,650
1,0,1,682,2757,650
1,0,1,681,2761,650
1,0,1,709,2760,650
1,0,1,658,2763,650
1,0,1,648,2762,650
1,0,1,647,2766,650
1,0,1,753,2766,650
1,0,1,658,2771,650
1,0,1,724,2847,650
1,0,1,710,2774,650
1,0,0,904,2778,650
1,0,0,1096,2774,650
1,0,0,1083,2773,650
1,0,0,1086,2771,650
1,0,1,1081,2770,650
1,0,1,715,2772,650
1,0,1,699,2777,650
1,0,1,746,2776,650
1,0,1,680,2782,650
1,0,1,745,2782,650
1,0,1,713,2788,650
1,0,1,751,2784,650
1,0,1,723,2855,650
1,0,1,688,2789,650
1,0,1,688,2794,650
1,0,1,711,2793,650
1,0,1,660,2796,650
1,0,1,746,2795,650
1,0,1,653,2799,650
1,0,1,647,2800,650
1,0,0,906,2807,650
1,0,0,1096,2802,650
1,0,0,1083,2800,650
1,0,0,1081,2799,650
1,0,1,1090,2796,650
1,0,1,744,2798,650
1,0,1,657,2804,650
1,0,1,737,2796,650
1,0,1,679,2806,650
1,0,1,739,2932,650
1,0,1,705,2811,650
1,0,1,746,2811,650
1,0,1,727,2814,650
1,0,1,732,2930,650
1,0,1,747,2817,650
1,0,1,725,2884,650
1,0,1,751,2820,650
1,0,1,705,2826,650
1,0,1,745,2824,650
1,0,1,654,2827,650
1,0,0,839,2832,650
1,0,0,1100,2829,650
1,0,0,1084,2826,650
1,0,0,1081,2825,650
1,0,1,1082,2825,650
1,0,1,646,2826,650
1,0,1,744,2827,650
1,0,1,671,2830,650
1,0,1,735,2944,650
1,0,1,673,2836,650
1,0,1,722,2868,650
1,0,1,656,2839,650
1,0,1,713,2844,650
1,0,1,674,2845,650
1,0,1,703,2847,650
1,0,1,694,2845,650
1,0,1,677,2849,650
1,0,1,732,2849,650
1,0,1,651,2852,650
1,0,1,653,2851,650
1,0,0,893,2859,650
1,0,0,1098,2855,650
1,0,0,1082,2852,650
1,0,0,1080,2852,650
1,0,1,1086,2848,650
1,0,1,747,2862,650
1,0,1,658,2855,650
1,0,1,740,2912,650
1,0,1,680,2859,650
1,0,1,740,3017,650
1,0,1,707,2861,650
1,0,1,749,2862,650
1,0,1,735,2865,650
1,0,1,741,2977,650
1,0,1,748,2869,650
1,0,1,729,2934,650
1,0,1,758,2872,650
1,0,1,709,2877,650
1,0,1,754,2875,650
1,0,1,748,2881,650
1,0,0,876,2885,650
1,0,0,1097,2881,650
1,0,0,1082,2878,650
1,0,0,1086,2878,650
1,0,1,1087,2876,650
1,0,1,648,2878,650
1,0,1,751,2879,650
1,0,1,670,2883,650
1,0,1,738,2993,650
1,0,1,678,2887,650
1,0,1,727,2901,650
1,0,1,652,2891,650
1,0,1,713,2895,650
1,0,1,680,2894,650
1,0,1,707,2898,650
1,0,1,695,2897,650
1,0,1,679,2901,650
1,0,1,744,2900,650
1,0,1,657,2903,650
1,0,1,655,2903,650
1,0,0,890,2910,650
1,0,0,1097,2907,650
1,0,0,1092,2905,650
1,0,0,1083,2903,650
1,0,1,1079,2898,650
1,0,1,747,2902,650
1,0,1,672,2906,650
1,0,1,736,2995,650
1,0,1,699,2910,650
1,0,1,737,2987,650
1,0,1,734,2913,650
1,0,1,714,2920,650
1,0,1,654,2919,650
1,0,1,761,2917,650
1,0,1,694,2921,650
1,0,1,759,2921,650
1,0,1,743,2924,650
1,0,1,740,3037,650
1,0,1,755,2928,650
1,0,1,764,3079,650
1,0,0,848,2937,650
1,0,0,1096,2932,650
1,0,0,1082,2930,650
1,0,0,1084,2930,650
1,0,1,1082,2928,650
1,0,1,692,2931,650
1,0,1,761,2930,650
1,0,1,722,2934,650
1,0,1,763,2935,650
1,0,1,673,2940,650
1,0,1,760,2939,650
1,0,1,656,2942,650
1,0,1,763,2943,650
1,0,1,678,2945,650
1,0,1,704,2945,650
1,0,1,718,2948,650
1,0,1,748,2947,650
1,0,1,753,2949,650
1,0,1,736,3013,650
1,0,1,762,2954,650
1,0,0,907,2960,650
1,0,0,1095,2956,650
1,0,0,1085,2954,650
1,0,0,1082,2953,650
1,0,1,1084,2950,650
1,0,1,760,2951,650
1,0,1,671,2957,650
1,0,1,765,2956,650
1,0,1,660,2962,650
1,0,1,762,2961,650
1,0,1,667,2966,650
1,0,1,750,2963,650
1,0,1,667,2969,650
1,0,1,739,3036,650
1,0,1,728,2972,650
1,0,1,731,2981,650
1,0,1,670,2974,650
1,0,1,707,2977,650
1,0,1,702,2977,650
1,0,1,698,2981,650
1,0,0,877,2985,650
1,0,0,1095,2980,650
1,0,0,1097,2979,650
1,0,0,1089,2979,650
1,0,1,1085,2977,650
1,0,1,681,2980,650
1,0,1,767,2980,650
1,0,1,663,2983,650
1,0,1,762,2983,650
1,0,1,657,2988,650
1,0,1,758,2987,650
1,0,1,670,2991,650
1,0,1,767,2990,650
1,0,1,700,2993,650
1,0,1,737,3063,650
1,0,1,660,2997,650
1,0,1,719,3002,650
1,0,1,682,3000,650
1,0,1,698,3003,650
1,0,1,674,3004,650
1,0,0,912,3009,650
1,0,0,1097,3005,650
1,0,0,1083,3003,650
1,0,0,1090,3003,650
1,0,1,1083,3001,650
1,0,1,733,3002,650
1,0,1,711,3008,650
1,0,1,769,3007,650
1,0,1,695,3011,650
1,0,1,771,3011,650
1,0,1,676,3014,650
1,0,1,773,3013,650
1,0,1,663,3017,650
1,0,1,764,3016,650
1,0,1,667,3019,650
1,0,1,757,3009,650
1,0,1,707,3023,650
1,0,1,744,3083,650
1,0,1,745,3026,650
1,0,1,730,3032,650
1,0,0,869,3033,650
1,0,0,1111,3029,650
1,0,0,1101,3028,650
1,0,0,1096,3027,650
1,0,1,1033,3022,650
1,0,1,720,3030,650
1,0,1,766,3029,650
1,0,1,705,3034,650
1,0,1,776,3035,650
1,0,1,695,3038,650
1,0,1,776,3036,650
1,0,1,666,3041,650
1,0,1,776,3040,650
1,0,1,697,3045,650
1,0,1,774,3045,650
1,0,1,679,3049,650
1,0,1,779,3047,650
1,0,1,665,3051,650
1,0,1,776,3049,650
1,0,0,920,3057,650
1,0,0,1095,3055,650
1,0,0,1085,3052,650
1,0,0,1069,3051,650
1,0,0,1081,3051,650
1,0,0,1067,3051,650
1,0,0,1077,3049,650
1,0,0,1065,3050,650
1,0,0,1069,3050,650
1,0,0,1062,3049,650
1,0,0,1067,3049,650
1,0,0,1057,3050,650
1,0,0,1064,3049,650
1,0,0,1055,3049,650
1,0,0,1067,3048,650
1,0,0,1055,3048,650
1,0,1,1070,3046,650
1,0,1,754,3046,650
1,0,1,671,3053,650
1,0,1,749,3157,650
1,0,1,708,3057,650
1,0,0,915,3062,650
1,0,0,1096,3058,650
1,0,0,1087,3056,650
1,0,0,1092,3057,650
1,0,1,1090,3054,650
1,0,1,755,3055,650
1,0,1,712,3061,650
1,0,1,775,3059,650
1,0,1,684,3063,650
1,0,1,779,3064,650
1,0,1,670,3068,650
1,0,1,777,3067,650
1,0,1,674,3069,650
1,0,1,765,3069,650
1,0,1,681,3074,650
1,0,1,758,3170,650
1,0,1,721,3077,650
1,0,1,733,3083,650
1,0,1,765,3079,650
1,0,1,727,3085,650
1,0,0,862,3087,650
1,0,0,1111,3083,650
1,0,0,1099,3082,650
1,0,0,1096,3081,650
1,0,1,1098,3081,650
1,0,1,703,3083,650
1,0,1,778,3083,650
1,0,1,682,3087,650
1,0,1,782,3086,650
1,0,1,674,3091,650
1,0,1,773,3090,650
1,0,1,676,3093,650
1,0,1,763,3155,650
1,0,1,709,3097,650
1,0,1,759,3204,650
1,0,1,728,3100,650
1,0,1,737,3105,650
1,0,1,766,3102,650
1,0,1,713,3105,650
1,0,1,778,3105,650
1,0,0,932,3112,650
1,0,0,1113,3107,650
1,0,0,1097,3106,650
1,0,0,1098,3106,650
1,0,1,1095,3103,650
1,0,1,774,3104,650
1,0,1,667,3109,650
1,0,1,776,3107,650
1,0,1,680,3112,650
1,0,1,773,3112,650
1,0,1,701,3116,650
1,0,1,757,3218,650
1,0,1,730,3119,650
1,0,1,734,3125,650
1,0,1,750,3122,650
1,0,1,729,3125,650
1,0,1,782,3125,650
1,0,1,702,3129,650
1,0,1,785,3127,650
1,0,1,695,3131,650
1,0,0,868,3136,650
1,0,0,1112,3132,650
1,0,0,1099,3129,650
1,0,0,1098,3130,650
1,0,1,1099,3129,650
1,0,1,677,3130,650
1,0,1,781,3130,650
1,0,1,669,3135,650
1,0,1,772,3134,650
1,0,1,676,3139,650
1,0,1,766,3244,650
1,0,1,711,3141,650
1,0,1,772,3141,650
1,0,1,678,3144,650
1,0,1,774,3143,650
1,0,1,690,3147,650
1,0,1,763,3245,650
1,0,1,727,3149,650
1,0,1,749,3173,650
1,0,1,725,3152,650
1,0,0,951,3099,650
1,0,0,1164,3087,650
1,0,0,1150,3093,650
1,0,0,1149,3097,650
1,0,1,1151,3101,650
1,0,1,740,3100,650
1,0,1,746,3110,650
1,0,1,787,3105,650
1,0,1,725,3107,650
1,0,1,793,3109,650
1,0,1,709,3110,650
1,0,1,798,3102,650
1,0,1,687,3112,650
1,0,1,793,3101,650
1,0,1,686,3106,650
1,0,1,789,3107,650
1,0,1,705,3104,650
1,0,1,776,3210,650
1,0,1,744,3107,650
1,0,1,767,3154,650
1,0,0,907,3107,650
1,0,0,1166,3106,650
1,0,0,1155,3095,650
1,0,0,1148,3100,650
1,0,1,1111,3088,650
1,0,1,756,3095,650
1,0,1,772,3094,650
1,0,1,740,3095,650
1,0,1,794,3089,650
1,0,1,729,3097,650
1,0,1,797,3091,650
1,0,1,701,3092,650
1,0,1,798,3093,650
1,0,1,683,3088,650
1,0,1,793,3089,650
1,0,1,691,3094,650
1,0,1,779,3083,650
1,0,1,725,3093,650
1,0,1,763,3118,650
1,0,1,733,3084,650
1,0,0,953,3095,650
1,0,0,1165,3085,650
1,0,0,1156,3085,650
1,0,0,1149,3080,650
1,0,1,1148,3073,650
1,0,1,763,3076,650
1,0,1,736,3080,650
1,0,1,792,3073,650
1,0,1,712,3080,650
1,0,1,795,3073,650
1,0,1,692,3076,650
1,0,1,795,3076,650
1,0,1,683,3071,650
1,0,1,787,3076,650
1,0,1,685,3075,650
1,0,1,779,3147,650
1,0,1,721,3077,650
1,0,1,763,3087,650
1,0,1,763,3076,650
1,0,1,757,3080,650
1,0,0,897,3074,650
1,0,0,1170,3073,650
1,0,0,1155,3064,650
1,0,0,1152,3066,650
1,0,1,1090,3057,650
1,0,1,738,3060,650
1,0,1,784,3062,650
1,0,1,726,3060,650
1,0,1,793,3062,650
1,0,1,714,3063,650
1,0,1,797,3053,650
1,0,1,683,3064,650
1,0,1,791,3053,650
1,0,1,693,3063,650
1,0,1,784,3057,650
1,0,1,703,3054,650
1,0,1,767,3140,650
1,0,1,739,3054,650
1,0,1,749,3065,650
1,0,1,761,3056,650
1,0,0,956,3058,650
1,0,0,1167,3057,650
1,0,0,1154,3050,650
1,0,0,1151,3050,650
1,0,1,1148,3041,650
1,0,1,758,3043,650
1,0,1,735,3048,650
1,0,1,790,3043,650
1,0,1,711,3048,650
1,0,1,794,3041,650
1,0,1,691,3047,650
1,0,1,792,3041,650
1,0,1,711,3048,650
1,0,1,794,3042,650
1,0,1,718,3041,650
1,0,1,793,3043,650
1,0,1,690,3039,650
1,0,1,789,3042,650
1,0,1,681,3045,650
1,0,1,790,3037,650
1,0,0,931,3044,650
1,0,0,1167,3041,650
1,0,0,1153,3033,650
1,0,0,1153,3034,650
1,0,1,1146,3020,650
1,0,1,781,3027,650
1,0,1,689,3025,650
1,0,1,774,3142,650
1,0,1,725,3025,650
1,0,1,767,3128,650
1,0,1,755,3029,650
1,0,1,746,3030,650
1,0,1,781,3028,650
1,0,1,723,3026,650
1,0,1,789,3028,650
1,0,1,712,3024,650
1,0,1,793,3027,650
1,0,1,689,3023,650
1,0,1,787,3026,650
1,0,1,681,3026,650
1,0,0,920,3025,650
1,0,0,1167,3023,650
1,0,0,1156,3017,650
1,0,0,1151,3016,650
1,0,1,1149,3012,650
1,0,1,685,3015,650
1,0,1,772,3169,650
1,0,1,724,3016,650
1,0,1,752,3019,650
1,0,1,734,3015,650
1,0,1,739,3016,650
1,0,1,781,3012,650
1,0,1,721,3012,650
1,0,1,792,3013,650
1,0,1,711,3015,650
1,0,1,791,3004,650
1,0,1,681,3013,650
1,0,1,787,3005,650
1,0,1,687,3013,650
1,0,1,782,3003,650
1,0,0,923,3016,650
1,0,0,1166,3003,650
1,0,0,1154,3007,650
1,0,0,1152,2996,650
1,0,1,1145,2996,650
1,0,1,769,2994,650
1,0,1,696,2999,650
1,0,1,761,3077,650
1,0,1,745,2999,650
1,0,1,755,3027,650
1,0,1,774,2994,650
1,0,1,730,3001,650
1,0,1,784,2995,650
1,0,1,711,2998,650
1,0,1,790,2995,650
1,0,1,695,2999,650
1,0,1,790,2990,650
1,0,1,683,2999,650
1,0,1,780,2991,650
1,0,1,681,2998,650
1,0,0,931,2996,650
1,0,0,1167,2995,650
1,0,0,1155,2985,650
1,0,0,1151,2989,650
1,0,1,1152,2982,650
1,0,1,680,2983,650
1,0,1,772,3136,650
1,0,1,716,2985,650
1,0,1,750,2988,650
1,0,1,736,2984,650
1,0,1,737,2989,650
1,0,1,779,2982,650
1,0,1,720,2984,650
1,0,1,790,2983,650
1,0,1,712,2984,650
1,0,1,788,2977,650
1,0,1,683,2983,650
1,0,1,783,2978,650
1,0,1,687,2981,650
1,0,1,781,2975,650
1,0,0,923,2987,650
1,0,0,1167,2974,650
1,0,0,1155,2976,650
1,0,0,1151,2970,650
1,0,1,1144,2968,650
1,0,1,771,2962,650
1,0,1,697,2971,650
1,0,1,762,3045,650
1,0,1,744,2970,650
1,0,1,753,3000,650
1,0,1,775,2971,650
1,0,1,730,2968,650
1,0,1,743,2964,650
1,0,1,758,2996,650
1,0,1,727,2968,650
1,0,1,742,2968,650
1,0,1,777,2967,650
1,0,1,717,2969,650
1,0,1,786,2965,650
1,0,0,948,2966,650
1,0,0,1147,2966,650
1,0,0,1137,2957,650
1,0,0,1125,2959,650
1,0,0,1131,2953,650
1,0,0,1121,2952,650
1,0,0,1127,2951,650
1,0,0,1115,2944,650
1,0,0,1123,2946,650
1,0,0,1116,2941,650
1,0,0,1119,2942,650
1,0,0,1107,2941,650
1,0,0,1119,2932,650
1,0,0,1112,2937,650
1,0,0,1119,2932,650
1,0,0,1106,2928,650
1,0,1,1119,2926,650
1,0,1,767,2924,650
1,0,1,691,2931,650
1,0,1,761,3053,650
1,0,1,672,2930,650
1,0,0,933,2929,650
1,0,0,1149,2926,650
1,0,0,1140,2925,650
1,0,0,1147,2917,650
1,0,1,1145,2920,650
1,0,1,667,2914,650
1,0,1,769,2916,650
1,0,1,692,2918,650
1,0,1,757,2995,650
1,0,1,711,2920,650
1,0,1,740,2918,650
1,0,1,752,2919,650
1,0,1,725,2918,650
1,0,1,779,2914,650
1,0,1,722,2919,650
1,0,1,784,2912,650
1,0,1,693,2919,650
1,0,1,781,2908,650
1,0,1,676,2915,650
1,0,1,780,2912,650
1,0,0,927,2916,650
1,0,0,1165,2915,650
1,0,0,1154,2905,650
1,0,0,1152,2906,650
1,0,1,1128,2897,650
1,0,1,747,2982,650
1,0,1,730,2903,650
1,0,1,739,2902,650
1,0,1,772,2902,650
1,0,1,729,2904,650
1,0,1,781,2899,650
1,0,1,702,2904,650
1,0,1,782,2898,650
1,0,1,677,2902,650
1,0,1,782,2899,650
1,0,1,673,2899,650
1,0,1,776,2900,650
1,0,1,693,2895,650
1,0,1,763,3007,650
1,0,1,706,2898,650
1,0,0,943,2900,650
1,0,0,1165,2899,650
1,0,0,1155,2890,650
1,0,0,1151,2888,650
1,0,1,1152,2886,650
1,0,1,728,2880,650
1,0,1,732,2890,650
1,0,1,772,2885,650
1,0,1,713,2884,650
1,0,1,777,2887,650
1,0,1,695,2885,650
1,0,1,781,2882,650
1,0,1,676,2888,650
1,0,1,776,2880,650
1,0,1,674,2886,650
1,0,1,770,2882,650
1,0,1,696,2879,650
1,0,1,757,2989,650
1,0,1,733,2884,650
1,0,1,752,2924,650
1,0,0,899,2888,650
1,0,0,1168,2877,650
1,0,0,1151,2876,650
1,0,0,1149,2875,650
1,0,1,1110,2862,650
1,0,1,736,2878,650
1,0,1,757,2870,650
1,0,1,723,2866,650
1,0,1,776,2867,650
1,0,1,716,2872,650
1,0,1,779,2863,650
1,0,1,688,2870,650
1,0,1,776,2868,650
1,0,1,716,2868,650
1,0,1,774,2866,650
1,0,1,702,2870,650
1,0,1,778,2865,650
1,0,1,676,2867,650
1,0,1,778,2860,650
1,0,1,683,2868,650
1,0,0,901,2867,650
1,0,0,1168,2859,650
1,0,0,1157,2860,650
1,0,0,1151,2856,650
1,0,1,1151,2848,650
1,0,1,663,2852,650
1,0,1,769,2851,650
1,0,1,685,2849,650
1,0,1,765,2995,650
1,0,1,692,2853,650
1,0,1,747,2900,650
1,0,1,731,2848,650
1,0,1,736,2856,650
1,0,1,768,2850,650
1,0,1,727,2848,650
1,0,1,775,2850,650
1,0,1,700,2852,650
1,0,1,780,2845,650
1,0,1,676,2847,650
1,0,1,777,2847,650
1,0,0,927,2847,650
1,0,0,1168,2840,650
1,0,0,1154,2840,650
1,0,0,1150,2839,650
1,0,1,1151,2824,650
1,0,1,765,2829,650
1,0,1,668,2834,650
1,0,1,770,2832,650
1,0,1,691,2831,650
1,0,1,760,2821,650
1,0,1,715,2834,650
1,0,1,742,2843,650
1,0,1,754,2831,650
1,0,1,721,2832,650
1,0,1,767,2833,650
1,0,1,713,2833,650
1,0,1,777,2828,650
1,0,1,689,2830,650
1,0,1,776,2823,650
1,0,1,678,2829,650
1,0,0,903,2833,650
1,0,0,1168,2828,650
1,0,0,1155,2822,650
1,0,0,1152,2816,650
1,0,1,1152,2815,650
1,0,1,662,2818,650
1,0,1,768,2832,650
1,0,1,681,2839,650
1,0,1,759,2967,650
1,0,1,694,2846,650
1,0,1,746,2909,650
1,0,1,734,2851,650
1,0,1,738,2859,650
1,0,1,767,2854,650
1,0,1,729,2861,650
1,0,1,776,2858,650
1,0,1,706,2863,650
1,0,1,782,2862,650
1,0,1,676,2867,650
1,0,1,782,2866,650
1,0,0,931,2875,650
1,0,0,1168,2868,650
1,0,0,1155,2868,650
1,0,0,1152,2868,650
1,0,1,1153,2863,650
1,0,1,770,2866,650
1,0,1,671,2871,650
1,0,1,768,2871,650
1,0,1,697,2876,650
1,0,1,764,2926,650
1,0,1,719,2880,650
1,0,1,750,2904,650
1,0,1,757,2883,650
1,0,1,725,2888,650
1,0,1,771,2887,650
1,0,1,715,2891,650
1,0,1,781,2890,650
1,0,1,692,2895,650
1,0,1,781,2893,650
1,0,1,683,2899,650
1,0,0,902,2902,650
1,0,0,1166,2900,650
1,0,0,1157,2897,650
1,0,0,1150,2896,650
1,0,1,1153,2896,650
1,0,1,667,2898,650
1,0,1,778,2898,650
1,0,1,684,2902,650
1,0,1,764,3029,650
1,0,1,692,2908,650
1,0,1,757,2966,650
1,0,1,737,2911,650
1,0,1,765,3035,650
1,0,1,692,2916,650
1,0,1,771,2916,650
1,0,1,711,2920,650
1,0,1,750,2964,650
1,0,1,754,2923,650
1,0,1,744,2932,650
1,0,1,755,2928,650
1,0,0,940,2934,650
1,0,0,1169,2928,650
1,0,0,1152,2929,650
1,0,0,1149,2927,650
1,0,0,1153,2927,650
1,0,0,1152,2927,650
1,0,0,1150,2928,650
1,0,0,1154,2927,650
1,0,0,1153,2927,650
1,0,0,1150,2926,650
1,0,0,1154,2928,650
1,0,0,1150,2925,650
1,0,0,1150,2926,650
1,0,0,1153,2926,650
1,0,0,1152,2926,650
1,0,0,1150,2927,650
1,0,0,1152,2926,650
1,0,0,1153,2926,650
1,0,0,1149,2928,650
1,0,0,1151,2926,650
1,0,0,1154,2925,650
1,0,0,1154,2925,650
1,0,0,1152,2926,650
1,0,0,1150,2925,650
1,0,0,1148,2926,650
1,0,0,1152,2926,650
1,0,0,1151,2927,650
1,0,0,1149,2926,650
1,0,0,1151,2925,650
1,0,0,1152,2925,650
1,0,0,1151,2925,650
1,0,0,1152,2925,650
1,0,0,1150,2925,650
1,0,0,1152,2925,650
1,0,0,1150,2925,650
1,0,0,1150,2926,650
1,0,0,1152,2925,650
1,0,0,1153,2926,650
1,0,0,1149,2924,650
1,0,0,1150,2925,650
1,0,0,1150,2925,650
1,0,0,1153,2924,650
1,0,0,1149,2924,650
1,0,0,1150,2924,650
1,0,0,1150,2926,650
1,0,0,1154,2925,650
1,0,0,1154,2924,650
1,0,0,1154,2925,650
1,0,0,1153,2925,650
1,0,0,1152,2925,650
1,0,0,1154,2925,650
1,0,0,1152,2924,650
1,0,0,1153,2923,650
1,0,0,1150,2925,650
1,0,0,1154,2925,650
1,0,0,1153,2925,650
1,0,0,1154,2925,650
1,0,0,1152,2924,650
1,0,0,1151,2923,650
1,0,0,1150,2926,650
1,0,0,1154,2925,650
1,0,0,1151,2925,650
1,0,0,1153,2925,650
1,0,0,1155,2925,650
1,0,0,1152,2925,650
1,0,0,1150,2927,650
1,0,0,1154,2925,650
1,0,0,1154,2924,650
1,0,0,1152,2923,650
1,0,1,1154,2925,650
1,0,1,986,2929,650
1,0,1,998,2930,650
1,0,1,998,2932,650
1,0,1,990,2947,650
1,0,0,1069,2938,650
1,0,0,1160,2934,650
1,0,0,1154,2934,650
1,0,0,1152,2933,650
1,0,0,1150,2933,650
1,0,0,1153,2932,650
1,0,0,1154,2932,650
1,0,0,1151,2933,650
1,0,0,1152,2932,650
1,0,0,1149,2932,650
1,0,0,1152,2932,650
1,0,0,1154,2933,650
1,0,0,1154,2933,650
1,0,0,1153,2932,650
1,0,0,1153,2930,650
1,0,0,1154,2930,650
1,0,0,1150,2932,650
1,0,0,1151,2931,650
1,0,0,1149,2931,650
1,0,0,1150,2933,650
1,0,0,1166,2931,650
1,1,0,839,2950,650
1,1,0,963,2945,650
1,1,0,992,2943,650
1,1,0,990,2942,650
1,1,0,990,2940,650
1,1,0,995,2942,650
1,1,0,990,2941,650
1,1,0,977,2939,650
1,1,0,983,2939,650
1,1,0,976,2941,650
1,1,0,979,2940,650
1,1,0,968,2940,650
1,1,0,973,2939,650
1,1,0,963,2940,650
1,1,0,971,2940,650
1,1,0,961,2940,650
1,1,0,970,2939,650
1,1,0,958,2940,650
1,1,0,967,2940,650
1,1,0,959,2940,650
1,1,0,967,2938,650
1,1,0,958,2939,650
1,1,0,947,2939,650
1,1,0,949,2940,650
1,1,0,945,2939,650
1,1,0,948,2940,650
1,1,0,952,2940,650
1,1,0,962,2940,650
1,1,0,965,2939,650
1,1,0,968,2938,650
1,1,0,970,2939,650
1,1,0,974,2938,650
1,1,0,978,2939,650
1,1,0,981,2939,650
1,1,0,979,2939,650
1,1,0,983,2939,650
1,1,0,969,2938,650
1,1,0,972,2940,650
1,1,0,961,2939,650
1,1,0,968,2938,650
1,1,0,956,2940,650
1,1,0,960,2940,650
1,1,0,949,2939,650
1,1,0,956,2940,650
1,1,1,929,2939,650
1,1,0,902,2943,650
1,1,0,954,2942,650
1,1,0,954,2941,650
1,1,0,959,2940,650
1,1,1,962,2940,650
1,1,1,875,2971,650
1,1,1,879,2944,650
1,1,1,886,2944,650
1,1,1,894,2944,650
1,1,1,895,2945,650
1,1,0,945,2947,650
1,1,0,970,2945,650
1,1,0,969,2945,650
1,1,0,962,2945,650
1,1,0,965,2945,650
1,1,1,958,2943,650
1,1,0,897,2947,650
1,1,0,963,2946,650
1,1,0,962,2945,650
1,1,0,954,2945,650
1,1,0,963,2945,650
1,1,1,945,2945,650
1,1,0,892,2949,650
1,1,0,959,2947,650
1,1,0,962,2946,650
1,1,0,959,2947,650
1,1,0,961,2946,650
1,1,1,909,2945,650
1,1,0,898,2949,650
1,1,0,965,2949,650
1,1,0,963,2948,650
1,1,0,958,2946,650
1,1,0,958,2946,650
1,1,0,958,2946,650
1,1,1,944,2947,650
1,1,1,836,2953,650
1,1,1,843,2951,650
1,1,1,854,2952,650
1,1,1,854,2952,650
1,1,1,852,2954,650
1,1,1,772,2957,650
1,1,1,780,2958,650
1,1,1,786,2960,650
1,1,1,775,2964,650
1,1,1,785,2964,650
1,1,1,774,2971,650
1,1,1,783,2967,650
1,1,1,780,2969,650
1,1,1,775,2977,650
1,1,1,788,2973,650
1,1,0,885,2976,650
1,1,0,982,2972,650
1,1,0,967,2971,650
1,1,0,962,2971,650
1,1,1,903,2968,650
1,1,1,766,2972,650
1,1,1,780,2974,650
1,1,1,771,3047,650
1,1,1,782,2979,650
1,1,1,816,3037,650
1,1,1,750,2982,650
1,1,1,746,2985,650
1,1,1,740,2985,650
1,1,1,745,2987,650
1,1,1,743,2991,650
1,1,1,741,2994,650
1,1,1,741,2996,650
1,1,1,748,2995,650
1,1,1,752,2996,650
1,1,1,740,2997,650
1,1,0,854,3002,650
1,1,0,986,2999,650
1,1,0,970,2997,650
1,1,0,968,2997,650
1,1,1,964,2994,650
1,1,1,731,3000,650
1,1,1,741,3001,650
1,1,1,748,3005,650
1,1,1,751,3005,650
1,1,1,795,3007,650
1,1,1,714,3012,650
1,1,1,710,3020,650
1,1,1,714,3012,650
1,1,1,711,3024,650
1,1,1,725,3017,650
1,1,1,710,3096,650
1,1,1,720,3020,650
1,1,1,711,3099,650
1,1,1,719,3023,650
1,1,1,711,3024,650
1,1,0,846,3029,650
1,1,0,988,3027,650
1,1,0,972,3025,650
1,1,0,970,3023,650
1,1,1,905,3030,650
1,1,1,708,3025,650
1,1,1,716,3029,650
1,1,1,718,3031,650
1,1,1,726,3033,650
1,1,1,775,3033,650
1,1,1,680,3034,650
1,1,1,681,3037,650
1,1,1,698,3041,650
1,1,1,683,3040,650
1,1,1,696,3137,650
1,1,1,699,3044,650
1,1,1,698,3048,650
1,1,1,705,3047,650
1,1,1,679,3048,650
1,1,1,686,3051,650
1,1,0,828,3055,650
1,1,0,988,3051,650
1,1,0,972,3050,650
1,1,0,972,3050,650
1,1,1,957,3045,650
1,1,1,687,3051,650
1,1,1,689,3053,650
1,1,1,685,3054,650
1,1,1,680,3057,650
1,1,1,694,3058,650
1,1,1,674,3126,650
1,1,1,672,3173,650
1,1,1,656,3064,650
1,1,1,670,3065,650
1,1,1,680,3066,650
1,1,1,677,3069,650
1,1,1,680,3081,650
1,1,1,667,3071,650
1,1,1,661,3073,650
1,1,1,685,3076,650
1,1,0,814,3080,650
1,1,0,990,3077,650
1,1,0,975,3075,650
1,1,0,973,3075,650
1,1,1,972,3072,650
1,1,1,663,3075,650
1,1,1,680,3079,650
1,1,1,677,3091,650
1,1,1,666,3081,650
1,1,1,698,3086,650
1,1,1,650,3084,650
1,1,1,640,3086,650
1,1,1,643,3088,650
1,1,1,658,3090,650
1,1,1,651,3092,650
1,1,1,670,3103,650
1,1,1,657,3094,650
1,1,1,643,3095,650
1,1,1,641,3097,650
1,1,1,646,3100,650
1,1,0,824,3106,650
1,1,0,992,3100,650
1,1,0,975,3099,650
1,1,0,976,3099,650
1,1,1,946,3094,650
1,1,1,655,3100,650
1,1,1,659,3190,650
1,1,1,646,3102,650
1,1,1,644,3106,650
1,1,1,638,3109,650
1,1,1,627,3109,650
1,1,1,645,3112,650
1,1,1,653,3114,650
1,1,1,654,3207,650
1,1,1,650,3114,650
1,1,1,628,3116,650
1,1,1,621,3117,650
1,1,1,638,3120,650
1,1,1,646,3122,650
1,1,1,633,3121,650
1,1,0,816,3129,650
1,1,0,996,3125,650
1,1,0,978,3125,650
1,1,0,974,3122,650
1,1,1,977,3119,650
1,1,1,614,3123,650
1,1,1,641,3124,650
1,1,1,649,3129,650
1,1,1,655,3138,650
1,1,1,635,3131,650
1,1,1,626,3131,650
1,1,1,613,3133,650
1,1,1,640,3137,650
1,1,1,624,3136,650
1,1,1,607,3136,650
1,1,1,619,3140,650
1,1,1,646,3147,650
1,1,1,616,3140,650
1,1,1,622,3143,650
1,1,1,641,3144,650
1,1,0,792,3149,650
1,1,0,996,3146,650
1,1,0,983,3146,650
1,1,0,978,3143,650
1,1,1,972,3142,650
1,1,1,613,3144,650
1,1,1,643,3240,650
1,1,1,612,3148,650
1,1,1,628,3151,650
1,1,1,640,3154,650
1,1,1,628,3154,650
1,1,1,616,3155,650
1,1,1,604,3156,650
1,1,1,593,3157,650
1,1,1,602,3158,650
1,1,1,613,3159,650
1,1,1,630,3160,650
1,1,1,631,3262,650
1,1,1,630,3166,650
1,1,1,630,3166,650
1,1,0,794,3172,650
1,1,0,1000,3169,650
1,1,0,980,3167,650
1,1,0,977,3166,650
1,1,1,973,3164,650
1,1,1,590,3165,650
1,1,1,586,3167,650
1,1,1,597,3169,650
1,1,1,616,3170,650
1,1,1,663,3254,650
1,1,1,583,3174,650
1,1,1,592,3176,650
1,1,1,610,3176,650
1,1,1,622,3177,650
1,1,1,584,3178,650
1,1,1,582,3182,650
1,1,1,583,3182,650
1,1,1,591,3183,650
1,1,1,612,3184,650
1,1,1,579,3185,650
1,1,1,619,3278,650
1,1,1,616,3192,650
1,1,1,605,3191,650
1,1,1,595,3193,650
1,1,1,624,3193,650
1,1,1,585,3194,650
1,1,1,602,3194,650
1,1,1,623,3195,650
1,1,1,624,3197,650
1,1,1,648,3198,650
1,1,1,609,3200,650
1,1,1,589,3201,650
1,1,1,611,3201,650
1,1,1,576,3205,650
1,1,1,585,3205,650
1,1,1,574,3206,650
1,1,1,607,3208,650
1,1,1,578,3208,650
1,1,1,604,3212,650
1,1,1,609,3210,650
1,1,1,584,3213,650
1,1,1,615,3212,650
1,1,1,572,3215,650
1,1,1,597,3219,650
1,1,1,606,3218,650
1,1,1,586,3219,650
1,1,1,614,3220,650
1,1,1,575,3222,650
1,1,1,604,3226,650
1,1,0,787,3229,650
1,1,0,987,3228,650
1,1,0,974,3226,650
1,1,0,962,3226,650
1,1,0,967,3223,650
1,1,0,958,3224,650
1,1,0,965,3223,650
1,1,0,957,3224,650
1,1,0,968,3223,650
1,1,0,957,3223,650
1,1,0,964,3222,650
1,1,0,957,3222,650
1,1,1,963,3219,650
1,1,1,560,3221,650
1,1,1,574,3223,650
1,1,0,759,3229,650
1,1,0,994,3228,650
1,1,0,974,3226,650
1,1,0,973,3225,650
1,1,1,973,3225,650
1,1,1,555,3223,650
1,1,1,596,3224,650
1,1,1,598,3242,650
1,1,1,557,3229,650
1,1,1,603,3231,650
1,1,1,591,3234,650
1,1,1,567,3233,650
1,1,1,606,3232,650
1,1,1,576,3236,650
1,1,1,607,3239,650
1,1,1,601,3339,650
1,1,1,559,3239,650
1,1,1,603,3240,650
1,1,1,593,3245,650
1,1,1,681,3242,650
1,1,0,773,3247,650
1,1,0,1003,3246,650
1,1,0,977,3244,650
1,1,0,977,3244,650
1,1,1,962,3239,650
1,1,1,586,3240,650
1,1,1,543,3244,650
1,1,1,600,3244,650
1,1,1,546,3246,650
1,1,1,600,3250,650
1,1,1,548,3251,650
1,1,1,602,3249,650
1,1,1,546,3252,650
1,1,1,599,3252,650
1,1,1,549,3253,650
1,1,1,599,3255,650
1,1,1,548,3257,650
1,1,1,604,3257,650
1,1,1,548,3260,650
1,1,1,591,3263,650
1,1,0,756,3266,650
1,1,0,999,3264,650
1,1,0,979,3262,650
1,1,0,973,3264,650
1,1,1,921,3256,650
1,1,1,522,3260,650
1,1,1,541,3261,650
1,1,1,565,3264,650
1,1,1,577,3266,650
1,1,1,594,3267,650
1,1,1,593,3266,650
1,1,1,596,3267,650
1,1,1,593,3269,650
1,1,1,578,3270,650
1,1,1,540,3271,650
1,1,1,543,3273,650
1,1,1,538,3275,650
1,1,1,557,3275,650
1,1,1,570,3277,650
1,1,1,579,3278,650
1,1,0,769,3284,650
1,1,0,999,3281,650
1,1,0,979,3279,650
1,1,0,976,3279,650
1,1,1,975,3278,650
1,1,1,533,3276,650
1,1,1,535,3279,650
1,1,1,548,3280,650
1,1,1,565,3282,650
1,1,1,590,3284,650
1,1,1,587,3390,650
1,1,1,593,3284,650
1,1,1,597,3285,650
1,1,1,593,3286,650
1,1,1,554,3288,650
1,1,1,557,3290,650
1,1,1,544,3290,650
1,1,1,542,3292,650
1,1,1,600,3292,650
1,1,1,597,3296,650
1,1,0,742,3301,650
1,1,0,998,3298,650
1,1,0,978,3297,650
1,1,0,975,3297,650
1,1,1,976,3296,650
1,1,1,580,3292,650
1,1,1,584,3295,650
1,1,1,558,3296,650
1,1,1,542,3299,650
1,1,1,560,3299,650
1,1,1,561,3302,650
1,1,1,572,3304,650
1,1,1,582,3318,650
1,1,1,591,3303,650
1,1,1,597,3399,650
1,1,1,596,3305,650
1,1,1,592,3307,650
1,1,1,569,3308,650
1,1,1,548,3309,650
1,1,1,540,3311,650
1,1,0,785,3318,650
1,1,0,1006,3315,650
1,1,0,979,3314,650
1,1,0,977,3313,650
1,1,1,977,3312,650
1,1,1,581,3309,650
1,1,1,590,3312,650
1,1,1,565,3313,650
1,1,1,548,3315,650
1,1,1,553,3317,650
1,1,1,554,3318,650
1,1,1,566,3320,650
1,1,1,578,3323,650
1,1,1,590,3439,650
1,1,1,597,3336,650
1,1,1,597,3322,650
1,1,1,596,3324,650
1,1,1,580,3325,650
1,1,1,557,3327,650
1,1,1,544,3327,650
1,1,0,781,3334,650
1,1,0,1002,3331,650
1,1,0,982,3330,650
1,1,0,977,3329,650
1,1,1,977,3328,650
1,1,1,563,3329,650
1,1,1,595,3327,650
1,1,1,592,3329,650
1,1,1,569,3331,650
1,1,1,541,3332,650
1,1,1,541,3334,650
1,1,1,552,3335,650
1,1,1,567,3338,650
1,1,1,579,3338,650
1,1,1,595,3340,650
1,1,1,594,3338,650
1,1,1,603,3339,650
1,1,1,599,3341,650
1,1,1,583,3343,650
1,1,1,556,3343,650
1,1,0,781,3349,650
1,1,0,999,3347,650
1,1,0,983,3346,650
1,1,0,978,3346,650
1,1,1,976,3342,650
1,1,1,553,3344,650
1,1,1,593,3343,650
1,1,1,598,3345,650
1,1,1,592,3347,650
1,1,1,548,3348,650
1,1,1,550,3349,650
1,1,1,541,3352,650
1,1,1,552,3354,650
1,1,1,566,3355,650
1,1,1,591,3355,650
1,1,1,591,3464,650
1,1,1,592,3356,650
1,1,1,597,3357,650
1,1,1,597,3358,650
1,1,1,582,3360,650
1,1,0,771,3366,650
1,1,0,998,3365,650
1,1,0,982,3363,650
1,1,0,978,3362,650
1,1,1,977,3358,650
1,1,1,548,3360,650
1,1,1,590,3359,650
1,1,1,600,3361,650
1,1,1,598,3363,650
1,1,1,554,3365,650
1,1,1,558,3366,650
1,1,1,545,3368,650
1,1,1,546,3370,650
1,1,1,561,3371,650
1,1,1,588,3372,650
1,1,1,584,3386,650
1,1,1,593,3372,650
1,1,1,602,3373,650
1,1,1,546,3376,650
1,1,1,543,3375,650
1,1,0,783,3384,650
1,1,0,1000,3381,650
1,1,0,984,3378,650
1,1,0,978,3380,650
1,1,1,965,3374,650
1,1,1,539,3377,650
1,1,1,567,3379,650
1,1,1,586,3392,650
1,1,1,594,3379,650
1,1,1,600,3477,650
1,1,1,600,3383,650
1,1,1,593,3384,650
1,1,1,570,3385,650
1,1,1,552,3386,650
1,1,1,557,3388,650
1,1,1,553,3390,650
1,1,1,564,3391,650
1,1,1,582,3394,650
1,1,1,589,3501,650
1,1,1,595,3395,650
1,1,0,745,3399,650
1,1,0,1006,3397,650
1,1,0,982,3395,650
1,1,0,977,3395,650
1,1,1,933,3389,650
1,1,1,558,3392,650
1,1,1,553,3395,650
1,1,1,574,3398,650
1,1,1,588,3411,650
1,1,1,602,3401,650
1,1,1,601,3399,650
1,1,1,602,3401,650
1,1,1,595,3402,650
1,1,1,571,3403,650
1,1,1,541,3403,650
1,1,1,542,3406,650
1,1,1,550,3406,650
1,1,1,568,3410,650
1,1,1,580,3411,650
1,1,1,594,3411,650
1,1,0,760,3416,650
1,1,0,998,3414,650
1,1,0,984,3413,650
1,1,0,981,3412,650
1,1,1,915,3406,650
1,1,1,572,3409,650
1,1,1,547,3411,650
1,1,1,569,3412,650
1,1,1,582,3416,650
1,1,1,601,3417,650
1,1,1,601,3415,650
1,1,1,601,3417,650
1,1,1,600,3418,650
1,1,1,584,3419,650
1,1,1,545,3421,650
1,1,1,547,3422,650
1,1,1,541,3424,650
1,1,1,562,3425,650
1,1,1,577,3426,650
1,1,1,587,3427,650
1,1,0,771,3432,650
1,1,0,1002,3431,650
1,1,0,983,3427,650
1,1,0,980,3428,650
1,1,1,980,3427,650
1,1,1,583,3424,650
1,1,1,538,3428,650
1,1,1,563,3430,650
1,1,1,577,3432,650
1,1,1,599,3433,650
1,1,1,597,3431,650
1,1,1,603,3432,650
1,1,1,602,3432,650
1,1,1,598,3435,650
1,1,1,550,3436,650
1,1,1,555,3438,650
1,1,1,546,3440,650
1,1,1,555,3441,650
1,1,1,569,3441,650
1,1,1,581,3444,650
1,1,0,777,3448,650
1,1,0,999,3445,650
1,1,0,984,3445,650
1,1,0,982,3445,650
1,1,1,979,3443,650
1,1,1,589,3440,650
1,1,1,544,3443,650
1,1,1,546,3445,650
1,1,1,562,3447,650
1,1,1,593,3449,650
1,1,1,589,3462,650
1,1,1,598,3448,650
1,1,1,603,3449,650
1,1,1,602,3451,650
1,1,1,570,3451,650
1,1,1,573,3453,650
1,1,1,557,3455,650
1,1,1,543,3457,650
1,1,1,601,3456,650
1,1,1,598,3460,650
1,1,0,740,3464,650
1,1,0,1006,3463,650
1,1,0,985,3461,650
1,1,0,979,3460,650
1,1,1,979,3459,650
1,1,0,733,3463,650
1,1,0,989,3462,650
1,1,0,980,3460,650
1,1,0,965,3462,650
1,1,0,970,3460,650
1,1,0,960,3460,650
1,1,0,969,3461,650
1,1,0,961,3460,650
1,1,0,968,3459,650
1,1,0,957,3460,650
1,1,0,965,3460,650
1,1,0,955,3459,650
1,1,0,968,3461,650
1,1,0,955,3459,650
1,1,0,964,3460,650
1,1,0,956,3459,650
1,1,0,967,3458,650
1,1,0,970,3458,650
1,1,0,977,3459,650
1,1,1,972,3455,650
1,1,1,561,3457,650
1,1,1,581,3461,650
1,1,1,599,3457,650
1,1,1,603,3459,650
1,1,1,594,3462,650
1,1,1,597,3462,650
1,1,1,575,3465,650
1,1,1,554,3466,650
1,1,1,545,3467,650
1,1,1,556,3469,650
1,1,1,571,3471,650
1,1,1,580,3472,650
1,1,1,592,3567,650
1,1,1,603,3471,650
1,1,1,604,3472,650
1,1,0,756,3479,650
1,1,0,1000,3478,650
1,1,0,983,3475,650
1,1,0,980,3476,650
1,1,1,977,3475,650
1,1,1,545,3473,650
1,1,1,595,3473,650
1,1,1,603,3475,650
1,1,1,602,3477,650
1,1,1,560,3478,650
1,1,1,562,3481,650
1,1,1,550,3481,650
1,1,1,549,3483,650
1,1,1,564,3484,650
1,1,1,578,3485,650
1,1,1,590,3499,650
1,1,1,596,3466,650
1,1,1,607,3486,650
1,1,1,602,3488,650
1,1,1,571,3488,650
1,1,0,772,3495,650
1,1,0,999,3493,650
1,1,0,984,3492,650
1,1,0,977,3491,650
1,1,1,978,3488,650
1,1,1,542,3490,650
1,1,1,595,3489,650
1,1,1,603,3491,650
1,1,1,605,3492,650
1,1,1,573,3494,650
1,1,1,575,3496,650
1,1,1,560,3497,650
1,1,1,547,3499,650
1,1,1,559,3500,650
1,1,1,571,3501,650
1,1,1,584,3503,650
1,1,1,592,3574,650
1,1,1,605,3503,650
1,1,1,605,3504,650
1,1,1,582,3504,650
1,1,0,769,3511,650
1,1,0,1004,3509,650
1,1,0,983,3508,650
1,1,0,981,3509,650
1,1,1,976,3503,650
1,1,1,533,3505,650
1,1,1,552,3508,650
1,1,1,597,3507,650
1,1,1,605,3508,650
1,1,1,597,3509,650
1,1,1,600,3511,650
1,1,1,576,3513,650
1,1,1,553,3514,650
1,1,1,545,3515,650
1,1,1,558,3515,650
1,1,1,571,3519,650
1,1,1,581,3521,650
1,1,1,597,3615,650
1,1,1,553,3521,650
1,1,1,551,3522,650
1,1,0,779,3528,650
1,1,0,998,3525,650
1,1,0,984,3525,650
1,1,0,979,3523,650
1,1,1,914,3517,650
1,1,1,576,3520,650
1,1,1,551,3523,650
1,1,1,571,3526,650
1,1,1,586,3529,650
1,1,1,605,3529,650
1,1,1,603,3527,650
1,1,1,605,3528,650
1,1,1,605,3529,650
1,1,1,589,3531,650
1,1,1,562,3532,650
1,1,1,549,3534,650
1,1,1,547,3535,650
1,1,1,566,3537,650
1,1,1,581,3537,650
1,1,1,600,3539,650
1,1,0,777,3542,650
1,1,0,1000,3541,650
1,1,0,984,3540,650
1,1,0,980,3539,650
1,1,1,978,3538,650
1,1,1,591,3535,650
1,1,1,595,3537,650
1,1,1,557,3541,650
1,1,1,572,3542,650
1,1,1,598,3542,650
1,1,1,597,3634,650
1,1,1,604,3544,650
1,1,1,608,3544,650
1,1,1,607,3545,650
1,1,1,590,3546,650
1,1,1,565,3550,650
1,1,1,552,3550,650
1,1,1,551,3551,650
1,1,1,567,3552,650
1,1,1,596,3553,650
1,1,0,785,3559,650
1,1,0,1005,3557,650
1,1,0,984,3554,650
1,1,0,978,3555,650
1,1,1,978,3555,650
1,1,1,594,3551,650
1,1,1,601,3553,650
1,1,1,551,3556,650
1,1,1,566,3557,650
1,1,1,596,3559,650
1,1,1,592,3569,650
1,1,1,603,3558,650
1,1,1,608,3560,650
1,1,1,606,3560,650
1,1,1,599,3562,650
1,1,1,578,3563,650
1,1,1,561,3566,650
1,1,1,547,3567,650
1,1,1,559,3568,650
1,1,1,591,3569,650
1,1,0,789,3575,650
1,1,0,1004,3573,650
1,1,0,984,3571,650
1,1,0,980,3569,650
1,1,1,981,3569,650
1,1,1,594,3565,650
1,1,1,606,3568,650
1,1,1,548,3571,650
1,1,1,553,3573,650
1,1,1,583,3574,650
1,1,1,581,3576,650
1,1,1,595,3588,650
1,1,1,601,3576,650
1,1,1,609,3577,650
1,1,1,607,3666,650
1,1,1,602,3579,650
1,1,1,585,3580,650
1,1,1,557,3581,650
1,1,1,545,3583,650
1,1,1,577,3584,650
1,1,0,791,3591,650
1,1,0,1007,3588,650
1,1,0,984,3586,650
1,1,0,980,3586,650
1,1,1,981,3584,650
1,1,1,588,3582,650
1,1,1,605,3583,650
1,1,1,565,3586,650
1,1,1,551,3588,650
1,1,1,571,3589,650
1,1,1,567,3590,650
1,1,1,581,3592,650
1,1,1,594,3603,650
1,1,1,601,3592,650
1,1,1,606,3596,650
1,1,1,607,3595,650
1,1,1,604,3596,650
1,1,1,577,3597,650
1,1,1,591,3610,650
1,1,1,593,3601,650
1,1,0,786,3607,650
1,1,0,999,3603,650
1,1,0,984,3602,650
1,1,0,980,3602,650
1,1,1,978,3599,650
1,1,1,563,3599,650
1,1,1,580,3603,650
1,1,1,608,3601,650
1,1,1,603,3603,650
1,1,1,553,3603,650
1,1,1,560,3606,650
1,1,1,548,3607,650
1,1,1,560,3608,650
1,1,1,575,3611,650
1,1,1,590,3610,650
1,1,1,601,3706,650
1,1,1,603,3610,650
1,1,1,609,3612,650
1,1,1,611,3614,650
1,1,1,564,3614,650
1,1,0,778,3621,650
1,1,0,1001,3618,650
1,1,0,984,3619,650
1,1,0,981,3616,650
1,1,1,982,3612,650
1,1,1,545,3615,650
1,1,1,568,3617,650
1,1,1,608,3616,650
1,1,1,610,3618,650
1,1,1,576,3619,650
1,1,1,580,3621,650
1,1,1,560,3622,650
1,1,1,547,3623,650
1,1,1,562,3625,650
1,1,1,578,3625,650
1,1,1,591,3628,650
1,1,1,596,3700,650
1,1,1,605,3628,650
1,1,1,608,3628,650
1,1,1,583,3630,650
1,1,0,771,3636,650
1,1,0,1008,3633,650
1,1,0,980,3634,650
1,1,0,979,3632,650
1,1,1,975,3628,650
1,1,1,534,3630,650
1,1,1,589,3635,650
1,1,1,605,3631,650
1,1,1,611,3633,650
1,1,1,601,3635,650
1,1,1,605,3637,650
1,1,1,580,3636,650
1,1,1,560,3638,650
1,1,1,550,3640,650
1,1,1,563,3640,650
1,1,1,577,3642,650
1,1,1,586,3645,650
1,1,1,603,3736,650
1,1,1,606,3643,650
1,1,1,607,3644,650
1,1,0,762,3652,650
1,1,0,999,3651,650
1,1,0,983,3649,650
1,1,0,980,3647,650
1,1,1,968,3644,650
1,1,1,539,3644,650
1,1,1,545,3647,650
1,1,1,602,3741,650
1,1,1,608,3648,650
1,1,1,609,3648,650
1,1,1,611,3650,650
1,1,1,593,3652,650
1,1,1,568,3654,650
1,1,1,553,3656,650
1,1,1,553,3655,650
1,1,1,569,3658,650
1,1,1,579,3659,650
1,1,1,594,3671,650
1,1,1,602,3658,650
1,1,1,608,3745,650
1,1,0,757,3666,650
1,1,0,1001,3665,650
1,1,0,985,3664,650
1,1,0,980,3664,650
1,1,1,950,3658,650
1,1,1,557,3660,650
1,1,1,552,3663,650
1,1,1,589,3666,650
1,1,1,601,3748,650
1,1,1,611,3679,650
1,1,1,612,3666,650
1,1,1,609,3667,650
1,1,1,595,3670,650
1,1,1,569,3670,650
1,1,1,554,3670,650
1,1,1,554,3673,650
1,1,1,565,3674,650
1,1,1,583,3675,650
1,1,1,592,3675,650
1,1,1,589,3676,650
1,1,0,770,3683,650
1,1,0,1002,3680,650
1,1,0,984,3680,650
1,1,0,978,3678,650
1,1,1,982,3678,650
1,1,0,752,3680,650
1,1,0,984,3680,650
1,1,0,975,3678,650
1,1,0,965,3679,650
1,1,0,969,3677,650
1,1,0,960,3680,650
1,1,0,971,3678,650
1,1,0,959,3677,650
1,1,0,967,3678,650
1,1,0,959,3678,650
1,1,0,965,3677,650
1,1,0,958,3678,650
1,1,0,968,3677,650
1,1,0,957,3678,650
1,1,0,965,3678,650
1,1,0,955,3677,650
1,1,0,964,3676,650
1,1,0,970,3676,650
1,1,0,976,3675,650
1,1,1,977,3674,650
1,1,1,556,3674,650
1,1,1,604,3674,650
1,1,1,610,3676,650
1,1,1,612,3678,650
1,1,1,594,3678,650
1,1,1,570,3682,650
1,1,1,554,3682,650
1,1,1,554,3684,650
1,1,1,570,3686,650
1,1,1,601,3687,650
1,1,1,596,3697,650
1,1,1,606,3687,650
1,1,1,613,3687,650
1,1,1,611,3688,650
1,1,1,576,3690,650
1,1,0,776,3696,650
1,1,0,1002,3694,650
1,1,0,986,3693,650
1,1,0,981,3692,650
1,1,1,979,3688,650
1,1,1,549,3690,650
1,1,1,572,3691,650
1,1,1,611,3691,650
1,1,1,611,3693,650
1,1,1,606,3695,650
1,1,1,584,3696,650
1,1,1,560,3697,650
1,1,1,550,3700,650
1,1,1,563,3699,650
1,1,1,593,3702,650
1,1,1,590,3704,650
1,1,1,598,3770,650
1,1,1,608,3701,650
1,1,1,615,3703,650
1,1,1,588,3705,650
1,1,0,770,3710,650
1,1,0,1003,3709,650
1,1,0,984,3707,650
1,1,0,977,3708,650
1,1,1,976,3704,650
1,1,1,536,3704,650
1,1,1,592,3710,650
1,1,1,606,3706,650
1,1,1,613,3707,650
1,1,1,614,3794,650
1,1,1,606,3710,650
1,1,1,582,3712,650
1,1,1,563,3714,650
1,1,1,550,3714,650
1,1,1,582,3717,650
1,1,1,578,3718,650
1,1,1,591,3719,650
1,1,1,605,3804,650
1,1,1,612,3718,650
1,1,1,615,3719,650
1,1,0,763,3726,650
1,1,0,999,3724,650
1,1,0,983,3723,650
1,1,0,979,3722,650
1,1,1,968,3718,650
1,1,1,541,3720,650
1,1,1,547,3722,650
1,1,1,603,3816,650
1,1,1,611,3722,650
1,1,1,617,3731,650
1,1,1,610,3724,650
1,1,1,597,3727,650
1,1,1,571,3729,650
1,1,1,555,3731,650
1,1,1,575,3730,650
1,1,1,573,3731,650
1,1,1,582,3733,650
1,1,1,601,3744,650
1,1,1,572,3734,650
1,1,1,565,3734,650
1,1,0,783,3742,650
1,1,0,1008,3740,650
1,1,0,983,3737,650
1,1,0,979,3737,650
1,1,1,979,3735,650
1,1,1,601,3733,650
1,1,1,608,3734,650
1,1,1,557,3737,650
1,1,1,571,3739,650
1,1,1,587,3739,650
1,1,1,599,3753,650
1,1,1,611,3739,650
1,1,1,617,3741,650
1,1,1,619,3743,650
1,1,1,580,3743,650
1,1,1,581,3745,650
1,1,1,567,3747,650
1,1,1,550,3748,650
1,1,1,564,3749,650
1,1,1,597,3751,650
1,1,0,791,3754,650
1,1,0,1001,3753,650
1,1,0,983,3751,650
1,1,0,979,3752,650
1,1,1,979,3750,650
1,1,1,597,3748,650
1,1,1,611,3749,650
1,1,1,561,3751,650
1,1,1,551,3752,650
1,1,1,566,3754,650
1,1,1,581,3757,650
1,1,1,595,3758,650
1,1,1,606,3847,650
1,1,1,610,3757,650
1,1,1,611,3758,650
1,1,1,617,3759,650
1,1,1,606,3761,650
1,1,1,572,3762,650
1,1,1,556,3763,650
1,1,1,576,3764,650
1,1,0,796,3771,650
1,1,0,998,3769,650
1,1,0,982,3767,650
1,1,0,981,3767,650
1,1,1,981,3765,650
1,1,1,590,3844,650
1,1,1,606,3764,650
1,1,1,584,3765,650
1,1,1,565,3767,650
1,1,1,553,3768,650
1,1,1,564,3771,650
1,1,1,580,3772,650
1,1,1,594,3773,650
1,1,1,604,3857,650
1,1,1,614,3780,650
1,1,1,614,3774,650
1,1,1,613,3776,650
1,1,1,596,3777,650
1,1,1,571,3778,650
1,1,1,561,3780,650
1,1,0,793,3784,650
1,1,0,999,3782,650
1,1,0,982,3781,650
1,1,0,979,3780,650
1,1,1,980,3780,650
1,1,1,588,3785,650
1,1,1,605,3888,650
1,1,1,595,3782,650
1,1,1,574,3784,650
1,1,1,557,3784,650
1,1,1,561,3785,650
1,1,1,574,3786,650
1,1,1,590,3789,650
1,1,1,600,3799,650
1,1,1,616,3791,650
1,1,1,613,3789,650
1,1,1,614,3790,650
1,1,1,608,3792,650
1,1,1,587,3792,650
1,1,1,554,3793,650
1,1,0,791,3799,650
1,1,0,1001,3797,650
1,1,0,982,3796,650
1,1,0,980,3795,650
1,1,1,979,3792,650
1,1,1,551,3793,650
1,1,1,574,3797,650
1,1,1,618,3796,650
1,1,1,619,3796,650
1,1,1,612,3797,650
1,1,1,587,3799,650
1,1,1,566,3801,650
1,1,1,553,3801,650
1,1,1,567,3803,650
1,1,1,596,3805,650
1,1,1,595,3807,650
1,1,1,602,3868,650
1,1,1,618,3804,650
1,1,1,552,3809,650
1,1,1,551,3809,650
1,1,0,792,3815,650
1,1,0,1002,3811,650
1,1,0,982,3812,650
1,1,0,980,3810,650
1,1,1,980,3802,650
1,1,1,604,3807,650
1,1,1,611,3809,650
1,1,1,557,3811,650
1,1,1,575,3812,650
1,1,1,589,3813,650
1,1,1,602,3826,650
1,1,1,610,3815,650
1,1,1,615,3816,650
1,1,1,616,3816,650
1,1,1,583,3818,650
1,1,1,588,3819,650
1,1,1,569,3822,650
1,1,1,555,3822,650
1,1,1,567,3823,650
1,1,1,600,3824,650
1,1,0,795,3829,650
1,1,0,1004,3828,650
1,1,0,983,3826,650
1,1,0,979,3826,650
1,1,1,976,3824,650
1,1,1,605,3821,650
1,1,1,614,3823,650
1,1,1,555,3825,650
1,1,1,566,3827,650
1,1,1,584,3828,650
1,1,1,596,3831,650
1,1,1,609,3915,650
1,1,1,613,3829,650
1,1,1,622,3832,650
1,1,1,597,3832,650
1,1,1,598,3833,650
1,1,1,578,3835,650
1,1,1,558,3836,650
1,1,1,557,3837,650
1,1,1,591,3838,650
1,1,0,796,3843,650
1,1,0,1001,3842,650
1,1,0,982,3840,650
1,1,0,977,3838,650
1,1,1,977,3839,650
1,1,1,601,3835,650
1,1,1,615,3838,650
1,1,1,563,3840,650
1,1,1,555,3840,650
1,1,1,568,3843,650
1,1,1,582,3845,650
1,1,1,598,3847,650
1,1,1,608,3936,650
1,1,1,620,3845,650
1,1,1,613,3846,650
1,1,1,621,3848,650
1,1,1,610,3849,650
1,1,1,574,3849,650
1,1,1,559,3852,650
1,1,1,577,3853,650
1,1,0,798,3859,650
1,1,0,1000,3856,650
1,1,0,984,3855,650
1,1,0,982,3854,650
1,1,1,981,3853,650
1,1,1,599,3851,650
1,1,1,616,3852,650
1,1,1,574,3854,650
1,1,1,560,3855,650
1,1,1,561,3858,650
1,1,1,576,3858,650
1,1,1,589,3861,650
1,1,1,604,3871,650
1,1,1,612,3859,650
1,1,1,623,3940,650
1,1,1,617,3862,650
1,1,1,618,3862,650
1,1,1,590,3864,650
1,1,1,567,3865,650
1,1,1,570,3865,650
1,1,0,798,3873,650
1,1,0,1004,3869,650
1,1,0,981,3869,650
1,1,0,981,3868,650
1,1,1,978,3864,650
1,1,1,560,3866,650
1,1,1,582,3868,650
1,1,1,617,3867,650
1,1,1,616,3869,650
1,1,1,603,3870,650
1,1,1,576,3873,650
1,1,1,559,3873,650
1,1,1,559,3874,650
1,1,1,576,3876,650
1,1,1,607,3877,650
1,1,1,602,3887,650
1,1,1,614,3911,650
1,1,1,620,3878,650
1,1,1,559,3881,650
1,1,1,562,3880,650
1,1,0,796,3888,650
1,1,0,999,3884,650
1,1,0,983,3884,650
1,1,0,979,3882,650
1,1,1,952,3877,650
1,1,0,779,3884,650
1,1,0,987,3884,650
1,1,0,977,3883,650
1,1,0,965,3883,650
1,1,0,972,3883,650
1,1,0,961,3884,650
1,1,0,971,3882,650
1,1,0,961,3883,650
1,1,0,970,3882,650
1,1,0,962,3884,650
1,1,0,968,3883,650
1,1,0,958,3883,650
1,1,0,965,3881,650
1,1,0,957,3883,650
1,1,0,967,3882,650
1,1,0,955,3881,650
1,1,0,966,3880,650
1,1,0,969,3880,650
1,1,0,978,3880,650
1,1,1,979,3879,650
1,1,1,600,3878,650
1,1,1,606,3879,650
1,1,1,573,3883,650
1,1,1,559,3884,650
1,1,1,580,3885,650
1,1,1,577,3886,650
1,1,1,591,3888,650
1,1,1,604,3899,650
1,1,1,617,3887,650
1,1,1,618,3967,650
1,1,1,617,3889,650
1,1,1,615,3890,650
1,1,1,589,3893,650
1,1,1,565,3893,650
1,1,1,571,3895,650
1,1,0,797,3901,650
1,1,0,998,3900,650
1,1,0,982,3897,650
1,1,0,980,3895,650
1,1,1,981,3893,650
1,1,1,577,3895,650
1,1,1,597,3898,650
1,1,1,615,3896,650
1,1,1,602,3897,650
1,1,1,559,3897,650
1,1,1,561,3900,650
1,1,1,560,3901,650
1,1,1,579,3902,650
1,1,1,591,3903,650
1,1,1,614,3905,650
1,1,1,618,3903,650
1,1,1,619,3905,650
1,1,1,618,3906,650
1,1,1,619,3907,650
1,1,1,563,3908,650
1,1,0,788,3916,650
1,1,0,1009,3911,650
1,1,0,984,3911,650
1,1,0,979,3909,650
1,1,1,980,3906,650
1,1,1,571,3909,650
1,1,1,592,3911,650
1,1,1,619,3908,650
1,1,1,613,3911,650
1,1,1,563,3912,650
1,1,1,568,3915,650
1,1,1,558,3915,650
1,1,1,569,3916,650
1,1,1,584,3918,650
1,1,1,610,3920,650
1,1,1,608,3999,650
1,1,1,620,3919,650
1,1,1,624,3919,650
1,1,1,623,3921,650
1,1,1,572,3922,650
1,1,0,785,3927,650
1,1,0,1006,3926,650
1,1,0,982,3924,650
1,1,0,979,3925,650
1,1,1,944,3918,650
1,1,1,548,3923,650
1,1,1,551,3923,650
1,1,1,612,4004,650
1,1,1,619,3925,650
1,1,1,622,3925,650
1,1,1,620,3927,650
1,1,1,602,3927,650
1,1,1,578,3928,650
1,1,1,561,3930,650
1,1,1,583,3932,650
1,1,1,578,3934,650
1,1,1,590,3934,650
1,1,1,605,3945,650
1,1,1,574,3936,650
1,1,1,573,3936,650
1,1,0,785,3941,650
1,1,0,998,3938,650
1,1,0,981,3938,650
1,1,0,982,3939,650
1,1,1,981,3937,650
1,1,1,609,3934,650
1,1,1,611,3936,650
1,1,1,569,3940,650
1,1,1,587,3940,650
1,1,1,615,3940,650
1,1,1,614,4024,650
1,1,1,623,3942,650
1,1,1,622,3943,650
1,1,1,624,3944,650
1,1,1,574,3945,650
1,1,1,577,3945,650
1,1,1,564,3947,650
1,1,1,562,3949,650
1,1,1,581,3950,650
1,1,1,606,3951,650
1,1,0,792,3955,650
1,1,0,1000,3953,650
1,1,0,982,3952,650
1,1,0,982,3951,650
1,1,1,977,3952,650
1,1,1,610,3949,650
1,1,1,617,3950,650
1,1,1,559,3952,650
1,1,1,578,3954,650
1,1,1,608,3955,650
1,1,1,607,3967,650
1,1,1,620,3955,650
1,1,1,625,3956,650
1,1,1,622,3958,650
1,1,0,786,3964,650
1,1,0,1007,3962,650
1,1,0,984,3961,650
1,1,0,980,3961,650
1,1,0,983,3960,650
1,1,1,982,3960,650
1,1,0,941,3962,650
1,1,0,985,3960,650
1,1,0,983,3960,650
1,1,0,984,3959,650
1,1,1,976,3958,650
1,1,1,889,3962,650
1,1,1,902,3961,650
1,1,1,910,3961,650
1,1,1,906,3961,650
1,1,1,899,3962,650
1,1,1,847,3966,650
1,1,1,851,3990,650
1,1,1,855,3967,650
1,1,1,854,3968,650
1,1,1,855,3968,650
1,1,1,857,4038,650
1,1,1,858,3969,650
1,1,1,859,3973,650
1,1,1,855,3984,650
1,1,1,857,3975,650
1,1,0,930,3975,650
1,1,0,1001,3973,650
1,1,0,989,3971,650
1,1,0,988,3972,650
1,1,1,960,3978,650
1,1,1,858,3971,650
1,1,1,861,3974,650
1,1,1,857,3982,650
1,1,1,859,3975,650
1,1,1,871,3976,650
1,1,1,833,3980,650
1,1,1,843,3978,650
1,1,1,851,3980,650
1,1,1,836,3981,650
1,1,1,841,3982,650
1,1,1,840,3985,650
1,1,1,842,3984,650
1,1,1,843,3984,650
1,1,1,845,3984,650
1,1,1,841,3987,650
1,1,0,924,3989,650
1,1,0,1008,3987,650
1,1,0,990,3987,650
1,1,0,997,3986,650
1,1,1,985,3983,650
1,1,1,838,3984,650
1,1,1,834,3991,650
1,1,1,838,3990,650
1,1,1,846,3990,650
1,1,0,919,3992,650
1,1,0,1000,3991,650
1,1,0,998,3988,650
1,1,0,994,3988,650
1,1,0,993,3988,650
1,1,1,991,3986,650
1,1,1,856,3989,650
1,1,1,858,3991,650
1,1,1,862,3993,650
1,1,1,859,3994,650
1,1,0,931,3996,650
1,1,0,1006,3993,650
1,1,0,992,3993,650
1,1,0,987,3994,650
1,1,0,987,3992,650
1,1,1,960,3990,650
1,1,1,907,3993,650
1,1,1,916,3993,650
1,1,1,909,3994,650
1,1,1,904,3998,650
1,1,0,962,3997,650
1,1,0,1001,3996,650
1,1,0,997,3994,650
1,1,0,995,3995,650
1,1,0,991,3994,650
1,1,0,993,3992,650
1,1,0,995,3994,650
1,1,0,994,3993,650
1,1,0,993,3995,650
1,1,0,994,3993,650
1,1,0,994,3993,650
1,1,0,991,3992,650
1,1,0,992,3992,650
1,1,0,994,3993,650
1,1,0,996,3993,650
1,1,1,983,3992,650
1,1,1,898,3994,650
1,1,1,911,3995,650
1,1,1,917,3995,650
1,1,1,911,3995,650
1,1,0,955,3998,650
1,1,0,996,3998,650
1,1,0,994,3995,650
1,1,0,994,3996,650
1,1,0,993,3995,650
1,1,0,994,3996,650
1,1,0,995,3995,650
1,1,0,992,3993,650
1,1,0,993,3994,650
1,1,0,995,3994,650
1,1,0,992,3993,650
1,1,0,996,3995,650
1,1,0,994,3994,650
1,1,0,995,3994,650
1,1,0,991,3995,650
1,1,0,996,3993,650
1,1,0,991,3994,650
1,1,0,993,3994,650
1,1,0,993,3994,650
1,1,0,994,3993,650
1,1,0,995,3994,650
1,1,0,995,3994,650
1,1,0,993,3992,650
1,1,0,996,3995,650
1,1,0,995,3993,650
1,1,1,985,3993,650
1,1,1,906,3996,650
1,1,1,911,3996,650
1,1,1,920,3997,650
1,1,1,910,3996,650
1,1,0,954,4000,650
1,1,0,998,3996,650
1,1,0,995,3996,650
1,1,0,989,3996,650
1,1,0,996,3996,650
1,1,0,990,3997,650
1,1,0,993,3996,650
1,1,0,993,3996,650
1,1,0,996,3996,650
1,1,0,993,3994,650
1,1,0,995,3994,650
1,1,0,993,3994,650
1,1,0,992,3994,650
1,1,0,994,3994,650
1,1,0,993,3995,650
1,1,0,994,3995,650
1,1,0,995,3994,650
1,1,0,994,3995,650
1,1,0,991,3994,650
1,1,0,991,3995,650
1,1,0,993,3992,650
1,1,0,994,3993,650
1,1,0,991,3993,650
1,1,0,995,3994,650
1,1,0,994,3994,650
1,1,1,974,3991,650
1,1,1,854,3997,650
1,1,1,858,4009,650
1,1,1,864,3996,650
1,1,1,860,4000,650
1,1,0,924,4004,650
1,1,0,1001,4000,650
1,1,0,997,3999,650
1,1,0,993,3998,650
1,1,0,992,3998,650
1,1,0,995,3998,650
1,1,0,993,3997,650
1,1,0,996,3999,650
1,1,0,995,3997,650
1,1,0,991,3997,650
1,1,0,995,3997,650
1,1,0,993,3997,650
1,1,0,990,3998,650
1,1,0,996,3996,650
1,1,0,993,3996,650
1,1,0,993,3995,650
1,1,0,988,3996,650
1,1,0,978,3997,650
1,1,0,984,3996,650
1,1,0,968,3997,650
1,1,0,978,3996,650
1,1,0,967,3997,650
1,1,0,970,3996,650
1,1,0,962,3996,650
1,1,0,972,3996,650
1,1,0,961,3997,650
1,1,0,969,3995,650
1,1,0,964,3995,650
1,1,0,970,3996,650
1,1,0,959,3998,650
1,1,0,970,3996,650
1,1,0,962,3997,650
1,1,0,971,3994,650
1,1,0,977,3995,650
1,1,0,980,3995,650
1,1,0,984,3994,650
1,1,0,987,3996,650
1,1,0,990,3995,650
1,1,0,991,3992,650
1,1,0,992,3994,650
1,1,0,990,3994,650
1,1,0,996,3995,650
1,1,0,996,3994,650
1,1,0,995,3995,650
1,1,0,992,3994,650
1,1,1,975,3993,650
1,1,1,898,3995,650
1,1,1,918,3998,650
1,1,1,916,3997,650
1,1,1,905,4001,650
1,1,0,958,4000,650
1,1,0,999,4000,650
1,1,0,992,3997,650
1,1,0,991,3996,650
1,1,0,989,3998,650
1,1,0,995,3997,650
1,1,0,991,3997,650
1,1,0,994,3998,650
1,1,0,991,3995,650
1,1,0,995,3997,650
1,1,0,993,3996,650
1,1,0,993,3996,650
1,1,0,993,3996,650
1,1,0,991,3996,650
1,1,0,992,3996,650
1,1,0,995,3995,650
1,1,0,996,3998,650
1,1,0,993,3996,650
1,1,0,994,3995,650
1,1,0,992,3995,650
1,1,0,993,3996,650
1,1,0,996,3995,650
1,1,0,992,3995,650
1,1,0,989,3998,650
1,1,0,990,3996,650
1,1,0,991,3995,650
1,1,0,991,3994,650
1,1,0,992,3996,650
1,1,0,993,3995,650
1,1,0,994,3995,650
1,1,0,990,3994,650
1,1,0,995,3994,650
1,1,0,994,3996,650
1,1,0,993,3994,650
1,1,0,994,3994,650
1,1,1,964,3992,650
1,1,1,906,3996,650
1,1,1,916,3997,650
1,1,1,908,4026,650
1,1,1,908,3999,650
1,1,0,960,4000,650
1,1,0,997,4000,650
1,1,0,995,3998,650
1,1,0,996,3998,650
1,1,0,989,3999,650
1,1,0,995,3998,650
1,1,0,994,3998,650
1,1,0,993,3997,650
1,1,0,993,3997,650
1,1,0,992,3996,650
1,1,0,996,3997,650
1,1,0,995,3998,650
1,1,0,992,3996,650
1,1,0,993,3998,650
1,1,0,995,3998,650
1,1,0,995,3997,650
1,1,0,993,3995,650
1,1,0,992,3996,650
1,1,0,990,3996,650
1,1,0,994,3996,650
1,1,0,994,3997,650
1,1,0,996,3997,650
1,1,0,995,3996,650
1,1,0,990,3996,650
1,1,0,991,3997,650
1,1,0,993,3995,650
1,1,0,992,3996,650
1,1,0,992,3995,650
1,1,0,992,3995,650
1,1,0,993,3996,650
1,1,0,992,3995,650
1,1,0,996,3996,650
1,1,0,995,3997,650
1,1,0,995,3996,650
1,1,0,996,3996,650
1,1,0,993,3995,650
1,1,0,995,3996,650
1,1,0,992,3996,650
1,1,0,994,3996,650
1,1,0,993,3995,650
1,1,0,992,3994,650
1,1,0,991,3995,650
1,1,0,992,3994,650
1,1,0,991,3994,650
1,1,0,993,3994,650
1,1,0,990,3997,650
1,1,0,993,3994,650
1,1,0,994,3995,650
1,1,0,990,3995,650
1,1,0,993,3994,650
1,1,0,992,3995,650
1,1,0,994,3994,650
1,1,0,994,3994,650
1,1,0,992,3995,650
1,1,0,993,3993,650
1,1,0,993,3994,650
1,1,0,993,3994,650
1,1,0,993,3993,650
1,1,0,993,3994,650
1,1,0,995,3996,650
1,1,0,991,3993,650
1,1,0,995,3994,650
1,1,0,993,3994,650
1,1,0,991,3994,650
1,1,0,996,3993,650
1,1,1,974,3993,650
1,1,1,904,3996,650
1,1,1,916,3995,650
1,1,1,916,3996,650
1,1,1,905,3998,650
1,1,0,957,3999,650
1,1,0,1001,3998,650
1,1,0,995,3997,650
1,1,0,994,3996,650
1,1,0,997,3999,650
1,1,0,992,3996,650
1,1,0,997,3996,650
1,1,0,996,3997,650
1,1,0,994,3996,650
1,1,0,993,3996,650
1,1,0,995,3996,650
1,1,0,994,3995,650
1,1,0,993,3997,650
1,1,0,993,3995,650
1,1,0,997,3996,650
1,1,0,992,3996,650
1,1,0,994,3995,650
1,1,0,996,3996,650
1,1,0,993,3997,650
1,1,0,993,3996,650
1,1,0,992,3995,650
1,1,0,995,3995,650
1,1,0,992,3994,650
1,1,0,994,3996,650
1,1,0,994,3996,650
1,1,0,995,3996,650
1,1,0,995,3996,650
1,1,0,994,3997,650
1,1,0,994,3994,650
1,1,0,992,3995,650
1,1,0,993,3994,650
1,1,0,993,3995,650
1,1,0,994,3995,650
1,1,0,993,3997,650
1,1,0,990,3993,650
1,1,0,994,3995,650
1,1,0,991,3995,650
1,1,0,993,3994,650
1,1,0,996,3994,650
1,1,0,993,3995,650
1,1,0,995,3995,650
1,1,0,996,3993,650
1,1,0,994,3996,650
1,1,0,995,3996,650
1,1,0,995,3994,650
1,1,0,995,3995,650
1,1,0,994,3995,650
1,1,0,996,3993,650
1,1,0,993,3994,650
1,1,0,990,3994,650
1,1,0,993,3993,650
1,1,0,993,3994,650
1,1,0,994,3993,650
1,1,0,994,3995,650
1,1,0,992,3993,650
1,1,1,975,3992,650
1,1,1,851,3996,650
1,1,1,860,4016,650
1,1,1,862,3998,650
1,1,1,860,4000,650
1,1,0,926,4004,650
1,1,0,1002,3999,650
1,1,0,998,3999,650
1,1,0,993,3999,650
1,1,0,996,4000,650
1,1,0,994,3998,650
1,1,0,993,3998,650
1,1,0,994,3997,650
1,1,0,995,3999,650
1,1,0,991,3997,650
1,1,0,992,3997,650
1,1,0,992,3996,650
1,1,0,995,3999,650
1,1,0,993,3997,650
1,1,0,995,3996,650
1,1,0,995,3997,650
1,1,0,995,3997,650
1,1,0,993,3997,650
1,1,0,995,3998,650
1,1,0,994,3996,650
1,1,0,994,3998,650
1,1,0,996,3997,650
1,1,0,993,3997,650
1,1,0,994,3997,650
1,1,0,994,3998,650
1,1,0,993,3999,650
1,1,0,991,3996,650
1,1,0,996,3996,650
1,1,0,993,3997,650
1,1,0,997,3997,650
1,1,0,995,3997,650
1,1,0,994,3996,650
1,1,0,994,3995,650
1,1,0,993,3996,650
1,1,0,994,3996,650
1,1,0,996,3996,650
1,1,0,995,3997,650
1,1,0,995,3997,650
1,1,0,993,3995,650
1,1,0,995,3996,650
1,1,0,994,3996,650
1,1,0,996,3996,650
1,1,0,992,3996,650
1,1,0,996,3994,650
1,1,0,994,3994,650
1,1,0,993,3995,650
1,1,0,995,3995,650
1,1,0,993,3996,650
1,1,0,996,3996,650
1,1,0,995,3996,650
1,1,0,994,3996,650
1,1,0,994,3995,650
1,1,0,996,3996,650
1,1,0,993,3995,650
1,1,0,993,3996,650
1,1,0,992,3995,650
1,1,0,993,3994,650
1,1,0,993,3995,650
1,1,0,991,3996,650
1,1,0,993,3995,650
1,1,0,992,3995,650
1,1,0,994,3994,650
1,1,0,992,3995,650
1,1,0,993,3996,650
1,1,0,994,3996,650
1,1,0,995,3994,650
1,1,0,994,3995,650
1,1,0,993,3994,650
1,1,0,996,3995,650
1,1,0,993,3993,650
1,1,1,967,3992,650
1,1,0,947,3997,650
1,1,0,995,3995,650
1,1,0,993,3995,650
1,1,0,992,3994,650
1,1,0,996,3995,650
1,1,0,995,3995,650
1,1,0,994,3993,650
1,1,0,994,3995,650
1,1,0,993,3993,650
1,1,0,995,3995,650
1,1,0,994,3994,650
1,1,0,993,3995,650
1,1,0,993,3993,650
1,1,0,996,3996,650
1,1,0,993,3994,650
1,1,0,991,3994,650
1,1,0,994,3994,650
1,1,0,996,3994,650
1,1,0,990,3994,650
1,1,0,994,3994,650
1,1,0,993,3994,650
1,1,0,995,3994,650
1,1,0,993,3994,650
1,1,0,993,3994,650
1,1,0,993,3993,650
1,1,0,991,3994,650
1,1,0,977,3994,650
1,1,0,984,3994,650
1,1,0,970,3993,650
1,1,0,979,3994,650
1,1,0,966,3994,650
1,1,0,980,3993,650
1,1,0,967,3993,650
1,1,0,970,3993,650
1,1,0,963,3995,650
1,1,0,971,3993,650
1,1,0,963,3994,650
1,1,0,971,3994,650
1,1,0,965,3995,650
1,1,0,971,3994,650
1,1,0,963,3994,650
1,1,0,980,3994,650
1,1,0,983,3993,650
1,1,0,983,3992,650
1,1,1,944,3992,650
1,1,1,910,3994,650
1,1,1,905,4008,650
1,1,1,904,3997,650
1,1,1,909,3998,650
1,1,0,959,3998,650
1,1,0,995,3997,650
1,1,0,998,3998,650
1,1,0,993,3995,650
1,1,0,993,3995,650
1,1,0,994,3994,650
1,1,0,995,3997,650
1,1,0,993,3996,650
1,1,0,995,3995,650
1,1,0,993,3994,650
1,1,0,994,3996,650
1,1,0,995,3996,650
1,1,0,996,3996,650
1,1,0,993,3995,650
1,1,0,990,3996,650
1,1,0,991,3996,650
1,1,0,990,3995,650
1,1,0,991,3995,650
1,1,0,994,3994,650
1,1,0,995,3995,650
1,1,0,993,3994,650
1,1,0,993,3995,650
1,1,0,992,3994,650
1,1,0,994,3994,650
1,1,0,994,3995,650
1,1,0,993,3994,650
1,1,0,995,3995,650
1,1,0,992,3994,650
1,1,0,992,3995,650
1,1,0,995,3995,650
1,1,0,993,3994,650
1,1,0,994,3994,650
1,1,0,992,3995,650
1,1,0,995,3996,650
1,1,0,996,3995,650
1,1,0,996,3993,650
1,1,0,994,3994,650
1,1,0,993,3995,650
1,1,0,995,3996,650
1,1,0,994,3994,650
1,1,0,993,3993,650
1,1,0,994,3995,650
1,1,0,994,3994,650
1,1,0,993,3994,650
1,1,0,992,3994,650
1,1,1,975,3992,650
1,1,1,907,3995,650
1,1,1,917,3996,650
1,1,1,918,3996,650
1,1,1,906,4001,650
1,1,0,957,4001,650
1,1,0,997,3998,650
1,1,0,993,3997,650
1,1,0,997,3997,650
1,1,0,993,3997,650
1,1,0,990,3997,650
1,1,0,995,3998,650
1,1,0,996,3998,650
1,1,0,994,3997,650
1,1,0,992,3996,650
1,1,0,994,3997,650
1,1,0,993,3997,650
1,1,0,995,3997,650
1,1,0,994,3997,650
1,1,0,992,3995,650
1,1,0,995,3998,650
1,1,0,992,3996,650
1,1,0,995,3997,650
1,1,0,995,3997,650
1,1,0,995,3997,650
1,1,0,991,3995,650
1,1,0,991,3995,650
1,1,0,993,3996,650
1,1,0,993,3996,650
1,1,0,996,3997,650
1,1,0,991,3997,650
1,1,0,992,3995,650
1,1,0,995,3997,650
1,1,0,993,3996,650
1,1,0,993,3996,650
1,1,0,996,3994,650
1,1,0,994,3995,650
1,1,0,993,3995,650
1,1,0,994,3994,650
1,1,0,993,3995,650
1,1,0,993,3995,650
1,1,0,993,3997,650
1,1,0,991,3996,650
1,1,0,994,3996,650
1,1,0,993,3996,650
1,1,0,993,3996,650
1,1,0,996,3996,650
1,1,0,994,3996,650
1,1,0,996,3995,650
1,1,0,991,3995,650
1,1,0,995,3995,650
1,1,0,995,3995,650
1,1,0,995,3995,650
1,1,0,992,3993,650
1,1,0,993,3995,650
1,1,0,995,3994,650
1,1,0,995,3996,650
1,1,0,996,3995,650
1,1,0,992,3994,650
1,1,0,997,3994,650
1,1,0,993,3995,650
1,1,0,996,3994,650
1,1,0,996,3994,650
1,1,0,993,3996,650
1,1,0,991,3992,650
1,1,1,984,3994,650
1,1,0,928,4000,650
1,1,0,997,3998,650
1,1,0,996,3995,650
1,1,0,996,3996,650
1,1,0,992,3995,650
1,1,0,992,3995,650
1,1,0,992,3996,650
1,1,0,991,3996,650
1,1,0,997,3995,650
1,1,0,994,3994,650
1,1,0,997,3996,650
1,1,0,993,3995,650
1,1,0,993,3994,650
1,1,0,993,3994,650
1,1,0,994,3994,650
1,1,0,995,3997,650
1,1,0,995,3995,650
1,1,0,995,3994,650
1,1,0,995,3996,650
1,1,0,995,3995,650
1,1,0,994,3996,650
1,1,0,993,3992,650
1,1,0,996,3996,650
1,1,0,995,3995,650
1,1,0,992,3994,650
1,1,0,994,3994,650
1,1,0,993,3994,650
1,1,0,995,3994,650
1,1,0,995,3994,650
1,1,0,996,3995,650
1,1,0,995,3994,650
1,1,0,996,3994,650
1,1,0,996,3996,650
1,1,0,993,3994,650
1,1,0,993,3994,650
1,1,0,994,3995,650
1,1,0,996,3994,650
1,1,0,991,3993,650
1,1,0,993,3994,650
1,1,0,991,3994,650
1,1,0,995,3994,650
1,1,0,990,3992,650
1,1,0,993,3994,650
1,1,0,996,3994,650
1,1,1,963,3991,650
1,1,1,908,3995,650
1,1,1,915,3996,650
1,1,1,909,3995,650
1,1,1,903,3998,650
1,1,0,959,3998,650
1,1,0,1003,3998,650
1,1,0,997,3996,650
1,1,0,994,3997,650
1,1,0,995,3997,650
1,1,0,995,3997,650
1,1,0,994,3997,650
1,1,0,993,3997,650
1,1,0,995,3996,650
1,1,0,994,3996,650
1,1,0,990,3995,650
1,1,0,995,3997,650
1,1,0,992,3995,650
1,1,0,992,3996,650
1,1,0,991,3996,650
1,1,0,993,3995,650
1,1,0,996,3996,650
1,1,0,996,3997,650
1,1,0,993,3995,650
1,1,0,995,3996,650
1,1,0,992,3996,650
1,1,0,994,3995,650
1,1,0,995,3995,650
1,1,0,993,3996,650
1,1,0,994,3995,650
1,1,0,994,3994,650
1,1,0,993,3996,650
1,1,0,994,3995,650
1,1,0,994,3994,650
1,1,0,992,3995,650
1,1,0,995,3995,650
1,1,0,995,3996,650
1,1,0,993,3996,650
1,1,0,994,3995,650
1,1,0,993,3994,650
1,1,0,994,3994,650
1,1,0,993,3995,650
1,1,0,994,3995,650
1,1,0,991,3996,650
1,1,0,996,3996,650
1,1,0,994,3998,650
1,1,0,994,3995,650
1,1,0,991,3995,650
1,1,0,994,3994,650
1,1,0,993,3994,650
1,1,0,995,3995,650
1,1,0,994,3995,650
1,1,0,993,3994,650
1,1,0,992,3994,650
1,1,0,995,3994,650
1,1,0,993,3994,650
1,1,0,995,3996,650
1,1,0,992,3994,650
1,1,0,994,3995,650
1,1,0,995,3996,650
1,1,1,995,3994,650
1,1,1,902,4054,650
1,1,1,908,3999,650
1,1,1,909,3999,650
1,1,1,917,3999,650
1,1,0,947,4000,650
1,1,0,1000,3999,650
1,1,0,998,3998,650
1,1,0,992,3998,650
1,1,0,995,3999,650
1,1,0,995,3999,650
1,1,0,992,3997,650
1,1,0,994,3998,650
1,1,0,992,3997,650
1,1,0,994,3997,650
1,1,0,993,3997,650
1,1,0,993,3997,650
1,1,0,993,3997,650
1,1,0,991,3997,650
1,1,0,994,3996,650
1,1,0,995,3998,650
1,1,0,993,3996,650
1,1,0,994,3997,650
1,1,0,991,3997,650
1,1,0,992,3996,650
1,1,0,992,3996,650
1,1,0,993,3996,650
1,1,0,996,3998,650
1,1,0,996,3999,650
1,1,0,996,3997,650
1,1,0,996,3996,650
1,1,0,992,3996,650
1,1,0,994,3998,650
1,1,0,995,3998,650
1,1,0,995,3997,650
1,1,0,993,3996,650
1,1,0,993,3996,650
1,1,0,995,3997,650
1,1,0,994,3996,650
1,1,0,996,3997,650
1,1,0,996,3996,650
1,1,0,994,3997,650
1,1,0,991,3997,650
1,1,0,995,3997,650
1,1,0,997,3997,650
1,1,0,995,3996,650
1,1,0,992,3997,650
1,1,0,993,3997,650
1,1,0,992,3996,650
1,1,0,996,3996,650
1,1,0,996,3996,650
1,1,0,991,3996,650
1,1,0,993,3996,650
1,1,0,994,3996,650
1,1,0,992,3995,650
1,1,0,996,3997,650
1,0,0,1178,3998,650
1,0,0,1157,3997,650
1,0,0,1155,3996,650
1,0,0,1155,3997,650
1,0,0,1148,3997,650
1,0,0,1146,3998,650
1,0,0,1127,3926,650
1,0,0,1133,3917,650
1,0,0,1123,3927,650
1,0,0,1127,3936,650
1,0,0,1116,3940,650
1,0,0,1126,3937,650
1,0,0,1115,3938,650
1,0,0,1123,3942,650
1,0,0,1113,3934,650
1,0,0,1124,3936,650
1,0,0,1111,3938,650
1,0,0,1120,3928,650
1,0,0,1113,3935,650
1,0,0,1120,3930,650
1,0,0,1111,3926,650
1,0,0,1130,3928,650
1,0,0,1131,3919,650
1,0,0,1137,3925,650
1,0,1,1087,3915,650
1,0,1,1027,3908,650
1,0,1,1028,3917,650
1,0,1,1034,3919,650
1,0,1,1044,3922,650
1,0,1,1083,3917,650
1,0,1,973,3918,650
1,0,1,977,3976,650
1,0,1,973,3919,650
1,0,1,971,3915,650
1,0,1,970,3918,650
1,0,1,973,3909,650
1,0,1,973,3919,650
1,0,1,978,3909,650
1,0,1,974,3908,650
1,0,1,975,3913,650
1,0,0,1046,3911,650
1,0,0,1158,3905,650
1,0,0,1151,3906,650
1,0,0,1152,3901,650
1,0,1,1144,3894,650
1,0,1,967,3898,650
1,0,1,970,3894,650
1,0,1,981,3901,650
1,0,1,974,3895,650
1,0,1,989,3898,650
1,0,1,926,3894,650
1,0,1,929,3895,650
1,0,1,937,3898,650
1,0,1,935,3891,650
1,0,1,926,3902,650
1,0,1,929,3887,650
1,0,1,931,3897,650
1,0,1,932,3894,650
1,0,1,938,3887,650
1,0,1,924,3933,650
1,0,0,1041,3888,650
1,0,0,1160,3884,650
1,0,0,1153,3882,650
1,0,0,1149,3881,650
1,0,1,1153,3927,650
1,0,1,933,3881,650
1,0,1,922,3909,650
1,0,1,928,3879,650
1,0,1,929,3881,650
1,0,1,950,3872,650
1,0,1,889,3880,650
1,0,1,888,3873,650
1,0,1,880,3877,650
1,0,1,871,3878,650
1,0,1,876,3880,650
1,0,1,878,3880,650
1,0,1,891,3871,650
1,0,1,893,3878,650
1,0,1,890,3874,650
1,0,1,878,3873,650
1,0,0,1001,3873,650
1,0,0,1165,3868,650
1,0,0,1152,3863,650
1,0,0,1149,3863,650
1,0,1,1133,3860,650
1,0,1,874,3861,650
1,0,1,889,3867,650
1,0,1,890,3861,650
1,0,1,894,3863,650
1,0,1,887,3859,650
1,0,1,844,3864,650
1,0,1,839,3867,650
1,0,1,842,3859,650
1,0,1,844,3865,650
1,0,1,843,3856,650
1,0,1,835,3908,650
1,0,1,839,3865,650
1,0,1,835,3901,650
1,0,1,829,3862,650
1,0,1,835,3868,650
1,0,0,979,3861,650
1,0,0,1163,3854,650
1,0,0,1156,3857,650
1,0,0,1151,3849,650
1,0,1,1087,3846,650
1,0,1,823,3841,650
1,0,1,825,3844,650
1,0,1,830,3850,650
1,0,1,829,3843,650
1,0,1,896,3850,650
1,0,1,820,3845,650
1,0,1,818,3845,650
1,0,1,814,3851,650
1,0,1,810,3843,650
1,0,1,810,3850,650
1,0,1,802,3839,650
1,0,1,794,3845,650
1,0,1,793,3847,650
1,0,1,793,3838,650
1,0,1,793,3847,650
1,0,0,970,3842,650
1,0,0,1163,3841,650
1,0,0,1153,3842,650
1,0,0,1148,3831,650
1,0,1,1142,3963,650
1,0,1,799,3825,650
1,0,1,815,3832,650
1,0,1,821,3837,650
1,0,1,819,3832,650
1,0,1,872,3835,650
1,0,1,760,3832,650
1,0,1,776,3827,650
1,0,1,791,3836,650
1,0,1,794,3835,650
1,0,1,786,3832,650
1,0,1,770,3832,650
1,0,1,759,3826,650
1,0,1,772,3832,650
1,0,1,785,3834,650
1,0,1,763,3828,650
1,0,0,949,3835,650
1,0,0,1166,3823,650
1,0,0,1157,3825,650
1,0,0,1153,3824,650
1,0,1,1148,3812,650
1,0,1,771,3953,650
1,0,1,762,3815,650
1,0,1,757,3814,650
1,0,1,775,3822,650
1,0,1,780,3815,650
1,0,1,742,3820,650
1,0,1,736,3818,650
1,0,1,740,3812,650
1,0,1,755,3819,650
1,0,1,767,3815,650
1,0,1,749,3816,650
1,0,1,758,3819,650
1,0,1,771,3814,650
1,0,1,756,3809,650
1,0,1,743,3815,650
1,0,0,933,3814,650
1,0,0,1168,3814,650
1,0,0,1155,3810,650
1,0,0,1150,3800,650
1,0,1,1104,3808,650
1,0,1,757,3798,650
1,0,1,764,3802,650
1,0,1,757,3939,650
1,0,1,742,3801,650
1,0,1,753,3802,650
1,0,1,710,3804,650
1,0,1,727,3800,650
1,0,1,742,3801,650
1,0,1,750,3807,650
1,0,1,710,3795,650
1,0,1,709,3802,650
1,0,1,711,3800,650
1,0,1,736,3795,650
1,0,1,747,3801,650
1,0,1,710,3798,650
1,0,0,928,3798,650
1,0,0,1167,3801,650
1,0,0,1153,3787,650
1,0,0,1148,3792,650
1,0,1,1153,3784,650
1,0,1,734,3785,650
1,0,1,749,3793,650
1,0,1,736,3786,650
1,0,1,719,3781,650
1,0,1,727,3791,650
1,0,1,712,3781,650
1,0,1,695,3782,650
1,0,1,731,3790,650
1,0,1,712,3786,650
1,0,1,707,3779,650
1,0,1,703,3788,650
1,0,1,730,3785,650
1,0,1,698,3777,650
1,0,1,722,3783,650
1,0,1,699,3775,650
1,0,0,892,3788,650
1,0,0,1170,3782,650
1,0,0,1156,3773,650
1,0,0,1150,3778,650
1,0,1,1153,3769,650
1,0,1,713,3764,650
1,0,1,724,3768,650
1,0,1,684,3773,650
1,0,1,725,3770,650
1,0,1,712,3769,650
1,0,1,715,3916,650
1,0,1,710,3767,650
1,0,1,701,3763,650
1,0,1,686,3767,650
1,0,1,668,3765,650
1,0,1,674,3761,650
1,0,1,670,3766,650
1,0,1,681,3765,650
1,0,1,700,3760,650
1,0,1,713,3763,650
1,0,0,891,3767,650
1,0,0,1168,3759,650
1,0,0,1156,3758,650
1,0,0,1149,3758,650
1,0,1,1150,3748,650
1,0,1,705,3884,650
1,0,1,705,3756,650
1,0,1,696,3753,650
1,0,1,684,3750,650
1,0,1,701,3754,650
1,0,1,688,3753,650
1,0,1,674,3745,650
1,0,1,658,3747,650
1,0,1,653,3751,650
1,0,1,652,3744,650
1,0,1,686,3747,650
1,0,1,671,3750,650
1,0,1,660,3748,650
1,0,1,654,3738,650
1,0,1,655,3745,650
1,0,0,884,3751,650
1,0,0,1172,3738,650
1,0,0,1155,3737,650
1,0,0,1151,3739,650
1,0,1,1151,3732,650
1,0,1,690,3727,650
1,0,1,682,3734,650
1,0,1,675,3736,650
1,0,1,657,3734,650
1,0,1,651,3730,650
1,0,1,658,3735,650
1,0,1,690,3732,650
1,0,1,642,3728,650
1,0,1,688,3725,650
1,0,1,682,3739,650
1,0,1,680,3730,650
1,0,1,665,3726,650
1,0,1,666,3727,650
1,0,1,685,3741,650
1,0,1,690,3745,650
1,0,0,856,3754,650
1,0,0,1170,3753,650
1,0,0,1152,3751,650
1,0,0,1153,3751,650
1,0,1,1151,3748,650
1,0,1,634,3749,650
1,0,1,673,3755,650
1,0,1,664,3755,650
1,0,1,667,3758,650
1,0,1,637,3760,650
1,0,1,678,3911,650
1,0,1,632,3762,650
1,0,1,676,3763,650
1,0,1,667,3767,650
1,0,1,682,3764,650
1,0,1,638,3766,650
1,0,1,677,3767,650
1,0,1,638,3770,650
1,0,1,663,3771,650
1,0,1,623,3773,650
1,0,0,881,3779,650
1,0,0,1165,3777,650
1,0,0,1151,3775,650
1,0,0,1148,3775,650
1,0,1,1148,3772,650
1,0,1,644,3774,650
1,0,1,646,3776,650
1,0,1,681,3775,650
1,0,1,638,3779,650
1,0,1,656,3784,650
1,0,1,673,3781,650
1,0,1,636,3783,650
1,0,1,673,3783,650
1,0,1,638,3787,650
1,0,1,667,3787,650
1,0,1,667,3787,650
1,0,1,637,3792,650
1,0,1,666,3789,650
1,0,1,630,3792,650
1,0,1,669,3794,650
1,0,0,875,3800,650
1,0,0,1167,3799,650
1,0,0,1152,3799,650
1,0,0,1150,3796,650
1,0,1,1151,3797,650
1,0,0,866,3799,650
1,0,0,1146,3798,650
1,0,0,1140,3798,650
1,0,1,567,313,650
1,0,1,608,444,650
1,0,1,627,322,650
1,0,1,569,329,650
1,0,1,627,332,650
1,0,1,570,340,650
1,0,1,604,457,650
1,0,1,628,347,650
1,0,1,583,357,650
1,0,1,573,363,650
1,0,0,773,374,650
1,0,0,1160,367,650
1,0,0,1148,364,650
1,0,0,1145,364,650
1,0,1,1150,365,650
1,0,1,589,380,650
1,0,1,605,380,650
1,0,1,593,391,650
1,0,1,635,390,650
1,0,1,577,398,650
1,0,1,636,400,650
1,0,1,603,407,650
1,0,1,598,416,650
1,0,1,637,415,650
1,0,1,578,424,650
1,0,1,635,425,650
1,0,1,580,434,650
1,0,1,632,435,650
1,0,1,616,442,650
1,0,1,620,580,650
1,0,0,748,457,650
1,0,0,1164,449,650
1,0,0,1150,448,650
1,0,0,1150,447,650
1,0,1,1150,446,650
1,0,1,598,461,650
1,0,1,639,459,650
1,0,1,587,467,650
1,0,1,616,489,650
1,0,1,619,478,650
1,0,1,610,491,650
1,0,1,612,488,650
1,0,1,605,497,650
1,0,1,647,496,650
1,0,1,586,504,650
1,0,1,646,506,650
1,0,1,588,513,650
1,0,1,642,515,650
1,0,1,626,521,650
1,0,1,630,657,650
1,0,0,760,536,650
1,0,0,1170,528,650
1,0,0,1151,526,650
1,0,0,1152,525,650
1,0,1,1148,524,650
1,0,1,611,562,650
1,0,1,609,541,650
1,0,1,617,553,650
1,0,1,654,549,650
1,0,1,597,558,650
1,0,1,652,559,650
1,0,1,604,565,650
1,0,1,617,577,650
1,0,1,656,573,650
1,0,1,600,581,650
1,0,1,656,581,650
1,0,1,604,589,650
1,0,1,654,589,650
1,0,1,621,595,650
1,0,1,642,754,650
1,0,0,776,610,650
1,0,0,1163,602,650
1,0,0,1152,600,650
1,0,0,1152,599,650
1,0,1,1151,597,650
1,0,1,624,718,650
1,0,1,604,613,650
1,0,1,628,633,650
1,0,1,663,622,650
1,0,1,614,632,650
1,0,1,664,631,650
1,0,1,622,642,650
1,0,1,661,641,650
1,0,1,614,647,650
1,0,1,654,649,650
1,0,1,626,655,650
1,0,1,615,664,650
1,0,1,665,662,650
1,0,1,615,669,650
1,0,1,655,670,650
1,0,0,793,683,650
1,0,0,1178,675,650
1,0,0,1155,671,650
1,0,0,1148,670,650
1,0,1,1151,678,650
1,0,1,594,679,650
1,0,1,656,680,650
1,0,1,645,689,650
1,0,1,614,696,650
1,0,1,669,698,650
1,0,1,607,705,650
1,0,1,663,706,650
1,0,1,648,711,650
1,0,1,618,718,650
1,0,1,669,719,650
1,0,1,611,726,650
1,0,1,661,726,650
1,0,1,647,733,650
1,0,1,625,743,650
1,0,1,637,754,650
1,0,0,776,753,650
1,0,0,1168,744,650
1,0,0,1153,742,650
1,0,0,1149,742,650
1,0,1,1148,741,650
1,0,1,645,884,650
1,0,1,604,754,650
1,0,1,652,870,650
1,0,1,678,763,650
1,0,1,637,773,650
1,0,1,681,772,650
1,0,1,605,778,650
1,0,1,653,892,650
1,0,1,679,784,650
1,0,1,634,793,650
1,0,1,680,791,650
1,0,1,635,802,650
1,0,1,681,799,650
1,0,1,613,805,650
1,0,1,674,806,650
1,0,0,821,818,650
1,0,0,1163,810,650
1,0,0,1152,807,650
1,0,0,1150,808,650
1,0,1,1149,805,650
1,0,1,662,968,650
1,0,1,673,818,650
1,0,1,618,825,650
1,0,1,677,826,650
1,0,1,606,834,650
1,0,1,671,1001,650
1,0,1,607,844,650
1,0,1,667,986,650
1,0,1,682,849,650
1,0,1,647,863,650
1,0,1,686,856,650
1,0,1,649,873,650
1,0,1,689,864,650
1,0,1,613,871,650
1,0,1,687,871,650
1,0,0,830,882,650
1,0,0,1164,874,650
1,0,0,1157,871,650
1,0,0,1151,872,650
1,0,1,1064,864,650
1,0,1,670,875,650
1,0,1,608,885,650
1,0,1,676,1055,650
1,0,1,610,895,650
1,0,1,693,896,650
1,0,1,617,902,650
1,0,1,665,1007,650
1,0,1,624,910,650
1,0,1,658,926,650
1,0,1,661,917,650
1,0,1,653,927,650
1,0,1,660,925,650
1,0,1,642,933,650
1,0,1,695,931,650
1,0,1,617,937,650
1,0,0,851,945,650
1,0,0,1164,937,650
1,0,0,1153,934,650
1,0,0,1153,932,650
1,0,1,1152,931,650
1,0,1,642,940,650
1,0,1,687,944,650
1,0,1,667,950,650
1,0,1,642,958,650
1,0,1,697,958,650
1,0,1,628,965,650
1,0,1,695,967,650
1,0,1,620,973,650
1,0,1,689,1096,650
1,0,1,652,983,650
1,0,1,701,981,650
1,0,1,622,986,650
1,0,1,676,1094,650
1,0,1,625,994,650
1,0,1,698,994,650
1,0,0,839,1004,650
1,0,0,1166,997,650
1,0,0,1153,995,650
1,0,0,1151,994,650
1,0,1,1152,994,650
1,0,1,681,1163,650
1,0,1,616,1007,650
1,0,1,708,1009,650
1,0,1,662,1022,650
1,0,1,622,1021,650
1,0,1,703,1023,650
1,0,1,679,1129,650
1,0,1,636,1033,650
1,0,1,708,1035,650
1,0,1,683,1154,650
1,0,1,620,1046,650
1,0,1,712,1047,650
1,0,1,665,1059,650
1,0,1,710,1055,650
1,0,1,712,1060,650
1,0,0,885,1071,650
1,0,0,1165,1062,650
1,0,0,1155,1061,650
1,0,0,1153,1059,650
1,0,1,1131,1054,650
1,0,0,806,1070,650
1,0,0,1149,1064,650
1,0,0,1137,1063,650
1,0,0,1119,1062,650
1,0,0,1128,1062,650
1,0,0,1118,1062,650
1,0,0,1122,1063,650
1,0,0,1115,1062,650
1,0,0,1122,1062,650
1,0,0,1111,1063,650
1,0,0,1121,1063,650
1,0,0,1111,1062,650
1,0,0,1118,1063,650
1,0,0,1121,1064,650
1,0,0,1120,1063,650
1,0,0,1112,1064,650
1,0,0,1126,1063,650
1,0,0,1132,1064,650
1,0,0,1137,1064,650
1,0,1,1145,1063,650
1,0,1,677,1070,650
1,0,1,693,1222,650
1,0,1,626,1084,650
1,0,1,713,1085,650
1,0,1,703,1089,650
1,0,1,642,1097,650
1,0,1,707,1099,650
1,0,1,688,1207,650
1,0,1,635,1108,650
1,0,1,710,1111,650
1,0,1,702,1188,650
1,0,1,629,1120,650
1,0,1,722,1122,650
1,0,1,671,1133,650
1,0,1,646,1131,650
1,0,0,826,1140,650
1,0,0,1170,1133,650
1,0,0,1154,1129,650
1,0,0,1153,1129,650
1,0,1,1152,1127,650
1,0,1,646,1137,650
1,0,1,707,1140,650
1,0,1,699,1279,650
1,0,1,634,1150,650
1,0,1,699,1153,650
1,0,1,714,1156,650
1,0,1,638,1163,650
1,0,1,724,1165,650
1,0,1,686,1207,650
1,0,1,638,1174,650
1,0,1,708,1175,650
1,0,1,698,1292,650
1,0,1,632,1183,650
1,0,1,723,1185,650
1,0,1,685,1201,650
1,0,0,890,1199,650
1,0,0,1166,1191,650
1,0,0,1157,1190,650
1,0,0,1151,1187,650
1,0,1,1136,1181,650
1,0,1,715,1191,650
1,0,1,653,1200,650
1,0,1,711,1203,650
1,0,1,704,1340,650
1,0,1,662,1215,650
1,0,1,678,1215,650
1,0,1,723,1217,650
1,0,1,642,1224,650
1,0,1,732,1226,650
1,0,1,727,1228,650
1,0,1,660,1237,650
1,0,1,723,1237,650
1,0,1,708,1373,650
1,0,1,639,1245,650
1,0,1,676,1246,650
1,0,0,850,1255,650
1,0,0,1172,1250,650
1,0,0,1157,1247,650
1,0,0,1149,1246,650
1,0,1,1152,1243,650
1,0,1,634,1246,650
1,0,1,603,1252,650
1,0,1,651,1254,650
1,0,1,597,1260,650
1,0,1,652,1261,650
1,0,1,589,1267,650
1,0,1,650,1268,650
1,0,1,593,1273,650
1,0,1,641,1412,650
1,0,1,597,1279,650
1,0,1,639,1412,650
1,0,1,633,1283,650
1,0,1,627,1294,650
1,0,1,610,1292,650
1,0,1,631,1307,650
1,0,0,820,1302,650
1,0,0,1167,1297,650
1,0,0,1154,1296,650
1,0,0,1151,1293,650
1,0,1,1148,1291,650
1,0,1,640,1294,650
1,0,1,597,1301,650
1,0,1,646,1457,650
1,0,1,613,1308,650
1,0,1,641,1455,650
1,0,1,630,1316,650
1,0,1,632,1325,650
1,0,1,650,1320,650
1,0,1,612,1326,650
1,0,1,653,1327,650
1,0,1,605,1332,650
1,0,1,655,1332,650
1,0,1,592,1336,650
1,0,1,653,1336,650
1,0,1,600,1342,650
1,0,0,842,1350,650
1,0,0,1166,1344,650
1,0,0,1152,1342,650
1,0,0,1151,1342,650
1,0,1,1148,1342,650
1,0,1,605,1343,650
1,0,1,635,1362,650
1,0,1,640,1351,650
1,0,1,623,1359,650
1,0,1,650,1358,650
1,0,1,620,1364,650
1,0,1,659,1364,650
1,0,1,602,1370,650
1,0,1,659,1370,650
1,0,1,600,1374,650
1,0,1,656,1374,650
1,0,1,603,1379,650
1,0,1,649,1512,650
1,0,1,616,1383,650
1,0,1,630,1393,650
1,0,0,824,1396,650
1,0,0,1168,1390,650
1,0,0,1152,1389,650
1,0,0,1151,1388,650
1,0,1,1131,1381,650
1,0,1,622,1395,650
1,0,1,657,1393,650
1,0,1,621,1399,650
1,0,1,664,1399,650
1,0,1,615,1406,650
1,0,1,664,1406,650
1,0,1,598,1411,650
1,0,1,660,1410,650
1,0,1,602,1416,650
1,0,1,657,1417,650
1,0,1,605,1421,650
1,0,1,644,1529,650
1,0,1,635,1426,650
1,0,1,634,1437,650
1,0,1,661,1431,650
1,0,0,860,1442,650
1,0,0,1168,1436,650
1,0,0,1152,1435,650
1,0,0,1152,1433,650
1,0,1,1152,1432,650
1,0,1,638,1433,650
1,0,1,625,1442,650
1,0,1,663,1442,650
1,0,1,616,1448,650
1,0,1,667,1448,650
1,0,1,605,1454,650
1,0,1,667,1454,650
1,0,1,597,1459,650
1,0,1,660,1459,650
1,0,1,599,1464,650
1,0,1,656,1604,650
1,0,1,628,1470,650
1,0,1,645,1494,650
1,0,1,651,1475,650
1,0,1,621,1480,650
1,0,0,820,1486,650
1,0,0,1169,1481,650
1,0,0,1153,1479,650
1,0,0,1149,1477,650
1,0,1,1137,1472,650
1,0,1,635,1491,650
1,0,1,659,1484,650
1,0,1,631,1491,650
1,0,1,669,1490,650
1,0,1,632,1497,650
1,0,1,670,1496,650
1,0,1,612,1501,650
1,0,1,670,1501,650
1,0,1,600,1506,650
1,0,1,669,1508,650
1,0,1,606,1511,650
1,0,1,657,1653,650
1,0,1,625,1517,650
1,0,1,663,1519,650
1,0,1,614,1523,650
1,0,0,852,1531,650
1,0,0,1166,1527,650
1,0,0,1155,1524,650
1,0,0,1153,1523,650
1,0,1,1152,1522,650
1,0,1,593,1526,650
1,0,1,662,1527,650
1,0,1,606,1534,650
1,0,1,661,1696,650
1,0,1,612,1540,650
1,0,1,656,1666,650
1,0,1,644,1545,650
1,0,1,643,1555,650
1,0,1,668,1549,650
1,0,1,641,1560,650
1,0,1,673,1556,650
1,0,1,617,1561,650
1,0,1,676,1561,650
1,0,1,602,1566,650
1,0,1,667,1566,650
1,0,0,859,1574,650
1,0,0,1165,1571,650
1,0,0,1152,1568,650
1,0,0,1150,1567,650
1,0,1,1150,1565,650
1,0,1,664,1567,650
1,0,1,603,1573,650
1,0,1,670,1574,650
1,0,1,618,1579,650
1,0,1,669,1580,650
1,0,1,630,1585,650
1,0,1,652,1605,650
1,0,1,658,1590,650
1,0,1,642,1597,650
1,0,1,668,1595,650
1,0,1,631,1601,650
1,0,1,680,1601,650
1,0,1,616,1606,650
1,0,1,678,1605,650
1,0,1,612,1610,650
1,0,0,847,1618,650
1,0,0,1173,1613,650
1,0,0,1156,1610,650
1,0,0,1151,1609,650
1,0,1,1152,1609,650
1,0,1,596,1612,650
1,0,1,672,1613,650
1,0,1,613,1619,650
1,0,1,670,1785,650
1,0,1,619,1625,650
1,0,1,665,1750,650
1,0,1,650,1629,650
1,0,1,650,1640,650
1,0,1,674,1635,650
1,0,1,646,1643,650
1,0,1,679,1641,650
1,0,1,624,1646,650
1,0,1,682,1645,650
1,0,1,606,1651,650
1,0,1,675,1650,650
1,0,0,860,1659,650
1,0,0,1173,1655,650
1,0,0,1153,1653,650
1,0,0,1152,1651,650
1,0,1,1150,1649,650
1,0,1,671,1652,650
1,0,1,611,1658,650
1,0,1,673,1659,650
1,0,1,624,1665,650
1,0,1,673,1664,650
1,0,1,640,1670,650
1,0,1,658,1686,650
1,0,1,665,1675,650
1,0,1,643,1681,650
1,0,1,675,1679,650
1,0,1,638,1685,650
1,0,1,686,1684,650
1,0,1,622,1690,650
1,0,1,685,1689,650
1,0,1,618,1694,650
1,0,0,852,1702,650
1,0,0,1168,1696,650
1,0,0,1153,1693,650
1,0,0,1151,1693,650
1,0,1,1153,1693,650
1,0,1,609,1696,650
1,0,1,681,1697,650
1,0,1,612,1703,650
1,0,1,680,1703,650
1,0,1,615,1709,650
1,0,1,677,1864,650
1,0,1,640,1713,650
1,0,1,663,1750,650
1,0,1,668,1719,650
1,0,1,661,1731,650
1,0,1,682,1723,650
1,0,1,637,1729,650
1,0,1,688,1728,650
1,0,1,646,1736,650
1,0,1,688,1734,650
1,0,0,882,1743,650
1,0,0,1169,1737,650
1,0,0,1155,1737,650
1,0,0,1151,1736,650
1,0,1,1153,1734,650
1,0,0,849,1743,650
1,0,0,1147,1739,650
1,0,0,1139,1738,650
1,0,0,1123,1736,650
1,0,0,1128,1736,650
1,0,0,1117,1735,650
1,0,0,1124,1735,650
1,0,0,1115,1735,650
1,0,0,1120,1735,650
1,0,0,1118,1735,650
1,0,0,1120,1736,650
1,0,0,1108,1735,650
1,0,0,1120,1736,650
1,0,0,1108,1736,650
1,0,0,1120,1736,650
1,0,0,1109,1735,650
1,0,0,1124,1736,650
1,0,0,1132,1735,650
1,0,0,1139,1736,650
1,0,1,1148,1735,650
1,0,1,660,1737,650
1,0,1,644,1745,650
1,0,1,688,1744,650
1,0,1,634,1751,650
1,0,1,689,1751,650
1,0,1,624,1757,650
1,0,1,689,1756,650
1,0,1,612,1760,650
1,0,1,683,1761,650
1,0,1,639,1765,650
1,0,1,677,1915,650
1,0,1,649,1769,650
1,0,1,667,1818,650
1,0,1,673,1774,650
1,0,1,661,1786,650
1,0,0,833,1785,650
1,0,0,1174,1780,650
1,0,0,1155,1778,650
1,0,0,1153,1776,650
1,0,1,1117,1771,650
1,0,1,641,1782,650
1,0,1,691,1781,650
1,0,1,633,1788,650
1,0,1,695,1787,650
1,0,1,634,1794,650
1,0,1,693,1793,650
1,0,1,616,1799,650
1,0,1,687,1798,650
1,0,1,630,1803,650
1,0,1,670,1849,650
1,0,1,643,1808,650
1,0,1,666,1821,650
1,0,1,675,1812,650
1,0,1,655,1818,650
1,0,1,684,1818,650
1,0,0,886,1826,650
1,0,0,1167,1820,650
1,0,0,1157,1820,650
1,0,0,1150,1818,650
1,0,1,1148,1815,650
1,0,1,685,1818,650
1,0,1,631,1825,650
1,0,1,696,1824,650
1,0,1,618,1830,650
1,0,1,696,1831,650
1,0,1,620,1835,650
1,0,1,689,1835,650
1,0,1,631,1840,650
1,0,1,679,1962,650
1,0,1,679,1844,650
1,0,1,673,1889,650
1,0,1,688,1850,650
1,0,1,656,1856,650
1,0,1,696,1854,650
1,0,1,651,1860,650
1,0,0,827,1865,650
1,0,0,1166,1860,650
1,0,0,1154,1858,650
1,0,0,1152,1856,650
1,0,1,1120,1852,650
1,0,1,650,1861,650
1,0,1,698,1861,650
1,0,1,637,1867,650
1,0,1,702,1867,650
1,0,1,637,1873,650
1,0,1,699,1872,650
1,0,1,619,1878,650
1,0,1,694,1878,650
1,0,1,634,1882,650
1,0,1,676,1903,650
1,0,1,651,1887,650
1,0,1,672,1901,650
1,0,1,681,1892,650
1,0,1,681,2008,650
1,0,1,634,1898,650
1,0,0,883,1905,650
1,0,0,1171,1901,650
1,0,0,1153,1898,650
1,0,0,1152,1896,650
1,0,1,1149,1897,650
1,0,1,611,1899,650
1,0,1,690,1900,650
1,0,1,637,1906,650
1,0,1,683,2016,650
1,0,1,647,1911,650
1,0,1,678,1928,650
1,0,1,683,1916,650
1,0,1,659,1922,650
1,0,1,703,1920,650
1,0,1,634,1925,650
1,0,1,706,1925,650
1,0,1,628,1929,650
1,0,1,703,1930,650
1,0,1,625,1934,650
1,0,1,702,1934,650
1,0,0,877,1944,650
1,0,0,1167,1939,650
1,0,0,1154,1936,650
1,0,0,1150,1936,650
1,0,1,1153,1931,650
1,0,1,693,1936,650
1,0,1,633,1941,650
1,0,1,693,2108,650
1,0,1,654,1946,650
1,0,1,690,2080,650
1,0,1,673,1953,650
1,0,1,672,1960,650
1,0,1,699,1956,650
1,0,1,652,1962,650
1,0,1,710,1961,650
1,0,1,644,1965,650
1,0,1,710,1965,650
1,0,1,624,1969,650
1,0,1,705,1969,650
1,0,1,628,1975,650
1,0,0,871,1980,650
1,0,0,1168,1975,650
1,0,0,1153,1974,650
1,0,0,1152,1973,650
1,0,1,1148,1972,650
1,0,1,618,1975,650
1,0,1,696,1976,650
1,0,1,642,1980,650
1,0,1,690,2097,650
1,0,1,651,1987,650
1,0,1,682,2000,650
1,0,1,690,1991,650
1,0,1,667,1997,650
1,0,1,707,1995,650
1,0,1,637,2001,650
1,0,1,712,2001,650
1,0,1,635,2005,650
1,0,1,708,2005,650
1,0,1,626,2008,650
1,0,1,708,2010,650
1,0,0,884,2019,650
1,0,0,1167,2013,650
1,0,0,1156,2012,650
1,0,0,1148,2011,650
1,0,1,1150,2005,650
1,0,1,691,2173,650
1,0,1,666,2015,650
1,0,1,685,2034,650
1,0,1,692,2021,650
1,0,1,681,2031,650
1,0,1,705,2025,650
1,0,1,660,2032,650
1,0,1,713,2031,650
1,0,1,639,2035,650
1,0,1,708,2034,650
1,0,1,590,2033,650
1,0,1,590,2035,650
1,0,1,575,2035,650
1,0,1,557,2037,650
1,0,1,558,2039,650
1,0,0,809,2048,650
1,0,0,1172,2044,650
1,0,0,1154,2043,650
1,0,0,1149,2043,650
1,0,1,1152,2039,650
1,0,1,559,2042,650
1,0,1,571,2045,650
1,0,1,584,2209,650
1,0,1,589,2044,650
1,0,1,590,2046,650
1,0,1,589,2048,650
1,0,1,590,2050,650
1,0,1,591,2052,650
1,0,1,576,2053,650
1,0,1,589,2055,650
1,0,1,580,2057,650
1,0,1,565,2059,650
1,0,1,578,2060,650
1,0,1,579,2075,650
1,0,1,586,2150,650
1,0,0,780,2071,650
1,0,0,1164,2069,650
1,0,0,1143,2068,650
1,0,0,1149,2067,650
1,0,1,1145,2066,650
1,0,1,575,2227,650
1,0,1,587,2065,650
1,0,1,592,2068,650
1,0,1,590,2070,650
1,0,1,589,2072,650
1,0,1,592,2074,650
1,0,1,577,2075,650
1,0,1,560,2077,650
1,0,1,551,2080,650
1,0,1,558,2081,650
1,0,1,557,2083,650
1,0,1,565,2083,650
1,0,1,548,2085,650
1,0,1,579,2107,650
1,0,1,589,2212,650
1,0,0,781,2095,650
1,0,0,1162,2094,650
1,0,0,1146,2092,650
1,0,0,1149,2091,650
1,0,1,1151,2089,650
1,0,1,544,2090,650
1,0,1,546,2091,650
1,0,1,565,2095,650
1,0,1,575,2097,650
1,0,1,575,2099,650
1,0,1,574,2101,650
1,0,1,583,2108,650
1,0,1,592,2101,650
1,0,1,590,2102,650
1,0,1,587,2104,650
1,0,1,594,2105,650
1,0,1,585,2107,650
1,0,1,592,2108,650
1,0,1,559,2111,650
1,0,1,564,2113,650
1,0,0,817,2121,650
1,0,0,1161,2118,650
1,0,0,1149,2117,650
1,0,0,1149,2116,650
1,0,1,1147,2115,650
1,0,1,580,2111,650
1,0,1,592,2114,650
1,0,1,590,2116,650
1,0,1,580,2119,650
1,0,1,577,2121,650
1,0,1,580,2122,650
1,0,1,561,2125,650
1,0,1,553,2126,650
1,0,1,552,2128,650
1,0,1,553,2129,650
1,0,1,554,2131,650
1,0,1,551,2131,650
1,0,1,553,2135,650
1,0,1,587,2133,650
1,0,1,588,2135,650
1,0,0,789,2144,650
1,0,0,1164,2142,650
1,0,0,1143,2142,650
1,0,0,1145,2140,650
1,0,1,1146,2136,650
1,0,1,542,2138,650
1,0,1,561,2140,650
1,0,1,576,2144,650
1,0,1,584,2149,650
1,0,1,585,2270,650
1,0,1,583,2160,650
1,0,1,591,2147,650
1,0,1,599,2149,650
1,0,1,598,2151,650
1,0,1,595,2152,650
1,0,1,597,2155,650
1,0,1,594,2155,650
1,0,1,591,2157,650
1,0,1,548,2160,650
1,0,1,577,2161,650
1,0,0,820,2168,650
1,0,0,1159,2165,650
1,0,0,1140,2163,650
1,0,0,1145,2163,650
1,0,1,1149,2162,650
1,0,1,574,2168,650
1,0,1,586,2162,650
1,0,1,595,2164,650
1,0,1,596,2166,650
1,0,1,595,2168,650
1,0,1,597,2169,650
1,0,1,590,2170,650
1,0,1,576,2174,650
1,0,1,556,2174,650
1,0,1,573,2176,650
1,0,1,559,2178,650
1,0,1,577,2179,650
1,0,1,549,2181,650
1,0,1,589,2182,650
1,0,1,574,2184,650
1,0,0,796,2193,650
1,0,0,1159,2190,650
1,0,0,1139,2190,650
1,0,0,1145,2187,650
1,0,1,1146,2186,650
1,0,0,776,2191,650
1,0,0,1149,2189,650
1,0,0,1137,2188,650
1,0,0,1121,2189,650
1,0,0,1129,2188,650
1,0,0,1115,2188,650
1,0,0,1124,2187,650
1,0,0,1110,2189,650
1,0,0,1124,2187,650
1,0,0,1111,2187,650
1,0,0,1118,2186,650
1,0,0,1111,2187,650
1,0,0,1118,2188,650
1,0,0,1109,2187,650
1,0,0,1118,2188,650
1,0,0,1107,2188,650
1,0,0,1124,2187,650
1,0,0,1132,2187,650
1,0,0,1135,2187,650
1,0,1,1145,2184,650
1,0,1,543,2185,650
1,0,1,562,2188,650
1,0,1,578,2191,650
1,0,1,586,2200,650
1,0,1,578,2195,650
1,0,1,586,2209,650
1,0,1,591,2195,650
1,0,1,596,2196,650
1,0,1,594,2210,650
1,0,1,593,2199,650
1,0,1,591,2202,650
1,0,1,577,2203,650
1,0,1,558,2205,650
1,0,1,548,2208,650
1,0,1,578,2210,650
1,0,0,824,2217,650
1,0,0,1159,2215,650
1,0,0,1143,2214,650
1,0,0,1139,2212,650
1,0,1,1148,2212,650
1,0,1,585,2207,650
1,0,1,595,2211,650
1,0,1,592,2213,650
1,0,1,573,2216,650
1,0,1,593,2216,650
1,0,1,574,2219,650
1,0,1,559,2220,650
1,0,1,551,2222,650
1,0,1,563,2224,650
1,0,1,564,2226,650
1,0,1,557,2227,650
1,0,1,553,2229,650
1,0,1,587,2361,650
1,0,1,595,2230,650
1,0,1,587,2232,650
1,0,0,794,2240,650
1,0,0,1157,2238,650
1,0,0,1139,2237,650
1,0,0,1142,2237,650
1,0,1,1145,2233,650
1,0,1,554,2234,650
1,0,1,568,2236,650
1,0,1,584,2242,650
1,0,1,592,2405,650
1,0,1,584,2246,650
1,0,1,595,2410,650
1,0,1,597,2244,650
1,0,1,601,2245,650
1,0,1,598,2246,650
1,0,1,594,2249,650
1,0,1,597,2250,650
1,0,1,598,2252,650
1,0,1,556,2254,650
1,0,1,552,2255,650
1,0,1,584,2258,650
1,0,0,826,2264,650
1,0,0,1158,2262,650
1,0,0,1141,2261,650
1,0,0,1140,2260,650
1,0,1,1147,2260,650
1,0,1,585,2255,650
1,0,1,597,2258,650
1,0,1,600,2260,650
1,0,1,595,2263,650
1,0,1,603,2264,650
1,0,1,593,2266,650
1,0,1,574,2268,650
1,0,1,559,2269,650
1,0,1,552,2271,650
1,0,1,556,2273,650
1,0,1,553,2274,650
1,0,1,562,2276,650
1,0,1,553,2277,650
1,0,1,576,2279,650
1,0,1,562,2281,650
1,0,0,807,2289,650
1,0,0,1157,2286,650
1,0,0,1141,2287,650
1,0,0,1139,2284,650
1,0,1,1146,2284,650
1,0,1,591,2280,650
1,0,1,597,2282,650
1,0,1,595,2285,650
1,0,1,577,2287,650
1,0,1,594,2289,650
1,0,1,576,2290,650
1,0,1,563,2292,650
1,0,1,554,2294,650
1,0,1,566,2296,650
1,0,1,566,2298,650
1,0,1,566,2300,650
1,0,1,555,2300,650
1,0,1,569,2303,650
1,0,1,598,2302,650
1,0,1,588,2304,650
1,0,0,796,2312,650
1,0,0,1159,2310,650
1,0,0,1142,2308,650
1,0,0,1139,2308,650
1,0,1,1148,2306,650
1,0,1,547,2305,650
1,0,1,566,2308,650
1,0,1,584,2312,650
1,0,1,591,2339,650
1,0,1,582,2315,650
1,0,1,592,2322,650
1,0,1,596,2315,650
1,0,1,600,2317,650
1,0,1,603,2318,650
1,0,1,602,2320,650
1,0,1,602,2322,650
1,0,1,600,2323,650
1,0,1,601,2325,650
1,0,1,556,2327,650
1,0,1,583,2328,650
1,0,0,824,2335,650
1,0,0,1159,2333,650
1,0,0,1144,2331,650
1,0,0,1140,2331,650
1,0,1,1145,2331,650
1,0,1,593,2328,650
1,0,1,599,2330,650
1,0,1,588,2333,650
1,0,1,570,2335,650
1,0,1,586,2336,650
1,0,1,568,2337,650
1,0,1,560,2340,650
1,0,1,562,2341,650
1,0,1,574,2344,650
1,0,1,572,2345,650
1,0,1,570,2347,650
1,0,1,587,2346,650
1,0,1,572,2349,650
1,0,1,601,2349,650
1,0,1,578,2351,650
1,0,0,804,2359,650
1,0,0,1158,2356,650
1,0,0,1143,2354,650
1,0,0,1141,2356,650
1,0,1,1146,2351,650
1,0,1,555,2352,650
1,0,1,574,2355,650
1,0,1,588,2361,650
1,0,1,598,2506,650
1,0,1,590,2363,650
1,0,1,595,2510,650
1,0,1,601,2360,650
1,0,1,602,2363,650
1,0,1,601,2364,650
1,0,1,600,2365,650
1,0,1,601,2367,650
1,0,1,604,2369,650
1,0,1,599,2370,650
1,0,1,557,2372,650
1,0,1,589,2375,650
1,0,0,828,2381,650
1,0,0,1160,2379,650
1,0,0,1149,2377,650
1,0,0,1144,2377,650
1,0,1,1146,2376,650
1,0,1,589,2372,650
1,0,1,601,2374,650
1,0,1,603,2377,650
1,0,1,601,2380,650
1,0,1,603,2381,650
1,0,1,601,2382,650
1,0,1,583,2384,650
1,0,1,564,2386,650
1,0,1,555,2388,650
1,0,1,558,2390,650
1,0,1,557,2392,650
1,0,1,567,2393,650
1,0,1,561,2394,650
1,0,1,579,2395,650
1,0,1,566,2396,650
1,0,0,810,2405,650
1,0,0,1157,2402,650
1,0,0,1144,2402,650
1,0,0,1143,2400,650
1,0,1,1146,2400,650
1,0,1,594,2396,650
1,0,1,604,2399,650
1,0,1,598,2401,650
1,0,1,581,2403,650
1,0,1,597,2404,650
1,0,1,580,2406,650
1,0,1,564,2408,650
1,0,1,557,2410,650
1,0,1,568,2412,650
1,0,1,571,2413,650
1,0,1,570,2416,650
1,0,1,557,2416,650
1,0,1,569,2418,650
1,0,1,580,2420,650
1,0,1,591,2418,650
1,0,0,799,2427,650
1,0,0,1158,2425,650
1,0,0,1143,2425,650
1,0,0,1139,2423,650
1,0,1,1139,2420,650
1,0,1,553,2420,650
1,0,1,570,2424,650
1,0,1,585,2427,650
1,0,1,594,2437,650
1,0,1,589,2430,650
1,0,1,600,2444,650
1,0,1,601,2429,650
1,0,1,607,2432,650
1,0,1,607,2434,650
1,0,1,606,2434,650
1,0,1,577,2438,650
1,0,1,606,2437,650
1,0,1,570,2440,650
1,0,1,555,2441,650
1,0,1,586,2443,650
1,0,0,829,2450,650
1,0,0,1157,2448,650
1,0,0,1145,2446,650
1,0,0,1139,2447,650
1,0,1,1145,2447,650
1,0,1,597,2441,650
1,0,1,605,2444,650
1,0,1,600,2446,650
1,0,1,582,2449,650
1,0,1,599,2450,650
1,0,1,583,2451,650
1,0,1,565,2454,650
1,0,1,555,2455,650
1,0,1,570,2458,650
1,0,1,573,2459,650
1,0,1,570,2461,650
1,0,1,560,2462,650
1,0,1,571,2463,650
1,0,1,605,2462,650
1,0,1,595,2465,650
1,0,0,801,2473,650
1,0,0,1157,2470,650
1,0,0,1142,2470,650
1,0,0,1138,2469,650
1,0,1,1147,2466,650
1,0,1,554,2466,650
1,0,1,571,2468,650
1,0,1,589,2471,650
1,0,1,598,2485,650
1,0,1,589,2475,650
1,0,1,596,2481,650
1,0,1,607,2475,650
1,0,1,612,2477,650
1,0,1,608,2479,650
1,0,1,608,2480,650
1,0,1,609,2481,650
1,0,1,607,2482,650
1,0,1,606,2484,650
1,0,1,597,2486,650
1,0,1,589,2489,650
1,0,0,835,2496,650
1,0,0,1158,2494,650
1,0,0,1142,2492,650
1,0,0,1139,2490,650
1,0,1,1147,2491,650
1,0,1,591,2639,650
1,0,1,604,2489,650
1,0,1,613,2491,650
1,0,1,611,2493,650
1,0,1,608,2495,650
1,0,1,611,2497,650
1,0,1,592,2499,650
1,0,1,575,2500,650
1,0,1,566,2502,650
1,0,1,564,2503,650
1,0,1,564,2505,650
1,0,1,579,2506,650
1,0,1,561,2507,650
1,0,1,597,2508,650
1,0,1,576,2509,650
1,0,0,810,2517,650
1,0,0,1158,2516,650
1,0,0,1140,2514,650
1,0,0,1139,2514,650
1,0,1,1147,2513,650
1,0,0,786,2517,650
1,0,0,1146,2514,650
1,0,0,1136,2515,650
1,0,0,1123,2512,650
1,0,0,1128,2514,650
1,0,0,1113,2513,650
1,0,0,1120,2513,650
1,0,0,1113,2513,650
1,0,0,1120,2511,650
1,0,0,1112,2513,650
1,0,0,1119,2513,650
1,0,0,1108,2512,650
1,0,0,1118,2512,650
1,0,0,1106,2512,650
1,0,0,1114,2512,650
1,0,0,1106,2512,650
1,0,0,1121,2512,650
1,0,0,1129,2512,650
1,0,0,1136,2513,650
1,0,1,1135,2508,650
1,0,1,738,2511,650
1,0,1,663,2517,650
1,0,1,738,2517,650
1,0,1,681,2523,650
1,0,1,731,2645,650
1,0,1,703,2526,650
1,0,1,712,2535,650
1,0,1,740,2530,650
1,0,1,694,2535,650
1,0,1,745,2535,650
1,0,1,685,2539,650
1,0,1,753,2538,650
1,0,1,660,2542,650
1,0,1,750,2542,650
1,0,1,657,2547,650
1,0,0,894,2552,650
1,0,0,1164,2547,650
1,0,0,1150,2547,650
1,0,0,1152,2545,650
1,0,1,1147,2544,650
1,0,1,658,2546,650
1,0,1,732,2671,650
1,0,1,691,2552,650
1,0,1,722,2562,650
1,0,1,706,2555,650
1,0,1,714,2561,650
1,0,1,748,2559,650
1,0,1,693,2565,650
1,0,1,757,2564,650
1,0,1,686,2567,650
1,0,1,757,2566,650
1,0,1,659,2572,650
1,0,1,753,2571,650
1,0,1,664,2575,650
1,0,1,748,2575,650
1,0,0,907,2583,650
1,0,0,1168,2579,650
1,0,0,1153,2577,650
1,0,0,1152,2576,650
1,0,1,1146,2571,650
1,0,1,738,2574,650
1,0,1,684,2579,650
1,0,1,736,2678,650
1,0,1,710,2585,650
1,0,1,729,2646,650
1,0,1,738,2589,650
1,0,1,700,2593,650
1,0,1,753,2593,650
1,0,1,685,2597,650
1,0,1,756,2597,650
1,0,1,677,2601,650
1,0,1,756,2599,650
1,0,1,660,2604,650
1,0,1,752,2604,650
1,0,1,659,2608,650
1,0,0,913,2614,650
1,0,0,1169,2610,650
1,0,0,1153,2607,650
1,0,0,1152,2607,650
1,0,1,1151,2606,650
1,0,1,650,2608,650
1,0,1,744,2609,650
1,0,1,683,2614,650
1,0,1,737,2709,650
1,0,1,690,2618,650
1,0,1,726,2628,650
1,0,1,733,2622,650
1,0,1,707,2627,650
1,0,1,759,2626,650
1,0,1,699,2631,650
1,0,1,761,2630,650
1,0,1,673,2634,650
1,0,1,762,2631,650
1,0,1,685,2638,650
1,0,1,754,2638,650
1,0,0,934,2645,650
1,0,0,1167,2641,650
1,0,0,1153,2639,650
1,0,0,1148,2639,650
1,0,1,1150,2637,650
1,0,1,731,2639,650
1,0,1,702,2645,650
1,0,1,755,2644,650
1,0,1,688,2650,650
1,0,1,765,2649,650
1,0,1,677,2652,650
1,0,1,760,2653,650
1,0,1,666,2657,650
1,0,1,754,2656,650
1,0,1,667,2660,650
1,0,1,750,2713,650
1,0,1,708,2663,650
1,0,1,734,2715,650
1,0,1,742,2667,650
1,0,1,728,2681,650
1,0,0,882,2675,650
1,0,0,1168,2673,650
1,0,0,1156,2671,650
1,0,0,1152,2669,650
1,0,1,1090,2663,650
1,0,1,714,2674,650
1,0,1,755,2672,650
1,0,1,700,2678,650
1,0,1,768,2677,650
1,0,1,694,2681,650
1,0,1,768,2681,650
1,0,1,664,2685,650
1,0,1,759,2684,650
1,0,1,673,2688,650
1,0,1,757,2688,650
1,0,1,678,2692,650
1,0,1,736,2754,650
1,0,1,721,2695,650
1,0,1,727,2702,650
1,0,1,734,2698,650
1,0,0,937,2707,650
1,0,0,1168,2702,650
1,0,0,1153,2700,650
1,0,0,1152,2699,650
1,0,1,1149,2696,650
1,0,1,734,2699,650
1,0,1,705,2706,650
1,0,1,766,2703,650
1,0,1,690,2709,650
1,0,1,767,2709,650
1,0,1,677,2713,650
1,0,1,766,2713,650
1,0,1,667,2717,650
1,0,1,761,2715,650
1,0,1,670,2721,650
1,0,1,751,2720,650
1,0,1,709,2723,650
1,0,1,733,2739,650
1,0,1,736,2727,650
1,0,1,729,2737,650
1,0,0,884,2736,650
1,0,0,1168,2731,650
1,0,0,1157,2729,650
1,0,0,1148,2728,650
1,0,1,1095,2723,650
1,0,1,716,2732,650
1,0,1,762,2732,650
1,0,1,703,2737,650
1,0,1,770,2735,650
1,0,1,697,2742,650
1,0,1,771,2740,650
1,0,1,668,2744,650
1,0,1,767,2743,650
1,0,1,677,2748,650
1,0,1,765,2748,650
1,0,1,683,2750,650
1,0,1,739,2803,650
1,0,1,728,2754,650
1,0,1,730,2760,650
1,0,1,732,2758,650
1,0,0,938,2765,650
1,0,0,1167,2759,650
1,0,0,1155,2758,650
1,0,0,1151,2757,650
1,0,1,1151,2754,650
1,0,1,723,2757,650
1,0,1,719,2764,650
1,0,1,762,2762,650
1,0,1,706,2768,650
1,0,1,769,2768,650
1,0,1,696,2771,650
1,0,1,773,2770,650
1,0,1,670,2774,650
1,0,1,769,2774,650
1,0,1,668,2779,650
1,0,1,765,2778,650
1,0,1,700,2781,650
1,0,1,748,2891,650
1,0,1,678,2785,650
1,0,1,770,2786,650
1,0,0,925,2796,650
1,0,0,1170,2791,650
1,0,0,1154,2788,650
1,0,0,1153,2786,650
1,0,1,1152,2784,650
1,0,1,764,2786,650
1,0,1,669,2792,650
1,0,1,768,2792,650
1,0,1,684,2796,650
1,0,1,766,2795,650
1,0,1,693,2800,650
1,0,1,749,2892,650
1,0,1,732,2804,650
1,0,1,732,2809,650
1,0,1,739,2807,650
1,0,1,722,2813,650
1,0,1,774,2811,650
1,0,1,701,2815,650
1,0,1,776,2814,650
1,0,1,694,2818,650
1,0,0,878,2824,650
1,0,0,1169,2819,650
1,0,0,1152,2818,650
1,0,0,1153,2815,650
1,0,1,1152,2816,650
1,0,1,674,2818,650
1,0,1,775,2818,650
1,0,1,671,2823,650
1,0,1,769,2822,650
1,0,1,677,2827,650
1,0,1,759,2992,650
1,0,1,709,2830,650
1,0,1,740,2841,650
1,0,1,750,2833,650
1,0,1,739,2842,650
1,0,1,768,2837,650
1,0,1,705,2842,650
1,0,1,777,2841,650
1,0,1,687,2845,650
1,0,1,780,2844,650
1,0,0,934,2851,650
1,0,0,1169,2847,650
1,0,0,1156,2845,650
1,0,0,1154,2845,650
1,0,1,1151,2841,650
1,0,1,766,2843,650
1,0,1,675,2848,650
1,0,1,765,2849,650
1,0,1,696,2854,650
1,0,1,764,2853,650
1,0,1,712,2856,650
1,0,1,743,2867,650
1,0,1,762,2860,650
1,0,1,723,2864,650
1,0,1,768,2864,650
1,0,1,714,2869,650
1,0,1,779,2866,650
1,0,1,690,2870,650
1,0,1,779,2870,650
1,0,1,683,2875,650
1,0,0,893,2880,650
1,0,0,1168,2877,650
1,0,0,1158,2873,650
1,0,0,1151,2872,650
1,0,1,1148,2871,650
1,0,1,670,2874,650
1,0,1,769,2873,650
1,0,1,682,2879,650
1,0,1,762,3040,650
1,0,1,690,2883,650
1,0,1,756,2969,650
1,0,1,735,2887,650
1,0,1,735,2892,650
1,0,1,773,2889,650
1,0,1,729,2896,650
1,0,1,780,2894,650
1,0,1,695,2897,650
1,0,1,782,2897,650
1,0,1,682,2900,650
1,0,1,781,2899,650
1,0,0,934,2908,650
1,0,0,1168,2904,650
1,0,0,1158,2901,650
1,0,0,1149,2899,650
1,0,1,1153,2897,650
1,0,1,776,2898,650
1,0,1,680,2904,650
1,0,1,771,2905,650
1,0,1,698,2909,650
1,0,1,770,2882,650
1,0,1,718,2913,650
1,0,1,751,2923,650
1,0,1,758,2916,650
1,0,1,729,2921,650
1,0,1,771,2922,650
1,0,1,715,2923,650
1,0,1,787,2923,650
1,0,1,690,2926,650
1,0,1,782,2927,650
1,0,1,731,2933,650
1,0,0,886,2936,650
1,0,0,1167,2932,650
1,0,0,1157,2929,650
1,0,0,1148,2928,650
1,0,1,1097,2922,650
1,0,0,925,2934,650
1,0,0,1145,2932,650
1,0,0,1142,2930,650
1,0,0,1120,2929,650
1,0,0,1127,2929,650
1,0,0,1115,2929,650
1,0,0,1122,2928,650
1,0,0,1112,2928,650
1,0,0,1120,2928,650
1,0,0,1112,2929,650
1,0,0,1123,2927,650
1,0,0,1110,2927,650
1,0,0,1121,2927,650
1,0,0,1114,2928,650
1,0,0,1124,2927,650
1,0,0,1108,2927,650
1,0,0,1127,2927,650
1,0,0,1133,2926,650
1,0,0,1138,2927,650
1,0,1,1135,2922,650
1,0,1,742,2936,650
1,0,1,767,2931,650
1,0,1,730,2936,650
1,0,1,782,2934,650
1,0,1,722,2941,650
1,0,1,786,2939,650
1,0,1,692,2944,650
1,0,1,787,2942,650
1,0,1,676,2945,650
1,0,1,784,2945,650
1,0,1,686,2949,650
1,0,1,764,3066,650
1,0,1,715,2952,650
1,0,1,756,2990,650
1,0,1,693,2953,650
1,0,0,829,2959,650
1,0,0,1172,2956,650
1,0,0,1155,2955,650
1,0,0,1153,2954,650
1,0,1,1148,2951,650
1,0,1,579,2951,650
1,0,1,595,2955,650
1,0,1,614,2960,650
1,0,1,621,3051,650
1,0,1,621,3124,650
1,0,1,624,2961,650
1,0,1,630,2960,650
1,0,1,631,2962,650
1,0,1,629,2963,650
1,0,1,627,2965,650
1,0,1,628,2967,650
1,0,1,619,2968,650
1,0,1,590,2969,650
1,0,1,579,2971,650
1,0,1,591,2972,650
1,0,0,842,2979,650
1,0,0,1174,2977,650
1,0,0,1151,2976,650
1,0,0,1152,2975,650
1,0,1,1150,2974,650
1,0,1,620,2971,650
1,0,1,628,2972,650
1,0,1,627,2975,650
1,0,1,610,2976,650
1,0,1,608,2978,650
1,0,1,614,2979,650
1,0,1,590,2981,650
1,0,1,579,2983,650
1,0,1,581,2985,650
1,0,1,584,2986,650
1,0,1,581,2988,650
1,0,1,589,2989,650
1,0,1,609,2992,650
1,0,1,616,2995,650
1,0,1,608,2995,650
1,0,0,847,3001,650
1,0,0,1169,2999,650
1,0,0,1152,2996,650
1,0,0,1153,2995,650
1,0,1,1152,2994,650
1,0,1,623,2991,650
1,0,1,627,2994,650
1,0,1,605,2997,650
1,0,1,585,2998,650
1,0,1,582,3001,650
1,0,1,586,3000,650
1,0,1,578,3002,650
1,0,1,589,3005,650
1,0,1,604,3007,650
1,0,1,604,3009,650
1,0,1,605,3009,650
1,0,1,613,3012,650
1,0,1,625,3142,650
1,0,1,624,3012,650
1,0,1,627,3012,650
1,0,0,807,3021,650
1,0,0,1159,3018,650
1,0,0,1152,3017,650
1,0,0,1148,3017,650
1,0,1,1146,3016,650
1,0,1,622,3012,650
1,0,1,632,3015,650
1,0,1,627,3017,650
1,0,1,604,3018,650
1,0,1,604,3020,650
1,0,1,606,3021,650
1,0,1,585,3024,650
1,0,1,573,3025,650
1,0,1,592,3027,650
1,0,1,591,3029,650
1,0,1,592,3029,650
1,0,1,603,3032,650
1,0,1,613,3036,650
1,0,1,623,3192,650
1,0,1,613,3039,650
1,0,0,842,3041,650
1,0,0,1173,3039,650
1,0,0,1151,3037,650
1,0,0,1151,3037,650
1,0,1,1146,3033,650
1,0,1,574,3034,650
1,0,1,577,3036,650
1,0,1,592,3038,650
1,0,1,605,3040,650
1,0,1,608,3043,650
1,0,1,604,3044,650
1,0,1,619,3048,650
1,0,1,628,3194,650
1,0,1,632,3045,650
1,0,1,634,3047,650
1,0,1,631,3047,650
1,0,1,634,3048,650
1,0,1,631,3051,650
1,0,1,615,3052,650
1,0,1,631,3055,650
1,0,0,832,3061,650
1,0,0,1167,3060,650
1,0,0,1154,3059,650
1,0,0,1152,3058,650
1,0,1,1149,3057,650
1,0,1,605,3058,650
1,0,1,623,3166,650
1,0,1,633,3057,650
1,0,1,634,3059,650
1,0,1,639,3061,650
1,0,1,638,3061,650
1,0,1,633,3064,650
1,0,1,618,3064,650
1,0,1,591,3066,650
1,0,1,591,3067,650
1,0,1,588,3069,650
1,0,1,578,3071,650
1,0,1,583,3072,650
1,0,1,599,3075,650
1,0,1,584,3076,650
1,0,0,853,3082,650
1,0,0,1170,3080,650
1,0,0,1155,3079,650
1,0,0,1149,3076,650
1,0,1,1085,3071,650
1,0,1,624,3074,650
1,0,1,623,3076,650
1,0,1,591,3079,650
1,0,1,582,3081,650
1,0,1,580,3083,650
1,0,1,581,3084,650
1,0,1,585,3084,650
1,0,1,602,3087,650
1,0,1,613,3090,650
1,0,1,612,3091,650
1,0,1,613,3091,650
1,0,1,621,3099,650
1,0,1,632,3090,650
1,0,1,636,3091,650
1,0,1,630,3093,650
1,0,0,809,3102,650
1,0,0,1162,3100,650
1,0,0,1153,3099,650
1,0,0,1147,3099,650
1,0,1,1141,3092,650
1,0,1,574,3094,650
1,0,1,583,3096,650
1,0,1,586,3099,650
1,0,1,599,3102,650
1,0,1,602,3104,650
1,0,1,600,3105,650
1,0,1,616,3106,650
1,0,1,622,3108,650
1,0,1,633,3106,650
1,0,1,633,3107,650
1,0,1,630,3108,650
1,0,1,635,3110,650
1,0,1,637,3112,650
1,0,1,601,3115,650
1,0,1,595,3116,650
1,0,0,848,3124,650
1,0,0,1173,3121,650
1,0,0,1152,3120,650
1,0,0,1150,3119,650
1,0,1,1129,3113,650
1,0,1,598,3115,650
1,0,1,591,3117,650
1,0,1,579,3120,650
1,0,1,595,3121,650
1,0,1,596,3124,650
1,0,1,593,3125,650
1,0,1,609,3127,650
1,0,1,623,3132,650
1,0,1,628,3285,650
1,0,1,630,3128,650
1,0,1,627,3294,650
1,0,1,634,3131,650
1,0,1,638,3132,650
1,0,1,636,3133,650
1,0,1,637,3135,650
1,0,0,823,3142,650
1,0,0,1166,3141,650
1,0,0,1153,3140,650
1,0,0,1152,3139,650
1,0,1,1151,3137,650
1,0,1,597,3138,650
1,0,1,614,3141,650
1,0,1,627,3297,650
1,0,1,639,3141,650
1,0,1,638,3141,650
1,0,1,636,3142,650
1,0,1,639,3144,650
1,0,1,637,3145,650
1,0,1,619,3146,650
1,0,1,615,3148,650
1,0,1,621,3150,650
1,0,1,602,3151,650
1,0,1,586,3152,650
1,0,1,584,3154,650
1,0,1,582,3155,650
1,0,0,854,3162,650
1,0,0,1163,3160,650
1,0,0,1151,3159,650
1,0,0,1150,3158,650
1,0,1,1150,3157,650
1,0,1,629,3154,650
1,0,1,636,3156,650
1,0,1,618,3158,650
1,0,1,596,3161,650
1,0,1,599,3161,650
1,0,1,598,3162,650
1,0,1,585,3164,650
1,0,1,586,3166,650
1,0,1,605,3168,650
1,0,1,607,3170,650
1,0,1,601,3171,650
1,0,1,614,3173,650
1,0,1,624,3175,650
1,0,1,635,3172,650
1,0,1,627,3177,650
1,0,0,840,3183,650
1,0,0,1163,3180,650
1,0,0,1153,3180,650
1,0,0,1153,3178,650
1,0,1,1152,3174,650
1,0,1,578,3175,650
1,0,1,580,3177,650
1,0,1,602,3179,650
1,0,1,617,3183,650
1,0,1,621,3184,650
1,0,1,614,3186,650
1,0,1,625,3187,650
1,0,1,635,3184,650
1,0,1,641,3187,650
1,0,1,640,3188,650
1,0,1,639,3187,650
1,0,1,641,3191,650
1,0,1,634,3192,650
1,0,1,615,3194,650
1,0,1,635,3194,650
1,0,0,841,3203,650
1,0,0,1162,3200,650
1,0,0,1155,3199,650
1,0,0,1148,3198,650
1,0,1,1152,3195,650
1,0,1,584,3195,650
1,0,1,602,3198,650
1,0,1,624,3203,650
1,0,1,634,3363,650
1,0,1,631,3190,650
1,0,1,631,3366,650
1,0,1,641,3204,650
1,0,1,642,3205,650
1,0,1,640,3207,650
1,0,1,639,3208,650
1,0,1,639,3210,650
1,0,1,636,3210,650
1,0,1,598,3212,650
1,0,1,631,3361,650
1,0,1,593,3216,650
1,0,0,857,3223,650
1,0,0,1164,3220,650
1,0,0,1152,3218,650
1,0,0,1153,3217,650
1,0,1,1153,3214,650
1,0,0,849,3220,650
1,0,0,1146,3220,650
1,0,0,1137,3218,650
1,0,0,1122,3218,650
1,0,0,1128,3218,650
1,0,0,1119,3218,650
1,0,0,1123,3218,650
1,0,0,1120,3218,650
1,0,0,1121,3216,650
1,0,0,1118,3217,650
1,0,0,1120,3217,650
1,0,0,1113,3217,650
1,0,0,1119,3216,650
1,0,0,1119,3216,650
1,0,0,1120,3217,650
1,0,0,1107,3216,650
1,0,0,1128,3216,650
1,0,0,1132,3216,650
1,0,0,1135,3216,650
1,0,1,1049,3210,650
1,0,1,629,3212,650
1,0,1,632,3215,650
1,0,1,610,3217,650
1,0,1,589,3220,650
1,0,1,588,3220,650
1,0,1,592,3222,650
1,0,1,581,3224,650
1,0,1,594,3226,650
1,0,1,610,3228,650
1,0,1,595,3228,650
1,0,1,612,3230,650
1,0,1,620,3232,650
1,0,1,632,3363,650
1,0,1,639,3231,650
1,0,1,639,3234,650
1,0,0,829,3240,650
1,0,0,1165,3239,650
1,0,0,1150,3238,650
1,0,0,1149,3236,650
1,0,1,1148,3234,650
1,0,1,573,3235,650
1,0,1,591,3236,650
1,0,1,610,3239,650
1,0,1,626,3243,650
1,0,1,625,3245,650
1,0,1,621,3246,650
1,0,1,634,3409,650
1,0,1,641,3244,650
1,0,1,644,3244,650
1,0,1,643,3245,650
1,0,1,643,3248,650
1,0,1,641,3250,650
1,0,1,625,3251,650
1,0,1,602,3253,650
1,0,1,596,3254,650
1,0,0,848,3262,650
1,0,0,1163,3259,650
1,0,0,1152,3257,650
1,0,0,1148,3256,650
1,0,1,1150,3255,650
1,0,1,614,3258,650
1,0,1,628,3366,650
1,0,1,639,3256,650
1,0,1,646,3258,650
1,0,1,644,3260,650
1,0,1,645,3261,650
1,0,1,641,3262,650
1,0,1,625,3265,650
1,0,1,598,3266,650
1,0,1,621,3267,650
1,0,1,598,3269,650
1,0,1,587,3271,650
1,0,1,594,3272,650
1,0,1,606,3274,650
1,0,1,607,3274,650
1,0,0,860,3281,650
1,0,0,1162,3279,650
1,0,0,1153,3277,650
1,0,0,1148,3276,650
1,0,1,1147,3276,650
1,0,1,623,3435,650
1,0,1,636,3275,650
1,0,1,643,3276,650
1,0,1,644,3278,650
1,0,1,643,3280,650
1,0,1,643,3281,650
1,0,1,623,3283,650
1,0,1,600,3284,650
1,0,1,590,3286,650
1,0,1,600,3287,650
1,0,1,589,3289,650
1,0,1,585,3291,650
1,0,1,604,3291,650
1,0,1,643,3292,650
1,0,1,642,3294,650
1,0,0,830,3301,650
1,0,0,1161,3298,650
1,0,0,1151,3298,650
1,0,0,1153,3297,650
1,0,1,1146,3295,650
1,0,1,627,3455,650
1,0,1,637,3294,650
1,0,1,648,3296,650
1,0,1,643,3299,650
1,0,1,643,3301,650
1,0,1,644,3302,650
1,0,1,625,3303,650
1,0,1,601,3304,650
1,0,1,589,3306,650
1,0,1,602,3307,650
1,0,1,590,3308,650
1,0,1,588,3309,650
1,0,1,605,3312,650
1,0,1,621,3314,650
1,0,1,621,3316,650
1,0,0,862,3322,650
1,0,0,1171,3319,650
1,0,0,1151,3317,650
1,0,0,1153,3316,650
1,0,1,1118,3310,650
1,0,1,615,3312,650
1,0,1,609,3315,650
1,0,1,590,3317,650
1,0,1,592,3320,650
1,0,1,594,3321,650
1,0,1,595,3321,650
1,0,1,606,3324,650
1,0,1,623,3326,650
1,0,1,632,3326,650
1,0,1,620,3328,650
1,0,1,631,3328,650
1,0,1,637,3328,650
1,0,1,645,3329,650
1,0,1,645,3330,650
1,0,1,645,3332,650
1,0,0,826,3340,650
1,0,0,1166,3338,650
1,0,0,1152,3336,650
1,0,0,1150,3334,650
1,0,1,1147,3332,650
1,0,1,589,3334,650
1,0,1,608,3337,650
1,0,1,631,3339,650
1,0,1,637,3502,650
1,0,1,641,3338,650
1,0,1,640,3498,650
1,0,1,646,3340,650
1,0,1,646,3341,650
1,0,1,646,3342,650
1,0,1,647,3344,650
1,0,1,644,3345,650
1,0,1,635,3347,650
1,0,1,603,3350,650
1,0,1,589,3350,650
1,0,1,586,3351,650
1,0,0,854,3358,650
1,0,0,1164,3356,650
1,0,0,1152,3353,650
1,0,0,1149,3353,650
1,0,1,1148,3354,650
1,0,1,631,3350,650
1,0,1,643,3351,650
1,0,1,649,3354,650
1,0,1,640,3355,650
1,0,1,639,3357,650
1,0,1,642,3359,650
1,0,1,614,3360,650
1,0,1,595,3361,650
1,0,1,581,3363,650
1,0,1,595,3365,650
1,0,1,586,3365,650
1,0,1,595,3368,650
1,0,1,614,3369,650
1,0,1,626,3373,650
1,0,1,632,3375,650
1,0,0,859,3377,650
1,0,0,1163,3375,650
1,0,0,1153,3373,650
1,0,0,1148,3373,650
1,0,1,1149,3374,650
1,0,1,636,3369,650
1,0,1,640,3371,650
1,0,1,616,3374,650
1,0,1,599,3375,650
1,0,1,592,3377,650
1,0,1,599,3378,650
1,0,1,588,3379,650
1,0,1,603,3382,650
1,0,1,618,3383,650
1,0,1,605,3384,650
1,0,1,614,3386,650
1,0,1,627,3388,650
1,0,1,640,3538,650
1,0,1,598,3388,650
1,0,1,639,3391,650
1,0,0,838,3397,650
1,0,0,1167,3395,650
1,0,0,1152,3394,650
1,0,0,1150,3392,650
1,0,1,1146,3392,650
1,0,1,643,3388,650
1,0,1,640,3391,650
1,0,1,618,3393,650
1,0,1,600,3395,650
1,0,1,596,3395,650
1,0,1,600,3397,650
1,0,1,585,3399,650
1,0,1,601,3401,650
1,0,1,619,3403,650
1,0,1,604,3403,650
1,0,1,616,3405,650
1,0,1,627,3408,650
1,0,1,642,3572,650
1,0,1,645,3407,650
1,0,1,646,3408,650
1,0,0,844,3416,650
1,0,0,1166,3414,650
1,0,0,1154,3413,650
1,0,0,1149,3411,650
1,0,1,1143,3407,650
1,0,1,588,3408,650
1,0,1,588,3410,650
1,0,1,603,3413,650
1,0,1,621,3414,650
1,0,1,623,3417,650
1,0,1,615,3417,650
1,0,1,629,3421,650
1,0,1,641,3582,650
1,0,1,647,3420,650
1,0,1,641,3564,650
1,0,1,649,3422,650
1,0,1,650,3424,650
1,0,1,646,3425,650
1,0,1,629,3427,650
1,0,1,623,3427,650
1,0,0,842,3434,650
1,0,0,1175,3434,650
1,0,0,1153,3431,650
1,0,0,1149,3430,650
1,0,1,1150,3428,650
1,0,1,613,3428,650
1,0,1,631,3433,650
1,0,1,648,3430,650
1,0,1,649,3432,650
1,0,1,651,3433,650
1,0,1,649,3434,650
1,0,1,651,3437,650
1,0,1,646,3437,650
1,0,1,620,3439,650
1,0,1,642,3439,650
1,0,1,619,3442,650
1,0,1,604,3444,650
1,0,1,583,3444,650
1,0,1,601,3447,650
1,0,1,609,3448,650
1,0,0,864,3453,650
1,0,0,1163,3452,650
1,0,0,1154,3450,650
1,0,0,1148,3450,650
1,0,1,1151,3447,650
1,0,1,644,3445,650
1,0,1,646,3447,650
1,0,1,628,3450,650
1,0,1,609,3451,650
1,0,1,608,3453,650
1,0,1,607,3454,650
1,0,1,594,3456,650
1,0,1,598,3458,650
1,0,1,610,3460,650
1,0,1,595,3460,650
1,0,1,610,3461,650
1,0,1,624,3463,650
1,0,1,639,3465,650
1,0,1,646,3463,650
1,0,1,647,3464,650
1,0,0,847,3472,650
1,0,0,1168,3471,650
1,0,0,1153,3467,650
1,0,0,1149,3467,650
1,0,1,1114,3462,650
1,0,1,624,3465,650
1,0,1,611,3466,650
1,0,1,596,3469,650
1,0,1,598,3471,650
1,0,1,602,3473,650
1,0,1,596,3473,650
1,0,1,615,3475,650
1,0,1,627,3477,650
1,0,1,637,3482,650
1,0,1,625,3480,650
1,0,1,637,3487,650
1,0,1,646,3480,650
1,0,1,650,3481,650
1,0,1,594,3484,650
1,0,1,608,3485,650
1,0,0,852,3491,650
1,0,0,1163,3489,650
1,0,0,1153,3488,650
1,0,0,1149,3487,650
1,0,1,1118,3481,650
1,0,0,840,3490,650
1,0,0,1147,3489,650
1,0,0,1140,3488,650
1,0,0,1124,3488,650
1,0,0,1129,3488,650
1,0,0,1116,3486,650
1,0,0,1125,3488,650
1,0,0,1110,3488,650
1,0,0,1121,3486,650
1,0,0,1112,3486,650
1,0,0,1123,3485,650
1,0,0,1107,3485,650
1,0,0,1120,3485,650
1,0,0,1121,3486,650
1,0,0,1120,3486,650
1,0,0,1106,3485,650
1,0,0,1123,3484,650
1,0,0,1132,3485,650
1,0,0,1146,3484,650
1,0,1,1144,3485,650
1,0,1,637,3481,650
1,0,1,648,3484,650
1,0,1,652,3485,650
1,0,1,646,3488,650
1,0,1,651,3489,650
1,0,1,647,3490,650
1,0,1,627,3491,650
1,0,1,601,3493,650
1,0,1,592,3495,650
1,0,1,595,3497,650
1,0,1,590,3499,650
1,0,1,598,3499,650
1,0,1,620,3501,650
1,0,1,634,3505,650
1,0,1,634,3506,650
1,0,0,862,3509,650
1,0,0,1165,3508,650
1,0,0,1153,3506,650
1,0,0,1149,3505,650
1,0,1,1130,3499,650
1,0,1,614,3501,650
1,0,1,604,3504,650
1,0,1,591,3506,650
1,0,1,605,3509,650
1,0,1,593,3509,650
1,0,1,608,3511,650
1,0,1,624,3513,650
1,0,1,634,3515,650
1,0,1,646,3677,650
1,0,1,646,3513,650
1,0,1,644,3680,650
1,0,1,648,3517,650
1,0,1,655,3517,650
1,0,1,651,3520,650
1,0,1,649,3521,650
1,0,0,836,3528,650
1,0,0,1163,3525,650
1,0,0,1151,3524,650
1,0,0,1154,3523,650
1,0,1,1148,3520,650
1,0,1,610,3522,650
1,0,1,632,3524,650
1,0,1,646,3681,650
1,0,1,654,3523,650
1,0,1,645,3690,650
1,0,1,652,3527,650
1,0,1,657,3529,650
1,0,1,651,3530,650
1,0,1,635,3531,650
1,0,1,627,3532,650
1,0,1,634,3535,650
1,0,1,617,3535,650
1,0,1,596,3538,650
1,0,1,598,3538,650
1,0,1,599,3539,650
1,0,0,865,3546,650
1,0,0,1172,3544,650
1,0,0,1152,3541,650
1,0,0,1149,3540,650
1,0,1,1151,3538,650
1,0,1,618,3540,650
1,0,1,634,3547,650
1,0,1,649,3540,650
1,0,1,655,3542,650
1,0,1,650,3544,650
1,0,1,655,3545,650
1,0,1,656,3547,650
1,0,1,647,3548,650
1,0,1,625,3550,650
1,0,1,618,3551,650
1,0,1,625,3552,650
1,0,1,607,3554,650
1,0,1,589,3556,650
1,0,1,653,3555,650
1,0,1,643,3661,650
1,0,0,861,3564,650
1,0,0,1174,3564,650
1,0,0,1155,3561,650
1,0,0,1149,3560,650
1,0,1,1150,3558,650
1,0,1,620,3558,650
1,0,1,635,3562,650
1,0,1,649,3560,650
1,0,1,655,3562,650
1,0,1,652,3562,650
1,0,1,658,3564,650
1,0,1,656,3566,650
1,0,1,650,3568,650
1,0,1,627,3570,650
1,0,1,618,3571,650
1,0,1,625,3571,650
1,0,1,606,3573,650
1,0,1,594,3575,650
1,0,1,611,3575,650
1,0,1,613,3576,650
1,0,0,869,3583,650
1,0,0,1162,3582,650
1,0,0,1152,3578,650
1,0,0,1148,3578,650
1,0,1,1147,3578,650
1,0,1,646,3574,650
1,0,1,650,3576,650
1,0,1,623,3578,650
1,0,1,603,3581,650
1,0,1,625,3582,650
1,0,1,604,3584,650
1,0,1,594,3586,650
1,0,1,610,3587,650
1,0,1,625,3588,650
1,0,1,628,3590,650
1,0,1,623,3591,650
1,0,1,633,3593,650
1,0,1,646,3741,650
1,0,1,654,3592,650
1,0,1,656,3593,650
1,0,0,841,3602,650
1,0,0,1175,3598,650
1,0,0,1152,3599,650
1,0,0,1153,3598,650
1,0,1,1150,3592,650
1,0,1,583,3594,650
1,0,1,601,3597,650
1,0,1,623,3599,650
1,0,1,641,3602,650
1,0,1,625,3602,650
1,0,1,640,3606,650
1,0,1,648,3765,650
1,0,1,657,3602,650
1,0,1,658,3605,650
1,0,1,659,3606,650
1,0,1,658,3607,650
1,0,1,657,3608,650
1,0,1,636,3609,650
1,0,1,610,3611,650
1,0,1,615,3613,650
1,0,0,857,3619,650
1,0,0,1163,3618,650
1,0,0,1150,3615,650
1,0,0,1153,3615,650
1,0,1,1150,3613,650
1,0,1,621,3615,650
1,0,1,636,3618,650
1,0,1,652,3614,650
1,0,1,658,3616,650
1,0,1,653,3617,650
1,0,1,660,3618,650
1,0,1,658,3621,650
1,0,1,652,3622,650
1,0,1,626,3623,650
1,0,1,617,3625,650
1,0,1,624,3626,650
1,0,1,611,3628,650
1,0,1,591,3629,650
1,0,1,608,3630,650
1,0,1,612,3632,650
1,0,0,871,3637,650
1,0,0,1176,3635,650
1,0,0,1152,3635,650
1,0,0,1149,3634,650
1,0,1,1152,3632,650
1,0,1,643,3791,650
1,0,1,653,3631,650
1,0,1,660,3634,650
1,0,1,657,3634,650
1,0,1,661,3636,650
1,0,1,657,3636,650
1,0,1,638,3639,650
1,0,1,611,3640,650
1,0,1,601,3643,650
1,0,1,596,3642,650
1,0,1,600,3645,650
1,0,1,600,3646,650
1,0,1,620,3648,650
1,0,1,656,3648,650
1,0,1,657,3648,650
1,0,0,839,3657,650
1,0,0,1163,3654,650
1,0,0,1150,3653,650
1,0,0,1147,3650,650
1,0,1,1150,3650,650
1,0,1,639,3800,650
1,0,1,652,3649,650
1,0,1,659,3650,650
1,0,1,659,3654,650
1,0,1,660,3655,650
1,0,1,658,3656,650
1,0,1,640,3657,650
1,0,1,612,3659,650
1,0,1,601,3660,650
1,0,1,596,3662,650
1,0,1,600,3663,650
1,0,1,601,3665,650
1,0,1,617,3666,650
1,0,1,631,3667,650
1,0,1,635,3669,650
1,0,0,870,3674,650
1,0,0,1163,3673,650
1,0,0,1153,3670,650
1,0,0,1148,3670,650
1,0,1,1118,3665,650
1,0,1,630,3666,650
1,0,1,618,3668,650
1,0,1,602,3671,650
1,0,1,603,3672,650
1,0,1,603,3674,650
1,0,1,603,3675,650
1,0,1,622,3677,650
1,0,1,635,3679,650
1,0,1,646,3676,650
1,0,1,648,3761,650
1,0,1,645,3680,650
1,0,1,654,3679,650
1,0,1,659,3681,650
1,0,1,660,3683,650
1,0,1,660,3685,650
1,0,0,834,3691,650
1,0,0,1169,3690,650
1,0,0,1153,3687,650
1,0,0,1148,3688,650
1,0,1,1153,3686,650
1,0,1,609,3685,650
1,0,1,628,3688,650
1,0,1,648,3684,650
1,0,1,656,3688,650
1,0,1,648,3693,650
1,0,1,657,3691,650
1,0,1,662,3693,650
1,0,1,662,3693,650
1,0,1,653,3695,650
1,0,1,654,3696,650
1,0,1,653,3698,650
1,0,1,633,3699,650
1,0,1,605,3701,650
1,0,1,598,3702,650
1,0,1,593,3703,650
1,0,0,869,3708,650
1,0,0,1163,3708,650
1,0,0,1153,3706,650
1,0,0,1153,3705,650
1,0,1,1150,3704,650
1,0,1,656,3701,650
1,0,1,662,3702,650
1,0,1,655,3705,650
1,0,1,634,3706,650
1,0,1,654,3708,650
1,0,1,633,3709,650
1,0,1,608,3710,650
1,0,1,598,3712,650
1,0,1,615,3714,650
1,0,1,617,3716,650
1,0,1,616,3716,650
1,0,1,621,3717,650
1,0,1,642,3720,650
1,0,1,652,3866,650
1,0,1,652,3714,650
1,0,0,860,3727,650
1,0,0,1169,3725,650
1,0,0,1154,3722,650
1,0,0,1152,3722,650
1,0,1,1078,3716,650
1,0,1,656,3718,650
1,0,1,653,3721,650
1,0,1,619,3722,650
1,0,1,602,3725,650
1,0,1,616,3725,650
1,0,1,605,3728,650
1,0,1,604,3728,650
1,0,1,619,3730,650
1,0,1,637,3732,650
1,0,1,637,3733,650
1,0,1,635,3733,650
1,0,1,644,3736,650
1,0,1,656,3732,650
1,0,1,605,3736,650
1,0,1,638,3736,650
1,0,0,850,3745,650
1,0,0,1177,3741,650
1,0,0,1153,3742,650
1,0,0,1150,3740,650
1,0,1,1080,3732,650
1,0,0,840,3741,650
1,0,0,1148,3740,650
1,0,0,1137,3739,650
1,0,0,1123,3740,650
1,0,0,1126,3739,650
1,0,0,1117,3738,650
1,0,0,1127,3739,650
1,0,0,1110,3739,650
1,0,0,1121,3738,650
1,0,0,1111,3739,650
1,0,0,1121,3738,650
1,0,0,1115,3739,650
1,0,0,1119,3737,650
1,0,0,1108,3737,650
1,0,0,1119,3737,650
1,0,0,1120,3737,650
1,0,0,1126,3738,650
1,0,0,1132,3737,650
1,0,0,1136,3737,650
1,0,1,1146,3734,650
1,0,1,790,3735,650
1,0,1,731,3741,650
1,0,1,815,3740,650
1,0,1,719,3744,650
1,0,1,817,3743,650
1,0,1,701,3748,650
1,0,1,812,3746,650
1,0,1,704,3749,650
1,0,1,797,3748,650
1,0,1,711,3753,650
1,0,1,788,3830,650
1,0,1,775,3755,650
1,0,1,765,3760,650
1,0,1,802,3757,650
1,0,1,764,3761,650
1,0,0,902,3764,650
1,0,0,1168,3760,650
1,0,0,1154,3759,650
1,0,0,1153,3759,650
1,0,1,1068,3751,650
1,0,1,743,3760,650
1,0,1,813,3760,650
1,0,1,723,3763,650
1,0,1,815,3762,650
1,0,1,720,3768,650
1,0,1,814,3765,650
1,0,1,699,3769,650
1,0,1,806,3768,650
1,0,1,722,3773,650
1,0,1,802,3771,650
1,0,1,740,3775,650
1,0,1,775,3779,650
1,0,1,783,3777,650
1,0,1,758,3781,650
1,0,1,802,3779,650
1,0,0,966,3785,650
1,0,0,1167,3783,650
1,0,0,1155,3781,650
1,0,0,1153,3779,650
1,0,1,1148,3776,650
1,0,1,796,3779,650
1,0,1,731,3784,650
1,0,1,817,3781,650
1,0,1,712,3786,650
1,0,1,815,3785,650
1,0,1,700,3789,650
1,0,1,811,3787,650
1,0,1,710,3792,650
1,0,1,799,3954,650
1,0,1,712,3793,650
1,0,1,792,3870,650
1,0,1,780,3797,650
1,0,1,767,3801,650
1,0,1,803,3797,650
1,0,1,760,3802,650
1,0,0,905,3805,650
1,0,0,1166,3802,650
1,0,0,1155,3801,650
1,0,0,1152,3799,650
1,0,1,1094,3793,650
1,0,1,753,3800,650
1,0,1,811,3800,650
1,0,1,737,3805,650
1,0,1,817,3803,650
1,0,1,729,3808,650
1,0,1,818,3807,650
1,0,1,699,3810,650
1,0,1,812,3808,650
1,0,1,712,3812,650
1,0,1,810,3812,650
1,0,1,718,3815,650
1,0,1,783,3849,650
1,0,1,760,3815,650
1,0,1,796,3936,650
1,0,1,701,3820,650
1,0,0,940,3826,650
1,0,0,1166,3823,650
1,0,0,1156,3821,650
1,0,0,1151,3821,650
1,0,1,1153,3821,650
1,0,1,689,3820,650
1,0,1,800,3819,650
1,0,1,719,3824,650
1,0,1,786,3883,650
1,0,1,735,3827,650
1,0,1,782,3834,650
1,0,1,791,3829,650
1,0,1,756,3833,650
1,0,1,816,3832,650
1,0,1,745,3837,650
1,0,1,818,3834,650
1,0,1,706,3837,650
1,0,1,817,3837,650
1,0,1,698,3840,650
1,0,1,814,3837,650
1,0,0,951,3846,650
1,0,0,1166,3842,650
1,0,0,1154,3841,650
1,0,0,1154,3839,650
1,0,1,1149,3835,650
1,0,1,794,3837,650
1,0,1,735,3843,650
1,0,1,785,3891,650
1,0,1,766,3845,650
1,0,1,780,3852,650
1,0,1,789,3848,650
1,0,1,756,3851,650
1,0,1,815,3850,650
1,0,1,732,3854,650
1,0,1,816,3851,650
1,0,1,718,3856,650
1,0,1,817,3854,650
1,0,1,701,3857,650
1,0,1,808,3856,650
1,0,1,701,3862,650
1,0,0,940,3865,650
1,0,0,1168,3863,650
1,0,0,1154,3861,650
1,0,0,1149,3860,650
1,0,1,1149,3859,650
1,0,1,712,3859,650
1,0,1,782,3871,650
1,0,1,769,3863,650
1,0,1,770,3868,650
1,0,1,778,3866,650
1,0,1,758,3871,650
1,0,1,814,3868,650
1,0,1,726,3872,650
1,0,1,819,3870,650
1,0,1,721,3873,650
1,0,1,817,3873,650
1,0,1,701,3877,650
1,0,1,805,3875,650
1,0,1,719,3878,650
1,0,1,800,3877,650
1,0,0,940,3885,650
1,0,0,1166,3881,650
1,0,0,1151,3880,650
1,0,0,1153,3879,650
1,0,1,1138,3874,650
1,0,1,787,4028,650
1,0,1,754,3880,650
1,0,1,774,3887,650
1,0,1,792,3883,650
1,0,1,773,3887,650
1,0,1,806,3886,650
1,0,1,740,3890,650
1,0,1,815,3888,650
1,0,1,716,3892,650
1,0,1,818,3890,650
1,0,1,703,3893,650
1,0,1,806,3893,650
1,0,1,707,3896,650
1,0,1,800,4037,650
1,0,1,713,3899,650
1,0,0,949,3903,650
1,0,0,1167,3902,650
1,0,0,1152,3899,650
1,0,0,1153,3898,650
1,0,1,1152,3897,650
1,0,1,700,3897,650
1,0,1,787,3987,650
1,0,1,747,3901,650
1,0,1,776,3909,650
1,0,1,767,3904,650
1,0,1,766,3909,650
1,0,1,809,3906,650
1,0,1,742,3910,650
1,0,1,819,3909,650
1,0,1,736,3913,650
1,0,1,819,3910,650
1,0,1,697,3915,650
1,0,1,813,3913,650
1,0,1,711,3918,650
1,0,1,817,3917,650
1,0,0,964,3924,650
1,0,0,1169,3921,650
1,0,0,1155,3918,650
1,0,0,1153,3919,650
1,0,1,1150,3913,650
1,0,1,632,3916,650
1,0,1,643,3848,650
1,0,1,661,3837,650
1,0,1,667,3847,650
1,0,1,668,3858,650
1,0,1,668,3862,650
1,0,1,667,3863,650
1,0,1,662,3867,650
1,0,1,636,3873,650
1,0,1,631,3864,650
1,0,1,636,3874,650
1,0,1,620,3866,650
1,0,1,598,3872,650
1,0,1,617,3871,650
1,0,1,617,3868,650
1,0,0,877,3872,650
1,0,0,1164,3866,650
1,0,0,1152,3867,650
1,0,0,1153,3858,650
1,0,1,1147,3862,650
1,0,1,701,3855,650
1,0,1,812,3857,650
1,0,1,698,3860,650
1,0,1,804,3850,650
1,0,1,709,3861,650
1,0,1,796,4011,650
1,0,1,746,3861,650
1,0,1,776,3860,650
1,0,1,784,3853,650
1,0,1,775,3857,650
1,0,1,806,3853,650
1,0,1,737,3857,650
1,0,1,816,3846,650
1,0,1,715,3854,650
1,0,1,817,3845,650
1,0,0,963,3857,650
1,0,0,1167,3851,650
1,0,0,1156,3841,650
1,0,0,1151,3845,650
1,0,1,1151,3834,650
1,0,1,806,3839,650
1,0,1,695,3839,650
1,0,1,809,3832,650
1,0,1,711,3842,650
1,0,1,804,3831,650
1,0,1,722,3841,650
1,0,1,784,3882,650
1,0,1,769,3833,650
1,0,1,767,3840,650
1,0,1,785,3830,650
1,0,1,755,3839,650
1,0,1,817,3831,650
1,0,1,728,3830,650
1,0,1,819,3834,650
1,0,1,715,3830,650
1,0,0,890,3836,650
1,0,0,1167,3832,650
1,0,0,1154,3822,650
1,0,0,1153,3825,650
1,0,1,1149,3817,650
1,0,1,704,3820,650
1,0,1,810,3819,650
1,0,1,698,3816,650
1,0,1,805,3815,650
1,0,1,708,3817,650
1,0,1,796,3974,650
1,0,1,746,3820,650
1,0,1,778,3819,650
1,0,1,787,3809,650
1,0,1,773,3821,650
1,0,1,804,3808,650
1,0,1,735,3815,650
1,0,1,816,3814,650
1,0,1,715,3811,650
1,0,1,818,3812,650
1,0,0,961,3811,650
1,0,0,1166,3805,650
1,0,0,1152,3805,650
1,0,0,1153,3797,650
1,0,1,1150,3799,650
1,0,1,806,3793,650
1,0,1,700,3800,650
1,0,1,813,3801,650
1,0,1,701,3795,650
1,0,1,811,3797,650
1,0,1,709,3796,650
1,0,1,794,3948,650
1,0,1,746,3796,650
1,0,1,781,3809,650
1,0,1,760,3789,650
1,0,1,766,3799,650
1,0,1,811,3793,650
1,0,1,740,3789,650
1,0,1,792,3793,650
1,0,1,779,3797,650
1,0,0,919,3798,650
1,0,0,1167,3788,650
1,0,0,1155,3782,650
1,0,0,1153,3786,650
1,0,1,1109,3778,650
1,0,0,931,3776,650
1,0,0,1143,3777,650
1,0,0,1139,3779,650
1,0,0,1124,3775,650
1,0,0,1126,3767,650
1,0,0,1118,3765,650
1,0,0,1122,3769,650
1,0,0,1116,3767,650
1,0,0,1122,3756,650
1,0,0,1113,3756,650
1,0,0,1123,3760,650
1,0,0,1109,3759,650
1,0,0,1118,3751,650
1,0,0,1108,3750,650
1,0,0,1123,3752,650
1,0,0,1113,3751,650
1,0,0,1128,3744,650
1,0,0,1131,3740,650
1,0,0,1143,3744,650
1,0,1,1142,3733,650
1,0,1,773,3788,650
1,0,1,778,3740,650
1,0,1,768,3743,650
1,0,1,807,3734,650
1,0,1,760,3741,650
1,0,1,813,3738,650
1,0,1,726,3736,650
1,0,1,816,3731,650
1,0,1,700,3738,650
1,0,1,816,3735,650
1,0,1,696,3731,650
1,0,1,802,3733,650
1,0,1,722,3737,650
1,0,1,787,3807,650
1,0,1,721,3730,650
1,0,0,859,3738,650
1,0,0,1173,3728,650
1,0,0,1153,3723,650
1,0,0,1152,3724,650
1,0,1,1150,3725,650
1,0,1,636,3718,650
1,0,1,655,3715,650
1,0,1,663,3720,650
1,0,1,663,3719,650
1,0,1,663,3712,650
1,0,1,661,3717,650
1,0,1,655,3718,650
1,0,1,629,3714,650
1,0,1,606,3709,650
1,0,1,604,3715,650
1,0,1,609,3713,650
1,0,1,597,3711,650
1,0,1,612,3707,650
1,0,1,626,3712,650
1,0,1,612,3711,650
1,0,0,872,3708,650
1,0,0,1175,3709,650
1,0,0,1153,3709,650
1,0,0,1151,3706,650
1,0,1,1073,3690,650
1,0,1,649,3695,650
1,0,1,652,3699,650
1,0,1,616,3698,650
1,0,1,603,3693,650
1,0,1,603,3693,650
1,0,1,603,3697,650
1,0,1,605,3697,650
1,0,1,617,3692,650
1,0,1,634,3690,650
1,0,1,638,3696,650
1,0,1,632,3693,650
1,0,1,643,3689,650
1,0,1,653,3682,650
1,0,1,658,3684,650
1,0,1,655,3688,650
1,0,0,821,3690,650
1,0,0,1165,3685,650
1,0,0,1152,3686,650
1,0,0,1151,3682,650
1,0,1,1138,3669,650
1,0,1,606,3670,650
1,0,1,599,3675,650
1,0,1,602,3677,650
1,0,1,618,3677,650
1,0,1,621,3666,650
1,0,1,616,3670,650
1,0,1,632,3673,650
1,0,1,646,3675,650
1,0,1,654,3671,650
1,0,1,654,3666,650
1,0,1,653,3663,650
1,0,1,659,3666,650
1,0,1,659,3668,650
1,0,1,616,3670,650
1,0,1,613,3660,650
1,0,0,863,3670,650
1,0,0,1164,3666,650
1,0,0,1152,3662,650
1,0,0,1152,3658,650
1,0,1,1150,3654,650
1,0,1,586,3645,650
1,0,1,602,3646,650
1,0,1,623,3647,650
1,0,1,642,3650,650
1,0,1,644,3656,650
1,0,1,638,3651,650
1,0,1,647,3793,650
1,0,1,656,3636,650
1,0,1,659,3638,650
1,0,1,658,3642,650
1,0,1,659,3644,650
1,0,1,658,3644,650
1,0,1,638,3642,650
1,0,1,613,3639,650
1,0,1,638,3634,650
1,0,0,857,3642,650
1,0,0,1176,3641,650
1,0,0,1155,3638,650
1,0,0,1150,3636,650
1,0,1,1152,3630,650
1,0,1,629,3628,650
1,0,1,643,3724,650
1,0,1,658,3619,650
1,0,1,659,3620,650
1,0,1,660,3625,650
1,0,1,658,3625,650
1,0,1,655,3624,650
1,0,1,637,3621,650
1,0,1,611,3620,650
1,0,1,608,3615,650
1,0,1,614,3617,650
1,0,1,597,3617,650
1,0,1,603,3618,650
1,0,1,616,3616,650
1,0,1,604,3617,650
1,0,0,872,3619,650
1,0,0,1164,3616,650
1,0,0,1153,3610,650
1,0,0,1151,3606,650
1,0,1,1077,3594,650
1,0,1,649,3597,650
1,0,1,646,3597,650
1,0,1,610,3598,650
1,0,1,597,3597,650
1,0,1,599,3601,650
1,0,1,597,3600,650
1,0,1,604,3599,650
1,0,1,615,3598,650
1,0,1,630,3599,650
1,0,1,633,3597,650
1,0,1,628,3591,650
1,0,1,642,3597,650
1,0,1,651,3585,650
1,0,1,655,3584,650
1,0,1,650,3586,650
1,0,0,820,3588,650
1,0,0,1165,3584,650
1,0,0,1152,3584,650
1,0,0,1147,3580,650
1,0,1,1151,3573,650
1,0,1,590,3574,650
1,0,1,609,3577,650
1,0,1,629,3576,650
1,0,1,645,3579,650
1,0,1,644,3682,650
1,0,1,645,3631,650
1,0,1,652,3594,650
1,0,1,657,3597,650
1,0,1,657,3600,650
1,0,1,657,3600,650
1,0,1,656,3601,650
1,0,1,653,3604,650
1,0,1,622,3606,650
1,0,1,601,3607,650
1,0,1,623,3609,650
1,0,0,860,3615,650
1,0,0,1169,3613,650
1,0,0,1154,3613,650
1,0,0,1152,3611,650
1,0,1,1151,3610,650
1,0,1,607,3610,650
1,0,1,625,3613,650
1,0,1,642,3633,650
1,0,1,653,3614,650
1,0,1,655,3614,650
1,0,1,652,3616,650
1,0,1,659,3616,650
1,0,1,658,3618,650
1,0,1,651,3621,650
1,0,1,646,3622,650
1,0,1,649,3624,650
1,0,1,631,3625,650
1,0,1,605,3627,650
1,0,1,651,3627,650
1,0,1,618,3631,650
1,0,0,870,3637,650
1,0,0,1163,3634,650
1,0,0,1154,3632,650
1,0,0,1150,3631,650
1,0,1,1153,3630,650
1,0,1,614,3632,650
1,0,1,632,3634,650
1,0,1,649,3793,650
1,0,1,656,3634,650
1,0,0,849,3642,650
1,0,0,1172,3640,650
1,0,0,1156,3640,650
1,0,0,1155,3640,650
1,0,0,1150,3639,650
1,0,0,1153,3637,650
1,0,0,1154,3637,650
1,0,0,1151,3638,650
1,0,0,1150,3637,650
1,0,0,1153,3640,650
1,0,0,1152,3636,650
1,0,0,1152,3639,650
1,0,0,1153,3639,650
1,0,0,1154,3639,650
1,0,0,1153,3637,650
1,0,0,1152,3639,650
1,0,0,1149,3638,650
1,0,0,1153,3639,650
1,0,0,1151,3638,650
1,0,0,1154,3638,650
1,0,0,1154,3637,650
1,0,0,1154,3638,650
1,0,0,1151,3637,650
1,0,0,1154,3637,650
1,0,0,1154,3638,650
1,0,0,1153,3638,650
1,0,0,1152,3636,650
1,0,0,1150,3636,650
1,0,0,1149,3640,650
1,0,0,1151,3638,650
1,0,0,1154,3637,650
1,0,0,1154,3638,650
1,0,0,1151,3637,650
1,0,0,1149,3637,650
1,0,0,1151,3638,650
1,0,0,1149,3637,650
1,0,0,1154,3637,650
1,0,0,1149,3637,650
1,0,0,1150,3637,650
1,0,0,1153,3638,650
1,0,0,1153,3638,650
1,0,0,1154,3637,650
1,0,0,1154,3639,650
1,0,0,1152,3638,650
1,0,0,1154,3637,650
1,0,0,1154,3637,650
1,0,0,1150,3637,650
1,0,0,1154,3638,650
1,0,0,1154,3637,650
1,0,0,1152,3636,650
1,0,0,1153,3638,650
1,0,0,1151,3638,650
1,0,0,1150,3637,650
1,0,0,1150,3637,650
1,0,0,1150,3637,650
1,0,0,1152,3638,650
1,0,0,1154,3636,650
1,0,0,1151,3636,650
1,0,0,1151,3637,650
1,0,0,1152,3636,650
1,0,0,1149,3638,650
1,0,0,1152,3637,650
1,0,0,1154,3637,650
1,0,0,1155,3637,650
1,0,0,1152,3637,650
1,0,0,1150,3638,650
1,0,0,1152,3638,650
1,0,0,1151,3636,650
1,0,0,1150,3637,650
1,0,0,1154,3637,650
1,0,1,1150,3636,650
1,0,0,1090,3640,650
1,0,0,1157,3640,650
1,0,0,1153,3638,650
1,0,0,1153,3637,650
1,0,0,1151,3639,650
1,0,0,1151,3637,650
1,0,0,1151,3637,650
1,0,0,1151,3638,650
1,0,0,1150,3640,650
1,0,0,1150,3638,650
1,0,0,1150,3638,650
1,0,0,1154,3637,650
1,0,0,1154,3637,650
1,0,0,1154,3637,650
1,0,0,1151,3637,650
1,0,0,1154,3637,650
1,0,0,1151,3639,650
1,0,0,1154,3637,650
1,0,0,1149,3637,650
1,0,0,1152,3637,650
1,0,0,1171,3637,650
1,0,0,1154,3637,650
1,0,0,1151,3638,650
1,0,0,1153,3636,650
1,0,0,1154,3638,650
1,0,0,1151,3636,650
1,0,0,1134,3638,650
1,0,0,1142,3637,650
1,0,0,1123,3637,650
1,0,0,1131,3636,650
1,0,0,1119,3638,650
1,0,0,1126,3636,650
1,0,0,1119,3637,650
1,0,0,1126,3638,650
1,0,0,1113,3638,650
1,0,0,1124,3637,650
1,0,0,1109,3639,650
1,0,0,1123,3638,650
1,0,0,1110,3637,650
1,0,0,1121,3638,650
1,0,0,1114,3637,650
1,0,0,1129,3637,650
1,0,0,1136,3637,650
1,0,0,1147,3638,650
1,0,0,1147,3637,650
1,0,0,1153,3636,650
1,0,0,1152,3637,650
1,0,0,1151,3635,650
1,0,0,1153,3637,650
1,0,0,1150,3639,650
1,0,0,1151,3637,650
1,0,0,1151,3637,650
1,0,0,1151,3638,650
1,0,0,1151,3638,650
1,0,0,1155,3636,650
1,0,0,1150,3637,650
1,0,0,1154,3637,650
1,0,0,1151,3636,650
1,0,0,1150,3638,650
1,0,0,1152,3637,650
1,0,0,1154,3636,650
1,0,0,1149,3637,650
1,0,0,1152,3638,650
1,0,0,1153,3636,650
1,0,0,1151,3636,650
1,0,0,1153,3637,650
1,0,0,1151,3637,650
1,0,0,1151,3637,650
1,0,0,1154,3637,650
1,0,1,1149,3636,650
1,0,1,1028,3710,650
1,0,1,1030,3643,650
1,0,1,1045,3642,650
1,0,1,1045,3644,650
1,0,0,1088,3644,650
1,0,0,1155,3643,650
1,0,0,1154,3642,650
1,0,0,1154,3642,650
1,0,0,1154,3643,650
1,0,0,1154,3642,650
1,0,0,1151,3642,650
1,0,0,1149,3642,650
1,0,0,1153,3642,650
1,0,0,1149,3642,650
1,0,0,1151,3641,650
1,0,0,1153,3641,650
1,0,0,1151,3641,650
1,0,0,1155,3641,650
1,0,0,1155,3642,650
1,0,0,1150,3642,650
1,0,0,1152,3644,650
1,0,0,1152,3641,650
1,0,0,1154,3641,650
1,0,0,1150,3642,650
1,0,0,1151,3640,650
1,0,0,1155,3641,650
1,0,0,1153,3640,650
1,0,0,1154,3640,650
1,0,0,1155,3641,650
1,0,0,1150,3640,650
1,0,0,1154,3640,650
1,0,0,1152,3642,650
1,0,0,1149,3641,650
1,0,0,1152,3641,650
1,0,0,1149,3641,650
1,0,0,1149,3641,650
1,0,0,1153,3642,650
1,0,0,1153,3641,650
1,0,0,1153,3640,650
1,0,0,1153,3642,650
1,0,0,1150,3640,650
1,0,0,1151,3641,650
1,0,0,1153,3641,650
1,0,0,1149,3640,650
1,0,0,1154,3639,650
1,0,0,1153,3640,650
1,0,0,1154,3640,650
1,0,0,1154,3641,650
1,0,0,1150,3640,650
1,0,0,1150,3640,650
1,0,0,1173,3640,650
1,0,0,1157,3641,650
1,0,0,1154,3640,650
1,0,0,1152,3640,650
1,0,0,1150,3641,650
1,0,0,1151,3639,650
1,0,0,1151,3639,650
1,0,0,1154,3640,650
1,0,0,1152,3640,650
1,0,0,1154,3640,650
1,0,0,1152,3641,650
1,0,0,1149,3640,650
1,0,0,1154,3640,650
1,0,0,1154,3641,650
1,0,0,1154,3642,650
1,0,0,1152,3640,650
1,0,0,1154,3639,650
1,0,0,1148,3640,650
1,0,0,1150,3640,650
1,0,1,1153,3640,650
1,0,0,1059,3645,650
1,0,0,1154,3642,650
1,0,0,1153,3640,650
1,0,0,1150,3641,650
1,0,0,1149,3641,650
1,0,0,1152,3642,650
1,0,0,1154,3642,650
1,0,0,1151,3641,650
1,0,0,1150,3641,650
1,0,0,1153,3641,650
1,0,0,1149,3640,650
1,0,0,1154,3641,650
1,0,0,1150,3641,650
1,0,0,1150,3640,650
1,0,0,1150,3641,650
1,0,0,1154,3641,650
1,0,0,1154,3641,650
1,0,0,1154,3640,650
1,0,0,1150,3640,650
1,0,0,1150,3641,650
1,0,0,1154,3642,650
1,0,0,1151,3641,650
1,0,0,1152,3641,650
1,0,0,1153,3640,650
1,0,0,1154,3641,650
1,0,0,1152,3641,650
1,0,0,1154,3641,650
1,0,0,1153,3641,650
1,0,0,1152,3642,650
1,0,0,1155,3641,650
1,0,0,1150,3640,650
1,0,0,1154,3641,650
1,0,0,1155,3641,650
1,0,0,1154,3640,650
1,0,0,1152,3640,650
1,0,0,1155,3641,650
1,0,0,1153,3642,650
1,0,0,1154,3640,650
1,0,0,1154,3640,650
1,0,0,1151,3642,650
1,0,0,1155,3640,650
1,0,0,1153,3641,650
1,0,0,1154,3640,650
1,0,0,1153,3640,650
1,0,0,1154,3640,650
1,0,0,1152,3639,650
1,0,0,1150,3640,650
1,0,0,1150,3640,650
1,0,0,1154,3641,650
1,0,0,1150,3641,650
1,0,0,1154,3640,650
1,0,0,1155,3640,650
1,0,0,1154,3640,650
1,0,0,1150,3641,650
1,0,0,1153,3640,650
1,0,0,1151,3640,650
1,0,0,1154,3640,650
1,0,0,1151,3642,650
1,0,0,1150,3642,650
1,0,0,1155,3640,650
1,0,0,1149,3640,650
1,0,0,1152,3639,650
1,0,0,1153,3640,650
1,0,0,1153,3640,650
1,0,0,1154,3639,650
1,0,0,1150,3642,650
1,0,0,1151,3639,650
1,0,0,1150,3642,650
1,0,0,1154,3640,650
1,0,0,1150,3640,650
1,0,0,1150,3639,650
1,0,0,1150,3640,650
1,0,0,1153,3639,650
1,0,0,1154,3640,650
1,0,1,1133,3636,650
1,0,1,1029,3645,650
1,0,1,1034,3643,650
1,0,1,1050,3644,650
1,0,1,1034,3648,650
1,0,0,1087,3650,650
1,0,0,1175,3646,650
1,0,0,1157,3646,650
1,0,0,1156,3647,650
1,0,0,1155,3646,650
1,0,0,1151,3645,650
1,0,0,1154,3646,650
1,0,0,1152,3645,650
1,0,0,1155,3645,650
1,0,0,1155,3645,650
1,0,0,1151,3645,650
1,0,0,1154,3645,650
1,0,0,1151,3645,650
1,0,0,1151,3646,650
1,0,0,1154,3645,650
1,0,0,1153,3645,650
1,0,0,1151,3643,650
1,0,0,1152,3645,650
1,0,0,1153,3644,650
1,0,0,1150,3645,650
1,0,0,1149,3646,650
1,0,0,1151,3647,650
1,0,0,1153,3646,650
1,0,0,1151,3645,650
1,0,0,1150,3645,650
1,0,0,1154,3645,650
1,0,0,1150,3645,650
1,0,0,1155,3644,650
1,0,0,1152,3644,650
1,0,0,1151,3645,650
1,0,0,1150,3645,650
1,0,0,1155,3644,650
1,0,0,1152,3645,650
1,0,0,1155,3644,650
1,0,0,1151,3645,650
1,0,0,1151,3646,650
1,0,0,1151,3644,650
1,0,0,1154,3645,650
1,0,0,1153,3645,650
1,0,0,1154,3644,650
1,0,0,1153,3645,650
1,0,0,1150,3645,650
1,0,0,1155,3644,650
1,0,0,1154,3644,650
1,0,0,1154,3644,650
1,0,0,1150,3644,650
1,0,0,1155,3645,650
1,0,0,1155,3645,650
1,0,0,1154,3645,650
1,0,0,1150,3643,650
1,0,0,1151,3646,650
1,0,0,1153,3644,650
1,0,0,1154,3643,650
1,0,0,1150,3645,650
1,0,0,1151,3644,650
1,0,0,1154,3645,650
1,0,0,1152,3643,650
1,0,0,1155,3644,650
1,0,0,1153,3645,650
1,0,0,1150,3646,650
1,0,0,1151,3644,650
1,0,0,1153,3645,650
1,0,0,1154,3643,650
1,0,0,1150,3644,650
1,0,0,1149,3644,650
1,0,1,1118,3641,650
1,0,1,1026,3647,650
1,0,1,1030,3648,650
1,0,1,1039,3651,650
1,0,1,1043,3651,650
1,0,0,1088,3652,650
1,0,0,1158,3651,650
1,0,0,1156,3649,650
1,0,0,1154,3650,650
1,0,0,1154,3649,650
1,0,0,1150,3649,650
1,0,0,1151,3648,650
1,0,0,1151,3650,650
1,0,0,1154,3649,650
1,0,0,1149,3650,650
1,0,0,1150,3647,650
1,0,0,1155,3650,650
1,0,0,1150,3649,650
1,0,0,1154,3649,650
1,0,0,1154,3649,650
1,0,0,1150,3649,650
1,0,0,1153,3649,650
1,0,0,1153,3647,650
1,0,0,1151,3649,650
1,0,0,1152,3649,650
1,0,0,1154,3650,650
1,0,0,1154,3648,650
1,0,0,1153,3650,650
1,0,0,1151,3647,650
1,0,0,1154,3648,650
1,0,0,1150,3647,650
1,0,0,1154,3649,650
1,0,0,1154,3649,650
1,0,0,1155,3648,650
1,0,0,1153,3647,650
1,0,0,1155,3649,650
1,0,0,1171,3648,650
1,0,0,1157,3648,650
1,0,0,1154,3648,650
1,0,0,1151,3648,650
1,0,0,1155,3648,650
1,0,0,1151,3649,650
1,0,0,1134,3650,650
1,0,0,1141,3648,650
1,0,0,1126,3648,650
1,0,0,1132,3649,650
1,0,0,1119,3649,650
1,0,0,1129,3647,650
1,0,0,1116,3648,650
1,0,0,1126,3647,650
1,0,0,1113,3647,650
1,0,0,1122,3647,650
1,0,0,1116,3648,650
1,0,0,1123,3648,650
1,0,0,1113,3648,650
1,0,0,1125,3648,650
1,0,0,1111,3649,650
1,0,0,1129,3649,650
1,0,0,1139,3647,650
1,0,0,1142,3649,650
1,0,0,1147,3648,650
1,0,0,1148,3648,650
1,0,0,1153,3649,650
1,0,0,1150,3647,650
1,0,0,1150,3648,650
1,0,0,1154,3649,650
1,0,0,1150,3649,650
1,0,0,1152,3647,650
1,0,0,1151,3648,650
1,0,0,1152,3649,650
1,0,1,1153,3648,650
1,0,1,1036,3649,650
1,0,1,1048,3652,650
1,0,1,1031,3719,650
1,0,1,1034,3657,650
1,0,0,1092,3658,650
1,0,0,1156,3653,650
1,0,0,1154,3653,650
1,0,0,1151,3653,650
1,0,0,1153,3653,650
1,0,0,1153,3652,650
1,0,0,1153,3652,650
1,0,0,1150,3653,650
1,0,0,1155,3651,650
1,0,0,1150,3652,650
1,0,0,1150,3653,650
1,0,0,1154,3653,650
1,0,0,1155,3652,650
1,0,0,1153,3654,650
1,0,0,1152,3653,650
1,0,0,1152,3652,650
1,0,0,1155,3652,650
1,0,0,1155,3651,650
1,0,0,1149,3653,650
1,0,0,1151,3651,650
1,0,0,1154,3652,650
1,0,0,1150,3652,650
1,0,0,1152,3651,650
1,0,0,1150,3651,650
1,0,0,1148,3651,650
1,0,0,1154,3651,650
1,0,0,1152,3651,650
1,0,0,1150,3652,650
1,0,0,1154,3653,650
1,0,0,1151,3651,650
1,0,0,1150,3652,650
1,0,0,1154,3652,650
1,0,0,1154,3651,650
1,0,0,1152,3652,650
1,0,0,1153,3652,650
1,0,0,1152,3651,650
1,0,0,1151,3651,650
1,0,0,1151,3652,650
1,0,0,1149,3652,650
1,0,0,1150,3652,650
1,0,0,1151,3654,650
1,0,0,1155,3651,650
1,0,0,1155,3651,650
1,0,0,1150,3652,650
1,0,0,1148,3652,650
1,0,0,1149,3652,650
1,0,0,1150,3651,650
1,0,0,1150,3652,650
1,0,0,1154,3652,650
1,0,0,1151,3650,650
1,0,0,1150,3650,650
1,0,0,1153,3651,650
1,0,0,1150,3650,650
1,0,0,1154,3651,650
1,0,0,1154,3652,650
1,0,0,1151,3650,650
1,0,0,1151,3651,650
1,0,0,1152,3652,650
1,0,0,1151,3651,650
1,0,0,1154,3650,650
1,0,0,1150,3651,650
1,0,0,1171,3651,650
1,0,0,1158,3652,650
1,0,0,1152,3651,650
1,0,0,1155,3652,650
1,0,0,1153,3650,650
1,0,0,1154,3650,650
1,0,0,1154,3652,650
1,0,0,1150,3650,650
1,0,0,1152,3652,650
1,0,1,1148,3651,650
1,0,1,996,3655,650
1,0,1,1004,3654,650
1,0,1,992,3670,650
1,0,1,994,3660,650
1,0,0,1075,3662,650
1,0,0,1160,3660,650
1,0,0,1154,3658,650
1,0,0,1152,3658,650
1,0,0,1151,3657,650
1,0,0,1155,3658,650
1,0,0,1152,3656,650
1,0,0,1153,3657,650
1,0,0,1151,3656,650
1,0,0,1154,3657,650
1,0,0,1154,3656,650
1,0,0,1151,3658,650
1,0,0,1151,3657,650
1,0,0,1151,3657,650
1,0,0,1149,3657,650
1,0,0,1154,3656,650
1,0,0,1150,3657,650
1,0,0,1152,3658,650
1,0,0,1150,3656,650
1,0,0,1150,3655,650
1,0,0,1152,3655,650
1,0,0,1154,3657,650
1,0,0,1154,3656,650
1,0,0,1148,3656,650
1,0,0,1154,3656,650
1,0,0,1154,3656,650
1,0,0,1151,3656,650
