PV,MV,BO,TP,TP_O
1,0,0,982,450
1,0,1,876,450
1,0,0,797,450
1,0,0,841,450
1,0,0,643,450
1,0,0,750,450
1,0,0,788,450
1,0,1,757,450
1,0,1,708,450
1,0,1,718,450
1,0,1,715,450
1,0,1,720,450
1,0,0,752,450
1,0,1,775,450
1,0,0,750,450
1,0,0,789,450
1,0,0,787,450
1,0,0,790,450
1,0,1,785,450
1,0,1,663,450
1,0,1,675,450
1,0,1,672,450
1,0,0,733,450
1,0,1,793,450
1,0,0,719,450
1,0,0,791,450
1,0,0,784,450
1,0,0,788,450
1,0,1,774,450
1,0,1,664,450
1,0,1,667,450
1,0,1,673,450
1,0,0,722,450
1,0,1,774,450
1,0,0,719,450
1,0,0,788,450
1,0,0,783,450
1,0,0,787,450
1,0,1,788,450
1,0,1,643,450
1,0,1,654,450
1,0,1,650,450
1,0,1,657,450
1,0,1,654,450
1,0,1,655,450
1,0,1,665,450
1,0,1,655,450
1,0,1,656,450
1,0,1,654,450
1,0,1,654,450
1,0,1,661,450
1,0,1,660,450
1,0,0,729,450
1,0,1,800,450
1,0,0,709,450
1,0,0,795,450
1,0,0,789,450
1,0,0,791,450
1,0,1,765,450
1,0,1,631,450
1,0,1,635,450
1,0,1,633,450
1,0,0,699,450
1,0,1,786,450
1,0,0,704,450
1,0,0,792,450
1,0,0,787,450
1,0,0,792,450
1,0,1,738,450
1,0,1,626,450
1,0,1,644,450
1,0,1,641,450
1,0,0,715,450
1,0,1,741,450
1,0,0,698,450
1,0,0,793,450
1,0,0,789,450
1,0,0,791,450
1,0,1,784,450
1,0,1,609,450
1,0,1,621,450
1,0,1,604,450
1,0,0,701,450
1,0,1,739,450
1,0,0,678,450
1,0,0,795,450
1,0,0,791,450
1,0,0,791,450
1,0,1,797,450
1,0,1,601,450
1,0,1,616,450
1,0,1,620,450
1,0,0,703,450
1,0,1,789,450
1,0,0,693,450
1,0,0,794,450
1,0,0,794,450
1,0,0,793,450
1,0,1,796,450
1,0,1,588,450
1,0,1,574,450
1,0,0,683,450
1,0,0,805,450
1,0,0,798,450
1,0,0,791,450
1,0,0,791,450
1,0,0,788,450
1,0,0,789,450
1,0,0,789,450
1,0,1,791,450
1,0,1,571,450
1,0,1,582,450
1,0,1,595,450
1,0,1,574,450
1,0,1,593,450
1,0,1,595,450
1,0,1,577,450
1,0,1,596,450
1,0,1,591,450
1,0,1,599,450
1,0,1,600,450
1,0,1,580,450
1,0,0,690,450
1,0,0,807,450
1,0,0,795,450
1,0,1,742,450
1,0,1,548,450
1,0,1,563,450
1,0,1,564,450
1,0,1,553,450
1,0,1,576,450
1,0,1,552,450
1,0,1,568,450
1,0,1,564,450
1,0,1,562,450
1,0,1,568,450
1,0,1,551,450
1,0,1,577,450
1,0,1,558,450
1,0,1,571,450
1,0,1,565,450
1,0,1,556,450
1,0,0,662,450
1,0,0,809,450
1,0,0,796,450
1,0,1,781,450
1,0,1,551,450
1,0,1,539,450
1,0,1,531,450
1,0,1,553,450
1,0,1,540,450
1,0,1,531,450
1,0,1,549,450
1,0,1,554,450
1,0,1,528,450
1,0,1,546,450
1,0,1,559,450
1,0,1,534,450
1,0,1,541,450
1,0,1,562,450
1,0,1,544,450
1,0,1,536,450
1,0,1,554,450
1,0,1,548,450
1,0,1,531,450
1,0,1,585,450
1,0,1,543,450
1,0,1,512,450
1,0,1,544,450
1,0,1,515,450
1,0,1,539,450
1,0,1,515,450
1,0,1,544,450
1,0,1,515,450
1,0,1,544,450
1,0,1,520,450
1,0,1,543,450
1,0,1,515,450
1,0,1,543,450
1,0,1,514,450
1,0,1,536,450
1,0,1,515,450
1,0,1,544,450
1,0,1,515,450
1,0,1,544,450
1,0,1,553,450
1,0,1,496,450
1,0,1,501,450
1,0,1,517,450
1,0,1,526,450
1,0,1,529,450
1,0,1,525,450
1,0,1,511,450
1,0,1,498,450
1,0,1,518,450
1,0,1,510,450
1,0,1,519,450
1,0,1,527,450
1,0,1,529,450
1,0,1,524,450
1,0,1,514,450
1,0,1,523,450
1,0,1,528,450
1,0,1,528,450
1,0,1,514,450
1,0,1,529,450
1,0,1,479,450
1,0,1,507,450
1,0,1,516,450
1,0,1,484,450
1,0,1,517,450
1,0,1,516,450
1,0,1,491,450
1,0,1,495,450
1,0,1,516,450
1,0,1,489,450
1,0,1,488,450
1,0,1,513,450
1,0,1,500,450
1,0,1,483,450
1,0,1,514,450
1,0,1,508,450
1,0,1,480,450
1,0,1,505,450
1,0,1,514,450
1,0,1,486,450
1,0,1,473,450
1,0,1,464,450
1,0,1,477,450
1,0,1,489,450
1,0,1,477,450
1,0,1,505,450
1,0,1,506,450
1,0,1,497,450
1,0,1,479,450
1,0,1,503,450
1,0,1,471,450
1,0,1,482,450
1,0,1,492,450
1,0,1,503,450
1,0,1,471,450
1,0,1,504,450
1,0,1,492,450
1,0,1,472,450
1,0,1,465,450
1,0,1,504,450
1,0,1,488,450
1,0,1,498,450
1,0,1,502,450
1,0,1,504,450
1,0,1,488,450
1,0,1,477,450
1,0,1,468,450
1,0,1,467,450
1,0,1,480,450
1,0,1,537,450
1,0,1,475,450
1,0,1,489,450
1,0,1,454,450
1,0,1,496,450
1,0,1,426,450
1,0,1,502,450
1,0,1,505,450
1,0,1,496,450
1,0,1,477,450
1,0,1,495,450
1,0,1,514,450
1,0,1,498,450
1,0,1,478,450
1,0,1,506,450
1,0,1,456,450
1,0,1,489,450
1,0,1,495,450
1,0,1,511,450
1,0,1,523,450
1,0,1,523,450
1,0,1,519,450
1,0,1,501,450
1,0,1,492,450
1,0,1,493,450
1,0,1,508,450
1,0,1,516,450
1,0,1,525,450
1,0,1,522,450
1,0,1,510,450
1,0,1,494,450
1,0,1,489,450
1,0,1,499,450
1,0,1,512,450
1,0,1,518,450
1,0,1,524,450
1,0,1,506,450
1,0,1,478,450
1,0,1,501,450
1,0,1,494,450
1,0,1,474,450
1,0,1,474,450
1,0,1,502,450
1,0,1,513,450
1,0,1,478,450
1,0,1,485,450
1,0,1,483,450
1,0,1,488,450
1,0,1,510,450
1,0,1,487,450
1,0,1,508,450
1,0,1,509,450
1,0,1,497,450
1,0,1,478,450
1,0,1,506,450
1,0,1,472,450
1,0,1,473,450
1,0,1,500,450
1,0,1,511,450
1,0,1,477,450
1,0,1,512,450
1,0,1,511,450
1,0,1,482,450
1,0,1,493,450
1,0,1,512,450
1,0,1,485,450
1,0,1,484,450
1,0,1,507,450
1,0,1,495,450
1,0,1,477,450
1,0,1,559,450
1,0,1,493,450
1,0,1,498,450
1,0,1,502,450
1,0,1,493,450
1,0,1,496,450
1,0,1,464,450
1,0,1,461,450
1,0,1,477,450
1,0,1,488,450
1,0,1,433,450
1,0,1,481,450
1,0,1,491,450
1,0,1,510,450
1,0,1,486,450
1,0,1,500,450
1,0,1,524,450
1,0,1,521,450
1,0,1,506,450
1,0,1,494,450
1,0,1,487,450
1,0,1,496,450
1,0,1,511,450
1,0,1,519,450
1,0,1,521,450
1,0,1,511,450
1,0,1,499,450
1,0,1,491,450
1,0,1,490,450
1,0,1,503,450
1,0,1,517,450
1,0,1,517,450
1,0,1,520,450
1,0,1,510,450
1,0,1,495,450
1,0,1,502,450
1,0,1,479,450
1,0,1,503,450
1,0,1,498,450
1,0,1,471,450
1,0,1,509,450
1,0,1,507,450
1,0,1,475,450
1,0,1,497,450
1,0,1,509,450
1,0,1,489,450
1,0,1,492,450
1,0,1,509,450
1,0,1,483,450
1,0,1,486,450
1,0,1,495,450
1,0,1,490,450
1,0,1,480,450
1,0,1,506,450
1,0,1,498,450
1,0,1,490,450
1,0,1,464,450
1,0,1,463,450
1,0,1,481,450
1,0,1,491,450
1,0,1,463,450
1,0,1,501,450
1,0,1,497,450
1,0,1,479,450
1,0,1,466,450
1,0,1,498,450
1,0,1,509,450
1,0,1,489,450
1,0,1,486,450
1,0,1,475,450
1,0,1,434,450
1,0,1,497,450
1,0,1,491,450
1,0,1,494,450
1,0,1,506,450
1,0,1,450,450
1,0,0,649,450
1,0,0,803,450
1,0,0,793,450
1,0,0,786,450
1,0,1,779,450
1,0,1,524,450
1,0,1,504,450
1,0,1,530,450
1,0,1,510,450
1,0,1,528,450
1,0,1,508,450
1,0,1,533,450
1,0,1,509,450
1,0,1,535,450
1,0,1,511,450
1,0,1,538,450
1,0,1,508,450
1,0,1,539,450
1,0,1,508,450
1,0,1,520,450
1,0,1,522,450
1,0,1,524,450
1,0,1,508,450
1,0,1,497,450
1,0,1,491,450
1,0,1,502,450
1,0,1,512,450
1,0,1,520,450
1,0,1,524,450
1,0,1,510,450
1,0,1,502,450
1,0,1,494,450
1,0,1,495,450
1,0,1,507,450
1,0,1,519,450
1,0,1,524,450
1,0,1,522,450
1,0,1,510,450
1,0,1,498,450
1,0,1,499,450
1,0,1,487,450
1,0,1,509,450
1,0,1,496,450
1,0,1,481,450
1,0,1,509,450
1,0,1,506,450
1,0,1,476,450
1,0,1,506,450
1,0,1,512,450
1,0,1,496,450
1,0,1,500,450
1,0,1,513,450
1,0,1,484,450
1,0,1,494,450
1,0,1,493,450
1,0,1,488,450
1,0,1,488,450
1,0,1,511,450
1,0,1,497,450
1,0,1,496,450
1,0,1,463,450
1,0,1,471,450
1,0,1,486,450
1,0,1,497,450
1,0,1,466,450
1,0,1,504,450
1,0,1,496,450
1,0,1,475,450
1,0,1,467,450
1,0,1,504,450
1,0,1,481,450
1,0,1,488,450
1,0,1,499,450
1,0,1,503,450
1,0,1,482,450
1,0,1,487,450
1,0,1,472,450
1,0,1,463,450
1,0,1,476,450
1,0,1,491,450
1,0,1,495,450
1,0,1,500,450
1,0,1,505,450
1,0,1,495,450
1,0,1,487,450
1,0,1,506,450
1,0,1,510,450
1,0,1,479,450
1,0,1,499,450
1,0,1,487,450
1,0,1,485,450
1,0,1,490,450
1,0,1,516,450
1,0,1,510,450
1,0,1,481,450
1,0,1,509,450
1,0,1,516,450
1,0,1,524,450
1,0,1,525,450
1,0,1,491,450
1,0,1,500,450
1,0,1,515,450
1,0,1,485,450
1,0,1,496,450
1,0,1,494,450
1,0,1,489,450
1,0,1,489,450
1,0,1,514,450
1,0,1,496,450
1,0,1,507,450
1,0,1,511,450
1,0,1,511,450
1,0,1,478,450
1,0,1,506,450
1,0,1,481,450
1,0,1,481,450
1,0,1,501,450
1,0,1,514,450
1,0,1,486,450
1,0,1,514,450
1,0,1,514,450
1,0,1,499,450
1,0,1,490,450
1,0,1,514,450
1,0,1,482,450
1,0,1,483,450
1,0,1,510,450
1,0,1,508,450
1,0,1,478,450
1,0,1,514,450
1,0,1,493,450
1,0,1,500,450
1,0,1,506,450
1,0,1,504,450
1,0,1,497,450
1,0,1,474,450
1,0,1,466,450
1,0,1,478,450
1,0,1,489,450
1,0,1,477,450
1,0,1,504,450
1,0,1,507,450
1,0,1,497,450
1,0,1,480,450
1,0,1,504,450
1,0,1,470,450
1,0,1,484,450
1,0,1,494,450
1,0,1,501,450
1,0,1,455,450
1,0,1,479,450
1,0,1,505,450
1,0,1,516,450
1,0,1,482,450
1,0,1,519,450
1,0,1,517,450
1,0,1,488,450
1,0,1,497,450
1,0,1,515,450
1,0,1,482,450
1,0,1,488,450
1,0,1,480,450
1,0,1,467,450
1,0,1,478,450
1,0,1,493,450
1,0,1,498,450
1,0,1,505,450
1,0,1,508,450
1,0,1,498,450
1,0,1,500,450
1,0,1,470,450
1,0,1,467,450
1,0,1,484,450
1,0,1,496,450
1,0,1,441,450
1,0,1,487,450
1,0,1,498,450
1,0,1,521,450
1,0,1,491,450
1,0,1,517,450
1,0,1,518,450
1,0,1,511,450
1,0,1,484,450
1,0,1,511,450
1,0,1,480,450
1,0,1,479,450
1,0,1,508,450
1,0,1,520,450
1,0,1,482,450
1,0,1,516,450
1,0,1,518,450
1,0,1,490,450
1,0,1,497,450
1,0,1,484,450
1,0,1,532,450
1,0,1,507,450
1,0,1,508,450
1,0,1,490,450
1,0,1,477,450
1,0,1,508,450
1,0,1,489,450
1,0,1,499,450
1,0,1,507,450
1,0,1,507,450
1,0,1,481,450
1,0,1,499,450
1,0,1,521,450
1,0,1,492,450
1,0,1,493,450
1,0,1,507,450
1,0,1,500,450
1,0,1,480,450
1,0,1,512,450
1,0,1,512,450
1,0,1,507,450
1,0,1,509,450
1,0,1,517,450
1,0,1,484,450
1,0,1,506,450
1,0,1,535,450
1,0,1,509,450
1,0,1,509,450
1,0,1,489,450
1,0,1,476,450
1,0,1,508,450
1,0,1,479,450
1,0,1,492,450
1,0,1,502,450
1,0,1,509,450
1,0,1,480,450
1,0,1,501,450
1,0,1,487,450
1,0,1,470,450
1,0,1,473,450
1,0,1,508,450
1,0,1,498,450
1,0,1,507,450
1,0,1,509,450
1,0,1,508,450
1,0,1,499,450
1,0,1,476,450
1,0,1,472,450
1,0,1,478,450
1,0,1,491,450
1,0,1,480,450
1,0,1,510,450
1,0,1,508,450
1,0,1,500,450
1,0,1,482,450
1,0,1,498,450
1,0,1,494,450
1,0,1,459,450
1,0,1,502,450
1,0,1,478,450
1,0,1,496,450
1,0,1,478,450
1,0,1,489,450
1,0,1,500,450
1,0,1,508,450
1,0,1,461,450
1,0,1,483,450
1,0,1,513,450
1,0,1,521,450
1,0,1,484,450
1,0,1,519,450
1,0,1,523,450
1,0,1,487,450
1,0,1,504,450
1,0,1,521,450
1,0,1,492,450
1,0,1,498,450
1,0,1,516,450
1,0,1,501,450
1,0,1,490,450
1,0,1,512,450
1,0,1,508,450
1,0,1,483,450
1,0,1,512,450
1,0,1,516,450
1,0,1,492,450
1,0,1,475,450
1,0,1,470,450
1,0,1,484,450
1,0,1,498,450
1,0,1,477,450
1,0,1,511,450
1,0,1,509,450
1,0,1,497,450
1,0,1,481,450
1,0,1,511,450
1,0,1,478,450
1,0,1,486,450
1,0,1,503,450
1,0,1,490,450
1,0,1,502,450
1,0,1,518,450
1,0,1,509,450
1,0,1,484,450
1,0,1,517,450
1,0,1,508,450
1,0,0,623,450
1,0,0,803,450
1,0,0,792,450
1,0,0,789,450
1,0,1,786,450
1,0,1,458,450
1,0,1,476,450
1,0,1,493,450
1,0,1,503,450
1,0,1,472,450
1,0,1,512,450
1,0,1,510,450
1,0,1,485,450
1,0,1,475,450
1,0,1,511,450
1,0,1,488,450
1,0,1,502,450
1,0,1,508,450
1,0,1,512,450
1,0,1,489,450
1,0,1,494,450
1,0,1,482,450
1,0,1,471,450
1,0,1,483,450
1,0,1,498,450
1,0,1,504,450
1,0,1,510,450
1,0,1,513,450
1,0,1,503,450
1,0,1,491,450
1,0,1,488,450
1,0,1,470,450
1,0,1,502,450
1,0,1,471,450
1,0,1,501,450
1,0,1,493,450
1,0,1,463,450
1,0,1,504,450
1,0,1,477,450
1,0,1,504,450
1,0,1,497,450
1,0,1,462,450
1,0,1,504,450
1,0,1,484,450
1,0,1,501,450
1,0,1,482,450
1,0,1,495,450
1,0,1,505,450
1,0,1,512,450
1,0,1,467,450
1,0,1,490,450
1,0,1,513,450
1,0,1,515,450
1,0,1,485,450
1,0,1,521,450
1,0,1,521,450
1,0,1,487,450
1,0,1,509,450
1,0,1,526,450
1,0,1,499,450
1,0,1,504,450
1,0,1,521,450
1,0,1,498,450
1,0,1,496,450
1,0,1,508,450
1,0,1,508,450
1,0,1,490,450
1,0,1,517,450
1,0,1,519,450
1,0,1,500,450
1,0,1,474,450
1,0,1,472,450
1,0,1,488,450
1,0,1,502,450
1,0,1,476,450
1,0,1,513,450
1,0,1,512,450
1,0,1,494,450
1,0,1,481,450
1,0,1,515,450
1,0,1,483,450
1,0,1,492,450
1,0,1,507,450
1,0,1,512,450
1,0,1,485,450
1,0,1,505,450
1,0,1,487,450
1,0,1,476,450
1,0,1,477,450
1,0,1,510,450
1,0,1,501,450
1,0,1,509,450
1,0,1,516,450
1,0,1,510,450
1,0,0,616,450
1,0,0,818,450
1,0,0,805,450
1,0,0,796,450
1,0,0,797,450
1,0,0,800,450
1,0,0,802,450
1,0,0,803,450
1,0,0,797,450
1,0,0,801,450
1,0,0,793,450
1,0,0,798,450
1,0,0,796,450
1,0,0,793,450
1,0,0,789,450
1,0,0,793,450
1,0,0,796,450
1,0,0,800,450
1,0,0,799,450
1,0,0,797,450
1,0,0,795,450
1,0,0,795,450
1,0,0,794,450
1,0,0,799,450
1,0,0,796,450
1,0,0,794,450
1,0,0,796,450
1,0,0,799,450
1,0,0,798,450
1,0,0,799,450
1,0,0,794,450
1,0,0,799,450
1,0,0,794,450
1,0,0,797,450
1,0,0,793,450
1,0,0,799,450
1,0,0,795,450
1,0,0,798,450
1,0,0,794,450
1,0,0,797,450
1,0,0,800,450
1,0,0,797,450
1,0,0,795,450
1,0,0,801,450
1,0,0,794,450
1,0,0,799,450
1,0,0,796,450
1,0,0,799,450
1,0,0,800,450
1,0,0,794,450
1,0,0,791,450
1,0,0,791,450
1,0,0,800,450
1,0,0,798,450
1,0,0,800,450
1,0,0,802,450
1,0,0,805,450
1,0,0,809,450
1,0,0,810,450
1,0,0,810,450
1,0,0,813,450
1,0,0,815,450
1,0,0,816,450
1,0,0,819,450
1,0,0,821,450
1,0,0,824,450
1,0,0,823,450
1,0,0,823,450
1,0,0,819,450
1,0,0,810,450
1,0,0,808,450
1,1,0,772,450
1,1,0,715,450
1,1,0,699,450
1,1,0,698,450
1,1,0,502,450
1,1,0,633,450
1,1,0,663,450
1,1,0,677,450
1,1,0,682,450
1,1,0,689,450
1,1,0,688,450
1,1,0,690,450
1,1,0,692,450
1,1,0,693,450
1,1,0,693,450
1,1,0,694,450
1,1,0,694,450
1,1,0,687,450
1,1,0,683,450
1,1,0,677,450
1,1,0,677,450
1,1,0,679,450
1,1,0,681,450
1,1,0,682,450
1,1,0,683,450
1,1,0,682,450
1,1,0,684,450
1,1,0,679,450
1,1,0,678,450
1,1,0,676,450
1,1,1,663,450
1,1,1,606,450
1,1,1,614,450
1,1,1,615,450
1,1,1,620,450
1,1,1,613,450
1,1,1,601,450
1,1,1,602,450
1,1,1,605,450
1,1,1,604,450
1,1,1,606,450
1,1,1,604,450
1,1,1,603,450
1,1,1,607,450
1,1,1,606,450
1,1,1,607,450
1,1,0,646,450
1,1,0,687,450
1,1,0,682,450
1,1,0,671,450
1,1,1,662,450
1,1,1,606,450
1,1,1,616,450
1,1,1,614,450
1,1,1,618,450
1,1,1,617,450
1,1,1,618,450
1,1,1,615,450
1,1,1,616,450
1,1,1,623,450
1,1,1,618,450
1,1,1,602,450
1,1,1,603,450
1,1,1,604,450
1,1,1,605,450
1,1,1,604,450
1,1,1,607,450
1,1,1,605,450
1,1,1,607,450
1,1,1,609,450
1,1,1,605,450
1,1,1,609,450
1,1,1,606,450
1,1,1,609,450
1,1,1,611,450
1,1,1,610,450
1,1,0,646,450
1,1,0,689,450
1,1,0,681,450
1,1,0,676,450
1,1,1,655,450
1,1,1,610,450
1,1,1,610,450
1,1,1,616,450
1,1,1,621,450
1,1,1,619,450
1,1,1,602,450
1,1,1,602,450
1,1,1,604,450
1,1,1,606,450
1,1,1,605,450
1,1,1,605,450
1,1,1,607,450
1,1,1,606,450
1,1,1,606,450
1,1,1,607,450
1,1,1,605,450
1,1,1,609,450
1,1,1,609,450
1,1,1,608,450
1,1,1,607,450
1,1,1,609,450
1,1,1,609,450
1,1,1,611,450
1,1,1,606,450
1,1,1,607,450
1,1,1,593,450
1,1,1,591,450
1,1,1,592,450
1,1,1,593,450
1,1,1,597,450
1,1,1,595,450
1,1,1,595,450
1,1,1,594,450
1,1,1,594,450
1,1,1,596,450
1,1,1,596,450
1,1,1,593,450
1,1,1,591,450
1,1,1,591,450
1,1,1,593,450
1,1,1,592,450
1,1,1,594,450
1,1,1,592,450
1,1,1,594,450
1,1,1,577,450
1,1,1,577,450
1,1,1,585,450
1,1,1,582,450
1,1,1,579,450
1,1,1,578,450
1,1,1,582,450
1,1,1,578,450
1,1,1,578,450
1,1,1,591,450
1,1,1,590,450
1,1,1,577,450
1,1,1,583,450
1,1,1,581,450
1,1,1,576,450
1,1,1,578,450
1,1,1,583,450
1,1,1,576,450
1,1,1,582,450
1,1,1,590,450
1,1,1,591,450
1,1,1,572,450
1,1,1,566,450
1,1,1,563,450
1,1,1,570,450
1,1,1,567,450
1,1,1,571,450
1,1,1,566,450
1,1,1,562,450
1,1,1,568,450
1,1,1,566,450
1,1,1,572,450
1,1,1,565,450
1,1,1,564,450
1,1,1,571,450
1,1,1,567,450
1,1,1,575,450
1,1,1,564,450
1,1,1,561,450
1,1,1,568,450
1,1,1,582,450
1,1,1,559,450
1,1,1,565,450
1,1,1,552,450
1,1,1,553,450
1,1,1,564,450
1,1,1,556,450
1,1,1,549,450
1,1,1,558,450
1,1,1,562,450
1,1,1,549,450
1,1,1,559,450
1,1,1,568,450
1,1,1,548,450
1,1,1,553,450
1,1,1,563,450
1,1,1,555,450
1,1,1,549,450
1,1,1,557,450
1,1,1,559,450
1,1,1,561,450
1,1,1,535,450
1,1,1,537,450
1,1,1,555,450
1,1,1,532,450
1,1,1,543,450
1,1,1,550,450
1,1,1,531,450
1,1,1,534,450
1,1,1,546,450
1,1,1,540,450
1,1,1,535,450
1,1,1,552,450
1,1,1,541,450
1,1,1,534,450
1,1,0,621,450
1,1,0,695,450
1,1,0,685,450
1,1,0,678,450
1,1,1,678,450
1,1,1,527,450
1,1,1,532,450
1,1,1,550,450
1,1,1,532,450
1,1,1,527,450
1,1,1,527,450
1,1,1,529,450
1,1,1,540,450
1,1,1,517,450
1,1,1,541,450
1,1,1,524,450
1,1,1,532,450
1,1,1,536,450
1,1,1,523,450
1,1,1,546,450
1,1,1,520,450
1,1,1,540,450
1,1,1,527,450
1,1,1,533,450
1,1,1,546,450
1,1,1,520,450
1,1,1,543,450
1,1,1,523,450
1,1,1,538,450
1,1,1,557,450
1,1,1,517,450
1,1,1,499,450
1,1,1,527,450
1,1,1,522,450
1,1,1,517,450
1,1,1,518,450
1,1,1,530,450
1,1,1,504,450
1,1,1,515,450
1,1,1,509,450
1,1,1,509,450
1,1,1,505,450
1,1,1,530,450
1,1,1,515,450
1,1,1,523,450
1,1,1,520,450
1,1,1,528,450
1,1,1,501,450
1,1,1,518,450
1,1,1,521,450
1,1,1,492,450
1,1,1,506,450
1,1,1,493,450
1,1,1,507,450
1,1,1,513,450
1,1,1,507,450
1,1,1,497,450
1,1,1,507,450
1,1,1,495,450
1,1,1,460,450
1,1,1,509,450
1,1,1,516,450
1,1,1,530,450
1,1,1,511,450
1,1,1,524,450
1,1,1,525,450
1,1,1,531,450
1,1,1,532,450
1,1,1,522,450
1,1,1,543,450
1,1,1,523,450
1,1,1,540,450
1,1,1,528,450
1,1,1,532,450
1,1,1,545,450
1,1,1,519,450
1,1,1,542,450
1,1,1,521,450
1,1,1,538,450
1,1,1,555,450
1,1,1,515,450
1,1,1,500,450
1,1,1,528,450
1,1,1,524,450
1,1,1,522,450
1,1,1,519,450
1,1,1,530,450
1,1,1,508,450
1,1,1,514,450
1,1,1,510,450
1,1,1,510,450
1,1,1,506,450
1,1,1,527,450
1,1,1,532,450
1,1,1,509,450
1,1,1,509,450
1,1,1,501,450
1,1,1,528,450
1,1,1,519,450
1,1,1,524,450
1,1,1,513,450
1,1,1,484,450
1,1,1,518,450
1,1,1,486,450
1,1,1,482,450
1,1,1,502,450
1,1,1,521,450
1,1,1,527,450
1,1,1,505,450
1,1,1,532,450
1,1,1,532,450
1,1,1,506,450
1,1,1,513,450
1,1,1,533,450
1,1,1,507,450
1,1,1,509,450
1,1,1,526,450
1,1,1,519,450
1,1,1,502,450
1,1,1,527,450
1,1,1,525,450
1,1,1,503,450
1,1,1,521,450
1,1,1,533,450
1,1,1,503,450
1,1,1,488,450
1,1,1,520,450
1,1,1,487,450
1,1,1,516,450
1,1,1,433,450
1,1,1,529,450
1,1,1,505,450
1,1,1,521,450
1,1,1,533,450
1,1,1,514,450
1,1,1,512,450
1,1,1,532,450
1,1,1,510,450
1,1,1,507,450
1,1,1,519,450
1,1,1,520,450
1,1,1,501,450
1,1,1,527,450
1,1,1,525,450
1,1,1,525,450
1,1,1,522,450
1,1,1,533,450
1,1,1,508,450
1,1,1,514,450
1,1,1,534,450
1,1,1,505,450
1,1,1,505,450
1,1,1,502,450
1,1,1,506,450
1,1,1,506,450
1,1,1,526,450
1,1,1,533,450
1,1,1,504,450
1,1,1,519,450
1,1,1,507,450
1,1,1,508,450
1,1,1,513,450
1,1,1,534,450
1,1,1,511,450
1,1,1,532,450
1,1,1,530,450
1,1,1,526,450
1,1,1,501,450
1,1,1,526,450
1,1,1,506,450
1,1,1,504,450
1,1,1,521,450
1,1,1,532,450
1,1,1,508,450
1,1,1,529,450
1,1,1,516,450
1,1,1,490,450
1,1,1,521,450
1,1,1,486,450
1,1,1,480,450
1,1,1,502,450
1,1,1,526,450
1,1,1,529,450
1,1,1,506,450
1,1,1,534,450
1,1,1,536,450
1,1,1,510,450
1,1,1,519,450
1,1,1,533,450
1,1,1,508,450
1,1,1,511,450
1,1,1,531,450
1,1,1,518,450
1,1,1,511,450
1,1,1,497,450
1,1,1,545,450
1,1,1,519,450
1,1,1,540,450
1,1,1,527,450
1,1,1,520,450
1,1,1,544,450
1,1,1,519,450
1,1,1,535,450
1,1,1,533,450
1,1,1,523,450
1,1,1,509,450
1,1,1,532,450
1,1,1,521,450
1,1,1,503,450
1,1,1,530,450
1,1,1,527,450
1,1,1,505,450
1,1,1,523,450
1,1,1,535,450
1,1,1,518,450
1,1,1,516,450
1,1,1,533,450
1,1,1,514,450
1,1,1,513,450
1,1,1,519,450
1,1,1,519,450
1,1,1,505,450
1,1,1,529,450
1,1,1,528,450
1,1,1,510,450
1,1,1,500,450
1,1,1,520,450
1,1,1,499,450
1,1,1,515,450
1,1,1,497,450
1,1,1,515,450
1,1,1,500,450
1,1,1,516,450
1,1,1,499,450
1,1,1,511,450
1,1,1,497,450
1,1,1,522,450
1,1,1,500,450
1,1,1,515,450
1,1,1,445,450
1,1,1,524,450
1,1,1,503,450
1,1,1,528,450
1,1,1,530,450
1,1,1,514,450
1,1,1,534,450
1,1,1,517,450
1,1,1,545,450
1,1,1,516,450
1,1,1,535,450
1,1,1,525,450
1,1,1,529,450
1,1,1,539,450
1,1,1,520,450
1,1,1,524,450
1,1,1,529,450
1,1,1,529,450
1,1,1,505,450
1,1,1,526,450
1,1,1,508,450
1,1,1,508,450
1,1,1,519,450
1,1,1,536,450
1,1,1,511,450
1,1,1,535,450
1,1,1,537,450
1,1,1,524,450
1,1,1,507,450
1,1,1,532,450
1,1,1,505,450
1,1,1,507,450
1,1,1,526,450
1,1,1,536,450
1,1,1,507,450
1,1,1,545,450
1,1,1,519,450
1,1,1,491,450
1,1,1,521,450
1,1,1,488,450
1,1,1,497,450
1,1,1,488,450
1,1,1,521,450
1,1,1,489,450
1,1,1,523,450
1,1,1,521,450
1,1,1,521,450
1,1,1,485,450
1,1,1,520,450
1,1,1,491,450
1,1,1,486,450
1,1,1,506,450
1,1,1,532,450
1,1,1,527,450
1,1,1,515,450
1,1,1,497,450
1,1,1,543,450
1,1,1,525,450
1,1,1,536,450
1,1,1,529,450
1,1,1,526,450
1,1,0,605,450
1,1,0,691,450
1,1,0,682,450
1,1,0,674,450
1,1,1,675,450
1,1,1,535,450
1,1,1,526,450
1,1,1,540,450
1,1,1,545,450
1,1,1,443,450
1,1,1,544,450
1,1,1,550,450
1,1,1,560,450
1,1,1,547,450
1,1,1,568,450
1,1,1,532,450
1,1,1,545,450
1,1,1,548,450
1,1,1,532,450
1,1,1,530,450
1,1,1,543,450
1,1,1,534,450
1,1,1,554,450
1,1,1,536,450
1,1,1,544,450
1,1,1,553,450
1,1,1,536,450
1,1,1,544,450
1,1,1,547,450
1,1,1,553,450
1,1,1,550,450
1,1,1,542,450
1,1,1,538,450
1,1,1,555,450
1,1,1,563,450
1,1,1,527,450
1,1,1,546,450
1,1,1,518,450
1,1,1,542,450
1,1,1,523,450
1,1,1,535,450
1,1,1,530,450
1,1,1,521,450
1,1,1,545,450
1,1,1,521,450
1,1,1,538,450
1,1,1,529,450
1,1,1,528,450
1,1,1,537,450
1,1,1,520,450
1,1,1,542,450
1,1,1,521,450
1,1,1,535,450
1,1,1,531,450
1,1,1,526,450
1,1,1,511,450
1,1,1,531,450
1,1,1,525,450
1,1,1,506,450
1,1,1,530,450
1,1,1,534,450
1,1,1,509,450
1,1,1,525,450
1,1,1,540,450
1,1,1,520,450
1,1,1,518,450
1,1,1,535,450
1,1,1,516,450
1,1,1,512,450
1,1,1,522,450
1,1,1,524,450
1,1,1,507,450
1,1,1,531,450
1,1,1,530,450
1,1,1,511,450
1,1,1,501,450
1,1,1,525,450
1,1,1,504,450
1,1,1,514,450
1,1,1,500,450
1,1,1,515,450
1,1,1,502,450
1,1,1,516,450
1,1,1,502,450
1,1,1,517,450
1,1,1,503,450
1,1,1,521,450
1,1,1,505,450
1,1,1,518,450
1,1,1,501,450
1,1,1,516,450
1,1,1,505,450
1,1,1,520,450
1,1,1,500,450
1,1,1,492,450
1,1,1,514,450
1,1,1,531,450
1,1,1,524,450
1,1,1,507,450
1,1,1,541,450
1,1,1,510,450
1,1,1,512,450
1,1,1,508,450
1,1,1,506,450
1,1,1,511,450
1,1,1,533,450
1,1,1,537,450
1,1,1,507,450
1,1,1,526,450
1,1,1,510,450
1,1,1,510,450
1,1,1,521,450
1,1,1,537,450
1,1,1,516,450
1,1,1,535,450
1,1,1,534,450
1,1,1,525,450
1,1,1,507,450
1,1,1,530,450
1,1,1,509,450
1,1,1,507,450
1,1,1,523,450
1,1,1,537,450
1,1,1,511,450
1,1,1,530,450
1,1,1,521,450
1,1,1,492,450
1,1,1,524,450
1,1,1,493,450
1,1,1,499,450
1,1,1,493,450
1,1,1,522,450
1,1,1,494,450
1,1,1,526,450
1,1,1,527,450
1,1,1,523,450
1,1,1,495,450
1,1,1,524,450
1,1,1,492,450
1,1,1,497,450
1,1,1,496,450
1,1,1,524,450
1,1,1,492,450
1,1,1,524,450
1,1,1,420,450
1,1,1,538,450
1,1,1,525,450
1,1,1,512,450
1,1,1,535,450
1,1,1,513,450
1,1,1,493,450
1,1,1,526,450
1,1,1,493,450
1,1,1,522,450
1,1,1,523,450
1,1,1,523,450
1,1,1,496,450
1,1,1,524,450
1,1,1,496,450
1,1,1,488,450
1,1,1,505,450
1,1,1,530,450
1,1,1,531,450
1,1,1,508,450
1,1,1,537,450
1,1,1,537,450
1,1,1,514,450
1,1,1,517,450
1,1,1,536,450
1,1,1,514,450
1,1,1,514,450
1,1,1,534,450
1,1,1,524,450
1,1,1,505,450
1,1,1,548,450
1,1,1,526,450
1,1,1,493,450
1,1,1,525,450
1,1,1,498,450
1,1,1,510,450
1,1,1,494,450
1,1,1,528,450
1,1,1,497,450
1,1,1,526,450
1,1,1,510,450
1,1,1,527,450
1,1,1,493,450
1,1,1,527,450
1,1,1,497,450
1,1,1,511,450
1,1,1,497,450
1,1,1,526,450
1,1,1,498,450
1,1,1,513,450
1,1,1,418,450
1,1,1,537,450
1,1,1,520,450
1,1,1,508,450
1,1,1,532,450
1,1,1,507,450
1,1,1,537,450
1,1,1,514,450
1,1,1,541,450
1,1,1,520,450
1,1,1,517,450
1,1,1,524,450
1,1,1,537,450
1,1,1,511,450
1,1,1,521,450
1,1,1,513,450
1,1,1,518,450
1,1,1,513,450
1,1,1,534,450
1,1,1,525,450
1,1,1,529,450
1,1,1,532,450
1,1,1,536,450
1,1,1,508,450
1,1,1,525,450
1,1,1,511,450
1,1,1,511,450
1,1,1,517,450
1,1,1,536,450
1,1,1,517,450
1,1,1,526,450
1,1,1,518,450
1,1,1,508,450
1,1,1,516,450
1,1,1,503,450
1,1,1,495,450
1,1,1,503,450
1,1,1,521,450
1,1,1,503,450
1,1,1,518,450
1,1,1,524,450
1,1,1,518,450
1,1,1,506,450
1,1,1,519,450
1,1,1,504,450
1,1,1,495,450
1,1,1,505,450
1,1,1,517,450
1,1,1,505,450
1,1,1,520,450
1,1,1,520,450
1,1,1,511,450
1,1,1,495,450
1,1,1,479,450
1,1,1,482,450
1,1,1,480,450
1,1,1,495,450
1,1,1,527,450
1,1,1,495,450
1,1,1,523,450
1,1,1,416,450
1,1,1,536,450
1,1,1,523,450
1,1,1,505,450
1,1,1,532,450
1,1,1,486,450
1,1,1,541,450
1,1,1,526,450
1,1,1,533,450
1,1,1,535,450
1,1,1,516,450
1,1,1,544,450
1,1,1,525,450
1,1,1,538,450
1,1,1,529,450
1,1,1,517,450
1,1,1,543,450
1,1,1,519,450
1,1,1,542,450
1,1,1,522,450
1,1,1,529,450
1,1,1,534,450
1,1,1,519,450
1,1,1,544,450
1,1,1,518,450
1,1,1,516,450
1,1,1,525,450
1,1,1,536,450
1,1,1,508,450
1,1,1,521,450
1,1,1,516,450
1,1,1,515,450
1,1,1,510,450
1,1,1,535,450
1,1,1,518,450
1,1,1,532,450
1,1,1,534,450
1,1,1,524,450
1,1,1,507,450
1,1,1,513,450
1,1,1,532,450
1,1,1,534,450
1,1,1,530,450
1,1,1,507,450
1,1,1,524,450
1,1,1,509,450
1,1,0,584,450
1,1,0,696,450
1,1,0,685,450
1,1,0,673,450
1,1,1,676,450
1,1,1,499,450
1,1,1,526,450
1,1,1,511,450
1,1,1,505,450
1,1,1,450,450
1,1,1,523,450
1,1,1,544,450
1,1,1,518,450
1,1,1,538,450
1,1,1,463,450
1,1,1,538,450
1,1,1,547,450
1,1,1,528,450
1,1,1,544,450
1,1,1,536,450
1,1,1,530,450
1,1,1,548,450
1,1,1,543,450
1,1,1,535,450
1,1,1,531,450
1,1,1,535,450
1,1,1,543,450
1,1,1,553,450
1,1,1,532,450
1,1,1,535,450
1,1,1,549,450
1,1,1,532,450
1,1,1,549,450
1,1,1,545,450
1,1,1,536,450
1,1,1,522,450
1,1,1,531,450
1,1,1,534,450
1,1,1,523,450
1,1,1,545,450
1,1,1,519,450
1,1,1,541,450
1,1,1,526,450
1,1,1,530,450
1,1,1,544,450
1,1,1,518,450
1,1,1,544,450
1,1,1,524,450
1,1,1,536,450
1,1,1,541,450
1,1,1,524,450
1,1,1,546,450
1,1,1,520,450
1,1,1,541,450
1,1,1,555,450
1,1,1,514,450
1,1,1,505,450
1,1,1,537,450
1,1,1,522,450
1,1,1,529,450
1,1,1,529,450
1,1,1,529,450
1,1,1,506,450
1,1,1,524,450
1,1,1,512,450
1,1,1,509,450
1,1,1,515,450
1,1,1,537,450
1,1,1,515,450
1,1,1,534,450
1,1,1,532,450
1,1,1,522,450
1,1,1,505,450
1,1,1,532,450
1,1,1,520,450
1,1,1,499,450
1,1,1,526,450
1,1,1,500,450
1,1,1,525,450
1,1,1,529,450
1,1,1,524,450
1,1,1,500,450
1,1,1,524,450
1,1,1,502,450
1,1,1,496,450
1,1,1,500,450
1,1,1,521,450
1,1,1,502,450
1,1,1,527,450
1,1,1,529,450
1,1,1,523,450
1,1,1,502,450
1,1,1,523,450
1,1,1,531,450
1,1,1,518,450
1,1,1,492,450
1,1,1,499,450
1,1,1,512,450
1,1,1,516,450
1,1,1,466,450
1,1,1,507,450
1,1,1,521,450
1,1,1,507,450
1,1,1,518,450
1,1,1,523,450
1,1,1,532,450
1,1,1,526,450
1,1,1,502,450
1,1,1,526,450
1,1,1,506,450
1,1,1,506,450
1,1,1,520,450
1,1,1,535,450
1,1,1,510,450
1,1,1,535,450
1,1,1,535,450
1,1,1,518,450
1,1,1,509,450
1,1,1,532,450
1,1,1,505,450
1,1,1,503,450
1,1,1,528,450
1,1,1,529,450
1,1,1,507,450
1,1,1,545,450
1,1,1,532,450
1,1,1,498,450
1,1,1,529,450
1,1,1,496,450
1,1,1,507,450
1,1,1,494,450
1,1,1,530,450
1,1,1,494,450
1,1,1,529,450
1,1,1,519,450
1,1,1,529,450
1,1,1,495,450
1,1,1,530,450
1,1,1,496,450
1,1,1,509,450
1,1,1,494,450
1,1,1,531,450
1,1,1,495,450
1,1,1,529,450
1,1,1,541,450
1,1,1,482,450
1,1,1,480,450
1,1,1,501,450
1,1,1,511,450
1,1,1,509,450
1,1,1,513,450
1,1,1,512,450
1,1,1,516,450
1,1,1,513,450
1,1,1,459,450
1,1,1,513,450
1,1,1,503,450
1,1,1,531,450
1,1,1,520,450
1,1,1,528,450
1,1,1,529,450
1,1,1,528,450
1,1,1,507,450
1,1,1,522,450
1,1,1,510,450
1,1,1,510,450
1,1,1,513,450
1,1,1,534,450
1,1,1,514,450
1,1,1,533,450
1,1,1,532,450
1,1,1,525,450
1,1,1,504,450
1,1,1,527,450
1,1,1,516,450
1,1,1,499,450
1,1,1,525,450
1,1,1,500,450
1,1,1,525,450
1,1,1,529,450
1,1,1,523,450
1,1,1,502,450
1,1,1,525,450
1,1,1,501,450
1,1,1,493,450
1,1,1,501,450
1,1,1,521,450
1,1,1,502,450
1,1,1,527,450
1,1,1,530,450
1,1,1,524,450
1,1,1,503,450
1,1,1,523,450
1,1,1,529,450
1,1,1,459,450
1,1,1,514,450
1,1,1,503,450
1,1,1,531,450
1,1,1,521,450
1,1,1,546,450
1,1,1,516,450
1,1,1,512,450
1,1,1,513,450
1,1,1,517,450
1,1,1,525,450
1,1,1,516,450
1,1,1,520,450
1,1,1,512,450
1,1,1,513,450
1,1,1,502,450
1,1,1,515,450
1,1,1,517,450
1,1,1,513,450
1,1,1,512,450
1,1,1,525,450
1,1,1,514,450
1,1,1,518,450
1,1,1,518,450
1,1,1,514,450
1,1,1,522,450
1,1,1,492,450
1,1,1,510,450
1,1,1,519,450
1,1,1,520,450
1,1,1,408,450
1,1,1,528,450
1,1,1,502,450
1,1,1,526,450
1,1,1,502,450
1,1,1,478,450
1,1,1,506,450
1,1,1,521,450
1,1,1,536,450
1,1,1,512,450
1,1,1,536,450
1,1,1,534,450
1,1,1,520,450
1,1,1,509,450
1,1,1,532,450
1,1,1,503,450
1,1,1,503,450
1,1,1,528,450
1,1,1,530,450
1,1,1,507,450
1,1,1,536,450
1,1,1,535,450
1,1,1,514,450
1,1,1,519,450
1,1,1,534,450
1,1,1,507,450
1,1,1,495,450
1,1,1,529,450
1,1,1,494,450
1,1,1,531,450
1,1,1,527,450
1,1,1,527,450
1,1,1,492,450
1,1,1,529,450
1,1,1,495,450
1,1,1,504,450
1,1,1,496,450
1,1,1,530,450
1,1,1,497,450
1,1,1,529,450
1,1,1,525,450
1,1,1,527,450
1,1,1,496,450
1,1,1,529,450
1,1,1,495,450
1,1,1,498,450
1,1,1,519,450
1,1,1,519,450
1,1,1,518,450
1,1,1,498,450
1,1,1,444,450
1,1,1,529,450
1,1,1,500,450
1,1,1,529,450
1,1,1,504,450
1,1,1,512,450
1,1,1,523,450
1,1,1,538,450
1,1,1,512,450
1,1,1,510,450
1,1,1,518,450
1,1,1,519,450
1,1,1,504,450
1,1,1,531,450
1,1,1,525,450
1,1,1,527,450
1,1,1,525,450
1,1,1,535,450
1,1,1,506,450
1,1,1,506,450
1,1,1,524,450
1,1,1,525,450
1,1,1,535,450
1,1,1,506,450
1,1,1,522,450
1,1,1,516,450
1,1,0,585,450
1,1,0,692,450
1,1,0,686,450
1,1,0,674,450
1,1,1,675,450
1,1,1,493,450
1,1,1,523,450
1,1,1,519,450
1,1,1,504,450
1,1,1,439,450
1,1,1,519,450
1,1,1,544,450
1,1,1,526,450
1,1,1,535,450
1,1,1,452,450
1,1,1,544,450
1,1,1,542,450
1,1,1,530,450
1,1,1,548,450
1,1,1,544,450
1,1,1,533,450
1,1,1,554,450
1,1,1,534,450
1,1,1,538,450
1,1,1,535,450
1,1,1,530,450
1,1,1,545,450
1,1,1,546,450
1,1,1,532,450
1,1,1,528,450
1,1,1,544,450
1,1,1,537,450
1,1,1,553,450
1,1,1,535,450
1,1,1,532,450
1,1,1,527,450
1,1,1,528,450
1,1,1,539,450
1,1,1,519,450
1,1,1,544,450
1,1,1,522,450
1,1,1,536,450
1,1,1,532,450
1,1,1,525,450
1,1,1,545,450
1,1,1,523,450
1,1,1,538,450
1,1,1,527,450
1,1,1,531,450
1,1,1,547,450
1,1,1,518,450
1,1,1,546,450
1,1,1,522,450
1,1,1,536,450
1,1,1,558,450
1,1,1,522,450
1,1,1,507,450
1,1,1,533,450
1,1,1,534,450
1,1,1,523,450
1,1,1,526,450
1,1,1,538,450
1,1,1,511,450
1,1,1,521,450
1,1,1,517,450
1,1,1,515,450
1,1,1,507,450
1,1,1,536,450
1,1,1,522,450
1,1,1,531,450
1,1,1,528,450
1,1,1,531,450
1,1,1,507,450
1,1,1,526,450
1,1,1,527,450
1,1,1,505,450
1,1,1,515,450
1,1,1,506,450
1,1,1,522,450
1,1,1,527,450
1,1,1,518,450
1,1,1,505,450
1,1,1,519,450
1,1,1,505,450
1,1,1,496,450
1,1,1,506,450
1,1,1,513,450
1,1,1,506,450
1,1,1,518,450
1,1,1,526,450
1,1,1,522,450
1,1,1,504,450
1,1,1,518,450
1,1,1,529,450
1,1,1,528,450
1,1,1,489,450
1,1,1,497,450
1,1,1,514,450
1,1,1,521,450
1,1,1,460,450
1,1,1,513,450
1,1,1,513,450
1,1,1,515,450
1,1,1,510,450
1,1,1,520,450
1,1,1,529,450
1,1,1,535,450
1,1,1,506,450
1,1,1,524,450
1,1,1,512,450
1,1,1,511,450
1,1,1,519,450
1,1,1,537,450
1,1,1,514,450
1,1,1,534,450
1,1,1,534,450
1,1,1,528,450
1,1,1,505,450
1,1,1,531,450
1,1,1,507,450
1,1,1,508,450
1,1,1,523,450
1,1,1,537,450
1,1,1,512,450
1,1,1,528,450
1,1,1,525,450
1,1,1,498,450
1,1,1,526,450
1,1,1,497,450
1,1,1,501,450
1,1,1,495,450
1,1,1,529,450
1,1,1,496,450
1,1,1,528,450
1,1,1,530,450
1,1,1,526,450
1,1,1,497,450
1,1,1,525,450
1,1,1,495,450
1,1,1,500,450
1,1,1,497,450
1,1,1,529,450
1,1,1,494,450
1,1,1,528,450
1,1,1,541,450
1,1,1,493,450
1,1,1,485,450
1,1,1,495,450
1,1,1,508,450
1,1,1,507,450
1,1,1,507,450
1,1,1,525,450
1,1,1,507,450
1,1,1,524,450
1,1,1,451,450
1,1,1,527,450
1,1,1,508,450
1,1,1,527,450
1,1,1,533,450
1,1,1,527,450
1,1,1,523,450
1,1,1,537,450
1,1,1,510,450
1,1,1,516,450
1,1,1,515,450
1,1,1,515,450
1,1,1,505,450
1,1,1,534,450
1,1,1,522,450
1,1,1,532,450
1,1,1,532,450
1,1,1,534,450
1,1,1,508,450
1,1,1,523,450
1,1,1,530,450
1,1,1,503,450
1,1,1,516,450
1,1,1,508,450
1,1,1,518,450
1,1,1,530,450
1,1,1,518,450
1,1,1,504,450
1,1,1,521,450
1,1,1,504,450
1,1,1,494,450
1,1,1,505,450
1,1,1,513,450
1,1,1,504,450
1,1,1,521,450
1,1,1,529,450
1,1,1,520,450
1,1,1,505,450
1,1,1,518,450
1,1,1,526,450
1,1,1,452,450
1,1,1,525,450
1,1,1,508,450
1,1,1,531,450
1,1,1,531,450
1,1,1,527,450
1,1,1,527,450
1,1,1,495,450
1,1,1,528,450
1,1,1,493,450
1,1,1,507,450
1,1,1,491,450
1,1,1,527,450
1,1,1,493,450
1,1,1,528,450
1,1,1,516,450
1,1,1,526,450
1,1,1,494,450
1,1,1,528,450
1,1,1,494,450
1,1,1,508,450
1,1,1,494,450
1,1,1,526,450
1,1,1,491,450
1,1,1,528,450
1,1,1,541,450
1,1,1,487,450
1,1,1,487,450
1,1,1,505,450
1,1,1,513,450
1,1,1,513,450
1,1,1,511,450
1,1,1,519,450
1,1,1,512,450
1,1,1,515,450
1,1,1,458,450
1,1,1,516,450
1,1,1,510,450
1,1,1,536,450
1,1,1,523,450
1,1,1,532,450
1,1,1,530,450
1,1,1,537,450
1,1,1,508,450
1,1,1,528,450
1,1,1,511,450
1,1,1,513,450
1,1,1,518,450
1,1,1,537,450
1,1,1,515,450
1,1,1,536,450
1,1,1,536,450
1,1,1,529,450
1,1,1,505,450
1,1,1,530,450
1,1,1,520,450
1,1,1,500,450
1,1,1,525,450
1,1,1,501,450
1,1,1,524,450
1,1,1,530,450
1,1,1,523,450
1,1,1,506,450
1,1,1,518,450
1,1,1,502,450
1,1,1,495,450
1,1,1,503,450
1,1,1,520,450
1,1,1,501,450
1,1,1,520,450
1,1,1,528,450
1,1,1,521,450
1,1,1,507,450
1,1,1,519,450
1,1,1,502,450
1,1,1,505,450
1,1,1,506,450
1,1,1,516,450
1,1,1,522,450
1,1,1,522,450
1,1,1,425,450
1,1,1,530,450
1,1,1,494,450
1,1,1,526,450
1,1,1,495,450
1,1,1,492,450
1,1,1,509,450
1,1,1,534,450
1,1,1,527,450
1,1,1,508,450
1,1,1,537,450
1,1,1,536,450
1,1,1,514,450
1,1,1,521,450
1,1,1,538,450
1,1,1,515,450
1,1,1,514,450
1,1,1,536,450
1,1,1,521,450
1,1,1,509,450
1,1,1,514,450
1,1,1,517,450
1,1,1,534,450
1,1,1,518,450
1,1,1,506,450
1,1,1,534,450
1,1,0,601,450
1,1,0,692,450
1,1,0,685,450
1,1,0,680,450
1,1,1,671,450
1,1,1,490,450
1,1,1,514,450
1,1,1,536,450
1,1,1,512,450
1,1,1,417,450
1,1,1,523,450
1,1,1,535,450
1,1,1,532,450
1,1,1,521,450
1,1,1,431,450
1,1,1,556,450
1,1,1,533,450
1,1,1,538,450
1,1,1,552,450
1,1,1,554,450
1,1,1,544,450
1,1,1,548,450
1,1,1,532,450
1,1,1,551,450
1,1,1,544,450
1,1,1,540,450
1,1,1,553,450
1,1,1,535,450
1,1,1,539,450
1,1,1,534,450
1,1,1,530,450
1,1,1,544,450
1,1,1,551,450
1,1,1,533,450
1,1,1,538,450
1,1,1,540,450
1,1,1,519,450
1,1,1,546,450
1,1,1,525,450
1,1,1,533,450
1,1,1,533,450
1,1,1,523,450
1,1,1,547,450
1,1,1,520,450
1,1,1,536,450
1,1,1,526,450
1,1,1,526,450
1,1,1,541,450
1,1,1,520,450
1,1,1,541,450
1,1,1,522,450
1,1,1,535,450
1,1,1,532,450
1,1,1,523,450
1,1,1,534,450
1,1,1,538,450
1,1,1,515,450
1,1,1,521,450
1,1,1,538,450
1,1,1,513,450
1,1,1,515,450
1,1,1,536,450
1,1,1,526,450
1,1,1,507,450
1,1,1,530,450
1,1,1,533,450
1,1,1,511,450
1,1,1,526,450
1,1,1,538,450
1,1,1,520,450
1,1,1,522,450
1,1,1,538,450
1,1,1,518,450
1,1,1,513,450
1,1,1,548,450
1,1,1,519,450
1,1,1,503,450
1,1,1,523,450
1,1,1,508,450
1,1,1,518,450
1,1,1,507,450
1,1,1,522,450
1,1,1,506,450
1,1,1,521,450
1,1,1,504,450
1,1,1,523,450
1,1,1,501,450
1,1,1,520,450
1,1,1,509,450
1,1,1,523,450
1,1,1,508,450
1,1,1,523,450
1,1,1,507,450
1,1,1,517,450
1,1,1,542,450
1,1,1,484,450
1,1,1,483,450
1,1,1,504,450
1,1,1,513,450
1,1,1,439,450
1,1,1,529,450
1,1,1,498,450
1,1,1,529,450
1,1,1,498,450
1,1,1,504,450
1,1,1,518,450
1,1,1,536,450
1,1,1,514,450
1,1,1,509,450
1,1,1,525,450
1,1,1,525,450
1,1,1,505,450
1,1,1,531,450
1,1,1,531,450
1,1,1,526,450
1,1,1,526,450
1,1,1,539,450
1,1,1,513,450
1,1,1,522,450
1,1,1,515,450
1,1,1,517,450
1,1,1,515,450
1,1,1,534,450
1,1,1,522,450
1,1,1,518,450
1,1,1,512,450
1,1,1,519,450
1,1,1,515,450
1,1,1,513,450
1,1,1,499,450
1,1,1,512,450
1,1,1,512,450
1,1,1,516,450
1,1,1,512,450
1,1,1,523,450
1,1,1,517,450
1,1,1,517,450
1,1,1,513,450
1,1,1,513,450
1,1,1,500,450
1,1,1,512,450
1,1,1,517,450
1,1,1,515,450
1,1,1,515,450
1,1,1,512,450
1,1,1,520,450
1,1,1,511,450
1,1,1,489,450
1,1,1,483,450
1,1,1,477,450
1,1,1,502,450
1,1,1,526,450
1,1,1,500,450
1,1,1,522,450
1,1,1,411,450
1,1,1,535,450
1,1,1,528,450
1,1,1,505,450
1,1,1,531,450
1,1,1,510,450
1,1,1,507,450
1,1,1,523,450
1,1,1,538,450
1,1,1,513,450
1,1,1,538,450
1,1,1,538,450
1,1,1,519,450
1,1,1,509,450
1,1,1,536,450
1,1,1,507,450
1,1,1,507,450
1,1,1,533,450
1,1,1,533,450
1,1,1,509,450
1,1,1,548,450
1,1,1,529,450
1,1,1,494,450
1,1,1,527,450
1,1,1,495,450
1,1,1,510,450
1,1,1,492,450
1,1,1,530,450
1,1,1,492,450
1,1,1,529,450
1,1,1,522,450
1,1,1,528,450
1,1,1,495,450
1,1,1,528,450
1,1,1,493,450
1,1,1,508,450
1,1,1,495,450
1,1,1,530,450
1,1,1,494,450
1,1,1,505,450
1,1,1,411,450
1,1,1,535,450
1,1,1,529,450
1,1,1,505,450
1,1,1,532,450
1,1,1,509,450
1,1,1,510,450
1,1,1,511,450
1,1,1,516,450
1,1,1,512,450
1,1,1,498,450
1,1,1,515,450
1,1,1,507,450
1,1,1,515,450
1,1,1,513,450
1,1,1,524,450
1,1,1,512,450
1,1,1,515,450
1,1,1,511,450
1,1,1,512,450
1,1,1,501,450
1,1,1,513,450
1,1,1,509,450
1,1,1,512,450
1,1,1,514,450
1,1,1,512,450
1,1,1,519,450
1,1,1,506,450
1,1,1,491,450
1,1,1,484,450
1,1,1,477,450
1,1,1,501,450
1,1,1,520,450
1,1,1,501,450
1,1,1,525,450
1,1,1,408,450
1,1,1,535,450
1,1,1,525,450
1,1,1,508,450
1,1,1,529,450
1,1,1,510,450
1,1,1,508,450
1,1,1,519,450
1,1,1,537,450
1,1,1,513,450
1,1,1,538,450
1,1,1,536,450
1,1,1,517,450
1,1,1,510,450
1,1,1,534,450
1,1,1,505,450
1,1,1,505,450
1,1,1,526,450
1,1,1,533,450
1,1,1,508,450
1,1,1,548,450
1,1,1,527,450
1,1,1,496,450
1,1,1,530,450
1,1,1,494,450
1,1,1,505,450
1,1,1,495,450
1,1,1,527,450
1,1,1,494,450
1,1,1,529,450
1,1,1,525,450
1,1,1,529,450
1,1,1,498,450
1,1,1,527,450
1,1,1,497,450
1,1,1,504,450
1,1,1,495,450
1,1,1,526,450
1,1,1,496,450
1,1,1,530,450
1,1,1,544,450
1,1,1,486,450
1,1,1,483,450
1,1,1,498,450
1,1,1,510,450
1,1,1,509,450
1,1,1,513,450
1,1,1,527,450
1,1,1,513,450
1,1,1,517,450
1,1,1,456,450
1,1,1,520,450
1,1,1,505,450
1,1,1,533,450
1,1,1,527,450
1,1,1,529,450
1,1,1,528,450
1,1,1,537,450
1,1,1,509,450
1,1,1,520,450
1,1,1,516,450
1,1,1,516,450
1,1,1,515,450
1,1,1,536,450
1,1,1,536,450
1,1,1,513,450
1,1,1,515,450
1,1,1,512,450
1,1,1,537,450
1,1,1,518,450
1,1,1,545,450
1,1,0,607,450
1,1,0,698,450
1,1,0,687,450
1,1,0,673,450
1,1,1,637,450
1,1,1,517,450
1,1,1,501,450
1,1,1,520,450
1,1,1,536,450
1,1,1,510,450
1,1,1,542,450
1,1,1,519,450
1,1,1,544,450
1,1,1,525,450
1,1,1,520,450
1,1,1,550,450
1,1,1,535,450
1,1,1,550,450
1,1,1,543,450
1,1,1,548,450
1,1,1,555,450
1,1,1,537,450
1,1,1,540,450
1,1,1,554,450
1,1,1,555,450
1,1,1,545,450
1,1,1,546,450
1,1,1,533,450
1,1,1,550,450
1,1,1,544,450
1,1,1,538,450
1,1,1,555,450
1,1,1,539,450
1,1,1,537,450
1,1,1,550,450
1,1,1,544,450
1,1,1,524,450
1,1,1,539,450
1,1,1,533,450
1,1,1,518,450
1,1,1,546,450
1,1,1,521,450
1,1,1,541,450
1,1,1,526,450
1,1,1,527,450
1,1,1,542,450
1,1,1,520,450
1,1,1,544,450
1,1,1,524,450
1,1,1,530,450
1,1,1,536,450
1,1,1,523,450
1,1,1,547,450
1,1,1,521,450
1,1,1,522,450
1,1,1,529,450
1,1,1,539,450
1,1,1,509,450
1,1,1,525,450
1,1,1,511,450
1,1,1,512,450
1,1,1,520,450
1,1,1,536,450
1,1,1,517,450
1,1,1,536,450
1,1,1,534,450
1,1,1,531,450
1,1,1,506,450
1,1,1,532,450
1,1,1,507,450
1,1,1,510,450
1,1,1,525,450
1,1,1,537,450
1,1,1,512,450
1,1,1,532,450
1,1,1,533,450
1,1,1,499,450
1,1,1,527,450
1,1,1,497,450
1,1,1,500,450
1,1,1,497,450
1,1,1,532,450
1,1,1,498,450
1,1,1,532,450
1,1,1,532,450
1,1,1,528,450
1,1,1,497,450
1,1,1,530,450
1,1,1,496,450
1,1,1,501,450
1,1,1,497,450
1,1,1,530,450
1,1,1,499,450
1,1,1,500,450
1,1,1,518,450
1,1,1,518,450
1,1,1,501,450
1,1,1,483,450
1,1,1,486,450
1,1,1,518,450
1,1,1,494,450
1,1,1,485,450
1,1,1,488,450
1,1,1,501,450
1,1,1,500,450
1,1,1,499,450
1,1,1,530,450
1,1,1,501,450
1,1,1,530,450
1,1,1,441,450
1,1,1,534,450
1,1,1,507,450
1,1,1,525,450
1,1,1,538,450
1,1,1,521,450
1,1,1,518,450
1,1,1,535,450
1,1,1,514,450
1,1,1,514,450
1,1,1,523,450
1,1,1,524,450
1,1,1,506,450
1,1,1,530,450
1,1,1,531,450
1,1,1,508,450
1,1,1,507,450
1,1,1,530,450
1,1,1,507,450
1,1,1,521,450
1,1,1,504,450
1,1,1,522,450
1,1,1,511,450
1,1,1,522,450
1,1,1,506,450
1,1,1,520,450
1,1,1,507,450
1,1,1,531,450
1,1,1,507,450
1,1,1,524,450
1,1,1,505,450
1,1,1,523,450
1,1,1,505,450
1,1,1,525,450
1,1,1,511,450
1,1,1,507,450
1,1,1,519,450
1,1,1,522,450
1,1,1,495,450
1,1,1,485,450
1,1,1,484,450
1,1,1,502,450
1,1,1,512,450
1,1,1,520,450
1,1,1,521,450
1,1,1,421,450
1,1,1,529,450
1,1,1,499,450
1,1,1,530,450
1,1,1,497,450
1,1,1,489,450
1,1,1,506,450
1,1,1,529,450
1,1,1,534,450
1,1,1,507,450
1,1,1,537,450
1,1,1,537,450
1,1,1,513,450
1,1,1,520,450
1,1,1,537,450
1,1,1,514,450
1,1,1,514,450
1,1,1,534,450
1,1,1,522,450
1,1,1,506,450
1,1,1,550,450
1,1,1,530,450
1,1,1,497,450
1,1,1,529,450
1,1,1,500,450
1,1,1,514,450
1,1,1,499,450
1,1,1,530,450
1,1,1,500,450
1,1,1,531,450
1,1,1,515,450
1,1,1,530,450
1,1,1,497,450
1,1,1,532,450
1,1,1,498,450
1,1,1,520,450
1,1,1,500,450
1,1,1,530,450
1,1,1,500,450
1,1,1,513,450
1,1,1,419,450
1,1,1,538,450
1,1,1,523,450
1,1,1,510,450
1,1,1,533,450
1,1,1,505,450
1,1,1,520,450
1,1,1,507,450
1,1,1,522,450
1,1,1,505,450
1,1,1,498,450
1,1,1,506,450
1,1,1,515,450
1,1,1,506,450
1,1,1,524,450
1,1,1,529,450
1,1,1,520,450
1,1,1,508,450
1,1,1,519,450
1,1,1,504,450
1,1,1,497,450
1,1,1,504,450
1,1,1,520,450
1,1,1,507,450
1,1,1,518,450
1,1,1,520,450
1,1,1,514,450
1,1,1,493,450
1,1,1,483,450
1,1,1,487,450
1,1,1,489,450
1,1,1,499,450
1,1,1,527,450
1,1,1,497,450
1,1,1,528,450
1,1,1,530,450
1,1,1,528,450
1,1,1,497,450
1,1,1,530,450
1,1,1,496,450
1,1,1,500,450
1,1,1,498,450
1,1,1,526,450
1,1,1,498,450
1,1,1,529,450
1,1,1,531,450
1,1,1,528,450
1,1,1,497,450
1,1,1,528,450
1,1,1,497,450
1,1,1,498,450
1,1,1,515,450
1,1,1,522,450
1,1,1,524,450
1,1,1,502,450
1,1,1,442,450
1,1,1,532,450
1,1,1,501,450
1,1,1,530,450
1,1,1,496,450
1,1,1,501,450
1,1,1,516,450
1,1,1,535,450
1,1,1,521,450
1,1,1,504,450
1,1,1,524,450
1,1,1,526,450
1,1,1,509,450
1,1,1,529,450
1,1,1,538,450
1,1,1,523,450
1,1,1,523,450
1,1,1,536,450
1,1,1,514,450
1,1,1,513,450
1,1,1,520,450
1,1,1,519,450
1,1,1,509,450
1,1,1,531,450
1,1,1,524,450
1,1,1,513,450
1,1,1,510,450
1,1,1,526,450
1,1,1,513,450
1,1,1,519,450
1,1,1,506,450
1,1,1,521,450
1,1,1,510,450
1,1,1,516,450
1,1,1,512,450
1,1,1,523,450
1,1,1,510,450
1,1,1,526,450
1,1,1,512,450
1,1,1,516,450
1,1,1,504,450
1,1,1,516,450
1,1,1,511,450
1,1,1,518,450
1,1,1,506,450
1,1,1,501,450
1,1,1,513,450
1,1,1,533,450
1,1,1,523,450
1,1,1,506,450
1,1,1,534,450
1,1,0,599,450
1,1,0,692,450
1,1,0,686,450
1,1,0,679,450
1,1,1,673,450
1,1,1,493,450
1,1,1,512,450
1,1,1,534,450
1,1,1,509,450
1,1,1,419,450
1,1,1,525,450
1,1,1,534,450
1,1,1,534,450
1,1,1,522,450
1,1,1,432,450
1,1,1,556,450
1,1,1,532,450
1,1,1,539,450
1,1,1,551,450
1,1,1,555,450
1,1,1,545,450
1,1,1,550,450
1,1,1,531,450
1,1,1,551,450
1,1,1,544,450
1,1,1,533,450
1,1,1,552,450
1,1,1,536,450
1,1,1,541,450
1,1,1,534,450
1,1,1,530,450
1,1,1,546,450
1,1,1,549,450
1,1,1,535,450
1,1,1,538,450
1,1,1,542,450
1,1,1,522,450
1,1,1,546,450
1,1,1,524,450
1,1,1,532,450
1,1,1,536,450
1,1,1,526,450
1,1,1,548,450
1,1,1,524,450
1,1,1,540,450
1,1,1,530,450
1,1,1,526,450
1,1,1,543,450
1,1,1,519,450
1,1,1,545,450
1,1,1,526,450
1,1,1,537,450
1,1,1,533,450
1,1,1,528,450
1,1,1,539,450
1,1,1,537,450
1,1,1,515,450
1,1,1,518,450
1,1,1,536,450
1,1,1,512,450
1,1,1,512,450
1,1,1,539,450
1,1,1,524,450
1,1,1,506,450
1,1,1,531,450
1,1,1,530,450
1,1,1,510,450
1,1,1,525,450
1,1,1,539,450
1,1,1,520,450
1,1,1,518,450
1,1,1,538,450
1,1,1,516,450
1,1,1,511,450
1,1,1,549,450
1,1,1,527,450
1,1,1,504,450
1,1,1,522,450
1,1,1,508,450
1,1,1,520,450
1,1,1,510,450
1,1,1,522,450
1,1,1,510,450
1,1,1,522,450
1,1,1,507,450
1,1,1,525,450
1,1,1,504,450
1,1,1,527,450
1,1,1,507,450
1,1,1,521,450
1,1,1,508,450
1,1,1,526,450
1,1,1,510,450
1,1,1,520,450
1,1,1,541,450
1,1,1,484,450
1,1,1,482,450
1,1,1,503,450
1,1,1,517,450
1,1,1,489,450
1,1,1,488,450
1,1,1,504,450
1,1,1,517,450
1,1,1,523,450
1,1,1,401,450
1,1,1,519,450
1,1,1,511,450
1,1,1,519,450
1,1,1,508,450
1,1,1,470,450
1,1,1,513,450
1,1,1,517,450
1,1,1,536,450
1,1,1,519,450
1,1,1,536,450
1,1,1,536,450
1,1,1,528,450
1,1,1,505,450
1,1,1,530,450
1,1,1,509,450
1,1,1,508,450
1,1,1,528,450
1,1,1,538,450
1,1,1,511,450
1,1,1,531,450
1,1,1,531,450
1,1,1,497,450
1,1,1,528,450
1,1,1,499,450
1,1,1,500,450
1,1,1,497,450
1,1,1,527,450
1,1,1,497,450
1,1,1,526,450
1,1,1,530,450
1,1,1,529,450
1,1,1,499,450
1,1,1,529,450
1,1,1,497,450
1,1,1,500,450
1,1,1,497,450
1,1,1,529,450
1,1,1,499,450
1,1,1,530,450
1,1,1,543,450
1,1,1,492,450
1,1,1,487,450
1,1,1,498,450
1,1,1,511,450
1,1,1,514,450
1,1,1,525,450
1,1,1,515,450
1,1,1,495,450
1,1,1,488,450
1,1,1,469,450
1,1,1,506,450
1,1,1,517,450
1,1,1,508,450
1,1,1,519,450
1,1,1,523,450
1,1,1,534,450
1,1,1,523,450
1,1,1,504,450
1,1,1,529,450
1,1,1,509,450
1,1,1,509,450
1,1,1,519,450
1,1,1,537,450
1,1,1,511,450
1,1,1,537,450
1,1,1,537,450
1,1,1,514,450
1,1,1,512,450
1,1,1,536,450
1,1,1,515,450
1,1,1,496,450
1,1,1,526,450
1,1,1,497,450
1,1,1,527,450
1,1,1,530,450
1,1,1,527,450
1,1,1,496,450
1,1,1,531,450
1,1,1,499,450
1,1,1,501,450
1,1,1,496,450
1,1,1,525,450
1,1,1,497,450
1,1,1,530,450
1,1,1,531,450
1,1,1,529,450
1,1,1,499,450
1,1,1,530,450
1,1,1,531,450
1,1,1,470,450
1,1,1,516,450
1,1,1,514,450
1,1,1,536,450
1,1,1,518,450
1,1,1,547,450
1,1,1,517,450
1,1,1,512,450
1,1,1,513,450
1,1,1,514,450
1,1,1,528,450
1,1,1,514,450
1,1,1,521,450
1,1,1,517,450
1,1,1,516,450
1,1,1,499,450
1,1,1,516,450
1,1,1,513,450
1,1,1,517,450
1,1,1,512,450
1,1,1,526,450
1,1,1,517,450
1,1,1,521,450
1,1,1,514,450
1,1,1,515,450
1,1,1,521,450
1,1,1,496,450
1,1,1,511,450
1,1,1,520,450
1,1,1,525,450
1,1,1,409,450
1,1,1,525,450
1,1,1,502,450
1,1,1,526,450
1,1,1,500,450
1,1,1,493,450
1,1,1,501,450
1,1,1,525,450
1,1,1,500,450
1,1,1,527,450
1,1,1,531,450
1,1,1,523,450
1,1,1,504,450
1,1,1,526,450
1,1,1,503,450
1,1,1,494,450
1,1,1,501,450
1,1,1,524,450
1,1,1,501,450
1,1,1,524,450
1,1,1,527,450
1,1,1,499,450
1,1,1,489,450
1,1,1,487,450
1,1,1,503,450
1,1,1,504,450
1,1,1,499,450
1,1,1,530,450
1,1,1,501,450
1,1,1,531,450
1,1,1,436,450
1,1,1,537,450
1,1,1,514,450
1,1,1,519,450
1,1,1,537,450
1,1,1,514,450
1,1,1,513,450
1,1,1,535,450
1,1,1,520,450
1,1,1,505,450
1,1,1,527,450
1,1,1,527,450
1,1,1,507,450
1,1,1,527,450
1,1,1,537,450
1,1,1,524,450
1,1,1,521,450
1,1,1,539,450
1,1,1,513,450
1,1,1,516,450
1,1,1,547,450
1,1,1,516,450
1,1,1,506,450
1,1,1,517,450
1,1,1,510,450
1,1,1,523,450
1,1,1,510,450
1,1,1,517,450
1,1,1,512,450
1,1,1,519,450
1,1,1,504,450
1,1,1,519,450
1,1,1,506,450
1,1,1,518,450
1,1,1,509,450
1,1,1,523,450
1,1,1,514,450
1,1,1,517,450
1,1,1,510,450
1,1,1,520,450
1,1,1,541,450
1,1,1,487,450
1,1,1,486,450
1,1,1,506,450
1,1,1,517,450
1,1,1,444,450
1,1,0,608,450
1,1,0,693,450
1,1,0,683,450
1,1,0,679,450
1,1,1,660,450
1,1,1,502,450
1,1,1,498,450
1,1,1,531,450
1,1,1,523,450
1,1,1,523,450
1,1,1,529,450
1,1,1,529,450
1,1,1,543,450
1,1,1,520,450
1,1,1,535,450
1,1,1,556,450
1,1,1,533,450
1,1,1,537,450
1,1,1,553,450
1,1,1,554,450
1,1,1,544,450
1,1,1,549,450
1,1,1,532,450
1,1,1,551,450
1,1,1,544,450
1,1,1,539,450
1,1,1,553,450
1,1,1,535,450
1,1,1,537,450
1,1,1,535,450
1,1,1,530,450
1,1,1,545,450
1,1,1,549,450
1,1,1,533,450
1,1,1,538,450
1,1,1,541,450
1,1,1,520,450
1,1,1,545,450
1,1,1,524,450
1,1,1,531,450
1,1,1,537,450
1,1,1,527,450
1,1,1,548,450
1,1,1,522,450
1,1,1,542,450
1,1,1,530,450
1,1,1,528,450
1,1,1,544,450
1,1,1,520,450
1,1,1,545,450
1,1,1,524,450
1,1,1,536,450
1,1,1,536,450
1,1,1,523,450
1,1,1,537,450
1,1,1,539,450
1,1,1,515,450
1,1,1,523,450
1,1,1,537,450
1,1,1,516,450
1,1,1,513,450
1,1,1,534,450
1,1,1,526,450
1,1,1,508,450
1,1,1,531,450
1,1,1,532,450
1,1,1,512,450
1,1,1,526,450
1,1,1,537,450
1,1,1,521,450
1,1,1,522,450
1,1,1,538,450
1,1,1,518,450
1,1,1,512,450
1,1,1,549,450
1,1,1,523,450
1,1,1,504,450
1,1,1,521,450
1,1,1,508,450
1,1,1,520,450
1,1,1,509,450
1,1,1,521,450
1,1,1,507,450
1,1,1,523,450
1,1,1,507,450
1,1,1,521,450
1,1,1,503,450
1,1,1,523,450
1,1,1,507,450
1,1,1,523,450
1,1,1,510,450
1,1,1,521,450
1,1,1,508,450
1,1,1,519,450
1,1,1,536,450
1,0,1,551,450
1,0,1,546,450
1,0,1,565,450
1,0,1,578,450
1,0,1,548,450
1,0,1,543,450
1,0,1,552,450
1,0,1,565,450
1,0,1,577,450
1,0,1,581,450
1,0,1,573,450
1,0,1,561,450
1,0,1,544,450
1,0,1,544,450
1,0,1,569,450
1,0,1,575,450
1,0,1,583,450
1,0,1,583,450
1,0,1,565,450
1,0,1,564,450
1,0,1,520,450
1,0,1,558,450
1,0,1,569,450
1,0,1,525,450
1,0,1,571,450
1,0,1,571,450
1,0,1,530,450
1,0,1,544,450
1,0,1,571,450
1,0,1,535,450
1,0,1,537,450
1,0,1,564,450
1,0,1,547,450
1,0,1,527,450
1,0,1,563,450
1,0,1,559,450
1,0,1,521,450
1,0,1,557,450
1,0,1,568,450
1,0,1,534,450
1,0,1,514,450
1,0,1,508,450
1,0,1,521,450
1,0,1,536,450
1,0,1,517,450
1,0,1,554,450
1,0,1,557,450
1,0,1,544,450
1,0,1,523,450
1,0,1,555,450
1,0,1,510,450
1,0,1,522,450
1,0,1,541,450
1,0,1,550,450
1,0,1,508,450
1,0,1,555,450
1,0,1,532,450
1,0,1,517,450
1,0,1,504,450
1,0,1,582,450
1,0,1,545,450
1,0,1,515,450
1,0,1,508,450
1,0,1,541,450
1,0,1,521,450
1,0,1,544,450
1,0,1,526,450
1,0,1,501,450
1,0,1,547,450
1,0,1,514,450
1,0,1,529,450
1,0,1,527,450
1,0,1,495,450
1,0,1,544,450
1,0,1,502,450
1,0,1,519,450
1,0,1,535,450
1,0,1,488,450
1,0,1,544,450
1,0,1,524,450
1,0,1,480,450
1,0,1,511,450
1,0,1,531,450
1,0,1,530,450
1,0,1,503,450
1,0,1,497,450
1,0,1,474,450
1,0,1,494,450
1,0,1,530,450
1,0,1,529,450
1,0,1,525,450
1,0,1,500,450
1,0,1,479,450
1,0,1,487,450
1,0,1,534,450
1,0,1,532,450
1,0,1,526,450
1,0,1,508,450
1,0,1,488,450
1,0,1,440,450
1,0,1,532,450
1,0,1,524,450
1,0,1,493,450
1,0,1,544,450
1,0,1,421,450
1,0,1,530,450
1,0,1,544,450
1,0,1,551,450
1,0,1,553,450
1,0,1,528,450
1,0,1,518,450
1,0,1,508,450
1,0,1,508,450
1,0,1,521,450
1,0,1,568,450
1,0,1,518,450
1,0,1,533,450
1,0,1,488,450
1,0,1,541,450
1,0,1,491,450
1,0,1,509,450
1,0,1,536,450
1,0,1,492,450
1,0,1,538,450
1,0,1,489,450
1,0,1,498,450
1,0,1,540,450
1,0,1,502,450
1,0,1,528,450
1,0,1,490,450
1,0,1,492,450
1,0,1,540,450
1,0,1,506,450
1,0,1,521,450
1,0,1,489,450
1,0,1,485,450
1,0,1,479,450
1,0,1,509,450
1,0,1,529,450
1,0,1,521,450
1,0,1,511,450
1,0,1,489,450
1,0,1,472,450
1,0,1,495,450
1,0,1,530,450
1,0,1,537,450
1,0,1,490,450
1,0,1,539,450
1,0,1,524,450
1,0,1,405,450
1,0,1,515,450
1,0,1,523,450
1,0,1,541,450
1,0,1,549,450
1,0,1,512,450
1,0,1,539,450
1,0,1,519,450
1,0,1,503,450
1,0,1,502,450
1,0,1,549,450
1,0,1,530,450
1,0,1,542,450
1,0,1,550,450
1,0,1,551,450
1,0,1,513,450
1,0,1,508,450
1,0,1,511,450
1,0,1,534,450
1,0,1,488,450
1,0,1,527,450
1,0,1,519,450
1,0,1,506,450
1,0,1,536,450
1,0,1,494,450
1,0,1,532,450
1,0,1,527,450
1,0,1,489,450
1,0,1,540,450
1,0,1,504,450
1,0,1,536,450
1,0,1,526,450
1,0,1,488,450
1,0,1,539,450
1,0,1,513,450
1,0,1,531,450
1,0,1,527,450
1,0,1,515,450
1,0,1,496,450
1,0,1,471,450
1,0,1,416,450
1,0,1,539,450
1,0,1,504,450
1,0,1,512,450
1,0,1,532,450
1,0,1,426,450
1,0,1,530,450
1,0,1,541,450
1,0,1,547,450
1,0,1,540,450
1,0,1,418,450
1,0,1,563,450
1,0,1,533,450
1,0,1,532,450
1,0,1,559,450
1,0,1,555,450
1,0,0,645,450
1,0,0,800,450
1,0,0,794,450
1,0,0,788,450
1,0,1,789,450
1,0,1,542,450
1,0,1,556,450
1,0,1,514,450
1,0,1,544,450
1,0,1,526,450
1,0,1,523,450
1,0,1,537,450
1,0,1,559,450
1,0,1,529,450
1,0,1,544,450
1,0,1,503,450
1,0,1,516,450
1,0,1,532,450
1,0,1,543,450
1,0,1,502,450
1,0,1,545,450
1,0,1,524,450
1,0,1,507,450
1,0,1,500,450
1,0,1,547,450
1,0,1,529,450
1,0,1,537,450
1,0,1,547,450
1,0,1,549,450
1,0,1,522,450
1,0,1,516,450
1,0,1,503,450
1,0,1,504,450
1,0,1,520,450
1,0,1,560,450
1,0,1,512,450
1,0,1,529,450
1,0,1,483,450
1,0,1,535,450
1,0,1,489,450
1,0,1,501,450
1,0,1,531,450
1,0,1,488,450
1,0,1,536,450
1,0,1,484,450
1,0,1,491,450
1,0,1,537,450
1,0,1,499,450
1,0,1,523,450
1,0,1,486,450
1,0,1,487,450
1,0,1,538,450
1,0,1,504,450
1,0,1,512,450
1,0,1,484,450
1,0,1,483,450
1,0,1,478,450
1,0,1,503,450
1,0,1,528,450
1,0,1,505,450
1,0,1,509,450
1,0,1,501,450
1,0,1,534,450
1,0,1,489,450
1,0,1,519,450
1,0,1,501,450
1,0,1,497,450
1,0,1,517,450
1,0,1,533,450
1,0,1,501,450
1,0,1,544,450
1,0,1,544,450
1,0,1,523,450
1,0,1,507,450
1,0,1,546,450
1,0,1,509,450
1,0,1,516,450
1,0,1,537,450
1,0,1,544,450
1,0,1,507,450
1,0,1,534,450
1,0,1,511,450
1,0,1,500,450
1,0,1,502,450
1,0,1,574,450
1,0,1,533,450
1,0,1,511,450
1,0,1,493,450
1,0,1,534,450
1,0,1,505,450
1,0,1,523,450
1,0,1,524,450
1,0,1,487,450
1,0,1,526,450
1,0,1,410,450
1,0,1,516,450
1,0,1,528,450
1,0,1,539,450
1,0,1,544,450
1,0,1,517,450
1,0,1,540,450
1,0,1,556,450
1,0,1,519,450
1,0,1,532,450
1,0,1,531,450
1,0,1,527,450
1,0,1,519,450
1,0,1,553,450
1,0,1,535,450
1,0,1,550,450
1,0,1,550,450
1,0,1,545,450
1,0,1,509,450
1,0,1,544,450
1,0,1,539,450
1,0,1,545,450
1,0,1,540,450
1,0,1,513,450
1,0,1,497,450
1,0,1,543,450
1,0,1,517,450
1,0,1,531,450
1,0,1,538,450
1,0,1,545,450
1,0,1,514,450
1,0,1,521,450
1,0,1,507,450
1,0,1,493,450
1,0,1,507,450
1,0,1,528,450
1,0,1,533,450
1,0,1,542,450
1,0,1,544,450
1,0,1,530,450
1,0,1,520,450
1,0,1,513,450
1,0,1,495,450
1,0,1,531,450
1,0,1,495,450
1,0,1,530,450
1,0,1,519,450
1,0,1,483,450
1,0,1,532,450
1,0,1,502,450
1,0,1,530,450
1,0,1,524,450
1,0,1,482,450
1,0,1,533,450
1,0,1,505,450
1,0,1,531,450
1,0,1,505,450
1,0,1,524,450
1,0,1,533,450
1,0,1,540,450
1,0,1,503,450
1,0,1,530,450
1,0,1,514,450
1,0,1,497,450
1,0,1,499,450
1,0,1,571,450
1,0,1,528,450
1,0,1,513,450
1,0,1,491,450
1,0,1,530,450
1,0,1,433,450
1,0,1,534,450
1,0,1,538,450
1,0,1,542,450
1,0,1,533,450
1,0,1,529,450
1,0,1,495,450
1,0,1,495,450
1,0,1,511,450
1,0,1,530,450
1,0,1,497,450
1,0,1,540,450
1,0,1,541,450
1,0,1,520,450
1,0,1,503,450
1,0,1,541,450
1,0,1,505,450
1,0,1,517,450
1,0,1,533,450
1,0,1,540,450
1,0,1,496,450
1,0,1,483,450
1,0,1,533,450
1,0,1,512,450
1,0,1,491,450
1,0,1,507,450
1,0,1,494,450
1,0,1,522,450
1,0,1,521,450
1,0,1,509,450
1,0,1,470,450
1,0,1,545,450
1,0,1,539,450
1,0,1,512,450
1,0,1,497,450
1,0,1,430,450
1,0,1,556,450
1,0,1,511,450
1,0,1,536,450
1,0,1,555,450
1,0,1,527,450
1,0,1,532,450
1,0,1,552,450
1,0,1,522,450
1,0,1,521,450
1,0,1,539,450
1,0,1,535,450
1,0,1,516,450
1,0,1,549,450
1,0,1,544,450
1,0,1,527,450
1,0,1,499,450
1,0,1,495,450
1,0,1,516,450
1,0,1,528,450
1,0,1,502,450
1,0,1,544,450
1,0,1,541,450
1,0,1,521,450
1,0,1,502,450
1,0,1,545,450
1,0,1,508,450
1,0,1,518,450
1,0,1,537,450
1,0,1,542,450
1,0,1,506,450
1,0,1,531,450
1,0,1,511,450
1,0,1,499,450
1,0,1,500,450
1,0,1,574,450
1,0,1,530,450
1,0,1,512,450
1,0,1,490,450
1,0,1,535,450
1,0,1,503,450
1,0,1,521,450
1,0,1,521,450
1,0,1,487,450
1,0,1,535,450
1,0,1,494,450
1,0,1,510,450
1,0,1,522,450
1,0,1,481,450
1,0,1,534,450
1,0,1,488,450
1,0,1,500,450
1,0,1,532,450
1,0,1,486,450
1,0,1,533,450
1,0,1,510,450
1,0,1,471,450
1,0,1,501,450
1,0,1,525,450
1,0,1,523,450
1,0,1,490,450
1,0,1,491,450
1,0,1,531,450
1,0,1,517,450
1,0,1,487,450
1,0,1,503,450
1,0,1,516,450
1,0,1,511,450
1,0,1,495,450
1,0,1,511,450
1,0,1,445,450
1,0,1,543,450
1,0,1,513,450
1,0,1,546,450
1,0,1,553,450
1,0,1,539,450
1,0,1,543,450
1,0,1,557,450
1,0,1,515,450
1,0,1,536,450
1,0,1,523,450
1,0,1,522,450
1,0,1,529,450
1,0,1,557,450
1,0,1,531,450
1,0,1,551,450
1,0,1,552,450
1,0,1,549,450
1,0,1,512,450
1,0,1,548,450
1,0,1,535,450
1,0,1,545,450
1,0,1,530,450
1,0,1,508,450
1,0,1,525,450
1,0,1,498,450
1,0,1,547,450
1,0,1,544,450
1,0,1,516,450
1,0,1,501,450
1,0,1,544,450
1,0,0,624,450
1,0,0,805,450
1,0,0,796,450
1,0,0,787,450
1,0,1,789,450
1,0,1,510,450
1,0,1,526,450
1,0,1,538,450
1,0,1,545,450
1,0,1,501,450
1,0,1,498,450
1,0,1,521,450
1,0,1,525,450
1,0,1,487,450
1,0,1,514,450
1,0,1,505,450
1,0,1,516,450
1,0,1,532,450
1,0,1,483,450
1,0,1,519,450
1,0,1,513,450
1,0,1,498,450
1,0,1,531,450
1,0,1,487,450
1,0,1,529,450
1,0,1,520,450
1,0,1,498,450
1,0,1,536,450
1,0,1,495,450
1,0,1,530,450
1,0,1,521,450
1,0,1,488,450
1,0,1,535,450
1,0,1,505,450
1,0,1,524,450
1,0,1,525,450
1,0,1,509,450
1,0,1,492,450
1,0,1,472,450
1,0,1,411,450
1,0,1,537,450
1,0,1,502,450
1,0,1,513,450
1,0,1,529,450
1,0,1,418,450
1,0,1,529,450
1,0,1,532,450
1,0,1,546,450
1,0,1,546,450
1,0,1,526,450
1,0,1,514,450
1,0,1,502,450
1,0,1,504,450
1,0,1,522,450
1,0,1,519,450
1,0,1,542,450
1,0,1,546,450
1,0,1,545,450
1,0,1,525,450
1,0,1,540,450
1,0,1,497,450
1,0,1,514,450
1,0,1,525,450
1,0,1,539,450
1,0,1,517,450
1,0,1,487,450
1,0,1,536,450
1,0,1,506,450
1,0,1,514,450
1,0,1,494,450
1,0,1,483,450
1,0,1,537,450
1,0,1,515,450
1,0,1,501,450
1,0,1,504,450
1,0,1,488,450
1,0,1,537,450
1,0,1,521,450
1,0,1,492,450
1,0,1,511,450
1,0,1,498,450
1,0,1,522,450
1,0,1,522,450
1,0,1,489,450
1,0,1,502,450
1,0,1,508,450
1,0,1,478,450
1,0,1,476,450
1,0,1,500,450
1,0,1,522,450
1,0,1,529,450
1,0,1,484,450
1,0,1,537,450
1,0,1,487,450
1,0,1,512,450
1,0,1,510,450
1,0,1,501,450
1,0,1,512,450
1,0,1,524,450
1,0,1,479,450
1,0,1,515,450
1,0,1,539,450
1,0,1,560,450
1,0,1,521,450
1,0,1,557,450
1,0,1,558,450
1,0,1,535,450
1,0,1,531,450
1,0,1,557,450
1,0,1,513,450
1,0,1,518,450
1,0,1,556,450
1,0,1,551,450
1,0,1,513,450
1,0,1,561,450
1,0,1,559,450
1,0,1,521,450
1,0,1,544,450
1,0,1,561,450
1,0,1,514,450
1,0,1,515,450
1,0,1,502,450
1,0,1,504,450
1,0,1,521,450
1,0,1,522,450
1,0,1,544,450
1,0,1,550,450
1,0,1,547,450
1,0,1,529,450
1,0,1,540,450
1,0,1,500,450
1,0,1,515,450
1,0,1,531,450
1,0,1,540,450
1,0,1,501,450
1,0,1,550,450
1,0,1,547,450
1,0,1,518,450
1,0,1,504,450
1,0,1,545,450
1,0,1,538,450
1,0,1,507,450
1,0,1,513,450
1,0,1,530,450
1,0,1,533,450
1,0,1,537,450
1,0,1,510,450
1,0,1,506,450
1,0,1,535,450
1,0,1,523,450
1,0,1,538,450
1,0,1,521,450
1,0,1,494,450
1,0,1,538,450
1,0,1,511,450
1,0,1,527,450
1,0,1,522,450
1,0,1,490,450
1,0,1,540,450
1,0,1,538,450
1,0,1,484,450
1,0,1,518,450
1,0,1,532,450
1,0,1,526,450
1,0,1,490,450
1,0,1,489,450
1,0,1,481,450
1,0,1,502,450
1,0,1,528,450
1,0,1,515,450
1,0,1,512,450
1,0,1,493,450
1,0,1,473,450
1,0,1,494,450
1,0,1,529,450
1,0,1,537,450
1,0,1,484,450
1,0,1,537,450
1,0,1,519,450
1,0,1,403,450
1,0,1,511,450
1,0,1,526,450
1,0,1,539,450
1,0,1,549,450
1,0,1,510,450
1,0,1,538,450
1,0,1,521,450
1,0,1,503,450
1,0,1,504,450
1,0,1,575,450
1,0,1,537,450
1,0,1,520,450
1,0,1,495,450
1,0,1,527,450
1,0,1,541,450
1,0,1,539,450
1,0,1,493,450
1,0,1,524,450
1,0,1,529,450
1,0,1,540,450
1,0,1,536,450
1,0,1,492,450
1,0,1,538,450
1,0,1,523,450
1,0,1,540,450
1,0,1,538,450
1,0,1,495,450
1,0,1,529,450
1,0,1,525,450
1,0,1,571,450
1,0,1,529,450
1,0,1,529,450
1,0,1,517,450
1,0,1,500,450
1,0,1,444,450
1,0,1,517,450
1,0,1,528,450
1,0,1,488,450
1,0,1,540,450
1,0,1,457,450
1,0,1,548,450
1,0,1,551,450
1,0,1,541,450
1,0,1,518,450
1,0,1,549,450
1,0,1,503,450
1,0,1,515,450
1,0,1,537,450
1,0,1,546,450
1,0,1,504,450
1,0,1,549,450
1,0,1,527,450
1,0,1,510,450
1,0,1,502,450
1,0,1,550,450
1,0,1,532,450
1,0,1,538,450
1,0,1,549,450
1,0,1,552,450
1,0,1,510,450
1,0,1,508,450
1,0,1,518,450
1,0,1,533,450
1,0,1,487,450
1,0,1,524,450
1,0,1,517,450
1,0,1,511,450
1,0,1,537,450
1,0,1,492,450
1,0,1,530,450
1,0,1,522,450
1,0,1,495,450
1,0,1,540,450
1,0,1,499,450
1,0,1,534,450
1,0,1,524,450
1,0,1,497,450
1,0,1,541,450
1,0,1,507,450
1,0,1,531,450
1,0,1,526,450
1,0,1,513,450
1,0,1,491,450
1,0,1,475,450
1,0,1,526,450
1,0,1,529,450
1,0,1,530,450
1,0,1,521,450
1,0,1,501,450
1,0,1,484,450
1,0,1,489,450
1,0,1,525,450
1,0,1,531,450
1,0,1,525,450
1,0,1,478,450
1,0,1,490,450
1,0,1,542,450
1,0,1,513,450
1,0,1,512,450
1,0,1,490,450
1,0,1,547,450
1,0,1,528,450
1,0,1,508,450
1,0,1,504,450
1,0,1,550,450
1,0,1,534,450
1,0,1,542,450
1,0,1,553,450
1,0,1,553,450
1,0,1,514,450
1,0,1,515,450
1,0,1,516,450
1,0,1,535,450
1,0,1,504,450
1,0,1,502,450
1,0,1,488,450
1,0,1,541,450
1,0,1,518,450
1,0,1,502,450
1,0,1,485,450
1,0,0,653,450
1,0,0,804,450
1,0,0,795,450
1,0,0,786,450
1,0,1,789,450
1,0,1,516,450
1,0,1,498,450
1,0,1,539,450
1,0,1,503,450
1,0,1,530,450
1,0,1,524,450
1,0,1,510,450
1,0,1,488,450
1,0,1,480,450
1,0,1,532,450
1,0,1,532,450
1,0,1,532,450
1,0,1,519,450
1,0,1,496,450
1,0,1,491,450
1,0,1,495,450
1,0,1,529,450
1,0,1,534,450
1,0,1,521,450
1,0,1,485,450
1,0,1,480,450
1,0,1,490,450
1,0,1,521,450
1,0,1,534,450
1,0,1,499,450
1,0,1,485,450
1,0,1,465,450
1,0,1,485,450
1,0,1,519,450
1,0,1,522,450
1,0,1,533,450
1,0,1,520,450
1,0,1,504,450
1,0,1,478,450
1,0,1,422,450
1,0,1,543,450
1,0,1,516,450
1,0,1,506,450
1,0,1,538,450
1,0,1,429,450
1,0,1,538,450
1,0,1,545,450
1,0,1,554,450
1,0,1,552,450
1,0,1,538,450
1,0,1,512,450
1,0,1,502,450
1,0,1,515,450
1,0,1,534,450
1,0,1,517,450
1,0,1,553,450
1,0,1,555,450
1,0,1,543,450
1,0,1,520,450
1,0,1,552,450
1,0,1,508,450
1,0,1,526,450
1,0,1,538,450
1,0,1,549,450
1,0,1,512,450
1,0,1,488,450
1,0,1,545,450
1,0,1,517,450
1,0,1,506,450
1,0,1,510,450
1,0,1,495,450
1,0,1,542,450
1,0,1,528,450
1,0,1,498,450
1,0,1,516,450
1,0,1,503,450
1,0,1,538,450
1,0,1,530,450
1,0,1,494,450
1,0,1,522,450
1,0,1,510,450
1,0,1,519,450
1,0,1,535,450
1,0,1,488,450
1,0,1,513,450
1,0,1,516,450
1,0,1,492,450
1,0,1,475,450
1,0,1,498,450
1,0,1,534,450
1,0,1,536,450
1,0,1,524,450
1,0,1,507,450
1,0,1,495,450
1,0,1,432,450
1,0,1,542,450
1,0,1,518,450
1,0,1,503,450
1,0,1,544,450
1,0,1,543,450
1,0,1,544,450
1,0,1,510,450
1,0,1,521,450
1,0,1,538,450
1,0,1,538,450
1,0,1,546,450
1,0,1,515,450
1,0,1,506,450
1,0,1,541,450
1,0,1,567,450
1,0,1,507,450
1,0,1,534,450
1,0,1,531,450
1,0,1,518,450
1,0,1,479,450
1,0,1,476,450
1,0,1,507,450
1,0,1,531,450
1,0,1,534,450
1,0,1,501,450
1,0,1,502,450
1,0,1,535,450
1,0,1,533,450
1,0,1,494,450
1,0,1,523,450
1,0,1,509,450
1,0,1,527,450
1,0,1,537,450
1,0,1,488,450
1,0,1,528,450
1,0,1,519,450
1,0,1,509,450
1,0,1,541,450
1,0,1,496,450
1,0,1,521,450
1,0,1,524,450
1,0,1,501,450
1,0,1,483,450
1,0,1,487,450
1,0,1,535,450
1,0,1,536,450
1,0,1,528,450
1,0,1,513,450
1,0,1,490,450
1,0,1,501,450
1,0,1,510,450
1,0,1,537,450
1,0,1,533,450
1,0,1,516,450
1,0,1,469,450
1,0,1,502,450
1,0,1,544,450
1,0,1,502,450
1,0,1,534,450
1,0,1,491,450
1,0,1,494,450
1,0,1,546,450
1,0,1,513,450
1,0,1,520,450
1,0,1,492,450
1,0,1,491,450
1,0,1,481,450
1,0,1,510,450
1,0,1,536,450
1,0,1,522,450
1,0,1,520,450
1,0,1,492,450
1,0,1,477,450
1,0,1,496,450
1,0,1,535,450
1,0,1,544,450
1,0,1,497,450
1,0,1,542,450
1,0,1,524,450
1,0,1,546,450
1,0,1,544,450
1,0,1,498,450
1,0,1,535,450
1,0,1,534,450
1,0,1,543,450
1,0,1,547,450
1,0,1,514,450
1,0,1,519,450
1,0,1,537,450
1,0,1,571,450
1,0,1,523,450
1,0,1,537,450
1,0,1,529,450
1,0,1,513,450
1,0,1,480,450
1,0,1,482,450
1,0,1,508,450
1,0,1,535,450
1,0,1,512,450
1,0,1,503,450
1,0,1,504,450
1,0,1,542,450
1,0,1,533,450
1,0,1,498,450
1,0,1,489,450
1,0,1,557,450
1,0,1,533,450
1,0,1,514,450
1,0,1,505,450
1,0,1,556,450
1,0,1,538,450
1,0,1,545,450
1,0,1,556,450
1,0,1,558,450
1,0,1,533,450
1,0,1,520,450
1,0,1,510,450
1,0,1,511,450
1,0,1,530,450
1,0,1,569,450
1,0,1,524,450
1,0,1,538,450
1,0,1,492,450
1,0,1,547,450
1,0,1,495,450
1,0,1,508,450
1,0,1,542,450
1,0,1,500,450
1,0,1,543,450
1,0,1,493,450
1,0,1,501,450
1,0,1,545,450
1,0,1,505,450
1,0,1,534,450
1,0,1,496,450
1,0,1,494,450
1,0,1,548,450
1,0,1,514,450
1,0,1,520,450
1,0,1,495,450
1,0,1,493,450
1,0,1,485,450
1,0,1,514,450
1,0,1,536,450
1,0,1,524,450
1,0,1,519,450
1,0,1,499,450
1,0,1,478,450
1,0,1,496,450
1,0,1,536,450
1,0,1,537,450
1,0,1,525,450
1,0,1,508,450
1,0,1,485,450
1,0,1,514,450
1,0,1,521,450
1,0,1,539,450
1,0,1,533,450
1,0,1,511,450
1,0,1,507,450
1,0,1,493,450
1,0,1,527,450
1,0,1,528,450
1,0,1,519,450
1,0,1,493,450
1,0,1,503,450
1,0,1,478,450
1,0,1,494,450
1,0,1,531,450
1,0,1,528,450
1,0,1,530,450
1,0,1,508,450
1,0,1,548,450
1,0,1,510,450
1,0,1,544,450
1,0,1,538,450
1,0,1,494,450
1,0,1,548,450
1,0,1,519,450
1,0,1,548,450
1,0,1,541,450
1,0,1,491,450
1,0,1,546,450
1,0,1,529,450
1,0,1,548,450
1,0,1,546,450
1,0,1,502,450
1,0,1,542,450
1,0,1,532,450
1,0,1,548,450
1,0,1,535,450
1,0,1,536,450
1,0,1,527,450
1,0,1,507,450
1,0,1,488,450
1,0,1,494,450
1,0,1,530,450
1,0,1,538,450
1,0,1,503,450
1,0,1,491,450
1,0,1,494,450
1,0,1,547,450
1,0,1,526,450
1,0,1,506,450
1,0,1,494,450
1,0,0,658,450
1,0,0,803,450
1,0,0,793,450
1,0,0,786,450
1,0,1,787,450
1,0,1,520,450
1,0,1,506,450
1,0,1,545,450
1,0,1,507,450
1,0,1,534,450
1,0,1,536,450
1,0,1,517,450
1,0,1,493,450
1,0,1,484,450
1,0,1,538,450
1,0,1,537,450
1,0,1,533,450
1,0,1,521,450
1,0,1,502,450
1,0,1,495,450
1,0,1,500,450
1,0,1,533,450
1,0,1,539,450
1,0,1,528,450
1,0,1,490,450
1,0,1,485,450
1,0,1,496,450
1,0,1,522,450
1,0,1,541,450
1,0,1,504,450
1,0,1,489,450
1,0,1,469,450
1,0,1,488,450
1,0,1,523,450
1,0,1,531,450
1,0,1,522,450
1,0,1,497,450
1,0,1,481,450
1,0,1,473,450
1,0,1,423,450
1,0,1,527,450
1,0,1,539,450
1,0,1,533,450
1,0,1,511,450
1,0,1,460,450
1,0,1,515,450
1,0,1,542,450
1,0,1,498,450
1,0,1,547,450
1,0,1,493,450
1,0,1,505,450
1,0,1,547,450
1,0,1,506,450
1,0,1,536,450
1,0,1,498,450
1,0,1,496,450
1,0,1,549,450
1,0,1,514,450
1,0,1,522,450
1,0,1,505,450
1,0,1,493,450
1,0,1,548,450
1,0,1,527,450
1,0,1,517,450
1,0,1,494,450
1,0,1,503,450
1,0,1,485,450
1,0,1,498,450
1,0,1,536,450
1,0,1,534,450
1,0,1,532,450
1,0,1,508,450
1,0,1,485,450
1,0,1,492,450
1,0,1,539,450
1,0,1,539,450
1,0,1,531,450
1,0,1,516,450
1,0,1,493,450
1,0,1,506,450
1,0,1,510,450
1,0,1,540,450
1,0,1,538,450
1,0,1,520,450
1,0,1,491,450
1,0,1,480,450
1,0,1,523,450
1,0,1,530,450
1,0,1,529,450
1,0,1,513,450
1,0,1,492,450
1,0,1,468,450
1,0,1,488,450
1,0,1,518,450
1,0,1,414,450
1,0,1,537,450
1,0,1,538,450
1,0,1,528,450
1,0,1,509,450
1,0,1,524,450
1,0,1,530,450
1,0,1,507,450
1,0,1,548,450
1,0,1,510,450
1,0,1,539,450
1,0,1,508,450
1,0,1,519,450
1,0,1,536,450
1,0,1,551,450
1,0,1,509,450
1,0,1,561,450
1,0,1,549,450
1,0,1,527,450
1,0,1,512,450
1,0,1,562,450
1,0,1,530,450
1,0,1,544,450
1,0,1,556,450
1,0,1,562,450
1,0,1,510,450
1,0,1,508,450
1,0,1,536,450
1,0,1,537,450
1,0,1,499,450
1,0,1,533,450
1,0,1,517,450
1,0,1,532,450
1,0,1,542,450
1,0,1,493,450
1,0,1,534,450
1,0,1,528,450
1,0,1,512,450
1,0,1,549,450
1,0,1,502,450
1,0,1,541,450
1,0,1,533,450
1,0,1,512,450
1,0,1,550,450
1,0,1,510,450
1,0,1,534,450
1,0,1,535,450
1,0,1,518,450
1,0,1,498,450
1,0,1,487,450
1,0,1,540,450
1,0,1,540,450
1,0,1,536,450
1,0,1,525,450
1,0,1,505,450
1,0,1,498,450
1,0,1,500,450
1,0,1,539,450
1,0,1,541,450
1,0,1,530,450
1,0,1,492,450
1,0,1,489,450
1,0,1,500,450
1,0,1,524,450
1,0,1,542,450
1,0,1,507,450
1,0,1,489,450
1,0,1,469,450
1,0,1,487,450
1,0,1,527,450
1,0,1,534,450
1,0,1,527,450
1,0,1,503,450
1,0,1,484,450
1,0,1,475,450
1,0,1,492,450
1,0,1,532,450
1,0,1,531,450
1,0,1,519,450
1,0,1,498,450
1,0,1,467,450
1,0,1,483,450
1,0,1,509,450
1,0,1,537,450
1,0,1,542,450
1,0,1,505,450
1,0,1,507,450
1,0,1,536,450
1,0,1,538,450
1,0,1,498,450
1,0,1,530,450
1,0,1,517,450
1,0,1,535,450
1,0,1,542,450
1,0,1,494,450
1,0,1,536,450
1,0,1,524,450
1,0,1,514,450
1,0,1,548,450
1,0,1,506,450
1,0,1,496,450
1,0,1,503,450
1,0,1,485,450
1,0,1,500,450
1,0,1,538,450
1,0,1,489,450
1,0,1,493,450
1,0,1,527,450
1,0,1,542,450
1,0,1,537,450
1,0,1,501,450
1,0,1,496,450
1,0,1,491,450
1,0,1,517,450
1,0,1,541,450
1,0,1,529,450
1,0,1,525,450
1,0,1,504,450
1,0,1,482,450
1,0,1,500,450
1,0,0,624,450
1,0,0,810,450
1,0,0,799,450
1,0,0,796,450
1,0,0,797,450
1,0,1,793,450
1,0,1,674,450
1,0,1,676,450
1,0,1,682,450
1,0,1,683,450
1,0,1,680,450
1,0,1,683,450
1,0,0,742,450
1,0,0,805,450
1,0,0,795,450
1,0,1,745,450
1,0,1,670,450
1,0,1,676,450
1,0,1,681,450
1,0,1,680,450
1,0,1,678,450
1,0,1,680,450
1,0,0,735,450
1,0,0,799,450
1,0,0,796,450
1,0,1,764,450
1,0,1,648,450
1,0,1,658,450
1,0,1,656,450
1,0,1,659,450
1,0,1,656,450
1,0,1,658,450
1,0,0,725,450
1,0,0,800,450
1,0,0,795,450
1,0,1,786,450
1,0,1,646,450
1,0,1,658,450
1,0,1,656,450
1,0,1,658,450
1,0,1,654,450
1,0,1,658,450
1,0,1,663,450
1,0,1,657,450
1,0,1,661,450
1,0,0,719,450
1,0,0,814,450
1,0,0,805,450
1,0,0,804,450
1,0,0,808,450
1,0,1,802,450
1,0,1,681,450
1,0,1,685,450
1,0,1,688,450
1,0,1,690,450
1,0,0,749,450
1,0,0,822,450
1,0,0,818,450
1,0,0,814,450
1,0,0,814,450
1,0,1,803,450
1,0,1,741,450
1,0,1,744,450
1,0,1,731,450
1,0,1,739,450
1,0,0,773,450
1,0,0,828,450
1,0,0,822,450
1,0,0,822,450
1,0,0,820,450
1,0,1,812,450
1,0,1,735,450
1,0,1,743,450
1,0,1,742,450
1,0,1,743,450
1,0,0,777,450
1,0,0,828,450
1,0,0,823,450
1,0,0,824,450
1,0,0,821,450
1,0,1,787,450
1,0,1,742,450
1,0,1,738,450
1,0,1,736,450
1,0,1,752,450
1,0,0,783,450
1,0,0,828,450
1,0,0,814,450
1,0,0,815,450
1,0,0,808,450
1,0,0,809,450
1,0,0,804,450
1,0,0,806,450
1,0,0,798,450
1,0,0,801,450
1,0,0,793,450
1,0,0,801,450
1,0,0,790,450
1,0,0,796,450
1,0,0,790,450
1,0,0,801,450
1,0,0,791,450
1,0,0,785,450
1,0,0,788,450
1,0,0,791,450
1,0,0,791,450
1,0,0,800,450
1,0,0,797,450
1,0,0,800,450
1,0,0,802,450
1,0,0,808,450
1,0,0,808,450
1,0,0,808,450
1,0,0,803,450
1,0,0,803,450
1,0,0,796,450
1,0,0,798,450
1,0,0,794,450
1,0,0,795,450
1,0,0,792,450
1,0,0,793,450
1,0,0,801,450
1,0,0,799,450
1,0,0,791,450
1,0,0,799,450
1,0,0,791,450
1,0,0,793,450
1,0,0,800,450
1,0,0,798,450
1,0,0,800,450
1,0,1,758,450
1,0,1,674,450
1,0,0,732,450
1,0,0,808,450
1,0,0,804,450
1,0,0,800,450
1,0,0,800,450
1,0,0,796,450
1,0,0,798,450
1,0,0,793,450
1,0,0,800,450
1,0,0,795,450
1,0,0,796,450
1,0,0,794,450
1,0,0,800,450
1,0,0,799,450
1,0,0,800,450
1,0,0,801,450
1,0,0,805,450
1,0,0,808,450
1,0,0,808,450
1,0,1,808,450
1,0,0,762,450
1,0,0,811,450
1,0,0,808,450
1,0,0,804,450
1,0,0,808,450
1,0,0,801,450
1,0,0,804,450
1,0,0,802,450
1,0,0,802,450
1,0,0,800,450
1,0,0,804,450
1,0,0,798,450
1,0,0,803,450
1,0,0,799,450
1,0,0,800,450
1,0,0,796,450
1,0,0,800,450
1,0,0,798,450
1,0,0,801,450
1,0,0,797,450
1,0,0,801,450
1,0,0,798,450
1,0,0,794,450
1,0,0,798,450
1,0,0,792,450
1,0,0,801,450
1,0,0,799,450
1,0,0,801,450
1,0,0,807,450
1,0,1,805,450
1,0,1,728,450
1,0,1,732,450
1,0,1,731,450
1,0,1,731,450
1,0,0,777,450
1,0,0,818,450
1,0,0,817,450
1,0,0,821,450
1,0,0,821,450
1,0,1,783,450
1,0,0,771,450
1,0,0,825,450
1,0,0,812,450
1,0,0,811,450
1,0,0,808,450
1,0,0,809,450
1,0,0,813,450
1,0,0,811,450
1,0,0,814,450
1,0,1,821,450
1,0,1,687,450
1,0,1,694,450
1,0,1,698,450
1,0,1,696,450
1,0,0,749,450
1,0,0,833,450
1,0,0,826,450
1,0,0,822,450
1,0,0,823,450
1,0,0,821,450
1,0,0,823,450
1,0,0,818,450
1,0,0,813,450
1,0,0,812,450
1,0,0,809,450
1,0,0,809,450
1,0,0,815,450
1,0,0,815,450
1,0,0,814,450
1,0,0,821,450
1,0,0,822,450
1,0,0,821,450
1,0,0,822,450
1,0,0,825,450
1,0,0,825,450
1,0,0,824,450
1,0,0,822,450
1,0,0,826,450
1,0,0,823,450
1,0,1,790,450
1,0,0,779,450
1,0,0,823,450
1,0,0,814,450
1,0,0,812,450
1,0,0,809,450
1,0,0,811,450
1,0,0,812,450
1,0,0,818,450
1,0,0,820,450
1,0,0,820,450
1,0,0,823,450
1,0,0,825,450
1,0,0,823,450
1,0,0,824,450
1,0,1,818,450
1,0,1,738,450
1,0,1,747,450
1,0,1,740,450
1,0,1,743,450
1,0,0,780,450
1,0,0,827,450
1,0,0,821,450
1,0,0,814,450
1,0,0,814,450
1,0,0,810,450
1,0,0,812,450
1,0,0,819,450
1,0,0,816,450
1,0,0,821,450
1,0,0,821,450
1,0,0,823,450
1,0,0,820,450
1,0,0,824,450
1,0,0,822,450
1,0,0,824,450
1,0,0,825,450
1,0,0,825,450
1,0,0,824,450
1,0,0,821,450
1,0,0,826,450
1,0,0,824,450
1,0,0,820,450
1,0,0,815,450
1,0,0,822,450
1,0,0,812,450
1,0,0,813,450
1,0,0,818,450
1,0,0,819,450
1,0,0,819,450
1,0,0,822,450
1,0,0,824,450
1,0,0,824,450
1,0,0,821,450
1,0,0,824,450
1,0,0,823,450
1,0,0,822,450
1,0,0,826,450
1,0,0,824,450
1,0,0,826,450
1,0,0,824,450
1,0,0,826,450
1,0,0,821,450
1,0,0,817,450
1,0,0,819,450
1,0,0,813,450
1,0,0,816,450
1,0,0,819,450
1,0,0,821,450
1,0,0,823,450
1,0,1,802,450
1,0,1,740,450
1,0,1,740,450
1,0,1,747,450
1,0,1,752,450
1,0,0,777,450
1,0,0,830,450
1,0,0,825,450
1,0,0,826,450
1,0,0,824,450
1,0,0,825,450
1,0,0,822,450
1,0,0,820,450
1,0,0,819,450
1,0,0,821,450
1,0,0,817,450
1,0,0,819,450
1,0,0,820,450
1,0,0,822,450
1,0,0,825,450
1,0,0,825,450
1,0,0,823,450
1,0,0,826,450
1,0,0,826,450
1,0,0,825,450
1,0,0,823,450
1,0,0,824,450
1,0,0,824,450
1,0,0,824,450
1,0,0,824,450
1,0,0,826,450
1,0,0,825,450
1,0,0,820,450
1,0,0,820,450
1,0,0,819,450
1,0,1,816,450
1,0,1,685,450
1,0,1,690,450
1,0,1,691,450
1,0,1,693,450
1,0,0,751,450
1,0,0,832,450
1,0,0,825,450
1,0,0,822,450
1,0,0,824,450
1,0,0,824,450
1,0,0,824,450
1,0,0,823,450
1,0,0,824,450
1,0,0,824,450
1,0,0,824,450
1,0,0,824,450
1,0,0,826,450
1,0,0,824,450
1,0,0,825,450
1,0,0,823,450
1,0,0,827,450
1,0,0,825,450
1,0,0,827,450
1,0,0,825,450
1,0,0,823,450
1,0,0,826,450
1,0,0,825,450
1,0,0,825,450
1,0,0,828,450
1,0,0,824,450
1,0,0,826,450
1,0,0,826,450
1,0,0,826,450
1,0,0,827,450
1,0,0,827,450
1,0,0,827,450
1,0,0,828,450
1,0,0,826,450
1,0,0,826,450
1,0,0,828,450
1,0,0,828,450
1,0,0,828,450
1,0,0,826,450
1,0,0,827,450
1,0,0,825,450
1,0,0,826,450
1,0,0,825,450
1,0,0,826,450
1,0,0,828,450
1,0,0,824,450
1,0,0,815,450
1,0,0,818,450
1,0,0,812,450
1,0,0,812,450
1,0,0,804,450
1,0,0,808,450
1,0,0,803,450
1,0,0,805,450
1,0,0,800,450
1,0,0,801,450
1,0,0,795,450
1,0,0,799,450
1,0,0,791,450
1,0,0,796,450
1,0,0,797,450
1,0,0,793,450
1,0,0,800,450
1,0,0,802,450
1,0,0,806,450
1,0,0,806,450
1,0,0,808,450
1,0,0,810,450
1,0,0,812,450
1,0,0,819,450
1,0,0,818,450
1,0,0,816,450
1,0,0,820,450
1,0,0,820,450
1,0,0,824,450
1,0,0,825,450
1,0,0,826,450
1,0,0,826,450
1,0,0,826,450
1,0,0,824,450
1,0,1,816,450
1,0,0,776,450
1,0,0,827,450
1,0,0,822,450
1,0,0,818,450
1,0,0,821,450
1,0,0,821,450
1,0,0,824,450
1,0,0,826,450
1,0,0,822,450
1,0,0,823,450
1,0,0,826,450
1,0,0,825,450
1,0,0,825,450
1,0,0,824,450
1,0,1,814,450
1,0,1,743,450
1,0,1,738,450
1,0,1,738,450
1,0,1,745,450
1,0,0,776,450
1,0,0,829,450
1,0,0,822,450
1,0,0,822,450
1,0,0,819,450
1,0,0,820,450
1,0,0,823,450
1,0,0,822,450
1,0,0,821,450
1,0,0,821,450
1,0,0,823,450
1,0,0,825,450
1,0,0,823,450
1,0,0,823,450
1,0,0,823,450
1,0,0,822,450
1,0,0,825,450
1,0,0,824,450
1,0,0,823,450
1,0,0,824,450
1,0,0,826,450
1,0,0,825,450
1,0,0,824,450
1,0,0,820,450
1,0,0,820,450
1,0,0,820,450
1,0,0,824,450
1,0,0,823,450
1,0,0,824,450
1,0,0,825,450
1,0,0,822,450
1,0,0,824,450
1,0,0,824,450
1,0,0,823,450
1,0,0,823,450
1,0,0,825,450
1,0,0,826,450
1,0,0,822,450
1,0,0,823,450
1,0,0,824,450
1,0,0,825,450
1,0,0,825,450
1,0,0,821,450
1,0,0,819,450
1,0,0,821,450
1,0,1,807,450
1,0,1,736,450
1,0,1,741,450
1,0,1,737,450
1,0,1,746,450
1,0,0,779,450
1,0,0,829,450
1,0,0,825,450
1,0,0,824,450
1,0,0,826,450
1,0,0,823,450
1,0,0,822,450
1,0,0,826,450
1,0,0,824,450
1,0,0,825,450
1,0,0,826,450
1,0,0,827,450
1,0,0,821,450
1,0,0,821,450
1,0,0,821,450
1,0,0,819,450
1,0,0,820,450
1,0,0,824,450
1,0,0,823,450
1,0,0,821,450
1,0,0,824,450
1,0,0,822,450
1,0,0,824,450
1,0,0,824,450
1,0,0,822,450
1,0,0,824,450
1,0,0,824,450
1,0,0,825,450
1,0,0,826,450
1,0,0,824,450
1,0,0,825,450
1,0,0,826,450
1,0,0,822,450
1,0,0,820,450
1,0,0,822,450
1,0,0,822,450
1,0,0,824,450
1,0,0,823,450
1,0,0,822,450
1,0,0,826,450
1,0,0,824,450
1,0,0,825,450
1,0,0,826,450
1,0,0,827,450
1,0,0,823,450
1,0,1,823,450
1,0,1,693,450
1,0,1,697,450
1,0,1,699,450
1,0,1,699,450
1,0,0,756,450
1,0,0,831,450
1,0,0,827,450
1,0,0,824,450
1,0,0,822,450
1,0,0,821,450
1,0,0,824,450
1,0,0,825,450
1,0,0,821,450
1,0,0,824,450
1,0,0,823,450
1,0,0,823,450
1,0,0,822,450
1,0,0,822,450
1,0,0,823,450
1,0,0,826,450
1,0,0,824,450
1,0,0,826,450
1,0,0,823,450
1,0,0,823,450
1,0,0,825,450
1,0,0,825,450
1,0,0,825,450
1,0,0,823,450
1,0,0,822,450
1,0,0,821,450
1,0,0,822,450
1,0,0,823,450
1,0,0,824,450
1,0,0,826,450
1,0,0,825,450
1,0,0,822,450
1,0,0,826,450
1,0,0,823,450
1,0,0,826,450
1,0,0,826,450
1,0,0,823,450
1,0,0,824,450
1,0,0,826,450
1,0,0,827,450
1,0,0,823,450
1,0,0,824,450
1,0,0,825,450
1,0,0,821,450
1,0,0,821,450
1,0,0,820,450
1,0,0,824,450
1,0,0,824,450
1,0,0,825,450
1,0,0,826,450
1,0,0,824,450
1,0,0,826,450
1,0,0,827,450
1,0,0,826,450
1,0,0,825,450
1,0,0,827,450
1,0,0,828,450
1,0,0,827,450
1,0,0,826,450
1,0,0,827,450
1,0,0,824,450
1,0,0,828,450
1,0,0,824,450
1,0,0,824,450
1,0,0,823,450
1,0,0,825,450
1,0,0,823,450
1,0,0,823,450
1,0,0,825,450
1,0,0,825,450
1,0,1,811,450
1,0,1,746,450
1,0,1,738,450
1,0,1,737,450
1,0,1,746,450
1,0,0,776,450
1,0,0,827,450
1,0,0,826,450
1,0,0,825,450
1,0,0,822,450
1,0,0,823,450
1,0,0,825,450
1,0,0,824,450
1,0,0,821,450
1,0,0,823,450
1,0,0,823,450
1,0,0,823,450
1,0,0,825,450
1,0,0,822,450
1,0,0,826,450
1,0,0,824,450
1,0,0,827,450
1,0,0,824,450
1,0,0,826,450
1,0,0,827,450
1,0,0,827,450
1,0,0,827,450
1,0,0,826,450
1,0,0,827,450
1,0,0,825,450
1,0,0,827,450
1,0,0,826,450
1,0,0,825,450
1,0,0,823,450
1,0,0,823,450
1,0,0,822,450
1,0,0,824,450
1,0,0,824,450
1,0,0,823,450
1,0,0,822,450
1,0,0,824,450
1,0,0,824,450
1,0,0,824,450
1,0,0,825,450
1,0,0,824,450
1,0,0,827,450
1,0,0,823,450
1,0,0,826,450
1,0,0,825,450
1,0,0,824,450
1,0,0,824,450
1,0,0,826,450
1,0,0,825,450
1,0,0,824,450
1,0,0,824,450
1,0,0,820,450
1,0,0,823,450
1,0,0,824,450
1,0,0,823,450
1,0,0,824,450
1,0,0,822,450
1,0,0,821,450
1,0,0,823,450
1,0,0,823,450
1,0,0,825,450
1,0,0,824,450
1,0,0,824,450
1,0,0,824,450
1,0,0,825,450
1,0,0,825,450
1,0,0,826,450
1,0,0,827,450
1,0,0,823,450
1,0,0,824,450
1,0,0,821,450
1,0,0,822,450
1,0,0,810,450
1,0,0,822,450
1,0,0,808,450
1,0,0,811,450
1,0,0,802,450
1,0,0,807,450
1,0,0,800,450
1,0,0,801,450
1,0,0,796,450
1,0,0,801,450
1,0,0,793,450
1,0,0,799,450
1,0,0,801,450
1,0,0,794,450
1,0,0,792,450
1,0,0,794,450
1,0,0,802,450
1,0,0,807,450
1,0,0,810,450
1,0,0,817,450
1,0,0,817,450
1,0,0,820,450
1,0,0,816,450
1,0,0,819,450
1,0,0,821,450
1,0,0,824,450
1,0,0,824,450
1,0,0,823,450
1,0,0,824,450
1,0,0,824,450
1,0,0,823,450
1,0,0,823,450
1,0,0,825,450
1,0,0,826,450
1,0,0,825,450
1,0,0,826,450
1,0,0,824,450
1,0,0,821,450
1,0,0,824,450
1,0,0,822,450
1,0,0,824,450
1,0,0,825,450
1,0,0,823,450
1,0,0,825,450
1,0,0,825,450
1,0,0,824,450
1,0,0,825,450
1,0,0,826,450
1,0,0,826,450
1,0,0,823,450
1,0,0,823,450
1,0,0,825,450
1,0,0,826,450
1,0,0,826,450
1,0,0,826,450
1,0,0,825,450
1,0,0,826,450
1,0,0,821,450
1,0,0,823,450
1,0,1,815,450
1,0,1,734,450
1,0,1,747,450
1,0,1,741,450
1,0,1,742,450
1,0,0,784,450
1,0,0,827,450
1,0,0,825,450
1,0,0,825,450
1,0,0,826,450
1,0,0,825,450
1,0,0,823,450
1,0,0,823,450
1,0,0,824,450
1,0,0,823,450
1,0,0,825,450
1,0,0,826,450
1,0,0,825,450
1,0,0,823,450
1,0,0,823,450
1,0,0,821,450
1,0,0,824,450
1,0,0,823,450
1,0,0,825,450
1,0,0,824,450
1,0,0,823,450
1,0,0,826,450
1,0,0,823,450
1,0,0,824,450
1,0,0,822,450
1,0,0,826,450
1,0,0,823,450
1,0,0,824,450
1,0,0,823,450
1,0,0,824,450
1,0,0,825,450
1,0,0,825,450
1,0,0,821,450
1,0,0,825,450
1,0,0,821,450
1,0,0,820,450
1,0,0,822,450
1,0,0,824,450
1,0,0,824,450
1,0,0,825,450
1,0,0,824,450
1,0,0,824,450
1,0,0,822,450
1,0,0,824,450
1,0,0,826,450
1,0,0,825,450
1,0,0,822,450
1,0,0,827,450
1,0,0,825,450
1,0,0,826,450
1,0,0,823,450
1,0,0,827,450
1,0,0,824,450
1,0,0,825,450
1,0,0,825,450
1,0,0,824,450
1,0,0,824,450
1,0,0,825,450
1,0,0,821,450
1,0,0,826,450
1,0,0,826,450
1,0,0,825,450
1,0,0,823,450
1,0,0,825,450
1,0,0,827,450
1,0,0,824,450
1,0,0,827,450
1,0,0,825,450
1,0,0,825,450
1,0,0,824,450
1,0,0,827,450
1,0,0,825,450
1,0,0,827,450
1,0,0,822,450
1,0,0,825,450
1,0,0,822,450
1,0,0,823,450
1,0,0,825,450
1,0,0,822,450
1,0,0,826,450
1,0,1,792,450
1,0,1,736,450
1,0,1,738,450
1,0,1,746,450
1,0,1,753,450
1,0,0,780,450
1,0,0,827,450
1,0,0,825,450
1,0,0,825,450
1,0,0,826,450
1,0,0,821,450
1,0,0,826,450
1,0,0,826,450
1,0,0,826,450
1,0,0,824,450
1,0,0,823,450
1,0,0,823,450
1,0,0,826,450
1,0,0,824,450
1,0,0,823,450
1,0,0,824,450
1,0,0,826,450
1,0,0,824,450
1,0,0,822,450
1,0,0,823,450
1,0,0,826,450
1,0,0,826,450
1,0,0,825,450
1,0,0,825,450
1,0,0,825,450
1,0,0,826,450
1,0,0,826,450
1,0,0,823,450
1,0,0,824,450
1,0,0,824,450
1,0,0,823,450
1,0,0,823,450
1,0,0,826,450
1,0,0,824,450
1,0,0,825,450
1,0,1,817,450
1,0,1,692,450
1,0,1,695,450
1,0,1,699,450
1,0,1,697,450
1,0,0,753,450
1,0,0,834,450
1,0,0,827,450
1,0,0,821,450
1,0,0,823,450
1,0,0,825,450
1,0,0,823,450
1,0,0,825,450
1,0,0,822,450
1,0,0,824,450
1,0,0,824,450
1,0,0,825,450
1,0,0,823,450
1,0,0,826,450
1,0,0,822,450
1,0,0,824,450
1,0,0,824,450
1,0,0,822,450
1,0,0,823,450
1,0,0,826,450
1,0,0,826,450
1,0,0,825,450
1,0,0,826,450
1,0,0,823,450
1,0,0,827,450
1,0,0,826,450
1,0,0,825,450
1,0,0,826,450
1,0,0,826,450
1,0,0,824,450
1,0,0,822,450
1,0,0,823,450
1,0,0,824,450
1,0,0,825,450
1,0,0,825,450
1,0,0,827,450
1,0,0,823,450
1,0,0,826,450
1,0,0,827,450
1,0,0,824,450
1,0,0,823,450
1,0,0,825,450
1,0,0,826,450
1,0,0,827,450
1,0,0,825,450
1,0,0,826,450
1,0,0,824,450
1,0,0,826,450
1,0,0,824,450
1,0,0,825,450
1,0,0,823,450
1,0,0,823,450
1,0,0,824,450
1,0,0,826,450
1,0,0,827,450
1,0,0,823,450
1,0,0,827,450
1,0,0,823,450
1,0,0,827,450
1,0,0,826,450
1,0,0,826,450
1,0,0,825,450
1,0,0,825,450
1,0,0,828,450
1,0,0,827,450
1,0,0,827,450
1,0,0,825,450
1,0,0,827,450
1,0,0,826,450
1,0,0,826,450
1,0,0,827,450
1,0,0,823,450
1,0,0,824,450
1,0,0,825,450
1,0,0,825,450
1,0,0,826,450
1,0,0,826,450
1,0,0,825,450
1,0,0,825,450
1,0,0,825,450
1,0,0,824,450
1,0,0,828,450
1,0,0,827,450
1,0,0,827,450
1,0,0,824,450
1,0,0,827,450
1,0,0,826,450
1,0,0,825,450
1,0,0,825,450
1,0,0,824,450
1,0,0,824,450
1,0,0,825,450
1,0,0,826,450
1,0,0,825,450
1,0,0,824,450
1,0,0,824,450
1,0,0,825,450
1,0,0,827,450
1,0,0,828,450
1,0,0,827,450
1,0,0,825,450
1,0,0,827,450
1,0,0,826,450
1,0,0,826,450
1,0,0,826,450
1,0,0,825,450
1,0,0,826,450
1,0,0,825,450
1,0,0,825,450
1,0,0,826,450
1,0,0,822,450
1,0,0,812,450
1,0,0,820,450
1,0,0,808,450
1,0,0,812,450
1,0,0,807,450
1,0,0,810,450
1,0,0,802,450
1,0,0,804,450
1,0,0,800,450
1,0,0,801,450
1,0,0,795,450
1,0,0,802,450
1,0,0,792,450
1,0,0,799,450
1,0,0,798,450
1,0,0,795,450
1,0,0,804,450
1,0,0,807,450
1,0,0,812,450
1,0,0,812,450
1,0,0,816,450
1,0,0,820,450
1,0,0,820,450
1,0,0,820,450
1,0,0,824,450
1,0,0,825,450
1,0,0,823,450
1,0,0,826,450
1,0,0,826,450
1,0,0,823,450
1,0,0,823,450
1,0,0,822,450
1,0,0,823,450
1,0,0,825,450
1,0,0,823,450
1,0,0,825,450
1,0,0,824,450
1,0,0,824,450
1,0,0,823,450
1,0,0,822,450
1,0,0,825,450
1,0,0,823,450
1,0,0,825,450
1,0,0,824,450
1,0,0,824,450
1,0,0,827,450
1,0,0,824,450
1,0,0,823,450
1,0,0,826,450
1,0,0,824,450
1,0,0,826,450
1,0,0,826,450
1,0,0,824,450
1,0,0,827,450
1,0,1,800,450
1,0,0,780,450
1,0,0,828,450
1,0,0,823,450
1,0,0,827,450
1,0,0,824,450
1,0,0,824,450
1,0,0,825,450
1,0,0,826,450
1,0,0,823,450
1,0,0,826,450
1,0,0,826,450
1,0,0,827,450
1,0,0,825,450
1,0,0,824,450
1,0,0,826,450
1,0,0,825,450
1,0,0,828,450
1,0,0,826,450
1,0,0,827,450
1,0,0,827,450
1,0,0,826,450
1,0,0,827,450
1,0,0,826,450
1,0,0,825,450
1,0,1,789,450
1,0,1,739,450
1,0,1,739,450
1,0,1,750,450
1,0,1,750,450
1,0,0,779,450
1,0,0,828,450
1,0,0,827,450
1,0,0,825,450
1,0,0,824,450
1,0,0,824,450
1,0,0,825,450
1,0,0,823,450
1,0,0,822,450
1,0,0,825,450
1,0,0,825,450
1,0,0,825,450
1,0,0,823,450
1,0,0,826,450
1,0,0,823,450
1,0,0,822,450
1,0,0,825,450
1,0,0,824,450
1,0,0,823,450
1,0,0,824,450
1,0,0,826,450
1,0,0,823,450
1,0,0,825,450
1,0,0,823,450
1,0,0,826,450
1,0,0,826,450
1,0,0,826,450
1,0,0,827,450
1,0,0,827,450
1,0,0,827,450
1,0,0,825,450
1,0,0,827,450
1,0,0,824,450
1,0,0,825,450
1,0,0,823,450
1,0,0,826,450
1,0,0,826,450
1,0,0,824,450
1,0,0,826,450
1,0,0,824,450
1,0,0,828,450
1,0,0,823,450
1,0,0,825,450
1,0,0,825,450
1,0,0,827,450
1,0,0,826,450
1,0,0,828,450
1,0,0,824,450
1,0,0,826,450
1,0,0,826,450
1,0,0,827,450
1,0,0,824,450
1,0,0,826,450
1,0,0,825,450
1,0,0,825,450
1,0,0,824,450
1,0,0,825,450
1,0,0,824,450
1,0,0,823,450
1,0,0,827,450
1,0,0,827,450
1,0,0,826,450
1,0,0,825,450
1,0,0,828,450
1,0,0,825,450
1,0,1,803,450
1,0,1,747,450
1,0,1,739,450
1,0,1,745,450
1,0,1,742,450
1,0,0,776,450
1,0,0,829,450
1,0,0,826,450
1,0,0,822,450
1,0,0,822,450
1,0,0,822,450
1,0,0,826,450
1,0,0,823,450
1,0,0,825,450
1,0,0,824,450
1,0,0,825,450
1,0,0,826,450
1,0,0,823,450
1,0,0,824,450
1,0,0,825,450
1,0,0,826,450
1,0,0,827,450
1,0,0,827,450
1,0,0,828,450
1,0,0,826,450
1,0,0,825,450
1,0,0,827,450
1,0,0,824,450
1,0,0,823,450
1,0,0,827,450
1,0,0,826,450
1,0,0,826,450
1,0,0,826,450
1,0,0,825,450
1,0,0,824,450
1,0,0,825,450
1,0,0,827,450
1,0,0,825,450
1,0,0,825,450
1,0,0,827,450
1,0,0,827,450
1,0,0,826,450
1,0,0,827,450
1,0,0,824,450
1,0,0,827,450
1,0,0,826,450
1,0,0,828,450
1,0,0,826,450
1,0,0,827,450
1,0,0,826,450
1,0,0,822,450
1,0,0,819,450
1,0,0,820,450
1,0,0,821,450
1,0,0,824,450
1,0,1,783,450
1,0,1,687,450
1,0,1,696,450
1,0,1,694,450
1,0,1,701,450
1,0,1,697,450
1,0,1,701,450
1,0,1,696,450
1,0,1,701,450
1,0,1,696,450
1,0,1,695,450
1,0,0,752,450
1,0,0,833,450
1,0,0,825,450
1,0,0,824,450
1,0,1,807,450
1,0,1,692,450
1,0,1,693,450
1,0,1,698,450
1,0,1,696,450
1,0,1,708,450
1,0,1,679,450
1,0,1,676,450
1,0,1,685,450
1,0,1,675,450
1,0,1,682,450
1,0,1,680,450
1,0,1,680,450
1,0,1,679,450
1,0,1,679,450
1,0,1,677,450
1,0,0,746,450
1,0,0,833,450
1,0,0,827,450
1,0,0,824,450
1,0,1,819,450
1,0,1,666,450
1,0,1,673,450
1,0,1,686,450
1,0,1,674,450
1,0,1,691,450
1,0,1,662,450
1,0,1,658,450
1,0,1,660,450
1,0,1,672,450
1,0,1,653,450
1,0,1,656,450
1,0,1,655,450
1,0,1,662,450
1,0,1,670,450
1,0,1,654,450
1,0,0,739,450
1,0,0,836,450
1,0,0,830,450
1,0,0,825,450
1,0,1,823,450
1,0,1,662,450
1,0,1,665,450
1,0,1,657,450
1,0,1,654,450
1,0,1,683,450
1,0,1,654,450
1,0,1,656,450
1,0,1,646,450
1,0,1,657,450
1,0,1,653,450
1,0,1,638,450
1,0,1,651,450
1,0,1,655,450
1,0,1,638,450
1,0,1,642,450
1,0,0,731,450
1,0,0,837,450
1,0,0,829,450
1,0,0,824,450
1,0,1,794,450
1,0,1,639,450
1,0,1,639,450
1,0,1,639,450
1,0,1,655,450
1,0,1,637,450
1,0,1,645,450
1,0,1,624,450
1,0,1,628,450
1,0,1,644,450
1,0,1,639,450
1,0,1,637,450
1,0,1,640,450
1,0,1,633,450
1,0,1,623,450
1,0,1,631,450
1,0,0,704,450
1,0,0,834,450
1,0,0,826,450
1,0,0,824,450
1,0,0,824,450
1,0,0,812,450
1,0,0,819,450
1,0,0,808,450
1,0,0,811,450
1,0,0,805,450
1,0,0,807,450
1,0,0,800,450
1,0,0,803,450
1,0,0,800,450
1,0,0,800,450
1,0,0,794,450
1,0,0,799,450
1,0,0,794,450
1,0,0,797,450
1,0,0,799,450
1,0,0,795,450
1,0,0,805,450
1,0,0,808,450
1,0,0,811,450
1,0,1,819,450
1,0,1,631,450
1,0,1,615,450
1,0,1,633,450
1,0,1,637,450
1,0,1,654,450
1,0,1,602,450
1,0,1,625,450
1,0,1,611,450
1,0,1,615,450
1,0,1,615,450
1,0,1,600,450
1,0,1,627,450
1,0,1,609,450
1,0,1,616,450
1,0,1,617,450
1,0,0,709,450
1,0,0,831,450
1,0,0,827,450
1,0,0,823,450
1,0,1,824,450
1,0,1,604,450
1,0,1,623,450
1,0,1,601,450
1,0,1,633,450
1,0,1,621,450
1,0,1,600,450
1,0,1,604,450
1,0,1,626,450
1,0,1,599,450
1,0,1,626,450
1,0,1,588,450
1,0,1,616,450
1,0,1,616,450
1,0,1,591,450
1,0,1,608,450
1,0,0,699,450
1,0,0,840,450
1,0,0,829,450
1,0,0,825,450
1,0,1,803,450
1,0,1,606,450
1,0,1,587,450
1,0,1,608,450
1,0,1,627,450
1,0,1,599,450
1,0,1,592,450
1,0,1,578,450
1,0,1,594,450
1,0,1,578,450
1,0,1,569,450
1,0,1,579,450
1,0,1,594,450
1,0,1,578,450
1,0,1,594,450
1,0,1,605,450
1,0,0,676,450
1,0,0,834,450
1,0,0,829,450
1,0,0,825,450
1,0,1,824,450
1,0,1,587,450
1,0,1,576,450
1,0,1,593,450
1,0,1,579,450
1,0,1,570,450
1,0,1,550,450
1,0,1,549,450
1,0,1,568,450
1,0,1,581,450
1,0,1,590,450
1,0,1,587,450
1,0,1,569,450
1,0,1,549,450
1,0,1,548,450
1,0,1,555,450
1,0,0,678,450
1,0,0,837,450
1,0,0,827,450
1,0,0,826,450
1,0,1,824,450
1,0,1,564,450
1,0,1,580,450
1,0,1,586,450
1,0,1,580,450
1,0,1,584,450
1,0,1,532,450
1,0,1,558,450
1,0,1,575,450
1,0,1,535,450
1,0,1,573,450
1,0,1,562,450
1,0,1,524,450
1,0,1,560,450
1,0,1,572,450
1,0,1,551,450
1,0,0,649,450
1,0,0,834,450
1,0,0,829,450
1,0,0,823,450
1,0,1,824,450
1,0,1,564,450
1,0,1,535,450
1,0,1,540,450
1,0,1,570,450
1,0,1,531,450
1,0,1,541,450
1,0,1,556,450
1,0,1,559,450
1,0,1,558,450
1,0,1,545,450
1,0,1,557,450
1,0,1,560,450
1,0,1,546,450
1,0,1,527,450
1,0,1,555,450
1,0,0,656,450
1,0,0,835,450
1,0,0,825,450
1,0,0,823,450
1,0,1,813,450
1,0,1,507,450
1,0,1,526,450
1,0,1,544,450
1,0,1,554,450
1,0,1,518,450
1,0,1,495,450
1,0,1,547,450
1,0,1,523,450
1,0,1,512,450
1,0,1,511,450
1,0,1,495,450
1,0,1,547,450
1,0,1,521,450
1,0,1,509,450
1,0,1,513,450
1,0,0,664,450
1,0,0,837,450
1,0,0,825,450
1,0,0,822,450
1,0,1,820,450
1,0,1,520,450
1,0,1,502,450
1,0,1,545,450
1,0,1,507,450
1,0,1,534,450
1,0,1,537,450
1,0,1,537,450
1,0,1,526,450
1,0,1,509,450
1,0,1,487,450
1,0,1,491,450
1,0,1,521,450
1,0,1,537,450
1,0,1,530,450
1,0,1,499,450
1,0,0,658,450
1,0,0,834,450
1,0,0,831,450
1,0,0,822,450
1,0,1,821,450
1,0,1,523,450
1,0,1,518,450
1,0,1,498,450
1,0,1,478,450
1,0,1,570,450
1,0,1,527,450
1,0,1,525,450
1,0,1,510,450
1,0,1,487,450
1,0,1,473,450
1,0,1,487,450
1,0,1,524,450
1,0,1,494,450
1,0,1,527,450
1,0,1,523,450
1,0,0,650,450
1,0,0,835,450
1,0,0,820,450
1,0,0,823,450
1,0,1,820,450
1,0,1,509,450
1,0,1,500,450
1,0,1,479,450
1,0,1,471,450
1,0,1,541,450
1,0,1,508,450
1,0,1,462,450
1,0,1,513,450
1,0,1,508,450
1,0,1,489,450
1,0,1,517,450
1,0,1,481,450
1,0,1,471,450
1,0,1,517,450
1,0,1,506,450
1,0,0,614,450
1,0,0,835,450
1,0,0,826,450
1,0,0,818,450
1,0,1,771,450
1,0,1,472,450
1,0,1,469,450
1,0,1,519,450
1,0,1,483,450
1,0,1,460,450
1,0,1,501,450
1,0,1,455,450
1,0,1,515,450
1,0,1,503,450
1,0,1,481,450
1,0,1,513,450
1,0,1,473,450
1,0,1,487,450
1,0,1,514,450
1,0,1,498,450
1,0,0,609,450
1,0,0,835,450
1,0,0,825,450
1,0,0,819,450
1,0,1,820,450
1,0,1,462,450
1,0,1,509,450
1,0,1,483,450
1,0,1,472,450
1,0,1,391,450
1,0,1,519,450
1,0,1,505,450
1,0,1,485,450
1,0,1,464,450
1,0,1,517,450
1,0,1,490,450
1,0,1,463,450
1,0,1,516,450
1,0,1,489,450
1,0,1,466,450
1,0,0,636,450
1,0,0,835,450
1,0,0,821,450
1,0,0,818,450
1,0,1,819,450
1,0,1,507,450
1,0,1,492,450
1,0,1,458,450
1,0,1,518,450
1,0,1,512,450
1,0,1,508,450
1,0,1,509,450
1,0,1,466,450
1,0,1,496,450
1,0,1,513,450
1,0,1,466,450
1,0,1,496,450
1,0,1,509,450
1,0,1,466,450
1,0,1,455,450
1,0,0,629,450
1,0,0,836,450
1,0,0,822,450
1,0,0,816,450
1,0,1,822,450
1,0,1,489,450
1,0,1,504,450
1,0,1,465,450
1,0,1,499,450
1,0,1,516,450
1,0,1,463,450
1,0,1,498,450
1,0,1,511,450
1,0,1,466,450
1,0,1,457,450
1,0,1,511,450
1,0,1,467,450
1,0,1,481,450
1,0,1,512,450
1,0,1,514,450
1,0,0,642,450
1,0,0,833,450
1,0,0,822,450
1,0,0,815,450
1,0,0,825,450
1,0,0,810,450
1,0,0,810,450
1,0,0,804,450
1,0,0,806,450
1,0,0,799,450
1,0,0,803,450
1,0,0,797,450
1,0,0,800,450
1,0,0,795,450
1,0,0,797,450
1,0,0,796,450
1,0,0,795,450
1,0,0,798,450
1,0,0,801,450
1,0,0,802,450
1,0,0,804,450
1,0,0,809,450
1,0,0,811,450
1,0,0,819,450
1,0,0,814,450
1,0,0,817,450
1,0,0,820,450
1,0,0,821,450
1,0,0,824,450
1,0,0,824,450
1,0,0,823,450
1,0,0,823,450
1,0,0,825,450
1,0,0,823,450
1,0,0,825,450
1,0,0,823,450
1,0,0,825,450
1,0,0,824,450
1,0,0,824,450
1,0,0,823,450
1,0,0,825,450
1,0,0,823,450
1,0,0,821,450
1,0,0,823,450
1,0,0,822,450
1,0,0,824,450
1,0,0,824,450
1,0,0,824,450
1,0,0,823,450
1,0,0,822,450
1,0,0,824,450
1,0,0,824,450
1,0,0,822,450
1,0,0,825,450
1,0,0,825,450
1,0,0,826,450
1,0,0,826,450
1,0,0,825,450
1,0,0,826,450
1,0,0,824,450
1,0,0,825,450
1,0,0,825,450
1,0,0,823,450
1,0,0,820,450
1,0,0,821,450
1,0,0,825,450
1,0,0,826,450
1,0,0,825,450
1,0,0,825,450
1,0,0,826,450
1,0,0,826,450
1,0,0,823,450
1,0,0,824,450
1,0,0,826,450
1,0,0,825,450
1,0,0,825,450
1,0,0,823,450
1,0,0,825,450
1,0,0,824,450
1,0,0,825,450
1,0,0,827,450
1,0,0,825,450
1,0,0,823,450
1,0,0,823,450
1,0,0,823,450
1,0,0,820,450
1,0,0,824,450
1,0,0,823,450
1,0,0,822,450
1,0,0,824,450
1,0,0,823,450
1,0,0,826,450
1,0,0,823,450
1,0,0,826,450
1,0,0,823,450
1,0,0,825,450
1,0,0,825,450
1,0,0,826,450
1,0,0,825,450
1,0,0,838,450
1,0,0,830,450
1,0,0,826,450
1,0,0,825,450
1,0,0,822,450
1,0,0,824,450
1,0,0,825,450
1,0,0,825,450
1,0,0,824,450
1,0,0,825,450
1,0,0,826,450
1,0,0,824,450
1,0,0,823,450
1,0,0,823,450
1,0,0,824,450
1,0,1,825,450
1,0,1,737,450
1,0,1,741,450
1,0,1,751,450
1,0,1,740,450
1,0,0,782,450
1,0,0,829,450
1,0,0,826,450
1,0,0,825,450
1,0,0,824,450
1,0,0,822,450
1,0,0,825,450
1,0,0,826,450
1,0,0,825,450
1,0,0,823,450
1,0,0,823,450
1,0,0,823,450
1,0,0,826,450
1,0,0,824,450
1,0,0,826,450
1,0,0,825,450
1,0,0,823,450
1,0,0,824,450
1,0,0,824,450
1,0,0,823,450
1,0,0,824,450
1,0,0,824,450
1,0,0,824,450
1,0,0,823,450
1,0,0,822,450
1,0,0,823,450
1,0,0,824,450
1,0,0,821,450
1,0,0,825,450
1,0,0,825,450
1,0,0,824,450
1,0,0,826,450
1,0,0,824,450
1,0,0,826,450
1,0,0,825,450
1,0,0,826,450
1,0,0,826,450
1,0,0,826,450
1,0,0,827,450
1,0,0,824,450
1,0,0,828,450
1,0,0,826,450
1,0,0,824,450
1,0,0,825,450
1,0,0,821,450
1,0,0,822,450
1,0,0,825,450
1,0,0,825,450
1,0,0,823,450
1,0,0,826,450
1,0,0,826,450
1,0,0,826,450
1,0,0,824,450
1,0,0,823,450
1,0,0,825,450
1,0,0,824,450
1,0,0,824,450
1,0,0,825,450
1,0,0,826,450
1,0,0,826,450
1,0,0,828,450
1,0,0,826,450
1,0,0,826,450
1,0,0,823,450
1,0,0,823,450
1,0,0,824,450
1,0,0,825,450
1,0,0,825,450
1,0,0,825,450
1,0,0,826,450
1,0,0,826,450
1,0,0,826,450
1,0,0,826,450
1,0,0,826,450
1,0,0,826,450
1,0,0,826,450
1,0,0,823,450
1,0,0,825,450
1,0,0,825,450
1,0,0,827,450
1,0,0,843,450
1,0,0,829,450
1,0,0,827,450
1,0,0,823,450
1,0,0,824,450
1,0,0,822,450
1,0,0,824,450
1,0,0,824,450
1,0,0,825,450
1,0,0,825,450
1,0,0,823,450
1,0,0,824,450
1,0,0,823,450
1,0,0,826,450
1,0,0,824,450
1,0,0,826,450
1,0,0,826,450
1,0,0,826,450
1,0,0,825,450
1,0,0,827,450
1,0,0,826,450
1,0,0,826,450
1,0,0,825,450
1,0,0,824,450
1,0,0,824,450
1,0,0,823,450
1,0,0,823,450
1,0,0,826,450
1,0,0,823,450
1,0,0,826,450
1,0,1,790,450
1,0,1,745,450
1,0,1,737,450
1,0,1,743,450
1,0,1,744,450
1,0,0,778,450
1,0,0,830,450
1,0,0,827,450
1,0,0,823,450
1,0,0,825,450
1,0,0,825,450
1,0,0,825,450
1,0,0,823,450
1,0,0,823,450
1,0,0,824,450
1,0,0,823,450
1,0,0,824,450
1,0,0,823,450
1,0,0,822,450
1,0,0,826,450
1,0,0,826,450
1,0,0,823,450
1,0,0,825,450
1,0,0,824,450
1,0,0,826,450
1,0,0,825,450
1,0,0,826,450
1,0,0,825,450
1,0,0,825,450
1,0,0,824,450
1,0,0,826,450
1,0,0,825,450
1,0,0,827,450
1,0,0,825,450
1,0,0,823,450
1,0,0,826,450
1,0,0,823,450
1,0,0,824,450
1,0,0,822,450
1,0,0,822,450
1,0,0,826,450
1,0,0,825,450
1,0,0,824,450
1,0,0,824,450
1,0,0,824,450
1,0,0,825,450
1,0,0,826,450
1,0,0,825,450
1,0,0,826,450
1,0,0,828,450
1,0,0,826,450
1,0,0,826,450
1,0,0,824,450
1,0,0,825,450
1,0,0,824,450
1,0,0,826,450
1,0,0,826,450
1,0,0,823,450
1,0,0,826,450
1,0,0,827,450
1,0,0,824,450
1,0,0,824,450
1,0,0,824,450
1,0,0,824,450
1,0,0,825,450
1,0,0,823,450
1,0,0,826,450
1,0,0,826,450
1,0,0,826,450
1,0,0,823,450
1,0,0,841,450
1,0,0,831,450
1,0,0,828,450
1,0,0,827,450
1,0,0,823,450
1,0,0,825,450
1,0,0,818,450
1,0,0,816,450
1,0,0,809,450
1,0,0,812,450
1,0,0,805,450
1,0,0,808,450
1,0,0,804,450
1,0,0,806,450
1,0,0,798,450
1,0,0,802,450
1,0,0,798,450
1,0,0,799,450
1,0,0,794,450
1,0,0,798,450
1,0,0,796,450
1,0,0,798,450
1,0,0,803,450
1,0,0,808,450
1,0,0,815,450
1,0,0,815,450
1,0,0,815,450
1,0,0,817,450
1,0,0,818,450
1,0,0,824,450
1,0,0,822,450
1,0,0,825,450
1,0,0,823,450
1,0,0,822,450
1,0,0,822,450
1,0,0,823,450
1,0,0,823,450
1,0,0,825,450
1,0,0,823,450
1,0,0,826,450
1,0,0,826,450
1,0,0,826,450
1,0,0,825,450
1,0,0,823,450
1,0,0,823,450
1,0,1,795,450
1,0,1,689,450
1,0,1,694,450
1,0,1,697,450
1,0,1,697,450
1,0,0,750,450
1,0,0,831,450
1,0,0,826,450
1,0,0,825,450
1,0,0,822,450
1,0,0,824,450
1,0,0,824,450
1,0,0,822,450
1,0,0,825,450
1,0,0,823,450
1,0,0,823,450
1,0,0,824,450
1,0,0,826,450
1,0,0,825,450
1,0,0,823,450
1,0,0,823,450
1,0,0,822,450
1,0,0,824,450
1,0,0,823,450
1,0,0,826,450
1,0,0,823,450
1,0,0,824,450
1,0,0,826,450
1,0,0,826,450
1,0,0,826,450
1,0,0,826,450
1,0,0,827,450
1,0,0,824,450
1,0,0,826,450
1,0,0,826,450
1,0,0,825,450
1,0,0,826,450
1,0,0,824,450
1,0,0,823,450
1,0,0,823,450
1,0,0,825,450
1,0,0,824,450
1,0,0,824,450
1,0,0,827,450
1,0,0,826,450
1,0,0,827,450
1,0,0,825,450
1,0,0,824,450
1,0,0,825,450
1,0,0,828,450
1,0,0,825,450
1,0,0,825,450
1,0,0,826,450
1,0,0,823,450
1,0,0,827,450
1,0,0,843,450
1,0,0,832,450
1,0,0,825,450
1,0,0,825,450
1,0,0,826,450
1,0,0,822,450
1,0,0,825,450
1,0,0,824,450
1,0,0,825,450
1,0,0,823,450
1,0,0,824,450
1,0,0,827,450
1,0,0,826,450
1,0,0,823,450
1,0,0,825,450
1,0,0,826,450
1,0,0,826,450
1,0,0,826,450
1,0,0,825,450
1,0,0,827,450
1,0,0,827,450
1,0,0,825,450
1,0,0,826,450
1,0,0,826,450
1,0,0,825,450
1,0,0,822,450
1,0,0,825,450
1,0,0,824,450
1,0,0,826,450
1,0,0,825,450
1,0,0,826,450
1,0,0,826,450
1,0,0,825,450
1,0,0,827,450
1,0,0,825,450
1,0,0,824,450
1,0,0,825,450
1,0,0,827,450
1,0,0,825,450
1,0,0,826,450
1,0,0,826,450
1,0,0,826,450
1,0,0,826,450
1,0,0,826,450
1,0,0,825,450
1,0,0,825,450
1,0,0,826,450
1,0,0,825,450
1,0,0,824,450
1,0,0,824,450
1,0,0,825,450
1,0,0,824,450
1,0,0,826,450
1,0,0,826,450
1,0,0,826,450
1,0,0,828,450
1,0,0,826,450
1,0,0,827,450
1,0,0,826,450
1,0,0,825,450
1,0,1,820,450
1,0,0,769,450
1,0,0,828,450
1,0,0,825,450
1,0,0,825,450
1,0,0,824,450
1,0,0,824,450
1,0,0,824,450
1,0,0,824,450
1,0,0,827,450
1,0,0,825,450
1,0,0,826,450
1,0,0,824,450
1,0,0,825,450
1,0,0,827,450
1,0,0,825,450
1,0,0,825,450
1,0,0,828,450
1,0,0,825,450
1,0,0,826,450
1,0,0,826,450
1,0,0,828,450
1,0,0,825,450
1,0,0,826,450
1,0,0,825,450
1,0,0,825,450
1,0,0,826,450
1,0,0,826,450
1,0,0,824,450
1,0,0,824,450
1,0,0,825,450
1,0,0,827,450
1,0,0,825,450
1,0,0,825,450
1,0,0,826,450
1,0,0,826,450
1,0,0,825,450
1,0,0,826,450
1,0,0,826,450
1,0,0,824,450
1,0,0,843,450
1,0,0,831,450
1,0,0,826,450
1,0,0,827,450
1,0,0,827,450
1,0,0,826,450
1,0,0,826,450
1,0,0,825,450
1,0,0,826,450
1,0,0,826,450
1,0,0,824,450
1,0,0,826,450
1,0,0,827,450
1,0,0,825,450
1,0,0,826,450
1,0,0,825,450
1,0,0,827,450
1,0,0,827,450
1,0,0,826,450
1,0,0,825,450
1,0,0,826,450
1,0,0,826,450
1,0,0,826,450
1,0,0,826,450
1,0,0,825,450
1,0,0,823,450
1,0,0,824,450
1,0,0,826,450
1,0,0,823,450
1,0,0,824,450
1,0,0,824,450
1,0,0,825,450
1,0,0,825,450
1,0,0,827,450
1,0,0,827,450
1,0,0,827,450
1,0,0,826,450
1,0,0,827,450
1,0,0,826,450
1,0,0,828,450
1,0,0,827,450
1,0,0,825,450
1,0,0,825,450
1,0,0,826,450
1,0,0,824,450
1,0,0,825,450
1,0,0,824,450
1,0,0,826,450
1,0,0,824,450
1,0,0,825,450
1,0,0,827,450
1,0,0,827,450
1,0,0,826,450
1,0,0,826,450
1,0,0,826,450
1,0,0,826,450
1,0,0,826,450
1,0,0,827,450
1,0,0,826,450
1,0,0,826,450
1,0,0,827,450
1,0,0,827,450
1,0,0,827,450
1,0,0,827,450
1,0,0,825,450
1,0,0,824,450
1,0,0,825,450
1,0,0,827,450
1,0,0,824,450
1,0,0,825,450
1,0,0,827,450
1,0,0,827,450
1,0,0,826,450
1,0,0,825,450
1,0,0,825,450
1,0,1,793,450
1,0,1,748,450
1,0,1,740,450
1,0,1,741,450
1,0,1,747,450
1,0,0,777,450
1,0,0,829,450
1,0,0,826,450
1,0,0,824,450
1,0,0,826,450
1,0,0,825,450
1,0,0,824,450
1,0,0,824,450
1,0,0,824,450
1,0,0,826,450
1,0,0,824,450
1,0,0,825,450
1,0,0,824,450
1,0,0,825,450
1,0,0,823,450
1,0,0,827,450
1,0,0,827,450
1,0,0,825,450
1,0,0,826,450
1,0,0,826,450
1,0,0,840,450
1,0,0,831,450
1,0,0,825,450
1,0,0,827,450
1,0,0,827,450
1,0,0,826,450
1,0,0,815,450
1,0,0,820,450
1,0,0,810,450
1,0,0,811,450
1,0,0,806,450
1,0,0,808,450
1,0,0,802,450
1,0,0,803,450
1,0,0,799,450
1,0,0,804,450
1,0,0,796,450
1,0,0,800,450
1,0,0,794,450
1,0,0,797,450
1,0,0,792,450
1,0,0,799,450
1,0,0,806,450
1,0,0,809,450
1,0,0,816,450
1,0,0,813,450
1,0,0,820,450
1,0,0,819,450
1,0,0,819,450
1,0,0,820,450
1,0,0,824,450
1,0,0,824,450
1,0,0,824,450
1,0,0,823,450
1,0,0,822,450
1,0,0,822,450
1,0,0,824,450
1,0,0,822,450
1,0,0,825,450
1,0,0,826,450
1,0,0,824,450
1,0,0,826,450
1,0,0,825,450
1,0,0,825,450
1,0,0,822,450
1,0,0,825,450
1,0,0,822,450
1,0,0,823,450
1,0,0,822,450
1,0,0,823,450
1,0,0,824,450
1,0,0,824,450
1,0,0,826,450
1,0,0,824,450
1,0,0,825,450
1,0,0,824,450
1,0,0,826,450
1,0,0,827,450
1,0,0,825,450
1,0,0,826,450
1,0,0,826,450
1,0,0,826,450
1,0,0,825,450
1,0,0,826,450
1,0,0,826,450
1,0,0,824,450
1,0,0,826,450
1,0,0,825,450
1,0,0,823,450
1,0,0,826,450
1,0,0,826,450
1,0,0,826,450
1,0,0,826,450
1,0,0,826,450
1,0,0,824,450
1,0,0,826,450
1,0,0,826,450
1,0,0,824,450
1,0,0,825,450
1,0,0,826,450
1,0,0,826,450
1,0,0,825,450
1,0,0,824,450
1,0,0,826,450
1,0,0,824,450
1,0,0,824,450
1,0,0,825,450
1,0,0,826,450
1,0,0,825,450
1,0,0,827,450
1,0,1,823,450
1,0,1,742,450
1,0,1,737,450
1,0,1,742,450
1,0,1,749,450
1,0,0,778,450
1,0,0,828,450
1,0,0,826,450
1,0,0,822,450
1,0,0,822,450
1,0,0,839,450
1,0,0,828,450
1,0,0,825,450
1,0,0,825,450
1,0,0,822,450
1,0,0,822,450
1,0,0,823,450
1,0,0,821,450
1,0,0,825,450
1,0,0,822,450
1,0,0,825,450
1,0,0,826,450
1,0,0,826,450
1,0,0,825,450
1,0,0,826,450
1,0,0,824,450
1,0,0,823,450
1,0,0,825,450
1,0,0,825,450
1,0,0,827,450
1,0,0,826,450
1,0,0,823,450
1,0,0,824,450
1,0,0,822,450
1,0,0,824,450
1,0,0,826,450
1,0,0,825,450
1,0,0,826,450
1,0,0,824,450
1,0,0,826,450
1,0,0,827,450
1,0,0,826,450
1,0,0,826,450
1,0,0,824,450
1,0,0,826,450
1,0,0,826,450
1,0,0,826,450
1,0,0,827,450
1,0,0,827,450
1,0,0,824,450
1,0,0,827,450
1,0,0,824,450
1,0,0,825,450
1,0,0,827,450
1,0,0,825,450
1,0,0,824,450
1,0,0,825,450
1,0,0,824,450
1,0,0,824,450
1,0,0,826,450
1,0,0,824,450
1,0,0,825,450
1,0,0,827,450
1,0,0,826,450
1,0,0,826,450
1,0,0,827,450
1,0,0,826,450
1,0,0,826,450
1,0,0,825,450
1,0,0,825,450
1,0,0,826,450
1,0,0,826,450
1,0,0,827,450
1,0,0,826,450
1,0,0,827,450
1,0,0,824,450
1,0,0,827,450
1,0,0,824,450
1,0,0,826,450
1,0,0,823,450
1,0,0,825,450
1,0,0,827,450
1,0,0,825,450
1,0,0,826,450
1,0,0,825,450
1,0,0,827,450
1,0,0,827,450
1,0,0,826,450
1,0,0,826,450
1,0,0,828,450
1,0,0,826,450
1,0,0,828,450
1,0,0,825,450
1,0,0,825,450
1,0,0,827,450
1,0,0,825,450
1,0,0,825,450
1,0,0,824,450
1,0,0,827,450
1,0,0,826,450
1,0,0,825,450
1,0,0,828,450
1,0,0,826,450
1,0,0,825,450
1,0,0,826,450
1,0,0,826,450
1,0,0,826,450
1,0,0,824,450
1,0,0,825,450
1,0,0,825,450
1,0,1,839,450
1,0,0,753,450
1,0,0,832,450
1,0,0,829,450
1,0,0,824,450
1,0,0,824,450
1,0,0,826,450
1,0,0,826,450
1,0,0,825,450
1,0,0,825,450
1,0,0,824,450
1,0,0,825,450
1,0,0,826,450
1,0,0,825,450
1,0,0,828,450
1,0,0,823,450
1,0,0,826,450
1,0,0,824,450
1,0,0,826,450
1,0,0,826,450
1,0,0,825,450
1,0,0,825,450
1,0,0,825,450
1,0,0,825,450
1,0,0,824,450
1,0,0,824,450
1,0,0,827,450
1,0,0,826,450
1,0,0,827,450
1,0,0,826,450
1,0,0,827,450
1,0,0,826,450
1,0,0,826,450
1,0,0,825,450
1,0,0,826,450
1,0,0,824,450
1,0,0,825,450
1,0,0,827,450
1,0,0,825,450
1,0,0,826,450
1,0,0,826,450
1,0,0,826,450
1,0,0,826,450
1,0,0,826,450
1,0,0,824,450
1,0,0,827,450
1,0,0,825,450
1,0,0,826,450
1,0,0,825,450
1,0,0,826,450
1,0,0,826,450
1,0,0,826,450
1,0,0,826,450
1,0,0,827,450
1,0,0,826,450
1,0,0,826,450
1,0,0,827,450
1,0,0,826,450
1,0,0,828,450
1,0,0,824,450
1,0,0,826,450
1,0,0,824,450
1,0,0,826,450
1,0,0,825,450
1,0,0,825,450
1,0,0,826,450
1,0,0,827,450
1,0,0,826,450
1,0,0,825,450
1,0,0,827,450
1,0,0,826,450
1,0,0,825,450
1,0,0,825,450
1,0,0,826,450
1,0,0,826,450
1,0,0,824,450
1,0,0,827,450
1,0,0,826,450
1,0,0,825,450
1,0,0,824,450
1,0,0,828,450
1,0,0,827,450
1,0,0,826,450
1,0,0,824,450
1,0,0,825,450
1,0,0,827,450
1,0,0,825,450
1,0,0,825,450
1,0,0,824,450
1,0,0,828,450
1,0,0,826,450
1,0,0,827,450
1,0,0,826,450
1,0,0,827,450
1,0,0,826,450
1,0,0,828,450
1,0,0,827,450
1,0,0,826,450
1,0,0,826,450
1,0,0,825,450
1,0,0,842,450
1,0,0,831,450
1,0,0,830,450
1,0,0,828,450
1,0,0,827,450
1,0,0,826,450
1,0,0,814,450
1,0,0,817,450
1,0,0,812,450
1,0,0,811,450
1,0,0,805,450
1,0,0,808,450
1,0,0,803,450
1,0,0,806,450
1,0,0,799,450
1,0,0,802,450
1,0,0,796,450
1,0,0,802,450
1,0,0,795,450
1,0,0,799,450
1,0,0,792,450
1,0,0,799,450
1,0,0,804,450
1,0,0,810,450
1,0,0,811,450
1,0,1,819,450
1,0,1,739,450
1,0,1,739,450
1,0,1,735,450
1,0,1,746,450
1,0,0,781,450
1,0,0,826,450
1,0,0,824,450
1,0,0,822,450
1,0,0,824,450
1,0,0,823,450
1,0,0,824,450
1,0,0,824,450
1,0,0,825,450
1,0,0,821,450
1,0,0,823,450
1,0,0,825,450
1,0,0,824,450
1,0,0,824,450
1,0,0,825,450
1,0,0,822,450
1,0,0,826,450
1,0,0,826,450
1,0,0,823,450
1,0,0,824,450
1,0,0,826,450
1,0,0,825,450
1,0,0,825,450
1,0,0,824,450
1,0,0,823,450
1,0,0,826,450
1,0,0,824,450
1,0,0,825,450
1,0,0,827,450
1,0,0,826,450
1,0,0,827,450
1,0,0,827,450
1,0,0,825,450
1,0,0,826,450
1,0,0,824,450
1,0,0,824,450
1,0,0,826,450
1,0,0,825,450
1,0,0,827,450
1,0,0,826,450
1,0,0,827,450
1,0,0,825,450
1,0,0,827,450
1,0,0,827,450
1,0,0,826,450
1,0,0,826,450
1,0,0,825,450
1,0,0,826,450
1,0,0,825,450
1,0,0,827,450
1,0,0,826,450
1,0,0,828,450
1,0,0,824,450
1,0,0,824,450
1,0,0,825,450
1,0,0,825,450
1,0,0,824,450
1,0,0,826,450
1,0,0,825,450
1,0,0,827,450
1,0,0,824,450
1,0,0,828,450
1,0,0,826,450
1,0,0,825,450
1,0,0,826,450
1,0,0,825,450
1,0,0,828,450
1,0,0,827,450
1,0,0,826,450
1,0,0,824,450
1,0,0,841,450
1,0,0,830,450
1,0,0,827,450
1,0,0,825,450
1,0,0,827,450
1,0,0,825,450
1,0,0,823,450
1,0,0,826,450
1,0,0,826,450
1,0,0,823,450
1,0,0,826,450
1,0,0,826,450
1,0,0,824,450
1,0,0,826,450
1,0,0,825,450
1,0,0,828,450
1,0,0,824,450
1,0,0,827,450
1,0,0,826,450
1,0,0,826,450
1,0,0,827,450
1,0,0,827,450
1,0,0,827,450
1,0,0,827,450
1,0,0,827,450
1,0,0,823,450
1,0,0,824,450
1,0,0,826,450
1,0,0,824,450
1,0,0,826,450
1,0,1,807,450
1,0,1,742,450
1,0,1,747,450
1,0,1,739,450
1,0,1,747,450
1,0,0,776,450
1,0,0,828,450
1,0,0,825,450
1,0,0,826,450
1,0,0,826,450
1,0,0,825,450
1,0,0,825,450
1,0,0,826,450
1,0,0,823,450
1,0,0,826,450
1,0,0,825,450
1,0,0,825,450
1,0,0,825,450
1,0,0,825,450
1,0,0,825,450
1,0,0,824,450
1,0,0,825,450
1,0,0,826,450
1,0,0,826,450
1,0,0,825,450
1,0,0,827,450
1,0,0,824,450
1,0,0,826,450
1,0,0,823,450
1,0,0,825,450
1,0,0,825,450
1,0,0,827,450
1,0,0,826,450
1,0,0,827,450
1,0,0,824,450
1,0,0,827,450
1,0,0,823,450
1,0,0,825,450
1,0,0,825,450
1,0,0,826,450
1,0,0,827,450
1,0,0,824,450
1,0,0,825,450
1,0,0,825,450
1,0,0,825,450
1,0,0,826,450
1,0,0,826,450
1,0,0,827,450
1,0,0,827,450
1,0,0,827,450
1,0,0,826,450
1,0,0,824,450
1,0,0,825,450
1,0,0,826,450
1,0,0,824,450
1,0,0,826,450
1,0,0,827,450
1,0,0,825,450
1,0,0,825,450
1,0,0,825,450
1,0,0,828,450
1,0,0,825,450
1,0,0,825,450
1,0,0,826,450
1,0,0,825,450
1,0,0,827,450
1,0,0,825,450
1,0,0,826,450
1,0,0,825,450
1,0,0,827,450
1,0,0,844,450
1,0,0,833,450
1,0,0,829,450
1,0,0,824,450
1,0,0,826,450
1,0,0,823,450
1,0,0,824,450
1,0,0,827,450
1,0,0,826,450
1,0,0,826,450
1,0,0,824,450
1,0,0,825,450
1,0,0,825,450
1,0,0,825,450
1,0,0,825,450
1,0,0,825,450
1,0,0,827,450
1,0,0,826,450
1,0,0,826,450
1,0,0,827,450
1,0,0,828,450
1,0,0,827,450
1,0,0,827,450
1,0,0,826,450
1,0,0,827,450
1,0,0,826,450
1,0,0,826,450
1,0,0,827,450
1,0,0,826,450
1,0,0,825,450
1,0,0,826,450
1,0,0,827,450
1,0,0,826,450
1,0,0,827,450
1,0,0,825,450
1,0,0,827,450
1,0,0,825,450
1,0,0,826,450
1,0,0,828,450
1,0,0,826,450
1,0,0,827,450
1,0,0,827,450
1,0,0,823,450
1,0,0,827,450
1,0,0,826,450
1,0,1,801,450
1,0,1,740,450
1,0,1,746,450
1,0,1,739,450
1,0,1,745,450
1,0,0,777,450
1,0,0,830,450
1,0,0,825,450
1,0,0,822,450
1,0,0,826,450
1,0,0,826,450
1,0,0,822,450
1,0,0,824,450
1,0,0,825,450
1,0,0,826,450
1,0,0,824,450
1,0,0,825,450
1,0,0,826,450
1,0,0,824,450
1,0,0,825,450
1,0,0,827,450
1,0,0,825,450
1,0,0,826,450
1,0,0,826,450
1,0,0,828,450
1,0,0,828,450
1,0,0,827,450
1,0,0,823,450
1,0,0,827,450
1,0,0,825,450
1,0,0,826,450
1,0,0,827,450
1,0,0,827,450
1,0,0,826,450
1,0,0,826,450
1,0,0,826,450
1,0,0,826,450
1,0,0,826,450
1,0,0,827,450
1,0,0,824,450
1,0,0,823,450
1,0,0,827,450
1,0,0,824,450
1,0,0,826,450
1,0,0,826,450
1,0,0,828,450
1,0,0,828,450
1,0,0,827,450
1,0,0,827,450
1,0,0,828,450
1,0,0,826,450
1,0,0,828,450
1,0,0,826,450
1,0,0,825,450
1,0,0,826,450
1,0,0,842,450
1,0,0,831,450
1,0,0,828,450
1,0,0,826,450
1,0,0,826,450
1,0,0,823,450
1,0,0,814,450
1,0,0,821,450
1,0,0,810,450
1,0,0,813,450
1,0,0,805,450
1,0,0,810,450
1,0,0,802,450
1,0,0,803,450
1,0,0,799,450
1,0,0,802,450
1,0,0,796,450
1,0,0,800,450
1,0,0,799,450
1,0,0,800,450
1,0,0,798,450
1,0,0,799,450
1,0,0,807,450
1,0,0,810,450
1,0,0,816,450
1,0,0,814,450
1,0,0,820,450
1,0,0,819,450
1,0,0,820,450
1,0,0,825,450
1,0,0,823,450
1,0,0,821,450
1,0,0,824,450
1,0,0,824,450
1,0,0,823,450
1,0,0,824,450
1,0,0,824,450
1,0,0,826,450
1,0,0,826,450
1,0,0,826,450
1,0,0,826,450
1,0,0,823,450
1,0,0,823,450
1,0,0,823,450
1,0,0,825,450
1,0,0,823,450
1,0,0,825,450
1,0,0,826,450
1,0,0,825,450
1,0,0,824,450
1,0,0,824,450
1,0,0,823,450
1,0,0,825,450
1,0,0,824,450
1,0,0,825,450
1,0,0,826,450
1,0,0,825,450
1,0,0,825,450
1,0,0,826,450
1,0,0,824,450
1,0,1,813,450
1,0,0,747,450
1,0,0,830,450
1,0,0,826,450
1,0,0,824,450
1,0,0,822,450
1,0,0,823,450
1,0,0,826,450
1,0,0,823,450
1,0,0,823,450
1,0,0,825,450
1,0,0,826,450
1,0,0,824,450
1,0,0,825,450
1,0,0,826,450
1,0,0,827,450
1,0,0,827,450
1,0,0,825,450
1,0,0,825,450
1,0,0,824,450
1,0,0,827,450
1,0,0,826,450
1,0,0,824,450
1,0,0,824,450
1,0,0,826,450
1,0,0,824,450
1,0,0,824,450
1,0,0,826,450
1,0,0,824,450
1,0,0,826,450
1,0,0,824,450
1,0,0,824,450
1,0,0,824,450
1,0,0,827,450
1,0,0,825,450
1,0,0,825,450
1,0,0,825,450
1,0,0,826,450
1,0,0,824,450
1,0,0,826,450
1,0,0,842,450
1,0,0,833,450
1,0,0,825,450
1,0,0,828,450
1,0,0,824,450
1,0,0,824,450
1,0,0,826,450
1,0,0,824,450
1,0,0,826,450
1,0,0,823,450
1,0,0,826,450
1,0,0,827,450
1,0,0,825,450
1,0,0,825,450
1,0,0,827,450
1,0,0,824,450
1,0,0,825,450
1,0,0,824,450
1,0,0,826,450
1,0,0,827,450
1,0,0,825,450
1,0,0,825,450
1,0,0,824,450
1,0,0,827,450
1,0,0,825,450
1,0,0,825,450
1,0,0,825,450
1,0,0,826,450
1,0,0,825,450
1,0,0,824,450
1,0,0,824,450
1,0,0,826,450
1,0,0,827,450
1,0,0,827,450
1,0,0,826,450
1,0,0,826,450
1,0,0,825,450
1,0,0,825,450
1,0,0,827,450
1,0,0,827,450
1,0,0,827,450
1,0,0,827,450
1,0,0,828,450
1,0,0,825,450
1,0,0,825,450
1,0,0,825,450
1,0,0,826,450
1,0,0,823,450
1,0,0,828,450
1,0,0,825,450
1,0,0,825,450
1,0,0,824,450
1,0,0,826,450
1,0,0,827,450
1,0,0,827,450
1,0,0,826,450
1,0,0,825,450
1,0,0,826,450
1,0,0,826,450
1,0,0,827,450
1,0,0,828,450
1,0,0,826,450
1,0,0,827,450
1,0,0,825,450
1,0,0,826,450
1,0,0,826,450
1,0,0,827,450
1,0,0,826,450
1,0,0,824,450
1,0,0,827,450
1,0,0,827,450
1,0,0,825,450
1,0,0,826,450
1,0,0,828,450
1,0,0,826,450
1,0,1,797,450
1,0,1,741,450
1,0,1,744,450
1,0,1,742,450
1,0,1,748,450
1,0,0,771,450
1,0,0,831,450
1,0,0,827,450
1,0,0,825,450
1,0,0,825,450
1,0,0,826,450
1,0,0,823,450
1,0,0,823,450
1,0,0,826,450
1,0,0,825,450
1,0,0,824,450
1,0,0,827,450
1,0,0,824,450
1,0,0,824,450
1,0,0,823,450
1,0,0,825,450
1,0,0,827,450
1,0,0,824,450
1,0,0,824,450
1,0,0,824,450
1,0,0,843,450
1,0,0,831,450
1,0,0,827,450
1,0,0,828,450
1,0,0,826,450
1,0,0,825,450
1,0,0,825,450
1,0,0,826,450
1,0,0,824,450
1,0,0,827,450
1,0,0,827,450
1,0,0,827,450
1,0,0,827,450
1,0,0,827,450
1,0,0,825,450
1,0,0,826,450
1,0,0,827,450
1,0,0,826,450
1,0,0,826,450
1,0,0,827,450
1,0,0,827,450
1,0,0,826,450
1,0,0,827,450
1,0,0,826,450
1,0,0,826,450
1,0,0,823,450
1,0,0,827,450
1,0,0,823,450
1,0,0,826,450
1,0,0,827,450
1,0,0,826,450
1,0,0,824,450
1,0,0,826,450
1,0,0,827,450
1,0,0,825,450
1,0,0,826,450
1,0,0,827,450
1,0,0,825,450
1,0,0,828,450
1,0,0,826,450
1,0,0,825,450
1,0,0,826,450
1,0,0,826,450
1,0,0,826,450
1,0,0,826,450
1,0,0,827,450
1,0,0,825,450
1,0,0,825,450
1,0,0,825,450
1,0,0,826,450
1,0,0,826,450
1,0,0,828,450
1,0,0,827,450
1,0,0,827,450
1,0,0,827,450
1,0,0,825,450
1,0,0,828,450
1,0,0,825,450
1,0,0,827,450
1,0,0,826,450
1,0,0,826,450
1,0,0,827,450
1,0,0,827,450
1,0,0,826,450
1,0,0,826,450
1,0,0,827,450
1,0,0,828,450
1,0,0,825,450
1,0,0,827,450
1,0,0,827,450
1,0,0,826,450
1,0,0,826,450
1,0,0,826,450
1,0,0,826,450
1,0,0,826,450
1,0,0,827,450
1,0,0,828,450
1,0,0,826,450
1,0,0,825,450
1,0,0,827,450
1,0,0,827,450
1,0,0,828,450
1,0,0,825,450
1,0,0,827,450
1,0,0,826,450
1,0,1,786,450
1,0,1,745,450
1,0,1,739,450
1,0,1,744,450
1,0,1,746,450
1,0,0,774,450
1,0,0,828,450
1,0,0,827,450
1,0,0,825,450
1,0,0,822,450
1,0,0,824,450
1,0,0,825,450
1,0,0,826,450
1,0,0,825,450
1,0,0,822,450
1,0,0,839,450
1,0,0,830,450
1,0,0,825,450
1,0,0,825,450
1,0,0,824,450
1,0,0,823,450
1,0,0,820,450
1,0,0,816,450
1,0,0,808,450
1,0,0,813,450
1,0,0,805,450
1,0,0,807,450
1,0,0,799,450
1,0,0,805,450
1,0,0,799,450
1,0,0,802,450
1,0,0,797,450
1,0,0,802,450
1,0,0,793,450
1,0,0,798,450
1,0,0,792,450
1,0,0,797,450
1,0,0,804,450
1,0,0,810,450
1,0,0,812,450
1,0,0,821,450
1,0,0,817,450
1,0,0,820,450
1,0,0,821,450
1,0,0,821,450
1,0,0,823,450
1,0,0,824,450
1,0,0,824,450
1,0,0,824,450
1,0,0,823,450
1,0,0,825,450
1,0,0,826,450
1,0,0,823,450
1,0,0,824,450
1,0,0,822,450
1,0,0,823,450
1,0,0,824,450
1,0,0,823,450
1,0,0,825,450
1,0,0,825,450
1,0,0,825,450
1,0,0,824,450
1,0,0,825,450
1,0,0,826,450
1,0,0,826,450
1,0,0,824,450
1,0,0,826,450
1,0,0,825,450
1,0,0,827,450
1,0,0,825,450
1,0,0,825,450
1,0,0,824,450
1,0,0,826,450
1,0,0,825,450
1,0,0,827,450
1,0,0,827,450
1,0,0,825,450
1,0,0,825,450
1,0,0,823,450
1,0,0,825,450
1,0,0,823,450
1,0,0,824,450
1,0,0,826,450
1,0,0,825,450
1,0,0,826,450
1,0,0,825,450
1,0,0,825,450
1,0,0,826,450
1,0,0,824,450
1,0,0,825,450
1,0,0,826,450
1,0,0,826,450
1,0,0,827,450
1,0,0,824,450
1,0,0,826,450
1,0,0,825,450
1,0,0,827,450
1,0,0,825,450
1,0,0,826,450
1,0,0,826,450
1,0,0,826,450
1,0,0,824,450
1,0,0,824,450
1,0,0,827,450
1,0,0,826,450
1,0,0,825,450
1,0,0,825,450
1,0,0,826,450
1,0,0,825,450
1,0,0,826,450
1,0,0,825,450
1,0,0,827,450
1,0,0,824,450
1,0,0,823,450
1,0,0,826,450
1,0,1,839,450
1,0,0,782,450
1,0,0,830,450
1,0,0,827,450
1,0,0,823,450
1,0,0,822,450
1,0,0,826,450
1,0,0,824,450
1,0,0,824,450
1,0,0,827,450
1,0,0,824,450
1,0,0,826,450
1,0,0,825,450
1,0,0,824,450
1,0,0,825,450
1,0,0,825,450
1,0,0,824,450
1,0,0,827,450
1,0,0,825,450
1,0,0,826,450
1,0,0,826,450
1,0,0,827,450
1,0,0,825,450
1,0,0,827,450
1,0,0,827,450
1,0,0,824,450
1,0,0,823,450
1,0,0,825,450
1,0,0,823,450
1,0,0,827,450
1,0,0,827,450
1,0,0,826,450
1,0,0,826,450
1,0,0,825,450
1,0,0,826,450
1,0,0,826,450
1,0,0,826,450
1,0,0,826,450
1,0,0,827,450
1,0,0,827,450
1,0,0,826,450
1,0,0,824,450
1,0,0,827,450
1,0,0,827,450
1,0,0,824,450
1,0,0,825,450
1,0,0,826,450
1,0,0,825,450
1,0,0,826,450
1,0,0,826,450
1,0,0,824,450
1,0,0,826,450
1,0,0,825,450
1,0,0,827,450
1,0,0,825,450
1,0,0,827,450
1,0,0,826,450
1,0,0,827,450
1,0,0,828,450
1,0,0,828,450
1,0,0,825,450
1,0,0,827,450
1,0,0,827,450
1,0,0,827,450
1,0,0,826,450
1,0,0,826,450
1,0,0,824,450
1,0,0,827,450
1,0,0,827,450
1,0,0,826,450
1,0,0,824,450
1,0,0,826,450
1,0,0,828,450
1,0,0,826,450
1,0,0,824,450
1,0,0,828,450
1,0,0,826,450
1,0,0,827,450
1,0,0,826,450
1,0,0,827,450
1,0,0,827,450
1,0,0,827,450
1,0,0,827,450
1,0,0,827,450
1,0,0,825,450
1,0,0,827,450
1,0,0,825,450
1,0,0,826,450
1,0,0,827,450
1,0,0,827,450
1,0,0,826,450
1,0,0,825,450
1,0,0,827,450
1,0,0,826,450
1,0,0,825,450
1,0,0,827,450
1,0,0,826,450
1,0,0,827,450
1,0,0,826,450
1,0,0,825,450
1,0,0,839,450
1,0,0,831,450
1,0,0,827,450
1,0,0,827,450
1,0,0,826,450
1,0,0,823,450
1,0,0,826,450
1,0,0,826,450
1,0,0,824,450
1,0,0,826,450
1,0,0,824,450
1,0,0,825,450
1,0,0,827,450
1,0,0,827,450
1,0,0,825,450
1,0,1,823,450
1,0,1,693,450
1,0,1,698,450
1,0,1,699,450
1,0,1,695,450
1,0,0,752,450
1,0,0,833,450
1,0,0,828,450
1,0,0,825,450
1,0,0,825,450
1,0,0,823,450
1,0,0,823,450
1,0,0,825,450
1,0,0,826,450
1,0,0,824,450
1,0,0,826,450
1,0,0,824,450
1,0,0,825,450
1,0,0,827,450
1,0,0,825,450
1,0,0,827,450
1,0,0,827,450
1,0,0,826,450
1,0,0,824,450
1,0,0,826,450
1,0,0,826,450
1,0,0,826,450
1,0,0,827,450
1,0,0,824,450
1,0,0,824,450
1,0,0,826,450
1,0,0,824,450
1,0,0,824,450
1,0,0,826,450
1,0,0,827,450
1,0,0,827,450
1,0,0,824,450
1,0,0,827,450
1,0,0,826,450
1,0,0,827,450
1,0,0,825,450
1,0,0,827,450
1,0,0,827,450
1,0,0,826,450
1,0,0,826,450
1,0,0,828,450
1,0,0,827,450
1,0,0,826,450
1,0,0,827,450
1,0,0,826,450
1,0,0,825,450
1,0,0,828,450
1,0,0,826,450
1,0,0,825,450
1,0,0,826,450
1,0,0,827,450
1,0,0,827,450
1,0,0,826,450
1,0,0,826,450
1,0,0,828,450
1,0,0,827,450
1,0,0,827,450
1,0,0,826,450
1,0,0,828,450
1,0,0,826,450
1,0,0,828,450
1,0,0,827,450
1,0,0,827,450
1,0,0,826,450
1,0,0,826,450
1,0,0,826,450
1,0,0,826,450
1,0,0,828,450
1,0,0,826,450
1,0,0,827,450
1,0,0,826,450
1,0,0,825,450
1,0,0,825,450
1,0,0,827,450
1,0,0,826,450
1,0,0,828,450
1,0,0,826,450
1,0,0,827,450
1,0,0,824,450
1,0,0,826,450
1,0,0,839,450
1,0,0,831,450
1,0,0,829,450
1,0,0,826,450
1,0,0,827,450
1,0,0,827,450
1,0,0,814,450
1,0,0,819,450
1,0,0,811,450
1,0,0,811,450
1,0,0,804,450
1,0,0,807,450
1,0,0,802,450
1,0,0,807,450
1,0,0,799,450
1,0,0,803,450
1,0,0,797,450
1,0,0,801,450
1,0,0,798,450
1,0,0,800,450
1,0,0,795,450
1,0,0,799,450
1,0,0,805,450
1,0,0,810,450
1,0,0,810,450
1,0,0,822,450
1,0,0,817,450
1,0,0,820,450
1,0,0,823,450
1,0,0,824,450
1,0,1,782,450
1,0,1,738,450
1,0,1,740,450
1,0,1,748,450
1,0,1,752,450
1,0,0,777,450
1,0,0,827,450
1,0,0,826,450
1,0,0,824,450
1,0,0,824,450
1,0,0,822,450
1,0,0,825,450
1,0,0,824,450
1,0,0,825,450
1,0,0,824,450
1,0,0,825,450
1,0,0,825,450
1,0,0,826,450
1,0,0,822,450
1,0,0,826,450
1,0,0,822,450
1,0,0,825,450
1,0,0,826,450
1,0,0,823,450
1,0,0,824,450
1,0,0,827,450
1,0,0,826,450
1,0,0,824,450
1,0,0,827,450
1,0,0,827,450
1,0,0,826,450
1,0,0,826,450
1,0,0,825,450
1,0,0,823,450
1,0,0,826,450
1,0,0,825,450
1,0,0,824,450
1,0,0,824,450
1,0,0,824,450
1,0,0,827,450
1,0,0,827,450
1,0,0,823,450
1,0,0,824,450
1,0,0,827,450
1,0,0,826,450
1,0,0,826,450
1,0,0,826,450
1,0,0,826,450
1,0,0,827,450
1,0,0,826,450
1,0,0,826,450
1,0,0,827,450
1,0,0,827,450
1,0,0,826,450
1,0,0,823,450
1,0,0,823,450
1,0,0,825,450
1,0,0,823,450
1,0,0,827,450
1,0,0,827,450
1,0,0,825,450
1,0,0,826,450
1,0,0,824,450
1,0,0,826,450
1,0,0,825,450
1,0,0,828,450
1,0,0,825,450
1,0,0,828,450
1,0,0,825,450
1,0,0,826,450
1,0,0,840,450
1,0,0,829,450
1,0,0,829,450
1,0,0,827,450
1,0,0,826,450
1,0,0,824,450
1,0,0,827,450
1,0,0,827,450
1,0,0,827,450
1,0,0,825,450
1,0,0,827,450
1,0,0,827,450
1,0,0,825,450
1,0,0,826,450
1,0,0,827,450
1,0,0,827,450
1,0,0,825,450
1,0,0,825,450
1,0,0,827,450
1,0,0,826,450
1,0,0,826,450
1,0,0,824,450
1,0,0,828,450
1,0,0,827,450
1,0,0,826,450
1,0,0,825,450
1,0,0,827,450
1,0,0,827,450
1,0,0,827,450
1,0,0,827,450
1,0,0,826,450
1,0,0,825,450
1,0,0,827,450
1,0,0,826,450
1,0,0,825,450
1,0,0,827,450
1,0,0,826,450
1,0,0,827,450
1,0,0,824,450
1,0,0,826,450
1,0,0,826,450
1,0,0,827,450
1,0,0,827,450
1,0,0,825,450
1,0,0,825,450
1,0,1,787,450
1,0,1,748,450
1,0,1,740,450
1,0,1,744,450
1,0,1,749,450
1,0,0,774,450
1,0,0,828,450
1,0,0,825,450
1,0,0,824,450
1,0,0,825,450
1,0,0,825,450
1,0,0,824,450
1,0,0,825,450
1,0,0,825,450
1,0,0,823,450
1,0,0,825,450
1,0,0,824,450
1,0,0,826,450
1,0,0,826,450
1,0,0,826,450
1,0,0,823,450
1,0,0,826,450
1,0,0,824,450
1,0,0,825,450
1,0,0,823,450
1,0,0,826,450
1,0,0,825,450
1,0,0,827,450
1,0,0,826,450
1,0,0,825,450
1,0,0,824,450
1,0,0,826,450
1,0,0,825,450
1,0,0,825,450
1,0,0,825,450
1,0,0,825,450
1,0,0,827,450
1,0,0,826,450
1,0,0,827,450
1,0,0,824,450
1,0,0,824,450
1,0,0,824,450
1,0,0,825,450
1,0,0,824,450
1,0,0,825,450
1,0,0,826,450
1,0,0,825,450
1,0,0,827,450
1,0,0,826,450
1,0,0,826,450
1,0,0,826,450
1,0,0,826,450
1,0,0,827,450
1,0,0,827,450
1,0,0,824,450
1,0,0,824,450
1,0,0,827,450
1,0,0,824,450
1,0,0,824,450
1,0,0,826,450
1,0,0,826,450
1,0,0,822,450
1,0,0,823,450
1,0,0,825,450
1,0,0,825,450
1,0,0,824,450
1,0,0,824,450
1,0,0,827,450
1,0,0,824,450
1,0,0,824,450
1,0,0,825,450
1,0,0,827,450
1,0,0,826,450
1,0,0,827,450
1,0,0,827,450
1,0,0,825,450
1,0,0,826,450
1,0,0,827,450
1,0,0,824,450
1,0,0,825,450
1,0,0,824,450
1,0,0,824,450
1,0,0,825,450
1,0,0,825,450
1,0,0,827,450
1,0,0,826,450
1,0,0,826,450
1,0,0,826,450
1,0,0,825,450
1,0,0,826,450
1,0,0,825,450
1,0,0,825,450
1,0,0,826,450
1,0,0,827,450
1,0,0,827,450
1,0,0,827,450
1,0,0,827,450
1,0,0,825,450
1,0,0,826,450
1,0,0,824,450
1,0,0,826,450
1,0,0,825,450
1,0,0,824,450
1,0,0,825,450
1,0,0,825,450
1,0,0,826,450
1,0,0,826,450
1,0,0,826,450
1,0,0,824,450
1,0,0,825,450
1,0,0,826,450
1,0,0,827,450
1,0,0,825,450
1,0,0,827,450
1,0,0,827,450
1,0,1,819,450
1,0,0,773,450
1,0,0,830,450
1,0,0,828,450
1,0,0,824,450
1,0,1,805,450
1,0,1,691,450
1,0,1,696,450
1,0,1,697,450
1,0,1,695,450
1,0,1,698,450
1,0,1,694,450
1,0,1,696,450
1,0,1,696,450
1,0,1,694,450
1,0,1,696,450
1,0,1,696,450
1,0,1,694,450
1,0,1,696,450
1,0,1,695,450
1,0,1,698,450
1,0,0,752,450
1,0,0,832,450
1,0,0,828,450
1,0,0,823,450
1,0,1,823,450
1,0,1,671,450
1,0,1,681,450
1,0,1,672,450
1,0,1,686,450
1,0,1,673,450
1,0,1,675,450
1,0,1,680,450
1,0,1,680,450
1,0,1,682,450
1,0,1,672,450
1,0,1,673,450
1,0,1,677,450
1,0,1,683,450
1,0,1,686,450
1,0,1,677,450
1,0,0,744,450
1,0,0,835,450
1,0,0,827,450
1,0,0,823,450
1,0,0,824,450
1,0,0,815,450
1,0,0,816,450
1,0,0,809,450
1,0,0,810,450
1,0,0,805,450
1,0,0,807,450
1,0,0,801,450
1,0,0,804,450
1,0,0,798,450
1,0,0,801,450
1,0,0,795,450
1,0,0,800,450
1,0,0,799,450
1,0,0,798,450
1,0,0,801,450
1,0,0,796,450
1,0,0,803,450
1,0,0,808,450
1,0,0,811,450
1,0,1,817,450
1,0,1,645,450
1,0,1,663,450
1,0,1,660,450
1,0,1,654,450
1,0,1,664,450
1,0,1,652,450
1,0,1,667,450
1,0,1,661,450
1,0,1,655,450
1,0,1,669,450
1,0,1,655,450
1,0,1,668,450
1,0,1,661,450
1,0,1,656,450
1,0,1,668,450
1,0,0,733,450
1,0,0,832,450
1,0,0,828,450
1,0,0,826,450
1,0,1,824,450
1,0,1,645,450
1,0,1,640,450
1,0,1,635,450
1,0,1,652,450
1,0,1,650,450
1,0,1,638,450
1,0,1,646,450
1,0,1,651,450
1,0,1,636,450
1,0,1,638,450
1,0,1,650,450
1,0,1,646,450
1,0,1,652,450
1,0,1,646,450
1,0,1,655,450
1,0,0,714,450
1,0,0,834,450
1,0,0,827,450
1,0,0,826,450
1,0,1,823,450
1,0,1,637,450
1,0,1,615,450
1,0,1,633,450
1,0,1,638,450
1,0,1,642,450
1,0,1,636,450
1,0,1,635,450
1,0,1,622,450
1,0,1,644,450
1,0,1,624,450
1,0,1,623,450
1,0,1,645,450
1,0,1,624,450
1,0,1,626,450
1,0,1,618,450
1,0,0,712,450
1,0,0,838,450
1,0,0,828,450
1,0,0,822,450
1,0,1,807,450
1,0,1,594,450
1,0,1,601,450
1,0,1,613,450
1,0,1,590,450
1,0,1,619,450
1,0,1,602,450
1,0,1,610,450
1,0,1,607,450
1,0,1,597,450
1,0,1,617,450
1,0,1,593,450
1,0,1,618,450
1,0,1,618,450
1,0,1,593,450
1,0,1,612,450
1,0,0,703,450
1,0,0,835,450
1,0,0,827,450
1,0,0,823,450
1,0,1,812,450
1,0,1,564,450
1,0,1,575,450
1,0,1,598,450
1,0,1,576,450
1,0,1,600,450
1,0,1,595,450
1,0,1,586,450
1,0,1,564,450
1,0,1,593,450
1,0,1,569,450
1,0,1,598,450
1,0,1,571,450
1,0,1,580,450
1,0,1,598,450
1,0,1,585,450
1,0,0,695,450
1,0,0,835,450
1,0,0,830,450
1,0,0,824,450
1,0,1,821,450
1,0,1,572,450
1,0,1,539,450
1,0,1,580,450
1,0,1,545,450
1,0,1,568,450
1,0,1,560,450
1,0,1,564,450
1,0,1,565,450
1,0,1,565,450
1,0,1,545,450
1,0,1,546,450
1,0,1,578,450
1,0,1,545,450
1,0,1,579,450
1,0,1,565,450
1,0,0,677,450
1,0,0,838,450
1,0,0,827,450
1,0,0,824,450
1,0,1,822,450
1,0,1,556,450
1,0,1,561,450
1,0,1,547,450
1,0,1,533,450
1,0,1,530,450
1,0,1,533,450
1,0,1,552,450
1,0,1,561,450
1,0,1,564,450
1,0,1,547,450
1,0,1,566,450
1,0,1,556,450
1,0,1,535,450
1,0,1,525,450
1,0,1,537,450
1,0,0,677,450
1,0,0,834,450
1,0,0,825,450
1,0,0,824,450
1,0,1,777,450
1,0,1,501,450
1,0,1,534,450
1,0,1,550,450
1,0,1,515,450
1,0,1,550,450
1,0,1,548,450
1,0,1,506,450
1,0,1,539,450
1,0,1,548,450
1,0,1,532,450
1,0,1,535,450
1,0,1,551,450
1,0,1,514,450
1,0,1,526,450
1,0,1,522,450
1,0,0,663,450
1,0,0,834,450
1,0,0,825,450
1,0,0,822,450
1,0,1,766,450
1,0,1,487,450
1,0,1,493,450
1,0,1,510,450
1,0,1,527,450
1,0,1,495,450
1,0,1,538,450
1,0,1,538,450
1,0,1,516,450
1,0,1,501,450
1,0,1,537,450
1,0,1,502,450
1,0,1,519,450
1,0,1,503,450
1,0,1,508,450
1,0,1,536,450
1,0,0,659,450
1,0,0,837,450
1,0,0,830,450
1,0,0,820,450
1,0,1,820,450
1,0,1,507,450
1,0,1,479,450
1,0,1,531,450
1,0,1,497,450
1,0,1,525,450
1,0,1,517,450
1,0,1,478,450
1,0,1,526,450
1,0,1,506,450
1,0,1,528,450
1,0,1,520,450
1,0,1,477,450
1,0,1,526,450
1,0,1,505,450
1,0,1,527,450
1,0,0,635,450
1,0,0,837,450
1,0,0,828,450
1,0,0,822,450
1,0,1,796,450
1,0,1,469,450
1,0,1,466,450
1,0,1,493,450
1,0,1,517,450
1,0,1,512,450
1,0,1,519,450
1,0,1,511,450
1,0,1,498,450
1,0,1,477,450
1,0,1,481,450
1,0,1,469,450
1,0,1,475,450
1,0,1,503,450
1,0,1,517,450
1,0,1,500,450
1,0,0,609,450
1,0,0,834,450
1,0,0,827,450
1,0,0,818,450
1,0,1,820,450
1,0,1,488,450
1,0,1,474,450
1,0,1,467,450
1,0,1,493,450
1,0,1,515,450
1,0,1,512,450
1,0,1,503,450
1,0,1,483,450
1,0,1,466,450
1,0,1,559,450
1,0,1,472,450
1,0,1,453,450
1,0,1,471,450
1,0,1,502,450
1,0,1,506,450
1,0,0,631,450
1,0,0,834,450
1,0,0,822,450
1,0,0,818,450
1,0,1,818,450
1,0,1,501,450
1,0,1,492,450
1,0,1,474,450
1,0,1,468,450
1,0,1,514,450
1,0,1,479,450
1,0,1,503,450
1,0,1,516,450
1,0,1,509,450
1,0,1,479,450
1,0,1,475,450
1,0,1,466,450
1,0,1,492,450
1,0,1,513,450
1,0,1,506,450
1,0,0,637,450
1,0,0,835,450
1,0,0,822,450
1,0,0,816,450
1,0,1,791,450
1,0,1,474,450
1,0,1,461,450
1,0,1,454,450
1,0,1,480,450
1,0,1,392,450
1,0,1,516,450
1,0,1,508,450
1,0,1,496,450
1,0,1,475,450
1,0,1,481,450
1,0,1,490,450
1,0,1,513,450
1,0,1,495,450
1,0,1,504,450
1,0,1,472,450
1,0,0,646,450
1,0,0,830,450
1,0,0,821,450
1,0,0,818,450
1,0,0,817,450
1,0,0,810,450
1,0,0,812,450
1,0,0,805,450
1,0,0,807,450
1,0,0,800,450
1,0,0,804,450
1,0,0,798,450
1,0,0,801,450
1,0,0,794,450
1,0,0,800,450
1,0,0,790,450
1,0,1,750,450
1,0,1,496,450
1,0,1,505,450
1,0,1,494,450
1,0,0,639,450
1,0,0,825,450
1,0,0,814,450
1,0,0,813,450
1,0,1,814,450
1,0,1,453,450
1,0,1,453,450
1,0,1,477,450
1,0,1,505,450
1,0,1,505,450
1,0,1,509,450
1,0,1,514,450
1,0,1,509,450
1,0,1,493,450
1,0,1,461,450
1,0,1,487,450
1,0,1,466,450
1,0,1,472,450
1,0,1,500,450
1,0,1,507,450
1,0,0,645,450
1,0,0,829,450
1,0,0,818,450
1,0,0,821,450
1,0,1,764,450
1,0,1,513,450
1,0,1,485,450
1,0,1,512,450
1,0,1,512,450
1,0,1,522,450
1,0,1,523,450
1,0,1,495,450
1,0,1,501,450
1,0,1,518,450
1,0,1,564,450
1,0,1,463,450
1,0,1,480,450
1,0,1,512,450
1,0,1,514,450
1,0,1,496,450
1,0,0,613,450
1,0,0,832,450
1,0,0,820,450
1,0,0,815,450
1,0,1,813,450
1,0,1,468,450
1,0,1,465,450
1,0,1,492,450
1,0,1,515,450
1,0,1,509,450
1,0,1,515,450
1,0,1,511,450
1,0,1,497,450
1,0,1,478,450
1,0,1,482,450
1,0,1,491,450
1,0,1,514,450
1,0,1,514,450
1,0,1,503,450
1,0,1,469,450
1,0,0,636,450
1,0,0,831,450
1,0,0,822,450
1,0,0,819,450
1,0,1,824,450
1,0,1,474,450
1,0,1,462,450
1,0,1,455,450
1,0,1,480,450
1,0,1,393,450
1,0,1,517,450
1,0,1,513,450
1,0,1,498,450
1,0,1,476,450
1,0,1,479,450
1,0,1,491,450
1,0,1,515,450
1,0,1,496,450
1,0,1,508,450
1,0,1,475,450
1,0,0,643,450
1,0,0,832,450
1,0,0,822,450
1,0,0,815,450
1,0,1,805,450
1,0,1,488,450
1,0,1,478,450
1,0,1,457,450
1,0,1,462,450
1,0,1,475,450
1,0,1,509,450
1,0,1,506,450
1,0,1,491,450
1,0,1,476,450
1,0,1,457,450
1,0,1,501,450
1,0,1,486,450
1,0,1,467,450
1,0,1,457,450
1,0,1,465,450
1,0,0,641,450
1,0,0,833,450
1,0,0,822,450
1,0,0,820,450
1,0,1,801,450
1,0,1,496,450
1,0,1,501,450
1,0,1,497,450
1,0,1,479,450
1,0,1,464,450
1,0,1,504,450
1,0,1,493,450
1,0,1,472,450
1,0,1,454,450
1,0,1,508,450
1,0,1,475,450
1,0,1,454,450
1,0,1,502,450
1,0,1,476,450
1,0,1,452,450
1,0,0,629,450
1,0,0,833,450
1,0,0,821,450
1,0,0,817,450
1,0,1,813,450
1,0,1,489,450
1,0,1,487,450
1,0,1,447,450
1,0,1,499,450
1,0,1,502,450
1,0,1,445,450
1,0,1,496,450
1,0,1,493,450
1,0,1,450,450
1,0,1,448,450
1,0,1,469,450
1,0,1,461,450
1,0,1,501,450
1,0,1,468,450
1,0,1,448,450
1,0,0,635,450
1,0,0,829,450
1,0,0,819,450
1,0,0,817,450
1,0,1,821,450
1,0,1,489,450
1,0,1,487,450
1,0,1,447,450
1,0,1,496,450
1,0,1,502,450
1,0,1,468,450
1,0,1,502,450
1,0,1,472,450
1,0,1,462,450
1,0,1,387,450
1,0,1,506,450
1,0,1,489,450
1,0,1,474,450
1,0,1,452,450
1,0,1,465,450
1,0,0,617,450
1,0,0,833,450
1,0,0,822,450
1,0,0,817,450
1,0,1,817,450
1,0,1,455,450
1,0,1,454,450
1,0,1,484,450
1,0,1,508,450
1,0,1,507,450
1,0,1,515,450
1,0,1,504,450
1,0,1,487,450
1,0,1,467,450
1,0,1,505,450
1,0,1,513,450
1,0,1,516,450
1,0,1,484,450
1,0,1,497,450
1,0,1,483,450
1,0,0,626,450
1,0,0,831,450
1,0,0,819,450
1,0,0,816,450
1,0,1,816,450
1,0,1,449,450
1,0,1,481,450
1,0,1,507,450
1,0,1,507,450
1,0,1,504,450
1,0,1,481,450
1,0,1,461,450
1,0,1,465,450
1,0,1,495,450
1,0,1,386,450
1,0,1,495,450
1,0,1,518,450
1,0,1,514,450
1,0,1,504,450
1,0,1,469,450
1,0,0,640,450
1,0,0,831,450
1,0,0,820,450
1,0,0,815,450
1,0,1,820,450
1,0,1,450,450
1,0,1,460,450
1,0,1,497,450
1,0,1,510,450
1,0,1,510,450
1,0,1,480,450
1,0,1,507,450
1,0,1,510,450
1,0,1,503,450
1,0,1,492,450
1,0,1,509,450
1,0,1,510,450
1,0,1,499,450
1,0,1,480,450
1,0,1,467,450
1,0,0,620,450
1,0,0,834,450
1,0,0,819,450
1,0,0,816,450
1,0,1,817,450
1,0,1,498,450
1,0,1,495,450
1,0,1,482,450
1,0,1,461,450
1,0,1,490,450
1,0,1,500,450
1,0,1,463,450
1,0,1,474,450
1,0,1,501,450
1,0,1,488,450
1,0,1,503,450
1,0,1,485,450
1,0,1,448,450
1,0,1,503,450
1,0,1,500,450
1,0,0,619,450
1,0,0,831,450
1,0,0,820,450
1,0,0,816,450
1,0,1,781,450
1,0,1,439,450
1,0,1,493,450
1,0,1,494,450
1,0,1,450,450
1,0,1,451,450
1,0,1,467,450
1,0,1,465,450
1,0,1,503,450
1,0,1,470,450
1,0,1,451,450
1,0,1,503,450
1,0,1,470,450
1,0,1,464,450
1,0,1,503,450
1,0,1,492,450
1,0,0,627,450
1,0,0,831,450
1,0,0,820,450
1,0,0,815,450
1,0,1,804,450
1,0,1,483,450
1,0,1,445,450
1,0,1,499,450
1,0,1,493,450
1,0,1,477,450
1,0,1,501,450
1,0,1,495,450
1,0,1,449,450
1,0,1,499,450
1,0,1,505,450
1,0,1,451,450
1,0,1,499,450
1,0,1,474,450
1,0,1,483,450
1,0,1,446,450
1,0,0,604,450
1,0,0,830,450
1,0,0,818,450
1,0,0,814,450
1,0,0,813,450
1,0,0,802,450
1,0,0,805,450
1,0,0,798,450
1,0,0,800,450
1,0,0,797,450
1,0,0,800,450
1,0,0,798,450
1,0,0,799,450
1,0,0,790,450
1,0,0,797,450
1,0,0,791,450
1,0,1,781,450
1,0,1,471,450
1,0,1,434,450
1,0,1,495,450
1,0,0,623,450
1,0,0,828,450
1,0,0,812,450
1,0,0,808,450
1,0,1,811,450
1,0,1,451,450
1,0,1,497,450
1,0,1,465,450
1,0,1,459,450
1,0,1,384,450
1,0,1,454,450
1,0,1,474,450
1,0,1,503,450
1,0,1,508,450
1,0,1,505,450
1,0,1,480,450
1,0,1,507,450
1,0,1,507,450
1,0,1,494,450
1,0,1,482,450
1,0,0,606,450
1,0,0,825,450
1,0,0,818,450
1,0,0,812,450
1,0,1,812,450
1,0,1,491,450
1,0,1,475,450
1,0,1,446,450
1,0,1,501,450
1,0,1,497,450
1,0,1,449,450
1,0,1,501,450
1,0,1,480,450
1,0,1,447,450
1,0,1,397,450
1,0,1,464,450
1,0,1,456,450
1,0,1,480,450
1,0,1,505,450
1,0,1,503,450
1,0,0,628,450
1,0,0,828,450
1,0,0,814,450
1,0,0,813,450
1,0,1,812,450
1,0,1,503,450
1,0,1,498,450
1,0,1,482,450
1,0,1,463,450
1,0,1,507,450
1,0,1,470,450
1,0,1,490,450
1,0,1,514,450
1,0,1,511,450
1,0,1,470,450
1,0,1,458,450
1,0,1,460,450
1,0,1,492,450
1,0,1,507,450
1,0,1,505,450
1,0,0,633,450
1,0,0,830,450
1,0,0,816,450
1,0,0,813,450
1,0,1,785,450
1,0,1,496,450
1,0,1,498,450
1,0,1,487,450
1,0,1,469,450
1,0,1,454,450
1,0,1,475,450
1,0,1,501,450
1,0,1,507,450
1,0,1,499,450
1,0,1,486,450
1,0,1,463,450
1,0,1,455,450
1,0,1,500,450
1,0,1,467,450
1,0,1,483,450
1,0,0,602,450
1,0,0,828,450
1,0,0,817,450
1,0,0,814,450
1,0,1,813,450
1,0,1,487,450
1,0,1,461,450
1,0,1,458,450
1,0,1,497,450
1,0,1,487,450
1,0,1,467,450
1,0,1,498,450
1,0,1,464,450
1,0,1,459,450
1,0,1,383,450
1,0,1,448,450
1,0,1,467,450
1,0,1,499,450
1,0,1,504,450
1,0,1,501,450
1,0,0,622,450
1,0,0,828,450
1,0,0,817,450
1,0,0,812,450
1,0,1,812,450
1,0,1,466,450
1,0,1,450,450
1,0,1,459,450
1,0,1,489,450
1,0,1,382,450
1,0,1,492,450
1,0,1,511,450
1,0,1,511,450
1,0,1,499,450
1,0,1,463,450
1,0,1,492,450
1,0,1,473,450
1,0,1,464,450
1,0,1,486,450
1,0,1,507,450
1,0,0,634,450
1,0,0,827,450
1,0,0,817,450
1,0,0,813,450
1,0,1,769,450
1,0,1,455,450
1,0,1,465,450
1,0,1,502,450
1,0,1,511,450
1,0,1,499,450
1,0,1,489,450
1,0,1,470,450
1,0,1,463,450
1,0,1,487,450
1,0,1,507,450
1,0,1,510,450
1,0,1,474,450
1,0,1,518,450
1,0,1,490,450
1,0,1,518,450
1,0,0,636,450
1,0,0,827,450
1,0,0,816,450
1,0,0,813,450
1,0,1,786,450
1,0,1,509,450
1,0,1,494,450
1,0,1,486,450
1,0,1,515,450
1,0,1,500,450
1,0,1,518,450
1,0,1,496,450
1,0,1,485,450
1,0,1,518,450
1,0,1,560,450
1,0,1,484,450
1,0,1,507,450
1,0,1,507,450
1,0,1,495,450
1,0,1,460,450
1,0,0,638,450
1,0,0,829,450
1,0,0,816,450
1,0,0,815,450
1,0,1,812,450
1,0,1,494,450
1,0,1,485,450
1,0,1,470,450
1,0,1,462,450
1,0,1,502,450
1,0,1,509,450
1,0,1,508,450
1,0,1,497,450
1,0,1,478,450
1,0,1,469,450
1,0,1,473,450
1,0,1,505,450
1,0,1,495,450
1,0,1,503,450
1,0,1,459,450
1,0,0,631,450
1,0,0,828,450
1,0,0,815,450
1,0,0,811,450
1,0,1,759,450
1,0,1,443,450
1,0,1,452,450
1,0,1,486,450
1,0,1,500,450
1,0,1,497,450
1,0,1,503,450
1,0,1,491,450
1,0,1,469,450
1,0,1,460,450
1,0,1,502,450
1,0,1,468,450
1,0,1,495,450
1,0,1,508,450
1,0,1,502,450
1,0,1,474,450
1,0,0,629,450
1,0,0,828,450
1,0,0,815,450
1,0,0,812,450
1,0,1,805,450
1,0,1,465,450
1,0,1,500,450
1,0,1,505,450
1,0,1,499,450
1,0,1,458,450
1,0,1,498,450
1,0,1,490,450
1,0,1,474,450
1,0,1,453,450
1,0,1,449,450
1,0,1,484,450
1,0,1,465,450
1,0,1,444,450
1,0,1,464,450
1,0,1,393,450
1,0,0,631,450
1,0,0,829,450
1,0,0,815,450
1,0,0,813,450
1,0,1,811,450
1,0,1,499,450
1,0,1,497,450
1,0,1,486,450
1,0,1,466,450
1,0,1,474,450
1,0,1,489,450
1,0,1,506,450
1,0,1,506,450
1,0,1,494,450
1,0,1,468,450
1,0,1,494,450
1,0,1,481,450
1,0,1,464,450
1,0,1,443,450
1,0,1,452,450
1,0,0,633,450
1,0,0,827,450
1,0,0,818,450
1,0,0,812,450
1,0,1,807,450
1,0,1,470,450
1,0,1,458,450
1,0,1,444,450
1,0,1,464,450
1,0,1,393,450
1,0,1,469,450
1,0,1,493,450
1,0,1,507,450
1,0,1,501,450
1,0,1,471,450
1,0,1,466,450
1,0,1,459,450
1,0,1,482,450
1,0,1,504,450
1,0,1,497,450
1,0,0,629,450
1,0,0,827,450
1,0,0,818,450
1,0,0,814,450
1,0,1,783,450
1,0,1,481,450
1,0,1,500,450
1,0,1,498,450
1,0,1,484,450
1,0,1,478,450
1,0,1,468,450
1,0,1,493,450
1,0,1,498,450
1,0,1,490,450
1,0,1,481,450
1,0,1,454,450
1,0,1,447,450
1,0,1,492,450
1,0,1,461,450
1,0,1,393,450
1,0,0,612,450
1,0,0,826,450
1,0,0,813,450
1,0,0,810,450
1,0,0,809,450
1,0,0,802,450
1,0,0,803,450
1,0,0,799,450
1,0,0,802,450
1,0,0,793,450
1,0,0,797,450
1,0,0,792,450
1,0,0,795,450
1,0,0,796,450
1,0,1,798,450
1,0,1,478,450
1,0,1,497,450
1,0,1,493,450
1,0,1,480,450
1,0,1,451,450
1,0,0,631,450
1,0,0,819,450
1,0,0,812,450
1,0,0,809,450
1,0,1,755,450
1,0,1,452,450
1,0,1,439,450
1,0,1,460,450
1,0,1,490,450
1,0,1,494,450
1,0,1,484,450
1,0,1,501,450
1,0,1,500,450
1,0,1,487,450
1,0,1,455,450
1,0,1,483,450
1,0,1,464,450
1,0,1,456,450
1,0,1,478,450
1,0,1,499,450
1,0,0,628,450
1,0,0,827,450
1,0,0,813,450
1,0,0,812,450
1,0,1,774,450
1,0,1,500,450
1,0,1,480,450
1,0,1,488,450
1,0,1,502,450
1,0,1,501,450
1,0,1,511,450
1,0,1,489,450
1,0,1,480,450
1,0,1,506,450
1,0,1,550,450
1,0,1,457,450
1,0,1,461,450
1,0,1,488,450
1,0,1,500,450
1,0,1,489,450
1,0,0,602,450
1,0,0,827,450
1,0,0,813,450
1,0,0,811,450
1,0,1,809,450
1,0,1,465,450
1,0,1,452,450
1,0,1,460,450
1,0,1,489,450
1,0,1,493,450
1,0,1,491,450
1,0,1,471,450
1,0,1,509,450
1,0,1,475,450
1,0,1,506,450
1,0,1,496,450
1,0,1,466,450
1,0,1,507,450
1,0,1,480,450
1,0,1,509,450
1,0,0,622,450
1,0,0,826,450
1,0,0,814,450
1,0,0,812,450
1,0,1,782,450
1,0,1,494,450
1,0,1,488,450
1,0,1,470,450
1,0,1,507,450
1,0,1,481,450
1,0,1,502,450
1,0,1,496,450
1,0,1,464,450
1,0,1,508,450
1,0,1,517,450
1,0,1,468,450
1,0,1,452,450
1,0,1,498,450
1,0,1,487,450
1,0,1,490,450
1,0,0,624,450
1,0,0,825,450
1,0,0,812,450
1,0,0,811,450
1,0,1,811,450
1,0,1,479,450
1,0,1,471,450
1,0,1,501,450
1,0,1,464,450
1,0,1,502,450
1,0,1,488,450
1,0,1,471,450
1,0,1,505,450
1,0,1,473,450
1,0,1,504,450
1,0,1,492,450
1,0,1,467,450
1,0,1,504,450
1,0,1,474,450
1,0,1,502,450
1,0,0,633,450
1,0,0,827,450
1,0,0,815,450
1,0,0,811,450
1,0,1,772,450
1,0,1,494,450
1,0,1,483,450
1,0,1,472,450
1,0,1,503,450
1,0,1,481,450
1,0,1,505,450
1,0,1,484,450
1,0,1,476,450
1,0,1,503,450
1,0,1,546,450
1,0,1,453,450
1,0,1,457,450
1,0,1,490,450
1,0,1,496,450
1,0,1,487,450
1,0,0,598,450
1,0,0,827,450
1,0,0,817,450
1,0,0,812,450
1,0,1,807,450
1,0,1,459,450
1,0,1,444,450
1,0,1,461,450
1,0,1,491,450
1,0,1,488,450
1,0,1,487,450
1,0,1,467,450
1,0,1,503,450
1,0,1,472,450
1,0,1,501,450
1,0,1,490,450
1,0,1,466,450
1,0,1,504,450
1,0,1,471,450
1,0,1,501,450
1,0,0,631,450
1,0,0,828,450
1,0,0,813,450
1,0,0,811,450
1,0,1,758,450
1,0,1,496,450
1,0,1,467,450
1,0,1,495,450
1,0,1,496,450
1,0,1,504,450
1,0,1,504,450
1,0,1,473,450
1,0,1,495,450
1,0,1,495,450
1,0,1,558,450
1,0,1,494,450
1,0,1,496,450
1,0,1,488,450
1,0,1,474,450
1,0,1,451,450
1,0,0,626,450
1,0,0,825,450
1,0,0,817,450
1,0,0,813,450
1,0,1,812,450
1,0,1,473,450
1,0,1,463,450
1,0,1,450,450
1,0,1,467,450
1,0,1,497,450
1,0,1,502,450
1,0,1,465,450
1,0,1,505,450
1,0,1,491,450
1,0,1,507,450
1,0,1,505,450
1,0,1,472,450
1,0,1,504,450
1,0,1,472,450
1,0,1,502,450
1,0,0,626,450
1,0,0,824,450
1,0,0,815,450
1,0,0,809,450
1,0,1,811,450
1,0,1,457,450
1,0,1,491,450
1,0,1,498,450
1,0,1,491,450
1,0,0,632,450
1,0,0,833,450
1,0,0,820,450
1,0,0,818,450
1,0,0,812,450
1,0,0,814,450
1,0,0,816,450
1,0,0,819,450
1,0,0,823,450
1,0,0,822,450
1,0,0,823,450
1,0,0,823,450
1,0,0,823,450
1,0,0,819,450
1,0,0,820,450
1,0,0,819,450
1,0,0,823,450
1,0,0,821,450
1,0,0,824,450
1,0,0,823,450
1,0,0,823,450
1,0,0,824,450
1,0,0,823,450
1,0,0,821,450
1,0,0,822,450
1,0,0,826,450
1,0,0,824,450
1,0,0,824,450
1,0,0,826,450
1,0,0,826,450
1,0,0,826,450
1,0,0,824,450
1,0,0,822,450
1,0,0,822,450
1,0,0,821,450
1,0,0,821,450
1,0,0,823,450
1,0,0,824,450
1,0,0,823,450
1,0,0,824,450
1,0,0,822,450
1,0,0,825,450
1,0,0,825,450
1,0,0,824,450
1,0,0,824,450
1,0,0,823,450
1,0,0,826,450
1,0,0,826,450
1,0,0,824,450
1,0,0,825,450
1,0,0,824,450
1,0,0,826,450
1,0,0,824,450
1,0,0,822,450
1,0,0,819,450
1,0,0,824,450
1,0,0,825,450
1,0,0,824,450
1,0,0,823,450
1,0,0,824,450
1,0,0,824,450
1,0,0,823,450
1,0,0,823,450
1,0,0,823,450
1,0,0,825,450
1,0,0,822,450
1,0,0,825,450
1,0,0,825,450
1,0,0,825,450
1,0,0,824,450
1,0,0,825,450
1,0,0,827,450
1,0,0,823,450
1,0,0,824,450
1,0,0,821,450
1,0,0,822,450
1,0,0,822,450
1,0,0,825,450
1,0,0,826,450
1,0,0,825,450
1,0,0,825,450
1,0,0,824,450
1,0,0,823,450
1,0,0,824,450
1,0,0,824,450
1,0,0,826,450
1,0,0,823,450
1,0,0,826,450
1,0,0,824,450
1,0,0,824,450
1,0,0,840,450
1,0,0,827,450
1,0,0,826,450
1,0,0,822,450
1,0,0,822,450
1,0,0,823,450
1,0,0,810,450
1,0,0,816,450
1,0,0,808,450
1,0,0,810,450
1,0,0,805,450
1,0,0,808,450
1,0,0,802,450
1,0,0,804,450
1,0,0,795,450
1,0,0,801,450
1,0,0,794,450
1,0,0,796,450
1,0,0,797,450
1,0,0,801,450
1,0,0,795,450
1,0,0,792,450
1,0,0,800,450
1,0,0,805,450
1,0,0,806,450
1,0,1,809,450
1,0,1,729,450
1,0,1,734,450
1,0,1,731,450
1,0,1,738,450
1,0,0,773,450
1,0,0,821,450
1,0,0,822,450
1,0,0,825,450
1,0,0,823,450
1,0,0,823,450
1,0,0,824,450
1,0,0,824,450
1,0,0,823,450
1,0,0,822,450
1,0,0,823,450
1,0,0,825,450
1,0,0,822,450
1,0,0,823,450
1,0,0,823,450
1,0,0,820,450
1,0,0,822,450
1,0,0,825,450
1,0,0,824,450
1,0,0,826,450
1,0,0,825,450
1,0,0,824,450
1,0,0,826,450
1,0,0,823,450
1,0,0,823,450
1,0,0,826,450
1,0,0,827,450
1,0,0,826,450
1,0,0,826,450
1,0,0,826,450
1,0,0,827,450
1,0,0,824,450
1,0,0,824,450
1,0,0,823,450
1,0,0,824,450
1,0,0,820,450
1,0,0,823,450
1,0,0,825,450
1,0,0,825,450
1,0,0,825,450
1,0,0,826,450
1,0,0,826,450
1,0,0,826,450
1,0,0,823,450
1,0,0,827,450
1,0,0,823,450
1,0,0,825,450
1,0,0,824,450
1,0,0,825,450
1,0,0,824,450
1,0,0,826,450
1,0,0,826,450
1,0,0,823,450
1,0,0,821,450
1,0,0,823,450
1,0,0,823,450
1,0,0,823,450
1,0,0,824,450
1,0,0,825,450
1,0,0,823,450
1,0,0,824,450
1,0,0,826,450
1,0,0,823,450
1,0,0,826,450
1,0,0,826,450
1,0,0,827,450
1,0,0,826,450
1,0,0,825,450
1,0,0,825,450
1,0,0,826,450
1,0,0,824,450
1,0,0,823,450
1,0,0,824,450
1,0,0,824,450
1,0,0,819,450
1,0,0,824,450
1,0,0,824,450
1,0,0,824,450
1,0,0,823,450
1,0,0,824,450
1,0,0,824,450
1,0,0,821,450
1,0,0,823,450
1,0,0,826,450
1,0,0,825,450
1,0,0,824,450
1,0,0,826,450
1,0,0,823,450
1,0,0,825,450
1,0,0,824,450
1,0,0,826,450
1,0,0,824,450
1,0,0,824,450
1,0,0,825,450
1,0,0,820,450
1,0,0,821,450
1,0,0,823,450
1,0,0,823,450
1,0,0,824,450
1,0,0,821,450
1,0,1,822,450
1,0,1,735,450
1,0,1,737,450
1,0,1,743,450
1,0,1,745,450
1,0,0,782,450
1,0,0,828,450
1,0,0,824,450
1,0,0,824,450
1,0,0,825,450
1,0,0,824,450
1,0,0,824,450
1,0,0,824,450
1,0,0,824,450
1,0,0,823,450
1,0,0,823,450
1,0,0,824,450
1,0,0,821,450
1,0,0,825,450
1,0,0,826,450
1,0,0,825,450
1,0,0,824,450
1,0,0,823,450
1,0,0,824,450
1,0,0,826,450
1,0,0,826,450
1,0,0,825,450
1,0,0,825,450
1,0,0,827,450
1,0,0,823,450
1,0,0,824,450
1,0,0,824,450
1,0,0,826,450
1,0,0,823,450
1,0,0,821,450
1,0,0,824,450
1,0,0,825,450
1,0,0,823,450
1,0,0,825,450
1,0,0,824,450
1,0,0,823,450
1,0,0,823,450
1,0,0,824,450
1,0,0,826,450
1,0,0,826,450
1,0,0,826,450
1,0,0,823,450
1,0,0,823,450
1,0,0,827,450
1,0,0,826,450
1,0,0,826,450
1,0,0,825,450
1,0,0,823,450
1,0,0,824,450
1,0,0,824,450
1,0,0,825,450
1,0,0,822,450
1,0,0,821,450
1,0,0,822,450
1,0,0,825,450
1,0,0,823,450
1,0,0,826,450
1,0,0,823,450
1,0,0,826,450
1,0,0,826,450
1,0,0,823,450
1,0,0,826,450
1,0,0,826,450
1,0,0,826,450
1,0,0,824,450
1,0,0,824,450
1,0,0,823,450
1,0,0,824,450
1,0,0,824,450
1,0,0,823,450
1,0,0,824,450
1,0,0,822,450
1,0,0,822,450
1,0,0,821,450
1,0,0,824,450
1,0,0,824,450
1,0,0,826,450
1,0,0,825,450
1,0,0,824,450
1,0,0,823,450
1,0,0,826,450
1,0,0,823,450
1,0,0,824,450
1,0,0,824,450
1,0,0,827,450
1,0,0,827,450
1,0,0,825,450
1,0,0,825,450
1,0,0,824,450
1,0,0,822,450
1,0,0,824,450
1,0,0,825,450
1,0,0,822,450
1,0,0,823,450
1,0,0,826,450
1,0,0,824,450
1,0,0,823,450
1,0,0,825,450
1,0,0,825,450
1,0,0,827,450
1,0,0,824,450
1,0,0,822,450
1,0,0,827,450
1,0,0,826,450
1,0,0,823,450
1,0,1,789,450
1,0,0,777,450
1,0,0,828,450
1,0,0,826,450
1,0,0,823,450
1,0,0,822,450
1,0,0,826,450
1,0,0,824,450
1,0,0,824,450
1,0,0,823,450
1,0,0,826,450
1,0,0,824,450
1,0,0,824,450
1,0,0,822,450
1,0,0,824,450
1,0,0,825,450
1,0,0,826,450
1,0,0,826,450
1,0,0,825,450
1,0,0,825,450
1,0,0,825,450
1,0,0,824,450
1,0,0,823,450
1,0,0,824,450
1,0,0,824,450
1,0,0,822,450
1,0,0,826,450
1,0,0,824,450
1,0,0,823,450
1,0,0,823,450
1,0,0,825,450
1,0,0,827,450
1,0,0,824,450
1,0,0,823,450
1,0,0,823,450
1,0,0,826,450
1,0,0,824,450
1,0,0,827,450
1,0,0,825,450
1,0,0,825,450
1,0,0,826,450
1,0,0,826,450
1,0,0,825,450
1,0,0,822,450
1,0,0,824,450
1,0,0,823,450
1,0,0,823,450
1,0,0,825,450
1,0,0,826,450
1,0,0,827,450
1,0,0,826,450
1,0,0,824,450
1,0,0,825,450
1,0,0,825,450
1,0,0,826,450
1,0,0,825,450
1,0,0,824,450
1,0,0,826,450
1,0,0,824,450
1,0,0,826,450
1,0,0,826,450
1,0,0,825,450
1,0,0,824,450
1,0,0,825,450
1,0,0,826,450
1,0,0,825,450
1,0,0,813,450
1,0,0,814,450
1,0,0,810,450
1,0,0,811,450
1,0,0,803,450
1,0,0,807,450
1,0,0,798,450
1,0,0,802,450
1,0,0,798,450
1,0,0,802,450
1,0,0,796,450
1,0,0,801,450
1,0,0,792,450
1,0,0,799,450
1,0,0,793,450
1,0,0,796,450
1,0,0,801,450
1,0,0,808,450
1,0,0,812,450
1,0,0,816,450
1,0,0,814,450
1,0,0,819,450
1,0,0,819,450
1,0,0,821,450
1,0,0,821,450
1,0,0,822,450
1,0,0,823,450
1,0,0,824,450
1,0,0,825,450
1,0,0,824,450
1,0,0,822,450
1,0,0,825,450
1,0,0,827,450
1,0,0,822,450
1,0,0,826,450
1,0,0,824,450
1,0,0,823,450
1,0,0,824,450
1,0,0,825,450
1,0,0,821,450
1,0,0,821,450
1,0,0,824,450
1,0,0,823,450
1,0,0,823,450
1,0,0,824,450
1,0,0,826,450
1,0,0,826,450
1,0,0,825,450
1,0,0,825,450
1,0,1,814,450
1,0,1,688,450
1,0,1,689,450
1,0,1,693,450
1,0,1,693,450
1,0,0,745,450
1,0,0,831,450
1,0,0,828,450
1,0,0,822,450
1,0,0,824,450
1,0,0,822,450
1,0,0,824,450
1,0,0,822,450
1,0,0,824,450
1,0,0,826,450
1,0,0,825,450
1,0,0,825,450
1,0,0,824,450
1,0,0,825,450
1,0,0,825,450
1,0,0,825,450
1,0,0,823,450
1,0,0,822,450
1,0,0,823,450
1,0,0,824,450
1,0,0,827,450
1,0,0,826,450
1,0,0,822,450
1,0,0,824,450
1,0,0,824,450
1,0,0,824,450
1,0,0,824,450
1,0,0,823,450
1,0,0,822,450
1,0,0,822,450
1,0,0,825,450
1,0,0,825,450
1,0,0,823,450
1,0,0,827,450
1,0,0,825,450
1,0,0,826,450
1,0,0,827,450
1,0,0,826,450
1,0,0,827,450
1,0,0,827,450
1,0,0,827,450
1,0,0,827,450
1,0,0,823,450
1,0,0,824,450
1,0,0,825,450
1,0,0,824,450
1,0,0,813,450
1,0,0,814,450
1,0,0,809,450
1,0,0,813,450
1,0,0,805,450
1,0,0,806,450
1,0,0,798,450
1,0,0,803,450
1,0,0,799,450
1,0,0,802,450
1,0,0,794,450
1,0,0,797,450
1,0,0,793,450
1,0,0,795,450
1,0,0,792,450
1,0,0,800,450
1,0,0,803,450
1,0,0,807,450
1,0,0,810,450
1,0,0,812,450
1,0,0,816,450
1,0,0,817,450
1,0,0,820,450
1,0,0,819,450
1,0,0,823,450
1,0,0,820,450
1,0,0,824,450
1,0,0,823,450
1,0,0,824,450
1,0,0,823,450
1,0,0,822,450
1,0,0,824,450
1,0,0,821,450
1,0,0,823,450
1,0,0,822,450
1,0,0,823,450
1,0,0,826,450
1,0,0,821,450
1,0,0,824,450
1,0,0,822,450
1,0,0,820,450
1,0,0,822,450
1,0,0,824,450
1,0,0,825,450
1,0,0,824,450
1,0,0,823,450
1,0,0,823,450
1,0,0,823,450
1,0,0,826,450
1,0,0,827,450
1,0,0,823,450
1,0,0,826,450
1,0,0,823,450
1,0,0,825,450
1,0,0,824,450
1,0,0,825,450
1,0,0,824,450
1,0,0,823,450
1,0,0,823,450
1,0,0,823,450
1,0,0,825,450
1,0,0,821,450
1,0,0,824,450
1,0,0,822,450
1,0,1,826,450
1,0,1,739,450
1,0,1,737,450
1,0,1,746,450
1,0,1,742,450
1,0,0,777,450
1,0,0,830,450
1,0,0,823,450
1,0,0,825,450
1,0,0,821,450
1,0,0,823,450
1,0,0,824,450
1,0,0,824,450
1,0,0,825,450
1,0,0,823,450
1,0,0,821,450
1,0,0,824,450
1,0,0,824,450
1,0,0,824,450
1,0,0,825,450
1,0,0,825,450
1,0,0,823,450
1,0,0,825,450
1,0,0,822,450
1,0,0,826,450
1,0,0,823,450
1,0,0,823,450
1,0,0,826,450
1,0,0,822,450
1,0,0,826,450
1,0,0,823,450
1,0,0,826,450
1,0,0,825,450
1,0,0,823,450
1,0,0,822,450
1,0,0,821,450
1,0,0,825,450
1,0,0,823,450
1,0,0,825,450
1,0,0,826,450
1,0,0,823,450
1,0,0,826,450
1,0,0,825,450
1,0,0,824,450
1,0,0,825,450
1,0,0,823,450
1,0,0,827,450
1,0,0,823,450
1,0,0,824,450
1,0,0,827,450
1,0,0,826,450
1,0,0,826,450
1,0,0,826,450
1,0,0,824,450
1,0,0,824,450
1,0,0,824,450
1,0,0,823,450
1,0,0,824,450
1,0,0,826,450
1,0,0,824,450
1,0,0,826,450
1,0,0,826,450
1,0,0,825,450
1,0,0,826,450
1,0,0,825,450
1,0,0,823,450
1,0,0,826,450
1,0,0,825,450
1,0,0,825,450
1,0,0,823,450
1,0,0,826,450
1,0,0,825,450
1,0,0,826,450
1,0,0,823,450
1,0,0,824,450
1,0,0,824,450
1,0,0,826,450
1,0,0,826,450
1,0,0,827,450
1,0,0,827,450
1,0,0,826,450
1,0,0,824,450
1,0,0,824,450
1,0,0,825,450
1,0,0,825,450
1,0,0,826,450
1,0,0,827,450
1,0,0,827,450
1,0,0,827,450
1,0,0,825,450
1,0,0,825,450
1,0,0,826,450
1,0,0,826,450
1,0,0,825,450
1,0,0,823,450
1,0,0,824,450
1,0,0,827,450
1,0,0,827,450
1,0,0,825,450
1,0,0,823,450
1,0,0,823,450
1,0,0,825,450
1,0,0,825,450
1,0,0,823,450
1,0,0,826,450
1,0,0,825,450
1,0,0,826,450
1,0,0,827,450
1,0,0,826,450
1,0,0,825,450
1,0,0,826,450
