PV,MV,BO,TP,TP_O
1,0,0,1107,550
1,0,1,985,550
1,0,0,905,550
1,0,0,952,550
1,0,0,831,550
1,0,0,883,550
1,0,0,911,550
1,0,1,885,550
1,0,0,857,550
1,0,0,912,550
1,0,0,909,550
1,0,0,900,550
1,0,1,866,550
1,0,1,816,550
1,0,1,808,550
1,0,1,816,550
1,0,1,823,550
1,0,1,820,550
1,0,1,781,550
1,0,1,788,550
1,0,1,798,550
1,0,1,787,550
1,0,0,857,550
1,0,1,911,550
1,0,0,841,550
1,0,0,918,550
1,0,0,914,550
1,0,0,904,550
1,0,0,905,550
1,0,1,896,550
1,0,1,775,550
1,0,1,772,550
1,0,0,845,550
1,0,0,908,550
1,0,0,910,550
1,0,1,860,550
1,0,1,769,550
1,0,1,781,550
1,0,1,776,550
1,0,1,781,550
1,0,1,790,550
1,0,1,760,550
1,0,0,834,550
1,0,0,917,550
1,0,0,912,550
1,0,1,865,550
1,0,1,747,550
1,0,1,767,550
1,0,1,767,550
1,0,1,763,550
1,0,1,776,550
1,0,1,769,550
1,0,0,832,550
1,0,0,919,550
1,0,0,917,550
1,0,1,906,550
1,0,0,828,550
1,0,0,912,550
1,0,0,910,550
1,0,0,904,550
1,0,1,909,550
1,0,1,749,550
1,0,0,833,550
1,0,0,916,550
1,0,0,911,550
1,0,1,903,550
1,0,0,829,550
1,0,0,913,550
1,0,0,912,550
1,0,0,904,550
1,0,0,907,550
1,0,1,892,550
1,0,0,829,550
1,0,0,906,550
1,0,0,911,550
1,0,0,911,550
1,0,1,915,550
1,0,1,765,550
1,0,1,754,550
1,0,1,783,550
1,0,1,766,550
1,0,1,767,550
1,0,0,798,550
1,0,0,931,550
1,0,0,930,550
1,0,0,919,550
1,0,0,920,550
1,0,1,872,550
1,0,0,800,550
1,0,0,919,550
1,0,0,919,550
1,0,0,915,550
1,0,0,918,550
1,0,1,915,550
1,0,0,795,550
1,0,0,923,550
1,0,0,919,550
1,0,0,916,550
1,0,0,917,550
1,0,1,913,550
1,0,0,802,550
1,0,0,921,550
1,0,0,916,550
1,0,0,912,550
1,0,0,899,550
1,0,0,909,550
1,0,0,897,550
1,0,0,902,550
1,0,0,903,550
1,0,0,909,550
1,0,0,898,550
1,0,1,893,550
1,0,1,731,550
1,0,1,734,550
1,0,1,706,550
1,0,1,740,550
1,0,1,712,550
1,0,1,756,550
1,0,1,722,550
1,0,1,729,550
1,0,1,756,550
1,0,1,736,550
1,0,0,830,550
1,0,0,934,550
1,0,0,923,550
1,0,0,917,550
1,0,1,915,550
1,0,1,739,550
1,0,1,711,550
1,0,1,734,550
1,0,1,758,550
1,0,1,724,550
1,0,1,669,550
1,0,1,663,550
1,0,1,693,550
1,0,1,675,550
1,0,1,693,550
1,0,1,658,550
1,0,1,684,550
1,0,1,696,550
1,0,1,664,550
1,0,1,690,550
1,0,0,794,550
1,0,0,943,550
1,0,0,927,550
1,0,0,931,550
1,0,1,917,550
1,0,1,647,550
1,0,1,677,550
1,0,1,690,550
1,0,1,664,550
1,0,1,727,550
1,0,1,672,550
1,0,1,657,550
1,0,1,666,550
1,0,1,654,550
1,0,1,680,550
1,0,1,676,550
1,0,1,645,550
1,0,1,678,550
1,0,1,646,550
1,0,1,654,550
1,0,0,792,550
1,0,0,943,550
1,0,0,928,550
1,0,0,930,550
1,0,1,929,550
1,0,1,638,550
1,0,1,670,550
1,0,1,646,550
1,0,1,675,550
1,0,1,681,550
1,0,1,645,550
1,0,1,627,550
1,0,1,625,550
1,0,1,641,550
1,0,1,656,550
1,0,1,662,550
1,0,1,668,550
1,0,1,654,550
1,0,1,633,550
1,0,1,625,550
1,0,0,786,550
1,0,0,943,550
1,0,0,930,550
1,0,0,925,550
1,0,1,930,550
1,0,1,613,550
1,0,1,634,550
1,0,1,650,550
1,0,1,664,550
1,0,1,708,550
1,0,1,614,550
1,0,1,632,550
1,0,1,615,550
1,0,1,654,550
1,0,1,628,550
1,0,1,629,550
1,0,1,655,550
1,0,1,621,550
1,0,1,652,550
1,0,1,614,550
1,0,0,769,550
1,0,0,948,550
1,0,0,932,550
1,0,0,924,550
1,0,1,932,550
1,0,1,601,550
1,0,1,645,550
1,0,1,640,550
1,0,1,606,550
1,0,1,692,550
1,0,1,596,550
1,0,1,592,550
1,0,1,609,550
1,0,1,622,550
1,0,1,597,550
1,0,1,597,550
1,0,1,615,550
1,0,1,631,550
1,0,1,641,550
1,0,1,594,550
1,0,0,749,550
1,0,0,954,550
1,0,0,934,550
1,0,0,929,550
1,0,1,922,550
1,0,1,586,550
1,0,1,611,550
1,0,1,627,550
1,0,1,642,550
1,0,1,595,550
1,0,1,578,550
1,0,1,636,550
1,0,1,600,550
1,0,1,602,550
1,0,1,590,550
1,0,1,575,550
1,0,1,635,550
1,0,1,600,550
1,0,1,604,550
1,0,1,589,550
1,0,0,763,550
1,0,0,946,550
1,0,0,935,550
1,0,0,929,550
1,0,1,924,550
1,0,1,610,550
1,0,1,580,550
1,0,1,634,550
1,0,1,593,550
1,0,1,620,550
1,0,1,622,550
1,0,1,627,550
1,0,1,616,550
1,0,1,598,550
1,0,1,563,550
1,0,1,589,550
1,0,1,565,550
1,0,1,578,550
1,0,1,618,550
1,0,1,619,550
1,0,0,727,550
1,0,0,957,550
1,0,0,935,550
1,0,0,930,550
1,0,1,927,550
1,0,1,608,550
1,0,1,596,550
1,0,1,569,550
1,0,1,570,550
1,0,1,627,550
1,0,1,552,550
1,0,1,560,550
1,0,1,593,550
1,0,1,617,550
1,0,1,620,550
1,0,1,603,550
1,0,1,578,550
1,0,1,551,550
1,0,1,568,550
1,0,1,601,550
1,0,0,703,550
1,0,0,949,550
1,0,0,937,550
1,0,0,929,550
1,0,1,931,550
1,0,1,546,550
1,0,1,556,550
1,0,1,593,550
1,0,1,622,550
1,0,1,607,550
1,0,1,470,550
1,0,1,489,550
1,0,1,482,550
1,0,1,498,550
1,0,1,499,550
1,0,1,491,550
1,0,1,478,550
1,0,1,466,550
1,0,1,465,550
1,0,1,479,550
1,0,0,687,550
1,0,0,951,550
1,0,0,932,550
1,0,0,931,550
1,0,1,916,550
1,0,1,482,550
1,0,1,496,550
1,0,1,490,550
1,0,1,483,550
1,0,1,474,550
1,0,1,499,550
1,0,1,489,550
1,0,1,478,550
1,0,1,466,550
1,0,1,505,550
1,0,1,480,550
1,0,1,460,550
1,0,1,494,550
1,0,1,481,550
1,0,1,467,550
1,0,0,653,550
1,0,0,952,550
1,0,0,932,550
1,0,0,925,550
1,0,1,866,550
1,0,1,443,550
1,0,1,487,550
1,0,1,481,550
1,0,1,455,550
1,0,1,465,550
1,0,1,468,550
1,0,1,474,550
1,0,1,493,550
1,0,1,467,550
1,0,1,454,550
1,0,1,480,550
1,0,1,460,550
1,0,1,494,550
1,0,1,480,550
1,0,1,465,550
1,0,0,674,550
1,0,0,950,550
1,0,0,932,550
1,0,0,924,550
1,0,1,933,550
1,0,1,592,550
1,0,1,559,550
1,0,1,553,550
1,0,1,601,550
1,0,1,541,550
1,0,1,551,550
1,0,1,602,550
1,0,1,580,550
1,0,1,544,550
1,0,1,595,550
1,0,1,576,550
1,0,1,547,550
1,0,1,597,550
1,0,1,594,550
1,0,1,591,550
1,0,0,737,550
1,0,0,949,550
1,0,0,941,550
1,0,0,933,550
1,0,1,929,550
1,0,1,562,550
1,0,1,604,550
1,0,1,547,550
1,0,1,565,550
1,0,1,569,550
1,0,1,574,550
1,0,1,555,550
1,0,1,607,550
1,0,1,584,550
1,0,1,595,550
1,0,1,601,550
1,0,1,596,550
1,0,1,537,550
1,0,1,595,550
1,0,1,531,550
1,0,0,743,550
1,0,0,951,550
1,0,0,940,550
1,0,0,934,550
1,0,1,879,550
1,0,1,543,550
1,0,1,560,550
1,0,1,608,550
1,0,1,566,550
1,0,1,604,550
1,0,1,602,550
1,0,1,581,550
1,0,1,574,550
1,0,1,609,550
1,0,1,573,550
1,0,1,573,550
1,0,1,610,550
1,0,1,552,550
1,0,1,574,550
1,0,0,702,550
1,0,0,944,550
1,0,0,929,550
1,0,0,920,550
1,0,0,921,550
1,0,0,913,550
1,0,0,918,550
1,0,0,914,550
1,0,0,916,550
1,0,0,910,550
1,0,0,914,550
1,0,0,909,550
1,0,1,913,550
1,0,1,566,550
1,0,1,603,550
1,0,1,535,550
1,0,1,574,550
1,0,1,543,550
1,0,1,467,550
1,0,1,476,550
1,0,1,496,550
1,0,0,682,550
1,0,0,951,550
1,0,0,933,550
1,0,0,926,550
1,0,1,928,550
1,0,1,483,550
1,0,1,467,550
1,0,1,476,550
1,0,1,494,550
1,0,1,491,550
1,0,1,499,550
1,0,1,485,550
1,0,1,462,550
1,0,1,501,550
1,0,1,498,550
1,0,1,488,550
1,0,1,494,550
1,0,1,465,550
1,0,1,487,550
1,0,1,498,550
1,0,0,675,550
1,0,0,952,550
1,0,0,934,550
1,0,0,925,550
1,0,1,916,550
1,0,1,523,550
1,0,1,586,550
1,0,1,609,550
1,0,1,533,550
1,0,1,612,550
1,0,1,612,550
1,0,1,533,550
1,0,1,584,550
1,0,1,614,550
1,0,1,575,550
1,0,1,583,550
1,0,1,614,550
1,0,1,543,550
1,0,1,576,550
1,0,1,556,550
1,0,0,737,550
1,0,0,948,550
1,0,0,935,550
1,0,0,933,550
1,0,1,931,550
1,0,1,573,550
1,0,1,547,550
1,0,1,603,550
1,0,1,600,550
1,0,1,601,550
1,0,1,597,550
1,0,1,607,550
1,0,1,539,550
1,0,1,593,550
1,0,1,537,550
1,0,1,536,550
1,0,1,589,550
1,0,1,618,550
1,0,1,545,550
1,0,1,614,550
1,0,0,702,550
1,0,0,952,550
1,0,0,941,550
1,0,0,933,550
1,0,1,932,550
1,0,1,592,550
1,0,1,607,550
1,0,1,537,550
1,0,1,595,550
1,0,1,535,550
1,0,1,540,550
1,0,1,589,550
1,0,1,603,550
1,0,1,557,550
1,0,1,607,550
1,0,1,600,550
1,0,1,546,550
1,0,1,601,550
1,0,1,601,550
1,0,1,605,550
1,0,0,744,550
1,0,0,955,550
1,0,0,939,550
1,0,0,935,550
1,0,1,934,550
1,0,1,579,550
1,0,1,615,550
1,0,1,548,550
1,0,1,583,550
1,0,1,559,550
1,0,1,553,550
1,0,1,582,550
1,0,1,622,550
1,0,1,556,550
1,0,1,621,550
1,0,1,620,550
1,0,1,558,550
1,0,1,574,550
1,0,1,617,550
1,0,1,565,550
1,0,0,761,550
1,0,0,958,550
1,0,0,940,550
1,0,0,939,550
1,0,1,923,550
1,0,1,529,550
1,0,1,595,550
1,0,1,617,550
1,0,1,541,550
1,0,1,620,550
1,0,1,620,550
1,0,1,538,550
1,0,1,592,550
1,0,1,623,550
1,0,1,584,550
1,0,1,595,550
1,0,1,624,550
1,0,1,550,550
1,0,1,585,550
1,0,1,560,550
1,0,0,747,550
1,0,0,956,550
1,0,0,943,550
1,0,0,937,550
1,0,1,938,550
1,0,1,580,550
1,0,1,551,550
1,0,1,610,550
1,0,1,605,550
1,0,1,606,550
1,0,1,612,550
1,0,1,605,550
1,0,1,550,550
1,0,1,607,550
1,0,1,539,550
1,0,1,549,550
1,0,1,607,550
1,0,1,619,550
1,0,1,543,550
1,0,1,620,550
1,0,0,716,550
1,0,0,956,550
1,0,0,946,550
1,0,0,937,550
1,0,1,938,550
1,0,1,607,550
1,0,1,586,550
1,0,1,560,550
1,0,1,612,550
1,0,1,548,550
1,0,1,546,550
1,0,1,609,550
1,0,1,617,550
1,0,1,541,550
1,0,1,621,550
1,0,1,620,550
1,0,1,546,550
1,0,1,594,550
1,0,1,622,550
1,0,1,586,550
1,0,0,764,550
1,0,0,957,550
1,0,0,943,550
1,0,0,938,550
1,0,1,937,550
1,0,1,539,550
1,0,1,604,550
1,0,1,618,550
1,0,1,545,550
1,0,1,626,550
1,0,1,626,550
1,0,1,546,550
1,0,1,619,550
1,0,1,594,550
1,0,1,620,550
1,0,1,618,550
1,0,1,612,550
1,0,1,550,550
1,0,1,614,550
1,0,1,550,550
1,0,0,762,550
1,0,0,957,550
1,0,0,941,550
1,0,0,939,550
1,0,1,938,550
1,0,1,565,550
1,0,1,566,550
1,0,1,619,550
1,0,1,592,550
1,0,1,616,550
1,0,1,618,550
1,0,1,593,550
1,0,1,562,550
1,0,1,615,550
1,0,1,552,550
1,0,1,563,550
1,0,1,616,550
1,0,1,609,550
1,0,1,554,550
1,0,1,626,550
1,0,0,721,550
1,0,0,957,550
1,0,0,946,550
1,0,0,939,550
1,0,1,934,550
1,0,1,614,550
1,0,1,571,550
1,0,1,570,550
1,0,1,624,550
1,0,1,560,550
1,0,1,567,550
1,0,1,622,550
1,0,1,598,550
1,0,1,562,550
1,0,1,612,550
1,0,1,594,550
1,0,1,561,550
1,0,1,621,550
1,0,1,611,550
1,0,1,613,550
1,0,0,749,550
1,0,0,955,550
1,0,0,941,550
1,0,0,939,550
1,0,1,886,550
1,0,1,588,550
1,0,1,625,550
1,0,1,550,550
1,0,1,590,550
1,0,1,563,550
1,0,1,560,550
1,0,1,592,550
1,0,1,633,550
1,0,1,567,550
1,0,1,629,550
1,0,1,630,550
1,0,1,562,550
1,0,1,584,550
1,0,1,627,550
1,0,1,575,550
1,0,0,768,550
1,0,0,957,550
1,0,0,944,550
1,0,0,940,550
1,0,1,937,550
1,0,1,537,550
1,0,1,605,550
1,0,1,627,550
1,0,1,544,550
1,0,1,629,550
1,0,1,635,550
1,0,1,554,550
1,0,1,592,550
1,0,1,629,550
1,0,1,582,550
1,0,1,582,550
1,0,1,633,550
1,0,1,582,550
1,0,1,573,550
1,0,1,601,550
1,0,0,736,550
1,0,0,956,550
1,0,0,943,550
1,0,0,939,550
1,0,1,937,550
1,0,1,621,550
1,0,1,565,550
1,0,1,584,550
1,0,1,626,550
1,0,1,573,550
1,0,1,568,550
1,0,1,629,550
1,0,1,559,550
1,0,1,603,550
1,0,1,560,550
1,0,1,558,550
1,0,1,592,550
1,0,1,635,550
1,0,1,556,550
1,0,0,759,550
1,0,0,949,550
1,0,0,935,550
1,0,0,927,550
1,0,0,925,550
1,0,0,924,550
1,0,0,925,550
1,0,0,918,550
1,0,0,923,550
1,0,0,916,550
1,0,0,919,550
1,0,0,914,550
1,0,1,917,550
1,0,1,530,550
1,0,1,592,550
1,0,1,627,550
1,0,1,552,550
1,0,1,622,550
1,0,1,464,550
1,0,1,504,550
1,0,1,501,550
1,0,0,690,550
1,0,0,951,550
1,0,0,936,550
1,0,0,934,550
1,0,1,933,550
1,0,1,494,550
1,0,1,471,550
1,0,1,496,550
1,0,1,508,550
1,0,1,497,550
1,0,1,510,550
1,0,1,493,550
1,0,1,474,550
1,0,1,513,550
1,0,1,506,550
1,0,1,506,550
1,0,1,505,550
1,0,1,472,550
1,0,1,506,550
1,0,1,511,550
1,0,0,682,550
1,0,0,955,550
1,0,0,938,550
1,0,0,934,550
1,0,1,906,550
1,0,1,549,550
1,0,1,592,550
1,0,1,632,550
1,0,1,565,550
1,0,1,637,550
1,0,1,637,550
1,0,1,570,550
1,0,1,589,550
1,0,1,630,550
1,0,1,578,550
1,0,1,586,550
1,0,1,637,550
1,0,1,584,550
1,0,1,578,550
1,0,1,604,550
1,0,0,740,550
1,0,0,955,550
1,0,0,946,550
1,0,0,936,550
1,0,1,935,550
1,0,1,623,550
1,0,1,545,550
1,0,1,606,550
1,0,1,632,550
1,0,1,596,550
1,0,1,594,550
1,0,1,634,550
1,0,1,571,550
1,0,1,590,550
1,0,1,585,550
1,0,1,585,550
1,0,1,579,550
1,0,1,630,550
1,0,1,603,550
1,0,1,625,550
1,0,0,753,550
1,0,0,956,550
1,0,0,943,550
1,0,0,941,550
1,0,1,886,550
1,0,1,595,550
1,0,1,630,550
1,0,1,561,550
1,0,1,598,550
1,0,1,575,550
1,0,1,580,550
1,0,1,589,550
1,0,1,634,550
1,0,1,553,550
1,0,1,636,550
1,0,1,639,550
1,0,1,552,550
1,0,1,606,550
1,0,1,635,550
1,0,1,608,550
1,0,0,767,550
1,0,0,959,550
1,0,0,943,550
1,0,0,940,550
1,0,1,939,550
1,0,1,541,550
1,0,1,631,550
1,0,1,599,550
1,0,1,570,550
1,0,1,628,550
1,0,1,611,550
1,0,1,570,550
1,0,1,628,550
1,0,1,622,550
1,0,1,626,550
1,0,1,627,550
1,0,1,619,550
1,0,1,560,550
1,0,1,622,550
1,0,1,551,550
1,0,0,763,550
1,0,0,954,550
1,0,0,945,550
1,0,0,942,550
1,0,1,938,550
1,0,1,628,550
1,0,1,575,550
1,0,1,629,550
1,0,1,605,550
1,0,1,627,550
1,0,1,630,550
1,0,1,603,550
1,0,1,570,550
1,0,1,634,550
1,0,1,561,550
1,0,1,571,550
1,0,1,628,550
1,0,1,619,550
1,0,1,560,550
1,0,1,634,550
1,0,0,736,550
1,0,0,957,550
1,0,0,946,550
1,0,0,939,550
1,0,1,937,550
1,0,1,615,550
1,0,1,569,550
1,0,1,590,550
1,0,1,637,550
1,0,1,581,550
1,0,1,588,550
1,0,1,639,550
1,0,1,588,550
1,0,1,583,550
1,0,1,611,550
1,0,1,587,550
1,0,1,583,550
1,0,1,634,550
1,0,1,610,550
1,0,1,629,550
1,0,0,746,550
1,0,0,958,550
1,0,0,943,550
1,0,0,940,550
1,0,1,883,550
1,0,1,562,550
1,0,1,636,550
1,0,1,563,550
1,0,1,600,550
1,0,1,575,550
1,0,1,581,550
1,0,1,593,550
1,0,1,638,550
1,0,1,590,550
1,0,1,636,550
1,0,1,639,550
1,0,1,608,550
1,0,1,573,550
1,0,1,634,550
1,0,1,563,550
1,0,0,770,550
1,0,0,958,550
1,0,0,946,550
1,0,0,939,550
1,0,1,939,550
1,0,1,627,550
1,0,1,590,550
1,0,1,644,550
1,0,1,590,550
1,0,1,640,550
1,0,1,639,550
1,0,1,610,550
1,0,1,603,550
1,0,1,642,550
1,0,1,606,550
1,0,1,603,550
1,0,1,644,550
1,0,1,572,550
1,0,1,606,550
1,0,1,579,550
1,0,0,759,550
1,0,0,959,550
1,0,0,946,550
1,0,0,941,550
1,0,1,938,550
1,0,1,636,550
1,0,1,569,550
1,0,1,635,550
1,0,1,624,550
1,0,1,626,550
1,0,1,631,550
1,0,1,624,550
1,0,1,565,550
1,0,1,627,550
1,0,1,557,550
1,0,1,566,550
1,0,1,627,550
1,0,1,638,550
1,0,1,558,550
1,0,1,646,550
1,0,0,718,550
1,0,0,955,550
1,0,0,942,550
1,0,0,939,550
1,0,1,938,550
1,0,1,610,550
1,0,1,586,550
1,0,1,584,550
1,0,1,639,550
1,0,1,577,550
1,0,1,581,550
1,0,1,642,550
1,0,1,609,550
1,0,1,578,550
1,0,1,630,550
1,0,1,610,550
1,0,1,576,550
1,0,1,635,550
1,0,1,626,550
1,0,1,630,550
1,0,0,759,550
1,0,0,960,550
1,0,0,943,550
1,0,0,938,550
1,0,1,937,550
1,0,1,555,550
1,0,1,646,550
1,0,1,575,550
1,0,1,596,550
1,0,1,594,550
1,0,1,589,550
1,0,1,597,550
1,0,1,645,550
1,0,1,593,550
1,0,1,640,550
1,0,1,644,550
1,0,1,595,550
1,0,1,588,550
1,0,1,641,550
1,0,1,575,550
1,0,0,779,550
1,0,0,958,550
1,0,0,944,550
1,0,0,939,550
1,0,1,937,550
1,0,1,585,550
1,0,1,619,550
1,0,1,649,550
1,0,1,555,550
1,0,1,646,550
1,0,1,651,550
1,0,1,569,550
1,0,1,607,550
1,0,1,649,550
1,0,1,596,550
1,0,1,597,550
1,0,1,646,550
1,0,1,594,550
1,0,1,588,550
1,0,1,615,550
1,0,0,740,550
1,0,0,957,550
1,0,0,945,550
1,0,0,940,550
1,0,1,938,550
1,0,1,620,550
1,0,1,576,550
1,0,1,596,550
1,0,1,650,550
1,0,1,588,550
1,0,1,582,550
1,0,1,642,550
1,0,1,569,550
1,0,1,617,550
1,0,1,570,550
1,0,1,571,550
1,0,1,610,550
1,0,1,649,550
1,0,1,571,550
1,0,0,769,550
1,0,0,947,550
1,0,0,935,550
1,0,0,922,550
1,0,0,926,550
1,0,0,920,550
1,0,0,928,550
1,0,0,917,550
1,0,0,930,550
1,0,0,915,550
1,0,0,918,550
1,0,0,918,550
1,0,0,919,550
1,0,0,914,550
1,0,0,917,550
1,0,0,911,550
1,0,1,915,550
1,0,1,622,550
1,0,1,621,550
1,0,1,563,550
1,0,1,628,550
1,0,0,722,550
1,0,0,949,550
1,0,0,935,550
1,0,0,934,550
1,0,1,937,550
1,0,1,639,550
1,0,1,579,550
1,0,1,598,550
1,0,1,646,550
1,0,1,589,550
1,0,1,594,550
1,0,1,651,550
1,0,1,597,550
1,0,1,589,550
1,0,1,621,550
1,0,1,596,550
1,0,1,590,550
1,0,1,646,550
1,0,1,618,550
1,0,1,641,550
1,0,0,754,550
1,0,0,960,550
1,0,0,942,550
1,0,0,940,550
1,0,1,900,550
1,0,1,580,550
1,0,1,649,550
1,0,1,557,550
1,0,1,619,550
1,0,1,573,550
1,0,1,563,550
1,0,1,620,550
1,0,1,654,550
1,0,1,568,550
1,0,1,652,550
1,0,1,652,550
1,0,1,570,550
1,0,1,612,550
1,0,1,651,550
1,0,1,600,550
1,0,0,782,550
1,0,0,957,550
1,0,0,947,550
1,0,0,940,550
1,0,1,939,550
1,0,1,562,550
1,0,1,637,550
1,0,1,631,550
1,0,1,569,550
1,0,1,650,550
1,0,1,652,550
1,0,1,561,550
1,0,1,628,550
1,0,1,653,550
1,0,1,620,550
1,0,1,623,550
1,0,1,654,550
1,0,1,572,550
1,0,1,613,550
1,0,1,584,550
1,0,0,758,550
1,0,0,956,550
1,0,0,946,550
1,0,0,940,550
1,0,1,936,550
1,0,1,644,550
1,0,1,566,550
1,0,1,640,550
1,0,1,644,550
1,0,1,632,550
1,0,1,626,550
1,0,1,650,550
1,0,1,583,550
1,0,1,651,550
1,0,1,580,550
1,0,1,582,550
1,0,1,644,550
1,0,1,638,550
1,0,1,593,550
1,0,1,619,550
1,0,0,754,550
1,0,0,957,550
1,0,0,947,550
1,0,0,940,550
1,0,1,939,550
1,0,1,645,550
1,0,1,559,550
1,0,1,628,550
1,0,1,650,550
1,0,1,625,550
1,0,1,626,550
1,0,1,655,550
1,0,1,567,550
1,0,1,626,550
1,0,1,574,550
1,0,1,564,550
1,0,1,623,550
1,0,1,654,550
1,0,1,573,550
1,0,1,655,550
1,0,0,721,550
1,0,0,960,550
1,0,0,946,550
1,0,0,940,550
1,0,1,922,550
1,0,1,604,550
1,0,1,655,550
1,0,1,572,550
1,0,1,638,550
1,0,1,563,550
1,0,1,567,550
1,0,1,639,550
1,0,1,649,550
1,0,1,564,550
1,0,1,655,550
1,0,1,648,550
1,0,1,563,550
1,0,1,635,550
1,0,1,655,550
1,0,1,622,550
1,0,0,777,550
1,0,0,958,550
1,0,0,945,550
1,0,0,940,550
1,0,1,938,550
1,0,1,565,550
1,0,1,608,550
1,0,1,637,550
1,0,1,574,550
1,0,1,650,550
1,0,1,646,550
1,0,1,576,550
1,0,1,644,550
1,0,1,648,550
1,0,1,637,550
1,0,1,643,550
1,0,1,650,550
1,0,1,564,550
1,0,1,632,550
1,0,1,568,550
1,0,0,777,550
1,0,0,958,550
1,0,0,943,550
1,0,0,941,550
1,0,1,937,550
1,0,1,646,550
1,0,1,565,550
1,0,1,649,550
1,0,1,624,550
1,0,1,649,550
1,0,1,642,550
1,0,1,642,550
1,0,1,574,550
1,0,1,645,550
1,0,1,567,550
1,0,1,566,550
1,0,1,634,550
1,0,1,657,550
1,0,1,564,550
1,0,1,660,550
1,0,0,720,550
1,0,0,957,550
1,0,0,946,550
1,0,0,939,550
1,0,1,925,550
1,0,1,605,550
1,0,1,653,550
1,0,1,576,550
1,0,1,639,550
1,0,1,564,550
1,0,1,565,550
1,0,1,635,550
1,0,1,621,550
1,0,1,596,550
1,0,1,629,550
1,0,1,624,550
1,0,1,587,550
1,0,1,648,550
1,0,1,623,550
1,0,1,648,550
1,0,0,755,550
1,0,0,958,550
1,0,0,947,550
1,0,0,941,550
1,0,1,906,550
1,0,1,586,550
1,0,1,653,550
1,0,1,564,550
1,0,1,630,550
1,0,1,580,550
1,0,1,573,550
1,0,1,627,550
1,0,1,661,550
1,0,1,576,550
1,0,1,662,550
1,0,1,662,550
1,0,1,576,550
1,0,1,618,550
1,0,1,660,550
1,0,1,607,550
1,0,0,787,550
1,0,0,959,550
1,0,0,945,550
1,0,0,941,550
1,0,1,939,550
1,0,1,598,550
1,0,1,593,550
1,0,1,655,550
1,0,1,568,550
1,0,1,661,550
1,0,1,661,550
1,0,1,567,550
1,0,1,628,550
1,0,1,662,550
1,0,1,619,550
1,0,1,628,550
1,0,1,661,550
1,0,1,579,550
1,0,1,619,550
1,0,1,592,550
1,0,0,769,550
1,0,0,960,550
1,0,0,946,550
1,0,0,940,550
1,0,1,938,550
1,0,1,651,550
1,0,1,590,550
1,0,1,646,550
1,0,1,654,550
1,0,1,638,550
1,0,1,642,550
1,0,1,656,550
1,0,1,569,550
1,0,1,638,550
1,0,1,568,550
1,0,1,571,550
1,0,1,637,550
1,0,1,661,550
1,0,1,569,550
1,0,1,665,550
1,0,0,730,550
1,0,0,958,550
1,0,0,946,550
1,0,0,941,550
1,0,1,934,550
1,0,1,628,550
1,0,1,656,550
1,0,1,599,550
1,0,1,656,550
1,0,1,586,550
1,0,1,583,550
1,0,1,651,550
1,0,1,649,550
1,0,1,576,550
1,0,1,658,550
1,0,1,659,550
1,0,1,569,550
1,0,1,637,550
1,0,1,663,550
1,0,1,628,550
1,0,0,787,550
1,0,0,956,550
1,0,0,946,550
1,0,0,944,550
1,0,1,941,550
1,0,1,571,550
1,0,1,618,550
1,0,1,646,550
1,0,1,576,550
1,0,1,659,550
1,0,1,661,550
1,0,1,571,550
1,0,1,658,550
1,0,1,611,550
1,0,1,660,550
1,0,1,658,550
1,0,1,628,550
1,0,1,591,550
1,0,1,658,550
1,0,0,769,550
1,0,0,947,550
1,0,0,938,550
1,0,0,931,550
1,0,0,930,550
1,0,0,928,550
1,0,0,930,550
1,0,0,923,550
1,0,0,920,550
1,0,0,917,550
1,0,0,918,550
1,0,0,915,550
1,0,0,918,550
1,0,0,912,550
1,0,0,917,550
1,0,0,911,550
1,0,1,920,550
1,0,1,550,550
1,0,1,620,550
1,0,1,660,550
1,0,1,578,550
1,0,0,778,550
1,0,0,945,550
1,0,0,937,550
1,0,0,935,550
1,0,1,936,550
1,0,1,576,550
1,0,1,649,550
1,0,1,644,550
1,0,1,581,550
1,0,1,660,550
1,0,1,654,550
1,0,1,580,550
1,0,1,647,550
1,0,1,661,550
1,0,1,643,550
1,0,1,647,550
1,0,1,659,550
1,0,1,570,550
1,0,1,643,550
1,0,1,575,550
1,0,0,783,550
1,0,0,959,550
1,0,0,943,550
1,0,0,939,550
1,0,1,938,550
1,0,1,655,550
1,0,1,565,550
1,0,1,658,550
1,0,1,630,550
1,0,1,656,550
1,0,1,657,550
1,0,1,634,550
1,0,1,591,550
1,0,1,658,550
1,0,1,576,550
1,0,1,591,550
1,0,1,659,550
1,0,1,651,550
1,0,1,583,550
1,0,1,662,550
1,0,0,745,550
1,0,0,956,550
1,0,0,943,550
1,0,0,942,550
1,0,1,940,550
1,0,1,645,550
1,0,1,642,550
1,0,1,624,550
1,0,1,666,550
1,0,1,616,550
1,0,1,609,550
1,0,1,667,550
1,0,1,610,550
1,0,1,605,550
1,0,1,630,550
1,0,1,630,550
1,0,1,593,550
1,0,1,659,550
1,0,1,649,550
1,0,1,653,550
1,0,0,777,550
1,0,0,956,550
1,0,0,947,550
1,0,0,940,550
1,0,1,939,550
1,0,1,569,550
1,0,1,643,550
1,0,1,588,550
1,0,1,613,550
1,0,1,609,550
1,0,1,622,550
1,0,1,607,550
1,0,1,668,550
1,0,1,573,550
1,0,1,669,550
1,0,1,669,550
1,0,1,582,550
1,0,1,625,550
1,0,1,667,550
1,0,1,625,550
1,0,0,787,550
1,0,0,958,550
1,0,0,946,550
1,0,0,941,550
1,0,1,940,550
1,0,1,567,550
1,0,1,621,550
1,0,1,645,550
1,0,1,581,550
1,0,1,658,550
1,0,1,657,550
1,0,1,582,550
1,0,1,652,550
1,0,1,659,550
1,0,1,639,550
1,0,1,648,550
1,0,1,662,550
1,0,1,573,550
1,0,1,645,550
1,0,1,571,550
1,0,0,779,550
1,0,0,958,550
1,0,0,945,550
1,0,0,941,550
1,0,1,939,550
1,0,1,649,550
1,0,1,569,550
1,0,1,658,550
1,0,1,632,550
1,0,1,659,550
1,0,1,658,550
1,0,1,628,550
1,0,1,592,550
1,0,1,657,550
1,0,1,583,550
1,0,1,588,550
1,0,1,655,550
1,0,1,648,550
1,0,1,581,550
1,0,1,661,550
1,0,0,751,550
1,0,0,957,550
1,0,0,947,550
1,0,0,940,550
1,0,1,940,550
1,0,1,642,550
1,0,1,646,550
1,0,1,622,550
1,0,1,667,550
1,0,1,612,550
1,0,1,620,550
1,0,1,667,550
1,0,1,595,550
1,0,1,613,550
1,0,1,616,550
1,0,1,592,550
1,0,1,614,550
1,0,1,664,550
1,0,1,609,550
1,0,1,661,550
1,0,0,744,550
1,0,0,959,550
1,0,0,943,550
1,0,0,941,550
1,0,1,910,550
1,0,1,603,550
1,0,1,662,550
1,0,1,610,550
1,0,1,644,550
1,0,1,571,550
1,0,1,577,550
1,0,1,635,550
1,0,1,668,550
1,0,1,583,550
1,0,1,666,550
1,0,1,668,550
1,0,1,592,550
1,0,1,616,550
1,0,1,663,550
1,0,1,601,550
1,0,0,791,550
1,0,0,955,550
1,0,0,944,550
1,0,0,941,550
1,0,1,940,550
1,0,1,600,550
1,0,1,595,550
1,0,1,664,550
1,0,1,570,550
1,0,1,667,550
1,0,1,666,550
1,0,1,581,550
1,0,1,647,550
1,0,1,646,550
1,0,1,649,550
1,0,1,648,550
1,0,1,661,550
1,0,1,570,550
1,0,1,652,550
1,0,1,571,550
1,0,0,787,550
1,0,0,958,550
1,0,0,946,550
1,0,0,941,550
1,0,1,938,550
1,0,1,653,550
1,0,1,571,550
1,0,1,658,550
1,0,1,629,550
1,0,1,656,550
1,0,1,658,550
1,0,1,634,550
1,0,1,592,550
1,0,1,656,550
1,0,1,579,550
1,0,1,592,550
1,0,1,655,550
1,0,1,647,550
1,0,1,581,550
1,0,1,662,550
1,0,0,741,550
1,0,0,959,550
1,0,0,946,550
1,0,0,940,550
1,0,1,940,550
1,0,1,638,550
1,0,1,661,550
1,0,1,569,550
1,0,1,665,550
1,0,1,601,550
1,0,1,611,550
1,0,1,665,550
1,0,1,611,550
1,0,1,603,550
1,0,1,635,550
1,0,1,608,550
1,0,1,606,550
1,0,1,662,550
1,0,1,628,550
1,0,1,658,550
1,0,0,758,550
1,0,0,958,550
1,0,0,947,550
1,0,0,941,550
1,0,1,879,550
1,0,1,577,550
1,0,1,649,550
1,0,1,648,550
1,0,1,623,550
1,0,1,595,550
1,0,1,588,550
1,0,1,626,550
1,0,1,668,550
1,0,1,594,550
1,0,1,666,550
1,0,1,670,550
1,0,1,596,550
1,0,1,614,550
1,0,1,667,550
1,0,1,604,550
1,0,0,795,550
1,0,0,956,550
1,0,0,946,550
1,0,0,940,550
1,0,1,940,550
1,0,1,592,550
1,0,1,609,550
1,0,1,662,550
1,0,1,609,550
1,0,1,666,550
1,0,1,667,550
1,0,1,572,550
1,0,1,637,550
1,0,1,668,550
1,0,1,623,550
1,0,1,626,550
1,0,1,668,550
1,0,1,595,550
1,0,1,613,550
1,0,1,616,550
1,0,0,761,550
1,0,0,958,550
1,0,0,947,550
1,0,0,941,550
1,0,1,940,550
1,0,1,646,550
1,0,1,633,550
1,0,1,630,550
1,0,1,668,550
1,0,1,626,550
1,0,1,621,550
1,0,1,669,550
1,0,1,571,550
1,0,1,648,550
1,0,1,572,550
1,0,1,571,550
1,0,1,646,550
1,0,1,665,550
1,0,1,570,550
1,0,0,766,550
1,0,0,946,550
1,0,0,940,550
1,0,0,925,550
1,0,0,930,550
1,0,0,920,550
1,0,0,927,550
1,0,0,925,550
1,0,0,920,550
1,0,0,918,550
1,0,0,923,550
1,0,0,916,550
1,0,0,919,550
1,0,0,915,550
1,0,0,918,550
1,0,0,915,550
1,0,1,918,550
1,0,1,641,550
1,0,1,596,550
1,0,1,597,550
1,0,1,651,550
1,0,0,742,550
1,0,0,951,550
1,0,0,938,550
1,0,0,934,550
1,0,1,937,550
1,0,1,648,550
1,0,1,568,550
1,0,1,632,550
1,0,1,668,550
1,0,1,623,550
1,0,1,630,550
1,0,1,669,550
1,0,1,583,550
1,0,1,624,550
1,0,1,600,550
1,0,1,582,550
1,0,1,625,550
1,0,1,670,550
1,0,1,594,550
1,0,1,665,550
1,0,0,731,550
1,0,0,959,550
1,0,0,946,550
1,0,0,941,550
1,0,1,910,550
1,0,1,599,550
1,0,1,659,550
1,0,1,570,550
1,0,1,645,550
1,0,1,574,550
1,0,1,571,550
1,0,1,641,550
1,0,1,667,550
1,0,1,573,550
1,0,1,670,550
1,0,1,668,550
1,0,1,574,550
1,0,1,637,550
1,0,1,669,550
1,0,1,625,550
1,0,0,791,550
1,0,0,956,550
1,0,0,946,550
1,0,0,942,550
1,0,1,940,550
1,0,1,570,550
1,0,1,620,550
1,0,1,647,550
1,0,1,578,550
1,0,1,663,550
1,0,1,665,550
1,0,1,571,550
1,0,1,646,550
1,0,1,667,550
1,0,1,635,550
1,0,1,636,550
1,0,1,669,550
1,0,1,582,550
1,0,1,624,550
1,0,1,600,550
1,0,0,769,550
1,0,0,955,550
1,0,0,946,550
1,0,0,941,550
1,0,1,940,550
1,0,1,653,550
1,0,1,597,550
1,0,1,651,550
1,0,1,661,550
1,0,1,645,550
1,0,1,642,550
1,0,1,667,550
1,0,1,593,550
1,0,1,662,550
1,0,1,590,550
1,0,1,592,550
1,0,1,656,550
1,0,1,648,550
1,0,1,593,550
1,0,1,649,550
1,0,0,756,550
1,0,0,959,550
1,0,0,945,550
1,0,0,941,550
1,0,1,939,550
1,0,1,638,550
1,0,1,659,550
1,0,1,614,550
1,0,1,664,550
1,0,1,601,550
1,0,1,611,550
1,0,1,666,550
1,0,1,613,550
1,0,1,604,550
1,0,1,638,550
1,0,1,609,550
1,0,1,604,550
1,0,1,661,550
1,0,1,634,550
1,0,1,657,550
1,0,0,771,550
1,0,0,958,550
1,0,0,947,550
1,0,0,940,550
1,0,1,877,550
1,0,1,578,550
1,0,1,651,550
1,0,1,654,550
1,0,1,624,550
1,0,1,598,550
1,0,1,589,550
1,0,1,624,550
1,0,1,668,550
1,0,1,594,550
1,0,1,667,550
1,0,1,667,550
1,0,1,594,550
1,0,1,614,550
1,0,1,666,550
1,0,1,604,550
1,0,0,794,550
1,0,0,958,550
1,0,0,945,550
1,0,0,942,550
1,0,1,940,550
1,0,1,627,550
1,0,1,584,550
1,0,1,665,550
1,0,1,581,550
1,0,1,598,550
1,0,1,666,550
1,0,1,583,550
1,0,1,623,550
1,0,1,668,550
1,0,1,616,550
1,0,1,626,550
1,0,1,667,550
1,0,1,596,550
1,0,1,617,550
1,0,1,612,550
1,0,0,770,550
1,0,0,959,550
1,0,0,945,550
1,0,0,940,550
1,0,1,941,550
1,0,1,652,550
1,0,1,611,550
1,0,1,640,550
1,0,1,667,550
1,0,1,633,550
1,0,1,631,550
1,0,1,669,550
1,0,1,585,550
1,0,1,625,550
1,0,1,597,550
1,0,1,597,550
1,0,1,614,550
1,0,1,669,550
1,0,1,609,550
1,0,1,664,550
1,0,0,764,550
1,0,0,955,550
1,0,0,946,550
1,0,0,940,550
1,0,1,877,550
1,0,1,577,550
1,0,1,650,550
1,0,1,650,550
1,0,1,626,550
1,0,1,600,550
1,0,1,603,550
1,0,1,617,550
1,0,1,667,550
1,0,1,570,550
1,0,1,666,550
1,0,1,668,550
1,0,1,574,550
1,0,1,638,550
1,0,1,663,550
1,0,1,646,550
1,0,0,779,550
1,0,0,957,550
1,0,0,945,550
1,0,0,940,550
1,0,1,939,550
1,0,1,559,550
1,0,1,636,550
1,0,1,611,550
1,0,1,603,550
1,0,1,634,550
1,0,1,626,550
1,0,1,604,550
1,0,1,664,550
1,0,1,632,550
1,0,1,657,550
1,0,1,663,550
1,0,1,632,550
1,0,1,593,550
1,0,1,657,550
1,0,1,583,550
1,0,0,790,550
1,0,0,957,550
1,0,0,948,550
1,0,0,941,550
1,0,1,940,550
1,0,1,652,550
1,0,1,569,550
1,0,1,630,550
1,0,1,635,550
1,0,1,658,550
1,0,1,660,550
1,0,1,632,550
1,0,1,593,550
1,0,1,657,550
1,0,1,579,550
1,0,1,593,550
1,0,1,658,550
1,0,1,654,550
1,0,1,581,550
1,0,1,665,550
1,0,0,746,550
1,0,0,960,550
1,0,0,946,550
1,0,0,942,550
1,0,1,939,550
1,0,1,636,550
1,0,1,655,550
1,0,1,570,550
1,0,1,666,550
1,0,1,604,550
1,0,1,609,550
1,0,1,667,550
1,0,1,611,550
1,0,1,606,550
1,0,1,635,550
1,0,1,615,550
1,0,1,604,550
1,0,1,663,550
1,0,1,634,550
1,0,1,657,550
1,0,0,764,550
1,0,0,958,550
1,0,0,946,550
1,0,0,941,550
1,0,1,940,550
1,0,1,566,550
1,0,1,646,550
1,0,1,663,550
1,0,1,612,550
1,0,1,618,550
1,0,1,627,550
1,0,1,603,550
1,0,1,664,550
1,0,1,634,550
1,0,1,658,550
1,0,1,658,550
1,0,1,655,550
1,0,1,580,550
1,0,1,652,550
1,0,1,570,550
1,0,0,783,550
1,0,0,957,550
1,0,0,946,550
1,0,0,941,550
1,0,1,941,550
1,0,1,659,550
1,0,1,569,550
1,0,1,630,550
1,0,1,632,550
1,0,1,657,550
1,0,1,656,550
1,0,1,656,550
1,0,1,614,550
1,0,1,669,550
1,0,1,611,550
1,0,1,614,550
1,0,1,668,550
1,0,1,613,550
1,0,1,613,550
1,0,0,732,550
1,0,0,953,550
1,0,0,940,550
1,0,0,931,550
1,0,0,928,550
1,0,0,930,550
1,0,0,924,550
1,0,0,920,550
1,0,0,922,550
1,0,0,917,550
1,0,0,926,550
1,0,0,915,550
1,0,0,917,550
1,0,0,916,550
1,0,0,918,550
1,0,0,914,550
1,0,1,918,550
1,0,1,642,550
1,0,1,565,550
1,0,1,625,550
1,0,1,660,550
1,0,0,763,550
1,0,0,943,550
1,0,0,941,550
1,0,0,937,550
1,0,1,937,550
1,0,1,622,550
1,0,1,586,550
1,0,1,653,550
1,0,1,653,550
1,0,1,653,550
1,0,1,653,550
1,0,1,655,550
1,0,1,581,550
1,0,1,651,550
1,0,1,571,550
1,0,1,583,550
1,0,1,652,550
1,0,1,662,550
1,0,1,573,550
1,0,1,668,550
1,0,0,744,550
1,0,0,956,550
1,0,0,947,550
1,0,0,941,550
1,0,1,936,550
1,0,1,630,550
1,0,1,661,550
1,0,1,601,550
1,0,1,664,550
1,0,1,591,550
1,0,1,599,550
1,0,1,663,550
1,0,1,634,550
1,0,1,593,550
1,0,1,652,550
1,0,1,633,550
1,0,1,593,550
1,0,1,661,550
1,0,1,653,550
1,0,1,649,550
1,0,0,772,550
1,0,0,960,550
1,0,0,944,550
1,0,0,941,550
1,0,1,940,550
1,0,1,565,550
1,0,1,629,550
1,0,1,635,550
1,0,1,591,550
1,0,1,652,550
1,0,1,661,550
1,0,1,584,550
1,0,1,651,550
1,0,1,664,550
1,0,1,644,550
1,0,1,642,550
1,0,1,668,550
1,0,1,572,550
1,0,1,638,550
1,0,1,587,550
1,0,0,776,550
1,0,0,956,550
1,0,0,947,550
1,0,0,945,550
1,0,1,938,550
1,0,1,655,550
1,0,1,599,550
1,0,1,646,550
1,0,1,664,550
1,0,1,643,550
1,0,1,637,550
1,0,1,669,550
1,0,1,593,550
1,0,1,661,550
1,0,1,591,550
1,0,1,593,550
1,0,1,656,550
1,0,1,652,550
1,0,1,593,550
1,0,1,655,550
1,0,0,760,550
1,0,0,957,550
1,0,0,945,550
1,0,0,940,550
1,0,1,939,550
1,0,1,644,550
1,0,1,646,550
1,0,1,626,550
1,0,1,670,550
1,0,1,614,550
1,0,1,623,550
1,0,1,671,550
1,0,1,599,550
1,0,1,616,550
1,0,1,613,550
1,0,1,599,550
1,0,1,617,550
1,0,1,667,550
1,0,1,616,550
1,0,1,666,550
1,0,0,759,550
1,0,0,957,550
1,0,0,947,550
1,0,0,941,550
1,0,1,893,550
1,0,1,592,550
1,0,1,661,550
1,0,1,633,550
1,0,1,635,550
1,0,1,584,550
1,0,1,579,550
1,0,1,634,550
1,0,1,669,550
1,0,1,585,550
1,0,1,670,550
1,0,1,671,550
1,0,1,583,550
1,0,1,625,550
1,0,1,669,550
1,0,1,614,550
1,0,0,793,550
1,0,0,957,550
1,0,0,947,550
1,0,0,940,550
1,0,1,939,550
1,0,1,606,550
1,0,1,599,550
1,0,1,659,550
1,0,1,574,550
1,0,1,670,550
1,0,1,669,550
1,0,1,574,550
1,0,1,631,550
1,0,1,670,550
1,0,1,625,550
1,0,1,639,550
1,0,1,669,550
1,0,1,583,550
1,0,1,624,550
1,0,1,599,550
1,0,0,775,550
1,0,0,956,550
1,0,0,947,550
1,0,0,945,550
1,0,1,940,550
1,0,1,654,550
1,0,1,596,550
1,0,1,610,550
1,0,1,663,550
1,0,1,640,550
1,0,1,643,550
1,0,1,668,550
1,0,1,574,550
1,0,1,634,550
1,0,1,585,550
1,0,1,583,550
1,0,1,624,550
1,0,1,670,550
1,0,1,597,550
1,0,1,668,550
1,0,0,747,550
1,0,0,960,550
1,0,0,944,550
1,0,0,944,550
1,0,1,898,550
1,0,1,589,550
1,0,1,657,550
1,0,1,636,550
1,0,1,633,550
1,0,1,586,550
1,0,1,591,550
1,0,1,627,550
1,0,1,664,550
1,0,1,582,550
1,0,1,665,550
1,0,1,663,550
1,0,1,572,550
1,0,1,645,550
1,0,1,663,550
1,0,1,644,550
1,0,0,780,550
1,0,0,958,550
1,0,0,946,550
1,0,0,942,550
1,0,1,939,550
1,0,1,567,550
1,0,1,645,550
1,0,1,598,550
1,0,1,614,550
1,0,1,654,550
1,0,1,608,550
1,0,1,615,550
1,0,1,669,550
1,0,1,617,550
1,0,1,663,550
1,0,1,669,550
1,0,1,613,550
1,0,1,606,550
1,0,1,664,550
1,0,1,594,550
1,0,0,791,550
1,0,0,955,550
1,0,0,947,550
1,0,0,944,550
1,0,1,941,550
1,0,1,655,550
1,0,1,566,550
1,0,1,641,550
1,0,1,610,550
1,0,1,660,550
1,0,1,666,550
1,0,1,611,550
1,0,1,604,550
1,0,1,664,550
1,0,1,591,550
1,0,1,603,550
1,0,1,664,550
1,0,1,633,550
1,0,1,592,550
1,0,1,655,550
1,0,0,754,550
1,0,0,959,550
1,0,0,947,550
1,0,0,942,550
1,0,1,940,550
1,0,1,651,550
1,0,1,635,550
1,0,1,588,550
1,0,1,670,550
1,0,1,626,550
1,0,1,633,550
1,0,1,670,550
1,0,1,586,550
1,0,1,626,550
1,0,1,602,550
1,0,1,586,550
1,0,1,627,550
1,0,1,670,550
1,0,1,598,550
1,0,1,669,550
1,0,0,730,550
1,0,0,957,550
1,0,0,946,550
1,0,0,941,550
1,0,1,940,550
1,0,1,610,550
1,0,1,667,550
1,0,1,598,550
1,0,1,648,550
1,0,1,572,550
1,0,1,574,550
1,0,1,648,550
1,0,1,669,550
1,0,1,573,550
1,0,1,670,550
1,0,1,672,550
1,0,1,585,550
1,0,1,624,550
1,0,1,670,550
1,0,1,617,550
1,0,0,794,550
1,0,0,955,550
1,0,0,946,550
1,0,0,942,550
1,0,1,939,550
1,0,1,608,550
1,0,1,598,550
1,0,1,660,550
1,0,1,575,550
1,0,1,670,550
1,0,1,671,550
1,0,1,587,550
1,0,1,650,550
1,0,1,654,550
1,0,1,650,550
1,0,1,652,550
1,0,1,665,550
1,0,1,572,550
1,0,1,650,550
1,0,0,759,550
1,0,0,990,550
1,0,0,985,550
1,0,0,969,550
1,0,0,977,550
1,0,0,968,550
1,0,0,967,550
1,0,0,963,550
1,0,0,966,550
1,0,0,961,550
1,0,0,966,550
1,0,0,958,550
1,0,0,964,550
1,0,0,959,550
1,0,0,962,550
1,0,0,959,550
1,0,1,955,550
1,0,1,594,550
1,0,1,623,550
1,0,1,677,550
1,0,1,624,550
1,0,0,812,550
1,0,0,990,550
1,0,0,980,550
1,0,0,980,550
1,0,1,980,550
1,0,1,625,550
1,0,1,656,550
1,0,1,687,550
1,0,1,653,550
1,0,1,690,550
1,0,1,691,550
1,0,1,592,550
1,0,1,654,550
1,0,1,691,550
1,0,1,646,550
1,0,1,657,550
1,0,1,690,550
1,0,1,605,550
1,0,1,601,550
1,0,1,618,550
1,0,0,801,550
1,0,0,998,550
1,0,0,987,550
1,0,0,985,550
1,0,1,981,550
1,0,1,674,550
1,0,1,615,550
1,0,1,633,550
1,0,1,684,550
1,0,1,662,550
1,0,1,630,550
1,0,1,685,550
1,0,1,593,550
1,0,1,662,550
1,0,1,593,550
1,0,1,593,550
1,0,1,663,550
1,0,1,690,550
1,0,1,593,550
1,0,1,630,550
1,0,0,760,550
1,0,0,1000,550
1,0,0,985,550
1,0,0,984,550
1,0,1,977,550
1,0,1,644,550
1,0,1,685,550
1,0,1,592,550
1,0,1,684,550
1,0,1,687,550
1,0,1,618,550
1,0,1,684,550
1,0,1,653,550
1,0,1,615,550
1,0,1,675,550
1,0,1,675,550
1,0,1,599,550
1,0,1,670,550
1,0,1,686,550
1,0,1,664,550
1,0,0,812,550
1,0,0,998,550
1,0,0,988,550
1,0,0,985,550
1,0,1,982,550
1,0,1,581,550
1,0,1,658,550
1,0,1,689,550
1,0,1,591,550
1,0,1,655,550
1,0,1,663,550
1,0,1,612,550
1,0,1,690,550
1,0,1,604,550
1,0,1,691,550
1,0,1,690,550
1,0,1,615,550
1,0,1,636,550
1,0,1,692,550
1,0,1,646,550
1,0,0,817,550
1,0,0,1002,550
1,0,0,988,550
1,0,0,985,550
1,0,1,985,550
1,0,1,677,550
1,0,1,638,550
1,0,1,688,550
1,0,1,621,550
1,0,1,685,550
1,0,1,680,550
1,0,1,600,550
1,0,1,636,550
1,0,1,683,550
1,0,1,664,550
1,0,1,672,550
1,0,1,684,550
1,0,1,591,550
1,0,1,664,550
1,0,1,593,550
1,0,0,805,550
1,0,0,1001,550
1,0,0,985,550
1,0,0,985,550
1,0,1,982,550
1,0,1,680,550
1,0,1,589,550
1,0,1,652,550
1,0,1,690,550
1,0,1,677,550
1,0,1,682,550
1,0,1,653,550
1,0,1,611,550
1,0,1,681,550
1,0,1,691,550
1,0,1,613,550
1,0,1,677,550
1,0,1,670,550
1,0,1,602,550
1,0,1,685,550
1,0,0,774,550
1,0,0,998,550
1,0,0,986,550
1,0,0,984,550
1,0,1,979,550
1,0,1,653,550
1,0,1,678,550
1,0,1,589,550
1,0,1,660,550
1,0,1,620,550
1,0,1,628,550
1,0,1,685,550
1,0,1,630,550
1,0,1,625,550
1,0,1,654,550
1,0,1,686,550
1,0,1,623,550
1,0,1,683,550
1,0,1,653,550
1,0,1,676,550
1,0,0,785,550
1,0,0,999,550
1,0,0,987,550
1,0,0,984,550
1,0,1,939,550
1,0,1,605,550
1,0,1,676,550
1,0,1,655,550
1,0,1,610,550
1,0,1,601,550
1,0,1,606,550
1,0,1,643,550
1,0,1,689,550
1,0,1,614,550
1,0,1,687,550
1,0,1,689,550
1,0,1,632,550
1,0,1,590,550
1,0,1,684,550
1,0,1,608,550
1,0,0,816,550
1,0,0,997,550
1,0,0,987,550
1,0,0,981,550
1,0,1,984,550
1,0,1,678,550
1,0,1,585,550
1,0,1,658,550
1,0,1,687,550
1,0,1,683,550
1,0,1,680,550
1,0,1,652,550
1,0,1,646,550
1,0,1,691,550
1,0,1,642,550
1,0,1,643,550
1,0,1,688,550
1,0,1,614,550
1,0,1,644,550
1,0,1,620,550
1,0,0,799,550
1,0,0,1000,550
1,0,0,988,550
1,0,0,981,550
1,0,1,982,550
1,0,1,677,550
1,0,1,588,550
1,0,1,649,550
1,0,1,691,550
1,0,1,678,550
1,0,1,683,550
1,0,1,690,550
1,0,1,610,550
1,0,1,680,550
1,0,1,599,550
1,0,1,612,550
1,0,1,677,550
1,0,1,680,550
1,0,1,601,550
1,0,1,684,550
1,0,0,767,550
1,0,0,1001,550
1,0,0,987,550
1,0,0,982,550
1,0,1,976,550
1,0,1,645,550
1,0,1,686,550
1,0,1,592,550
1,0,1,651,550
1,0,1,611,550
1,0,1,616,550
1,0,1,655,550
1,0,1,653,550
1,0,1,615,550
1,0,1,672,550
1,0,1,655,550
1,0,1,612,550
1,0,1,677,550
1,0,1,673,550
1,0,1,672,550
1,0,0,819,550
1,0,0,998,550
1,0,0,988,550
1,0,0,985,550
1,0,1,984,550
1,0,1,580,550
1,0,1,659,550
1,0,1,686,550
1,0,1,592,550
1,0,1,654,550
1,0,1,643,550
1,0,1,625,550
1,0,1,687,550
1,0,1,654,550
1,0,1,679,550
1,0,1,655,550
1,0,1,652,550
1,0,1,610,550
1,0,1,680,550
1,0,1,598,550
1,0,0,816,550
1,0,0,998,550
1,0,0,991,550
1,0,0,982,550
1,0,1,985,550
1,0,1,671,550
1,0,1,588,550
1,0,1,662,550
1,0,1,688,550
1,0,1,681,550
1,0,1,679,550
1,0,1,654,550
1,0,1,610,550
1,0,1,678,550
1,0,1,690,550
1,0,1,612,550
1,0,1,677,550
1,0,1,676,550
1,0,1,601,550
1,0,1,683,550
1,0,0,767,550
1,0,0,999,550
1,0,0,987,550
1,0,0,985,550
1,0,1,965,550
1,0,1,626,550
1,0,1,685,550
1,0,1,617,550
1,0,1,634,550
1,0,1,590,550
1,0,1,590,550
1,0,1,664,550
1,0,1,654,550
1,0,1,623,550
1,0,1,657,550
1,0,1,653,550
1,0,1,610,550
1,0,1,680,550
1,0,1,655,550
1,0,0,818,550
1,0,0,991,550
1,0,0,982,550
1,0,0,972,550
1,0,0,974,550
1,0,0,968,550
1,0,0,979,550
1,0,0,963,550
1,0,0,967,550
1,0,0,963,550
1,0,0,967,550
1,0,0,963,550
1,0,0,964,550
1,0,0,961,550
1,0,0,963,550
1,0,0,958,550
1,0,1,963,550
1,0,1,621,550
1,0,1,674,550
1,0,1,607,550
1,0,1,629,550
1,0,0,760,550
1,0,0,991,550
1,0,0,983,550
1,0,0,980,550
1,0,1,957,550
1,0,1,624,550
1,0,1,682,550
1,0,1,590,550
1,0,1,663,550
1,0,1,593,550
1,0,1,594,550
1,0,1,664,550
1,0,1,686,550
1,0,1,598,550
1,0,1,631,550
1,0,1,687,550
1,0,1,594,550
1,0,1,656,550
1,0,1,691,550
1,0,1,647,550
1,0,0,812,550
1,0,0,1002,550
1,0,0,987,550
1,0,0,983,550
1,0,1,981,550
1,0,1,600,550
1,0,1,639,550
1,0,1,688,550
1,0,1,618,550
1,0,1,682,550
1,0,1,680,550
1,0,1,604,550
1,0,1,670,550
1,0,1,682,550
1,0,1,610,550
1,0,1,670,550
1,0,1,683,550
1,0,1,593,550
1,0,1,666,550
1,0,1,594,550
1,0,0,805,550
1,0,0,1002,550
1,0,0,990,550
1,0,0,986,550
1,0,1,985,550
1,0,1,663,550
1,0,1,597,550
1,0,1,668,550
1,0,1,685,550
1,0,1,688,550
1,0,1,687,550
1,0,1,633,550
1,0,1,626,550
1,0,1,685,550
1,0,1,687,550
1,0,1,625,550
1,0,1,684,550
1,0,1,651,550
1,0,1,614,550
1,0,1,673,550
1,0,0,771,550
1,0,0,998,550
1,0,0,988,550
1,0,0,985,550
1,0,1,981,550
1,0,1,646,550
1,0,1,684,550
1,0,1,593,550
1,0,1,656,550
1,0,1,614,550
1,0,1,607,550
1,0,1,680,550
1,0,1,615,550
1,0,1,649,550
1,0,1,620,550
1,0,1,619,550
1,0,1,636,550
1,0,1,689,550
1,0,1,618,550
1,0,1,689,550
1,0,0,801,550
1,0,0,1003,550
1,0,0,986,550
1,0,0,983,550
1,0,1,965,550
1,0,1,626,550
1,0,1,686,550
1,0,1,618,550
1,0,1,638,550
1,0,1,592,550
1,0,1,596,550
1,0,1,673,550
1,0,1,684,550
1,0,1,596,550
1,0,1,643,550
1,0,1,684,550
1,0,1,594,550
1,0,1,667,550
1,0,1,689,550
1,0,1,654,550
1,0,0,816,550
1,0,0,999,550
1,0,0,990,550
1,0,0,982,550
1,0,1,981,550
1,0,1,633,550
1,0,1,619,550
1,0,1,682,550
1,0,1,654,550
1,0,1,691,550
1,0,1,689,550
1,0,1,596,550
1,0,1,657,550
1,0,1,679,550
1,0,1,649,550
1,0,1,654,550
1,0,1,692,550
1,0,1,606,550
1,0,1,645,550
1,0,1,617,550
1,0,0,798,550
1,0,0,1003,550
1,0,0,989,550
1,0,0,986,550
1,0,1,986,550
1,0,1,675,550
1,0,1,601,550
1,0,1,646,550
1,0,1,692,550
1,0,1,674,550
1,0,1,646,550
1,0,1,669,550
1,0,1,604,550
1,0,1,674,550
1,0,1,595,550
1,0,1,606,550
1,0,1,673,550
1,0,1,684,550
1,0,1,595,550
1,0,1,691,550
1,0,0,766,550
1,0,0,1002,550
1,0,0,987,550
1,0,0,985,550
1,0,1,982,550
1,0,1,661,550
1,0,1,668,550
1,0,1,600,550
1,0,1,673,550
1,0,1,639,550
1,0,1,630,550
1,0,1,690,550
1,0,1,632,550
1,0,1,629,550
1,0,1,654,550
1,0,1,653,550
1,0,1,604,550
1,0,1,679,550
1,0,1,672,550
1,0,1,672,550
1,0,0,800,550
1,0,0,1002,550
1,0,0,989,550
1,0,0,986,550
1,0,1,908,550
1,0,1,586,550
1,0,1,662,550
1,0,1,682,550
1,0,1,595,550
1,0,1,633,550
1,0,1,643,550
1,0,1,629,550
1,0,1,692,550
1,0,1,594,550
1,0,1,690,550
1,0,1,692,550
1,0,1,606,550
1,0,1,646,550
1,0,1,691,550
1,0,1,640,550
1,0,0,812,550
1,0,0,999,550
1,0,0,989,550
1,0,0,981,550
1,0,1,982,550
1,0,1,586,550
1,0,1,650,550
1,0,1,688,550
1,0,1,605,550
1,0,1,669,550
1,0,1,664,550
1,0,1,615,550
1,0,1,682,550
1,0,1,692,550
1,0,1,675,550
1,0,1,678,550
1,0,1,673,550
1,0,1,605,550
1,0,1,672,550
1,0,1,594,550
1,0,0,808,550
1,0,0,999,550
1,0,0,990,550
1,0,0,983,550
1,0,1,982,550
1,0,1,679,550
1,0,1,588,550
1,0,1,666,550
1,0,1,687,550
1,0,1,685,550
1,0,1,687,550
1,0,1,688,550
1,0,1,626,550
1,0,1,685,550
1,0,1,617,550
1,0,1,628,550
1,0,1,687,550
1,0,1,651,550
1,0,1,616,550
1,0,1,672,550
1,0,0,747,550
1,0,0,998,550
1,0,0,988,550
1,0,0,986,550
1,0,1,981,550
1,0,1,666,550
1,0,1,668,550
1,0,1,602,550
1,0,1,671,550
1,0,1,636,550
1,0,1,642,550
1,0,1,689,550
1,0,1,616,550
1,0,1,595,550
1,0,1,633,550
1,0,1,617,550
1,0,1,637,550
1,0,1,689,550
1,0,1,633,550
1,0,1,685,550
1,0,0,768,550
1,0,0,1000,550
1,0,0,987,550
1,0,0,986,550
1,0,1,954,550
1,0,1,619,550
1,0,1,685,550
1,0,1,637,550
1,0,1,622,550
1,0,1,594,550
1,0,1,600,550
1,0,1,619,550
1,0,1,692,550
1,0,1,604,550
1,0,1,692,550
1,0,1,691,550
1,0,1,617,550
1,0,1,635,550
1,0,1,689,550
1,0,1,624,550
1,0,0,816,550
1,0,0,1002,550
1,0,0,987,550
1,0,0,983,550
1,0,1,983,550
1,0,1,673,550
1,0,1,590,550
1,0,1,669,550
1,0,1,686,550
1,0,1,606,550
1,0,1,690,550
1,0,1,621,550
1,0,1,666,550
1,0,1,684,550
1,0,0,819,550
1,1,0,628,550
1,1,0,785,550
1,1,0,828,550
1,1,0,841,550
1,1,0,845,550
1,1,0,847,550
1,1,0,850,550
1,1,0,837,550
1,1,0,840,550
1,1,0,834,550
1,1,0,840,550
1,1,0,830,550
1,1,0,838,550
1,1,0,830,550
1,1,0,834,550
1,1,0,827,550
1,1,0,830,550
1,1,0,821,550
1,1,0,828,550
1,1,0,824,550
1,1,0,830,550
1,1,0,822,550
1,1,0,814,550
1,1,0,815,550
1,1,0,807,550
1,1,0,809,550
1,1,0,814,550
1,1,0,820,550
1,1,0,820,550
1,1,0,824,550
1,1,0,826,550
1,1,0,831,550
1,1,0,830,550
1,1,0,831,550
1,1,0,834,550
1,1,0,838,550
1,1,0,833,550
1,1,0,826,550
1,1,0,819,550
1,1,0,822,550
1,1,0,822,550
1,1,0,831,550
1,1,0,830,550
1,1,0,832,550
1,1,0,833,550
1,1,0,837,550
1,1,0,828,550
1,1,0,829,550
1,1,0,820,550
1,1,0,821,550
1,1,0,822,550
1,1,0,832,550
1,1,0,830,550
1,1,0,832,550
1,1,0,834,550
1,1,0,837,550
1,1,0,827,550
1,1,0,827,550
1,1,0,821,550
1,1,0,822,550
1,1,0,816,550
1,1,0,819,550
1,1,0,814,550
1,1,0,818,550
1,1,0,822,550
1,1,0,823,550
1,1,0,818,550
1,1,0,817,550
1,1,0,817,550
1,1,0,815,550
1,1,0,821,550
1,1,0,823,550
1,1,0,829,550
1,1,0,824,550
1,1,0,828,550
1,1,0,831,550
1,1,0,822,550
1,1,0,829,550
1,1,0,822,550
1,1,0,823,550
1,1,0,817,550
1,1,0,822,550
1,1,0,815,550
1,1,0,820,550
1,1,0,821,550
1,1,0,828,550
1,1,0,822,550
1,1,0,823,550
1,1,0,819,550
1,1,0,820,550
1,1,0,823,550
1,1,0,823,550
1,1,0,832,550
1,1,0,831,550
1,1,0,833,550
1,1,0,835,550
1,1,0,831,550
1,1,0,831,550
1,1,0,823,550
1,1,0,826,550
1,1,0,827,550
1,1,0,831,550
1,1,0,823,550
1,1,0,825,550
1,1,1,792,550
1,1,0,778,550
1,1,0,826,550
1,1,0,824,550
1,1,0,822,550
1,1,0,826,550
1,1,1,786,550
1,1,0,784,550
1,1,0,825,550
1,1,0,828,550
1,1,0,821,550
1,1,0,826,550
1,1,0,821,550
1,1,0,818,550
1,1,0,820,550
1,1,1,801,550
1,1,1,699,550
1,1,1,708,550
1,1,1,715,550
1,1,1,715,550
1,1,1,717,550
1,1,1,718,550
1,1,1,715,550
1,1,1,723,550
1,1,1,718,550
1,1,1,719,550
1,1,1,719,550
1,1,1,720,550
1,1,1,719,550
1,1,1,720,550
1,1,1,722,550
1,1,0,788,550
1,1,0,848,550
1,1,0,834,550
1,1,0,831,550
1,1,1,766,550
1,1,1,685,550
1,1,1,693,550
1,1,1,705,550
1,1,1,694,550
1,1,1,697,550
1,1,1,704,550
1,1,1,704,550
1,1,1,700,550
1,1,1,710,550
1,1,1,709,550
1,1,1,702,550
1,1,1,712,550
1,1,1,707,550
1,1,1,707,550
1,1,1,707,550
1,1,0,781,550
1,1,0,851,550
1,1,0,838,550
1,1,0,834,550
1,1,1,794,550
1,1,1,677,550
1,1,1,677,550
1,1,1,677,550
1,1,1,689,550
1,1,1,682,550
1,1,1,688,550
1,1,1,679,550
1,1,1,677,550
1,1,1,692,550
1,1,1,686,550
1,1,1,693,550
1,1,1,684,550
1,1,1,683,550
1,1,1,692,550
1,1,1,686,550
1,1,0,772,550
1,1,0,857,550
1,1,0,840,550
1,1,0,834,550
1,1,1,766,550
1,1,1,655,550
1,1,1,649,550
1,1,1,646,550
1,1,1,659,550
1,1,1,660,550
1,1,1,649,550
1,1,1,662,550
1,1,1,663,550
1,1,1,648,550
1,1,1,655,550
1,1,1,667,550
1,1,1,654,550
1,1,1,651,550
1,1,1,666,550
1,1,1,656,550
1,1,0,748,550
1,1,0,857,550
1,1,0,837,550
1,1,0,832,550
1,1,1,822,550
1,1,1,620,550
1,1,1,634,550
1,1,1,618,550
1,1,1,633,550
1,1,1,626,550
1,1,1,619,550
1,1,1,636,550
1,1,1,642,550
1,1,1,622,550
1,1,1,622,550
1,1,1,637,550
1,1,1,626,550
1,1,1,646,550
1,1,1,629,550
1,1,1,637,550
1,1,0,739,550
1,1,0,859,550
1,1,0,841,550
1,1,0,835,550
1,1,1,798,550
1,1,1,610,550
1,1,1,600,550
1,1,1,608,550
1,1,1,617,550
1,1,1,597,550
1,1,1,624,550
1,1,1,601,550
1,1,1,617,550
1,1,1,612,550
1,1,1,598,550
1,1,1,624,550
1,1,1,601,550
1,1,1,618,550
1,1,1,614,550
1,1,1,599,550
1,1,0,721,550
1,1,0,862,550
1,1,0,844,550
1,1,0,837,550
1,1,1,822,550
1,1,1,568,550
1,1,1,586,550
1,1,1,605,550
1,1,1,586,550
1,1,1,606,550
1,1,1,575,550
1,1,1,601,550
1,1,1,601,550
1,1,1,580,550
1,1,1,608,550
1,1,1,607,550
1,1,1,584,550
1,1,1,590,550
1,1,1,609,550
1,1,1,586,550
1,1,0,722,550
1,1,0,864,550
1,1,0,845,550
1,1,0,836,550
1,1,1,761,550
1,1,1,554,550
1,1,1,580,550
1,1,1,564,550
1,1,1,584,550
1,1,1,591,550
1,1,1,594,550
1,1,1,558,550
1,1,1,594,550
1,1,1,562,550
1,1,1,576,550
1,1,1,578,550
1,1,1,563,550
1,1,1,589,550
1,1,1,565,550
1,1,1,563,550
1,1,1,571,550
1,1,1,581,550
1,1,1,576,550
1,1,1,580,550
1,1,1,599,550
1,1,1,551,550
1,1,1,564,550
1,1,1,575,550
1,1,1,580,550
1,1,1,580,550
1,1,1,562,550
1,1,1,545,550
1,1,1,545,550
1,1,1,561,550
1,1,1,569,550
1,1,1,577,550
1,1,1,581,550
1,1,1,564,550
1,1,1,554,550
1,1,1,547,550
1,1,1,548,550
1,1,1,567,550
1,1,1,581,550
1,1,1,578,550
1,1,1,578,550
1,1,1,551,550
1,1,1,528,550
1,1,1,560,550
1,1,1,529,550
1,1,0,676,550
1,1,0,860,550
1,1,0,847,550
1,1,0,825,550
1,1,0,826,550
1,1,0,824,550
1,1,0,825,550
1,1,0,820,550
1,1,0,828,550
1,1,0,819,550
1,1,1,818,550
1,1,1,522,550
1,1,1,561,550
1,1,0,688,550
1,1,0,857,550
1,1,0,835,550
1,1,0,831,550
1,1,1,772,550
1,1,1,541,550
1,1,1,521,550
1,1,1,555,550
1,1,1,567,550
1,1,1,542,550
1,1,1,553,550
1,1,1,568,550
1,1,1,532,550
1,1,1,547,550
1,1,1,612,550
1,1,1,520,550
1,1,1,533,550
1,1,1,546,550
1,1,1,552,550
1,1,1,515,550
1,1,0,681,550
1,1,0,861,550
1,1,0,842,550
1,1,0,835,550
1,1,1,823,550
1,1,1,539,550
1,1,1,551,550
1,1,1,536,550
1,1,1,524,550
1,1,1,558,550
1,1,1,528,550
1,1,1,541,550
1,1,1,553,550
1,1,1,559,550
1,1,1,527,550
1,1,1,503,550
1,1,1,549,550
1,1,1,529,550
1,1,1,524,550
1,1,1,511,550
1,1,0,691,550
1,1,0,863,550
1,1,0,845,550
1,1,0,836,550
1,1,1,832,550
1,1,1,521,550
1,1,1,499,550
1,1,1,551,550
1,1,1,518,550
1,1,1,545,550
1,1,1,546,550
1,1,1,504,550
1,1,1,551,550
1,1,1,528,550
1,1,1,542,550
1,1,1,516,550
1,1,1,543,550
1,1,1,542,550
1,1,1,525,550
1,1,1,494,550
1,1,0,686,550
1,1,0,867,550
1,1,0,842,550
1,1,0,836,550
1,1,1,835,550
1,1,1,523,550
1,1,1,522,550
1,1,1,509,550
1,1,1,493,550
1,1,1,544,550
1,1,1,537,550
1,1,1,542,550
1,1,1,538,550
1,1,1,519,550
1,1,1,557,550
1,1,1,524,550
1,1,1,508,550
1,1,1,487,550
1,1,1,494,550
1,1,1,531,550
1,1,0,668,550
1,1,0,862,550
1,1,0,844,550
1,1,0,836,550
1,1,1,814,550
1,1,1,497,550
1,1,1,496,550
1,1,1,482,550
1,1,1,504,550
1,1,1,536,550
1,1,1,534,550
1,1,1,527,550
1,1,1,515,550
1,1,1,495,550
1,1,1,531,550
1,1,1,514,550
1,1,1,472,550
1,1,1,526,550
1,1,1,513,550
1,1,1,487,550
1,1,0,652,550
1,1,0,867,550
1,1,0,842,550
1,1,0,834,550
1,1,1,835,550
1,1,1,463,550
1,1,1,504,550
1,1,1,521,550
1,1,1,481,550
1,1,1,487,550
1,1,1,524,550
1,1,1,486,550
1,1,1,514,550
1,1,1,523,550
1,1,1,485,550
1,1,1,532,550
1,1,1,505,550
1,1,1,481,550
1,1,1,528,550
1,1,1,515,550
1,1,0,672,550
1,1,0,872,550
1,1,0,844,550
1,1,0,839,550
1,1,1,825,550
1,1,1,504,550
1,1,1,477,550
1,1,1,509,550
1,1,1,521,550
1,1,1,501,550
1,1,1,512,550
1,1,1,525,550
1,1,1,485,550
1,1,1,513,550
1,1,1,523,550
1,1,1,486,550
1,1,1,532,550
1,1,1,505,550
1,1,1,487,550
1,1,1,523,550
1,1,0,680,550
1,1,0,874,550
1,1,0,843,550
1,1,0,836,550
1,1,1,835,550
1,1,1,481,550
1,1,1,520,550
1,1,1,491,550
1,1,1,505,550
1,1,1,530,550
1,1,1,495,550
1,1,1,501,550
1,1,1,527,550
1,1,1,494,550
1,1,1,480,550
1,1,1,527,550
1,1,1,493,550
1,1,1,499,550
1,1,1,525,550
1,1,1,506,550
1,1,0,664,550
1,1,0,866,550
1,1,0,844,550
1,1,0,837,550
1,1,1,762,550
1,1,1,482,550
1,1,1,484,550
1,1,1,528,550
1,1,1,496,550
1,1,1,479,550
1,1,1,530,550
1,1,1,500,550
1,1,1,490,550
1,1,1,533,550
1,1,1,513,550
1,1,1,490,550
1,1,1,533,550
1,1,1,500,550
1,1,1,496,550
1,1,1,531,550
1,1,0,662,550
1,1,0,861,550
1,1,0,843,550
1,1,0,836,550
1,1,1,836,550
1,1,1,514,550
1,1,1,476,550
1,1,1,529,550
1,1,1,504,550
1,1,1,481,550
1,1,1,523,550
1,1,1,479,550
1,1,1,525,550
1,1,1,520,550
1,1,1,495,550
1,1,1,523,550
1,1,1,523,550
1,1,1,479,550
1,1,1,526,550
1,1,1,527,550
1,1,0,679,550
1,1,0,874,550
1,1,0,844,550
1,1,0,837,550
1,1,1,834,550
1,1,1,509,550
1,1,1,486,550
1,1,1,501,550
1,1,1,526,550
1,1,1,494,550
1,1,1,532,550
1,1,1,514,550
1,1,1,477,550
1,1,1,531,550
1,1,1,524,550
1,1,1,478,550
1,1,1,531,550
1,1,1,513,550
1,1,1,480,550
1,1,1,526,550
1,1,0,679,550
1,1,0,876,550
1,1,0,846,550
1,1,0,838,550
1,1,1,834,550
1,1,1,470,550
1,1,1,525,550
1,1,1,499,550
1,1,1,496,550
1,1,1,529,550
1,1,1,501,550
1,1,1,490,550
1,1,1,531,550
1,1,1,501,550
1,1,1,490,550
1,1,1,520,550
1,1,1,475,550
1,1,1,532,550
1,1,1,517,550
1,1,1,489,550
1,1,0,656,550
1,1,0,867,550
1,1,0,844,550
1,1,0,839,550
1,1,1,838,550
1,1,1,466,550
1,1,1,508,550
1,1,1,525,550
1,1,1,483,550
1,1,1,490,550
1,1,1,527,550
1,1,1,489,550
1,1,1,516,550
1,1,1,527,550
1,1,1,489,550
1,1,1,535,550
1,1,1,508,550
1,1,1,486,550
1,1,1,535,550
1,1,1,519,550
1,1,0,672,550
1,1,0,868,550
1,1,0,846,550
1,1,0,840,550
1,1,1,835,550
1,1,1,510,550
1,1,1,486,550
1,1,1,501,550
1,1,1,530,550
1,1,1,510,550
1,1,1,504,550
1,1,1,531,550
1,1,1,496,550
1,1,1,504,550
1,1,1,533,550
1,1,1,496,550
1,1,1,505,550
1,1,1,528,550
1,1,1,491,550
1,1,1,505,550
1,1,0,660,550
1,1,0,865,550
1,1,0,845,550
1,1,0,840,550
1,1,1,837,550
1,1,1,469,550
1,1,1,489,550
1,1,0,674,550
1,1,0,871,550
1,1,0,847,550
1,1,0,827,550
1,1,0,835,550
1,1,0,827,550
1,1,0,826,550
1,1,0,822,550
1,1,0,824,550
1,1,0,821,550
1,1,1,827,550
1,1,1,511,550
1,1,1,485,550
1,1,0,660,550
1,1,0,865,550
1,1,0,844,550
1,1,0,837,550
1,1,1,819,550
1,1,1,503,550
1,1,1,474,550
1,1,1,523,550
1,1,1,520,550
1,1,1,482,550
1,1,1,534,550
1,1,1,503,550
1,1,1,494,550
1,1,1,531,550
1,1,1,515,550
1,1,1,491,550
1,1,1,536,550
1,1,1,501,550
1,1,1,496,550
1,1,1,529,550
1,1,0,683,550
1,1,0,872,550
1,1,0,847,550
1,1,0,840,550
1,1,1,837,550
1,1,1,513,550
1,1,1,508,550
1,1,1,475,550
1,1,1,533,550
1,1,1,527,550
1,1,1,481,550
1,1,1,534,550
1,1,1,515,550
1,1,1,479,550
1,1,1,515,550
1,1,1,514,550
1,1,1,480,550
1,1,1,533,550
1,1,1,511,550
1,1,1,479,550
1,1,0,664,550
1,1,0,868,550
1,1,0,846,550
1,1,0,838,550
1,1,1,839,550
1,1,1,475,550
1,1,1,526,550
1,1,1,500,550
1,1,1,498,550
1,1,1,533,550
1,1,1,504,550
1,1,1,494,550
1,1,1,534,550
1,1,1,503,550
1,1,1,478,550
1,1,1,536,550
1,1,1,503,550
1,1,1,493,550
1,1,1,534,550
1,1,1,516,550
1,1,0,671,550
1,1,0,876,550
1,1,0,847,550
1,1,0,841,550
1,1,1,777,550
1,1,1,493,550
1,1,1,479,550
1,1,1,533,550
1,1,1,505,550
1,1,1,478,550
1,1,1,535,550
1,1,1,510,550
1,1,1,487,550
1,1,1,535,550
1,1,1,522,550
1,1,1,486,550
1,1,1,535,550
1,1,1,509,550
1,1,1,489,550
1,1,1,525,550
1,1,0,657,550
1,1,0,863,550
1,1,0,845,550
1,1,0,838,550
1,1,1,838,550
1,1,1,518,550
1,1,1,514,550
1,1,1,528,550
1,1,1,484,550
1,1,1,517,550
1,1,1,509,550
1,1,1,489,550
1,1,1,536,550
1,1,1,510,550
1,1,1,476,550
1,1,1,534,550
1,1,1,510,550
1,1,1,486,550
1,1,1,533,550
1,1,1,523,550
1,1,0,677,550
1,1,0,869,550
1,1,0,846,550
1,1,0,840,550
1,1,1,821,550
1,1,1,506,550
1,1,1,476,550
1,1,1,526,550
1,1,1,523,550
1,1,1,484,550
1,1,1,537,550
1,1,1,504,550
1,1,1,494,550
1,1,1,536,550
1,1,1,520,550
1,1,1,494,550
1,1,1,534,550
1,1,1,503,550
1,1,1,500,550
1,1,1,532,550
1,1,0,683,550
1,1,0,870,550
1,1,0,849,550
1,1,0,842,550
1,1,1,838,550
1,1,1,514,550
1,1,1,515,550
1,1,1,474,550
1,1,1,534,550
1,1,1,531,550
1,1,1,477,550
1,1,1,535,550
1,1,1,522,550
1,1,1,477,550
1,1,1,533,550
1,1,1,500,550
1,1,1,507,550
1,1,1,535,550
1,1,1,493,550
1,1,1,484,550
1,1,0,658,550
1,1,0,875,550
1,1,0,848,550
1,1,0,839,550
1,1,1,839,550
1,1,1,462,550
1,1,1,523,550
1,1,1,524,550
1,1,1,476,550
1,1,1,505,550
1,1,1,527,550
1,1,1,483,550
1,1,1,531,550
1,1,1,526,550
1,1,1,485,550
1,1,1,535,550
1,1,1,503,550
1,1,1,495,550
1,1,1,536,550
1,1,1,517,550
1,1,0,673,550
1,1,0,875,550
1,1,0,849,550
1,1,0,843,550
1,1,1,829,550
1,1,1,512,550
1,1,1,483,550
1,1,1,516,550
1,1,1,529,550
1,1,1,506,550
1,1,1,519,550
1,1,1,531,550
1,1,1,491,550
1,1,1,519,550
1,1,1,530,550
1,1,1,486,550
1,1,1,538,550
1,1,1,512,550
1,1,1,491,550
1,1,1,529,550
1,1,0,657,550
1,1,0,867,550
1,1,0,848,550
1,1,0,841,550
1,1,1,841,550
1,1,1,519,550
1,1,1,503,550
1,1,1,534,550
1,1,1,497,550
1,1,1,486,550
1,1,1,535,550
1,1,1,500,550
1,1,1,507,550
1,1,1,533,550
1,1,1,514,550
1,1,1,508,550
1,1,1,535,550
1,1,1,498,550
1,1,1,511,550
1,1,1,535,550
1,1,0,687,550
1,1,0,871,550
1,1,0,850,550
1,1,0,841,550
1,1,1,817,550
1,1,1,514,550
1,1,1,484,550
1,1,1,518,550
1,1,1,530,550
1,1,1,507,550
1,1,1,520,550
1,1,1,534,550
1,1,1,492,550
1,1,1,520,550
1,1,1,537,550
1,1,1,491,550
1,1,1,520,550
1,1,1,531,550
1,1,1,488,550
1,1,1,493,550
1,1,0,667,550
1,1,0,873,550
1,1,0,851,550
1,1,0,840,550
1,1,1,837,550
1,1,1,515,550
1,1,1,521,550
1,1,1,481,550
1,1,1,533,550
1,1,1,537,550
1,1,1,486,550
1,1,1,530,550
1,1,1,529,550
1,1,1,486,550
1,1,1,503,550
1,1,1,528,550
1,1,1,483,550
1,1,1,531,550
1,1,1,526,550
1,1,1,502,550
1,1,0,661,550
1,1,0,871,550
1,1,0,851,550
1,1,0,842,550
1,1,1,841,550
1,1,1,461,550
1,1,1,529,550
1,1,1,523,550
1,1,1,480,550
1,1,1,517,550
1,1,1,525,550
1,1,1,481,550
1,1,1,536,550
1,1,1,525,550
1,1,1,495,550
1,1,1,536,550
1,1,1,524,550
1,1,1,478,550
1,1,1,539,550
1,1,1,533,550
1,1,0,683,550
1,1,0,873,550
1,1,0,849,550
1,1,0,842,550
1,1,1,811,550
1,1,1,512,550
1,1,1,478,550
1,1,1,530,550
1,1,1,526,550
1,1,1,502,550
1,1,1,532,550
1,1,1,529,550
1,1,1,482,550
1,1,1,533,550
1,1,1,537,550
1,1,1,484,550
1,1,1,531,550
1,1,1,529,550
1,1,1,482,550
1,1,1,504,550
1,1,0,654,550
1,1,0,868,550
1,1,0,845,550
1,1,0,841,550
1,1,1,842,550
1,1,1,490,550
1,1,1,481,550
1,1,0,672,550
1,1,0,867,550
1,1,0,850,550
1,1,0,832,550
1,1,0,833,550
1,1,0,823,550
1,1,0,831,550
1,1,0,827,550
1,1,0,825,550
1,1,0,820,550
1,1,0,831,550
1,1,0,821,550
1,1,1,822,550
1,1,0,649,550
1,1,0,856,550
1,1,0,839,550
1,1,0,835,550
1,1,1,834,550
1,1,1,518,550
1,1,1,498,550
1,1,1,496,550
1,1,1,537,550
1,1,1,520,550
1,1,1,498,550
1,1,1,538,550
1,1,1,506,550
1,1,1,496,550
1,1,1,537,550
1,1,1,507,550
1,1,1,498,550
1,1,1,539,550
1,1,1,501,550
1,1,1,496,550
1,1,0,677,550
1,1,0,869,550
1,1,0,850,550
1,1,0,841,550
1,1,1,840,550
1,1,1,478,550
1,1,1,531,550
1,1,1,503,550
1,1,1,502,550
1,1,1,537,550
1,1,1,507,550
1,1,1,499,550
1,1,1,539,550
1,1,1,507,550
1,1,1,484,550
1,1,1,540,550
1,1,1,507,550
1,1,1,497,550
1,1,1,538,550
1,1,1,520,550
1,1,0,676,550
1,1,0,871,550
1,1,0,850,550
1,1,0,842,550
1,1,1,841,550
1,1,1,476,550
1,1,1,514,550
1,1,1,533,550
1,1,1,491,550
1,1,1,494,550
1,1,1,535,550
1,1,1,493,550
1,1,1,522,550
1,1,1,534,550
1,1,1,510,550
1,1,1,522,550
1,1,1,534,550
1,1,1,492,550
1,1,1,529,550
1,1,1,538,550
1,1,0,687,550
1,1,0,873,550
1,1,0,851,550
1,1,0,843,550
1,1,1,817,550
1,1,1,517,550
1,1,1,487,550
1,1,1,520,550
1,1,1,533,550
1,1,1,510,550
1,1,1,523,550
1,1,1,537,550
1,1,1,494,550
1,1,1,523,550
1,1,1,541,550
1,1,1,495,550
1,1,1,522,550
1,1,1,535,550
1,1,1,490,550
1,1,1,495,550
1,1,0,657,550
1,1,0,868,550
1,1,0,846,550
1,1,0,844,550
1,1,1,840,550
1,1,1,491,550
1,1,1,483,550
1,1,1,534,550
1,1,1,530,550
1,1,1,503,550
1,1,1,535,550
1,1,1,532,550
1,1,1,485,550
1,1,1,535,550
1,1,1,538,550
1,1,1,488,550
1,1,1,533,550
1,1,1,530,550
1,1,1,481,550
1,1,1,505,550
1,1,0,674,550
1,1,0,873,550
1,1,0,851,550
1,1,0,843,550
1,1,1,839,550
1,1,1,522,550
1,1,1,520,550
1,1,1,477,550
1,1,1,539,550
1,1,1,538,550
1,1,1,481,550
1,1,1,539,550
1,1,1,526,550
1,1,1,482,550
1,1,1,517,550
1,1,1,527,550
1,1,1,483,550
1,1,1,538,550
1,1,1,525,550
1,1,1,496,550
1,1,0,659,550
1,1,0,873,550
1,1,0,848,550
1,1,0,841,550
1,1,1,841,550
1,1,1,469,550
1,1,1,528,550
1,1,1,528,550
1,1,1,482,550
1,1,1,507,550
1,1,1,531,550
1,1,1,488,550
1,1,1,536,550
1,1,1,531,550
1,1,1,503,550
1,1,1,534,550
1,1,1,531,550
1,1,1,486,550
1,1,1,537,550
1,1,1,539,550
1,1,0,687,550
1,1,0,875,550
1,1,0,850,550
1,1,0,843,550
1,1,1,816,550
1,1,1,518,550
1,1,1,489,550
1,1,1,521,550
1,1,1,533,550
1,1,1,511,550
1,1,1,525,550
1,1,1,536,550
1,1,1,495,550
1,1,1,524,550
1,1,1,543,550
1,1,1,493,550
1,1,1,524,550
1,1,1,537,550
1,1,1,489,550
1,1,1,494,550
1,1,0,669,550
1,1,0,874,550
1,1,0,850,550
1,1,0,842,550
1,1,1,842,550
1,1,1,493,550
1,1,1,533,550
1,1,1,501,550
1,1,1,518,550
1,1,1,544,550
1,1,1,501,550
1,1,1,514,550
1,1,1,541,550
1,1,1,503,550
1,1,1,487,550
1,1,1,540,550
1,1,1,503,550
1,1,1,513,550
1,1,1,538,550
1,1,1,517,550
1,1,0,687,550
1,1,0,870,550
1,1,0,848,550
1,1,0,842,550
1,1,1,842,550
1,1,1,486,550
1,1,1,527,550
1,1,1,486,550
1,1,1,538,550
1,1,1,542,550
1,1,1,487,550
1,1,1,536,550
1,1,1,534,550
1,1,1,489,550
1,1,1,505,550
1,1,1,534,550
1,1,1,489,550
1,1,1,535,550
1,1,1,531,550
1,1,1,505,550
1,1,0,664,550
1,1,0,874,550
1,1,0,852,550
1,1,0,844,550
1,1,1,842,550
1,1,1,471,550
1,1,1,529,550
1,1,1,530,550
1,1,1,484,550
1,1,1,508,550
1,1,1,534,550
1,1,1,489,550
1,1,1,536,550
1,1,1,533,550
1,1,1,506,550
1,1,1,536,550
1,1,1,532,550
1,1,1,489,550
1,1,1,539,550
1,1,1,540,550
1,1,0,688,550
1,1,0,873,550
1,1,0,852,550
1,1,0,843,550
1,1,1,812,550
1,1,1,517,550
1,1,1,482,550
1,1,1,535,550
1,1,1,530,550
1,1,1,507,550
1,1,1,538,550
1,1,1,533,550
1,1,1,486,550
1,1,1,537,550
1,1,1,542,550
1,1,1,489,550
1,1,1,537,550
1,1,1,534,550
1,1,1,483,550
1,1,1,507,550
1,1,0,676,550
1,1,0,874,550
1,1,0,852,550
1,1,0,843,550
1,1,1,843,550
1,1,1,507,550
1,1,1,532,550
1,1,1,493,550
1,1,1,533,550
1,1,1,544,550
1,1,1,496,550
1,1,1,527,550
1,1,1,537,550
1,1,1,494,550
1,1,1,498,550
1,1,1,537,550
1,1,1,495,550
1,1,1,525,550
1,1,1,537,550
1,1,1,512,550
1,1,0,669,550
1,1,0,875,550
1,1,0,851,550
1,1,0,845,550
1,1,1,841,550
1,1,1,485,550
1,1,1,509,550
1,1,1,538,550
1,1,1,500,550
1,1,1,491,550
1,1,1,541,550
1,1,1,502,550
1,1,1,514,550
1,1,1,540,550
1,1,1,519,550
1,1,1,513,550
1,1,1,541,550
1,1,1,504,550
1,1,1,525,550
1,1,1,545,550
1,1,0,678,550
1,1,0,870,550
1,1,0,849,550
1,1,0,842,550
1,1,1,830,550
1,1,1,527,550
1,1,1,510,550
1,1,0,651,550
1,1,0,868,550
1,1,0,848,550
1,1,0,833,550
1,1,0,835,550
1,1,0,830,550
1,1,0,834,550
1,1,0,822,550
1,1,0,826,550
1,1,0,826,550
1,1,0,828,550
1,1,0,819,550
1,1,1,826,550
1,1,0,636,550
1,1,0,848,550
1,1,0,840,550
1,1,0,836,550
1,1,1,838,550
1,1,1,493,550
1,1,1,495,550
1,1,1,539,550
1,1,1,506,550
1,1,1,486,550
1,1,1,543,550
1,1,1,509,550
1,1,1,503,550
1,1,1,542,550
1,1,1,511,550
1,1,1,543,550
1,1,1,529,550
1,1,1,482,550
1,1,1,542,550
1,1,1,537,550
1,1,0,685,550
1,1,0,875,550
1,1,0,851,550
1,1,0,843,550
1,1,1,840,550
1,1,1,524,550
1,1,1,512,550
1,1,1,492,550
1,1,1,544,550
1,1,1,531,550
1,1,1,496,550
1,1,1,546,550
1,1,1,517,550
1,1,1,497,550
1,1,1,537,550
1,1,1,517,550
1,1,1,493,550
1,1,1,543,550
1,1,1,513,550
1,1,1,493,550
1,1,0,676,550
1,1,0,874,550
1,1,0,851,550
1,1,0,842,550
1,1,1,843,550
1,1,1,482,550
1,1,1,536,550
1,1,1,510,550
1,1,1,506,550
1,1,1,543,550
1,1,1,511,550
1,1,1,502,550
1,1,1,544,550
1,1,1,513,550
1,1,1,489,550
1,1,1,543,550
1,1,1,510,550
1,1,1,502,550
1,1,1,544,550
1,1,1,512,550
1,1,0,658,550
1,1,0,876,550
1,1,0,849,550
1,1,0,846,550
1,1,1,784,550
1,1,1,498,550
1,1,1,487,550
1,1,1,544,550
1,1,1,515,550
1,1,1,484,550
1,1,1,545,550
1,1,1,518,550
1,1,1,497,550
1,1,1,546,550
1,1,1,532,550
1,1,1,496,550
1,1,1,545,550
1,1,1,518,550
1,1,1,498,550
1,1,1,544,550
1,1,0,664,550
1,1,0,869,550
1,1,0,849,550
1,1,0,842,550
1,1,1,845,550
1,1,1,525,550
1,1,1,491,550
1,1,1,545,550
1,1,1,514,550
1,1,1,484,550
1,1,1,546,550
1,1,1,521,550
1,1,1,494,550
1,1,1,546,550
1,1,1,532,550
1,1,1,496,550
1,1,1,546,550
1,1,1,518,550
1,1,1,498,550
1,1,1,547,550
1,1,0,690,550
1,1,0,876,550
1,1,0,852,550
1,1,0,844,550
1,1,1,845,550
1,1,1,527,550
1,1,1,517,550
1,1,1,487,550
1,1,1,547,550
1,1,1,537,550
1,1,1,488,550
1,1,1,547,550
1,1,1,525,550
1,1,1,490,550
1,1,1,539,550
1,1,1,525,550
1,1,1,489,550
1,1,1,545,550
1,1,1,523,550
1,1,1,487,550
1,1,0,673,550
1,1,0,873,550
1,1,0,853,550
1,1,0,844,550
1,1,1,845,550
1,1,1,466,550
1,1,1,536,550
1,1,1,528,550
1,1,1,488,550
1,1,1,522,550
1,1,1,533,550
1,1,1,486,550
1,1,1,545,550
1,1,1,531,550
1,1,1,501,550
1,1,1,544,550
1,1,1,531,550
1,1,1,486,550
1,1,1,545,550
1,1,1,533,550
1,1,0,675,550
1,1,0,874,550
1,1,0,852,550
1,1,0,844,550
1,1,1,830,550
1,1,1,516,550
1,1,1,482,550
1,1,1,537,550
1,1,1,533,550
1,1,1,507,550
1,1,1,541,550
1,1,1,537,550
1,1,1,492,550
1,1,1,540,550
1,1,1,544,550
1,1,1,490,550
1,1,1,540,550
1,1,1,536,550
1,1,1,487,550
1,1,1,539,550
1,1,0,691,550
1,1,0,875,550
1,1,0,852,550
1,1,0,845,550
1,1,1,843,550
1,1,1,509,550
1,1,1,532,550
1,1,1,497,550
1,1,1,536,550
1,1,1,547,550
1,1,1,501,550
1,1,1,529,550
1,1,1,541,550
1,1,1,500,550
1,1,1,503,550
1,1,1,539,550
1,1,1,497,550
1,1,1,530,550
1,1,1,538,550
1,1,1,497,550
1,1,0,690,550
1,1,0,868,550
1,1,0,851,550
1,1,0,844,550
1,1,1,822,550
1,1,1,497,550
1,1,1,538,550
1,1,1,498,550
1,1,1,538,550
1,1,1,547,550
1,1,1,498,550
1,1,1,531,550
1,1,1,542,550
1,1,1,500,550
1,1,1,500,550
1,1,1,541,550
1,1,1,499,550
1,1,1,530,550
1,1,1,538,550
1,1,1,498,550
1,1,0,650,550
1,1,0,875,550
1,1,0,851,550
1,1,0,843,550
1,1,1,840,550
1,1,1,487,550
1,1,1,509,550
1,1,1,543,550
1,1,1,505,550
1,1,1,493,550
1,1,1,546,550
1,1,1,506,550
1,1,1,516,550
1,1,1,546,550
1,1,1,524,550
1,1,1,516,550
1,1,1,547,550
1,1,1,506,550
1,1,1,521,550
1,1,1,545,550
1,1,0,688,550
1,1,0,874,550
1,1,0,853,550
1,1,0,845,550
1,1,1,823,550
1,1,1,518,550
1,1,1,484,550
1,1,1,540,550
1,1,1,534,550
1,1,1,509,550
1,1,1,541,550
1,1,1,539,550
1,1,1,491,550
1,1,1,542,550
1,1,1,548,550
1,1,1,490,550
1,1,1,541,550
1,1,1,537,550
1,1,1,487,550
1,1,1,541,550
1,1,0,693,550
1,1,0,874,550
1,1,0,851,550
1,1,0,845,550
1,1,1,841,550
1,1,1,530,550
1,1,1,519,550
1,1,1,486,550
1,1,1,549,550
1,1,1,538,550
1,1,1,490,550
1,1,1,547,550
1,1,1,527,550
1,1,1,490,550
1,1,1,540,550
1,1,1,526,550
1,1,1,489,550
1,1,1,547,550
1,1,1,524,550
1,1,1,488,550
1,1,0,671,550
1,1,0,874,550
1,1,0,851,550
1,1,0,847,550
1,1,1,841,550
1,1,1,471,550
1,1,1,543,550
1,1,1,527,550
1,1,1,493,550
1,1,1,540,550
1,1,1,526,550
1,1,1,492,550
1,1,1,550,550
1,1,1,528,550
1,1,1,492,550
1,1,1,548,550
1,1,1,527,550
1,1,1,489,550
1,1,1,548,550
1,1,1,528,550
1,1,0,691,550
1,1,0,870,550
1,1,0,850,550
1,1,0,846,550
1,1,1,841,550
1,1,1,525,550
1,1,1,544,550
1,1,0,677,550
1,1,0,869,550
1,1,0,849,550
1,1,0,833,550
1,1,0,836,550
1,1,0,826,550
1,1,0,831,550
1,1,0,829,550
1,1,0,827,550
1,1,0,820,550
1,1,0,826,550
1,1,0,823,550
1,1,1,823,550
1,1,0,619,550
1,1,0,853,550
1,1,0,842,550
1,1,0,837,550
1,1,1,838,550
1,1,1,472,550
1,1,1,535,550
1,1,1,536,550
1,1,1,487,550
1,1,1,540,550
1,1,1,515,550
1,1,1,506,550
1,1,1,547,550
1,1,1,515,550
1,1,1,488,550
1,1,1,550,550
1,1,1,514,550
1,1,1,505,550
1,1,1,545,550
1,1,1,528,550
1,1,0,679,550
1,1,0,871,550
1,1,0,850,550
1,1,0,841,550
1,1,1,817,550
1,1,1,517,550
1,1,1,480,550
1,1,1,544,550
1,1,1,530,550
1,1,1,486,550
1,1,1,547,550
1,1,1,510,550
1,1,1,518,550
1,1,1,547,550
1,1,1,524,550
1,1,1,519,550
1,1,1,546,550
1,1,1,510,550
1,1,1,524,550
1,1,1,547,550
1,1,0,696,550
1,1,0,873,550
1,1,0,850,550
1,1,0,844,550
1,1,1,843,550
1,1,1,529,550
1,1,1,500,550
1,1,1,515,550
1,1,1,544,550
1,1,1,508,550
1,1,1,549,550
1,1,1,528,550
1,1,1,490,550
1,1,1,551,550
1,1,1,542,550
1,1,1,491,550
1,1,1,549,550
1,1,1,528,550
1,1,1,491,550
1,1,1,540,550
1,1,0,689,550
1,1,0,875,550
1,1,0,855,550
1,1,0,843,550
1,1,1,842,550
1,1,1,498,550
1,1,1,540,550
1,1,1,508,550
1,1,1,523,550
1,1,1,548,550
1,1,1,492,550
1,1,1,551,550
1,1,1,531,550
1,1,1,494,550
1,1,1,539,550
1,1,1,528,550
1,1,1,492,550
1,1,1,549,550
1,1,1,525,550
1,1,1,497,550
1,1,0,681,550
1,1,0,867,550
1,1,0,851,550
1,1,0,844,550
1,1,1,840,550
1,1,1,480,550
1,1,1,503,550
1,1,1,518,550
1,1,1,545,550
1,1,1,511,550
1,1,1,551,550
1,1,1,529,550
1,1,1,493,550
1,1,1,550,550
1,1,1,543,550
1,1,1,492,550
1,1,1,549,550
1,1,1,529,550
1,1,1,497,550
1,1,1,540,550
1,1,0,692,550
1,1,0,874,550
1,1,0,851,550
1,1,0,845,550
1,1,1,844,550
1,1,1,526,550
1,1,1,534,550
1,1,1,490,550
1,1,1,545,550
1,1,1,540,550
1,1,1,507,550
1,1,1,551,550
1,1,1,517,550
1,1,1,509,550
1,1,1,548,550
1,1,1,517,550
1,1,1,506,550
1,1,1,550,550
1,1,1,512,550
1,1,1,490,550
1,1,0,651,550
1,1,0,878,550
1,1,0,851,550
1,1,0,843,550
1,1,1,842,550
1,1,1,481,550
1,1,1,527,550
1,1,1,544,550
1,1,1,497,550
1,1,1,529,550
1,1,1,525,550
1,1,1,499,550
1,1,1,552,550
1,1,1,523,550
1,1,1,490,550
1,1,1,551,550
1,1,1,524,550
1,1,1,501,550
1,1,1,551,550
1,1,1,536,550
1,1,0,686,550
1,1,0,874,550
1,1,0,851,550
1,1,0,844,550
1,1,1,841,550
1,1,1,528,550
1,1,1,501,550
1,1,1,515,550
1,1,1,546,550
1,1,1,508,550
1,1,1,552,550
1,1,1,530,550
1,1,1,493,550
1,1,1,551,550
1,1,1,542,550
1,1,1,491,550
1,1,1,552,550
1,1,1,530,550
1,1,1,496,550
1,1,1,541,550
1,1,0,693,550
1,1,0,874,550
1,1,0,855,550
1,1,0,845,550
1,1,1,847,550
1,1,1,487,550
1,1,1,544,550
1,1,1,514,550
1,1,1,512,550
1,1,1,552,550
1,1,1,488,550
1,1,1,549,550
1,1,1,537,550
1,1,1,487,550
1,1,1,527,550
1,1,1,536,550
1,1,1,490,550
1,1,1,550,550
1,1,1,533,550
1,1,1,506,550
1,1,0,686,550
1,1,0,870,550
1,1,0,850,550
1,1,0,846,550
1,1,1,800,550
1,1,1,485,550
1,1,1,536,550
1,1,1,493,550
1,1,1,549,550
1,1,1,542,550
1,1,1,510,550
1,1,1,552,550
1,1,1,519,550
1,1,1,510,550
1,1,1,551,550
1,1,1,519,550
1,1,1,509,550
1,1,1,551,550
1,1,1,513,550
1,1,1,493,550
1,1,0,646,550
1,1,0,874,550
1,1,0,852,550
1,1,0,844,550
1,1,1,848,550
1,1,1,483,550
1,1,1,546,550
1,1,1,525,550
1,1,1,504,550
1,1,1,553,550
1,1,1,495,550
1,1,1,545,550
1,1,1,541,550
1,1,1,495,550
1,1,1,517,550
1,1,1,542,550
1,1,1,494,550
1,1,1,545,550
1,1,1,539,550
1,1,1,511,550
1,1,0,669,550
1,1,0,877,550
1,1,0,852,550
1,1,0,846,550
1,1,1,843,550
1,1,1,491,550
1,1,1,513,550
1,1,1,547,550
1,1,1,506,550
1,1,1,521,550
1,1,1,530,550
1,1,1,494,550
1,1,1,553,550
1,1,1,533,550
1,1,1,500,550
1,1,1,553,550
1,1,1,531,550
1,1,1,495,550
1,1,1,553,550
1,1,1,543,550
1,1,0,692,550
1,1,0,876,550
1,1,0,855,550
1,1,0,844,550
1,1,1,835,550
1,1,1,527,550
1,1,1,495,550
1,1,1,532,550
1,1,1,544,550
1,1,1,504,550
1,1,1,554,550
1,1,1,525,550
1,1,1,502,550
1,1,1,553,550
1,1,1,540,550
1,1,1,500,550
1,1,1,554,550
1,1,1,524,550
1,1,1,505,550
1,1,1,549,550
1,1,0,692,550
1,1,0,874,550
1,1,0,850,550
1,1,0,844,550
1,1,1,841,550
1,1,1,503,550
1,1,1,543,550
1,1,1,507,550
1,1,1,527,550
1,1,1,552,550
1,1,1,494,550
1,1,1,552,550
1,1,1,532,550
1,1,1,493,550
1,1,1,544,550
1,1,1,531,550
1,1,1,496,550
1,1,1,553,550
1,1,1,528,550
1,1,1,498,550
1,1,0,682,550
1,1,0,869,550
1,1,0,852,550
1,1,0,846,550
1,1,1,848,550
1,1,1,472,550
1,1,1,520,550
1,1,0,691,550
1,1,0,870,550
1,1,0,850,550
1,1,0,835,550
1,1,0,835,550
1,1,0,828,550
1,1,0,833,550
1,1,0,822,550
1,1,0,829,550
1,1,0,822,550
1,1,0,828,550
1,1,0,822,550
1,1,1,823,550
1,1,0,663,550
1,1,0,851,550
1,1,0,841,550
1,1,0,837,550
1,1,1,838,550
1,1,1,533,550
1,1,1,513,550
1,1,1,505,550
1,1,1,552,550
1,1,1,533,550
1,1,1,508,550
1,1,1,552,550
1,1,1,518,550
1,1,1,508,550
1,1,1,553,550
1,1,1,518,550
1,1,1,508,550
1,1,1,550,550
1,1,1,514,550
1,1,1,509,550
1,1,0,687,550
1,1,0,873,550
1,1,0,851,550
1,1,0,845,550
1,1,1,845,550
1,1,1,489,550
1,1,1,545,550
1,1,1,515,550
1,1,1,514,550
1,1,1,554,550
1,1,1,521,550
1,1,1,509,550
1,1,1,555,550
1,1,1,518,550
1,1,1,493,550
1,1,1,553,550
1,1,1,519,550
1,1,1,509,550
1,1,1,552,550
1,1,1,518,550
1,1,0,668,550
1,1,0,875,550
1,1,0,852,550
1,1,0,845,550
1,1,1,784,550
1,1,1,510,550
1,1,1,494,550
1,1,1,552,550
1,1,1,521,550
1,1,1,491,550
1,1,1,554,550
1,1,1,528,550
1,1,1,501,550
1,1,1,554,550
1,1,1,541,550
1,1,1,499,550
1,1,1,555,550
1,1,1,526,550
1,1,1,506,550
1,1,1,554,550
1,1,0,695,550
1,1,0,875,550
1,1,0,852,550
1,1,0,845,550
1,1,1,843,550
1,1,1,535,550
1,1,1,524,550
1,1,1,493,550
1,1,1,556,550
1,1,1,545,550
1,1,1,495,550
1,1,1,556,550
1,1,1,532,550
1,1,1,494,550
1,1,1,545,550
1,1,1,534,550
1,1,1,493,550
1,1,1,555,550
1,1,1,529,550
1,1,1,497,550
1,1,0,684,550
1,1,0,869,550
1,1,0,851,550
1,1,0,847,550
1,1,1,842,550
1,1,1,474,550
1,1,1,530,550
1,1,1,495,550
1,1,1,556,550
1,1,1,546,550
1,1,1,495,550
1,1,1,555,550
1,1,1,533,550
1,1,1,494,550
1,1,1,545,550
1,1,1,533,550
1,1,1,497,550
1,1,1,555,550
1,1,1,530,550
1,1,1,497,550
1,1,0,678,550
1,1,0,875,550
1,1,0,850,550
1,1,0,844,550
1,1,1,849,550
1,1,1,471,550
1,1,1,545,550
1,1,1,536,550
1,1,1,492,550
1,1,1,532,550
1,1,1,541,550
1,1,1,492,550
1,1,1,553,550
1,1,1,540,550
1,1,1,506,550
1,1,1,552,550
1,1,1,540,550
1,1,1,489,550
1,1,1,554,550
1,1,1,538,550
1,1,0,679,550
1,1,0,877,550
1,1,0,855,550
1,1,0,846,550
1,1,1,829,550
1,1,1,528,550
1,1,1,489,550
1,1,1,545,550
1,1,1,541,550
1,1,1,518,550
1,1,1,550,550
1,1,1,545,550
1,1,1,495,550
1,1,1,549,550
1,1,1,553,550
1,1,1,495,550
1,1,1,548,550
1,1,1,544,550
1,1,1,494,550
1,1,1,547,550
1,1,0,696,550
1,1,0,875,550
1,1,0,854,550
1,1,0,847,550
1,1,1,849,550
1,1,1,516,550
1,1,1,543,550
1,1,1,503,550
1,1,1,544,550
1,1,1,555,550
1,1,1,508,550
1,1,1,539,550
1,1,1,550,550
1,1,1,504,550
1,1,1,507,550
1,1,1,550,550
1,1,1,505,550
1,1,1,537,550
1,1,1,546,550
1,1,1,504,550
1,1,0,656,550
1,1,0,876,550
1,1,0,853,550
1,1,0,848,550
1,1,1,845,550
1,1,1,493,550
1,1,1,519,550
1,1,1,550,550
1,1,1,508,550
1,1,1,499,550
1,1,1,553,550
1,1,1,515,550
1,1,1,524,550
1,1,1,553,550
1,1,1,531,550
1,1,1,524,550
1,1,1,553,550
1,1,1,511,550
1,1,1,530,550
1,1,1,553,550
1,1,0,684,550
1,1,0,869,550
1,1,0,849,550
1,1,0,843,550
1,1,1,841,550
1,1,1,541,550
1,1,1,519,550
1,1,1,552,550
1,1,1,507,550
1,1,1,500,550
1,1,1,553,550
1,1,1,513,550
1,1,1,524,550
1,1,1,554,550
1,1,1,530,550
1,1,1,525,550
1,1,1,554,550
1,1,1,512,550
1,1,1,531,550
1,1,1,553,550
1,1,0,694,550
1,1,0,873,550
1,1,0,855,550
1,1,0,848,550
1,1,1,843,550
1,1,1,537,550
1,1,1,513,550
1,1,1,510,550
1,1,1,554,550
1,1,1,539,550
1,1,1,514,550
1,1,1,557,550
1,1,1,520,550
1,1,1,514,550
1,1,1,556,550
1,1,1,521,550
1,1,1,512,550
1,1,1,556,550
1,1,1,516,550
1,1,1,511,550
1,1,0,689,550
1,1,0,876,550
1,1,0,853,550
1,1,0,848,550
1,1,1,845,550
1,1,1,484,550
1,1,1,551,550
1,1,1,525,550
1,1,1,507,550
1,1,1,554,550
1,1,1,529,550
1,1,1,504,550
1,1,1,557,550
1,1,1,529,550
1,1,1,493,550
1,1,1,557,550
1,1,1,530,550
1,1,1,505,550
1,1,1,555,550
1,1,1,529,550
1,1,0,673,550
1,1,0,878,550
1,1,0,854,550
1,1,0,845,550
1,1,1,842,550
1,1,1,503,550
1,1,1,504,550
1,1,1,554,550
1,1,1,515,550
1,1,1,497,550
1,1,1,557,550
1,1,1,521,550
1,1,1,511,550
1,1,1,558,550
1,1,1,539,550
1,1,1,512,550
1,1,1,555,550
1,1,1,521,550
1,1,1,517,550
1,1,1,556,550
1,1,0,697,550
1,1,0,879,550
1,1,0,853,550
1,1,0,843,550
1,1,1,842,550
1,1,1,541,550
1,1,1,524,550
1,1,1,503,550
1,1,1,558,550
1,1,1,546,550
1,1,1,505,550
1,1,1,559,550
1,1,1,531,550
1,1,1,504,550
1,1,1,554,550
1,1,1,528,550
1,1,1,506,550
1,1,1,558,550
1,1,1,524,550
1,1,1,501,550
1,1,0,683,550
1,1,0,871,550
1,1,0,852,550
1,1,0,845,550
1,1,1,850,550
1,1,1,476,550
1,1,1,526,550
1,1,0,695,550
1,1,0,868,550
1,1,0,853,550
1,1,0,835,550
1,1,0,838,550
1,1,0,829,550
1,1,0,832,550
1,1,0,830,550
1,1,0,828,550
1,1,0,823,550
1,1,0,827,550
1,1,0,824,550
1,1,1,823,550
1,1,0,665,550
1,1,0,852,550
1,1,0,841,550
1,1,0,841,550
1,1,1,841,550
1,1,1,536,550
1,1,1,534,550
1,1,1,489,550
1,1,1,555,550
1,1,1,542,550
1,1,1,524,550
1,1,1,555,550
1,1,1,514,550
1,1,1,524,550
1,1,1,559,550
1,1,1,513,550
1,1,1,524,550
1,1,1,557,550
1,1,1,509,550
1,1,1,500,550
1,1,0,666,550
1,1,0,873,550
1,1,0,850,550
1,1,0,845,550
1,1,1,841,550
1,1,1,478,550
1,1,1,551,550
1,1,1,533,550
1,1,1,500,550
1,1,1,557,550
1,1,1,508,550
1,1,1,538,550
1,1,1,551,550
1,1,1,506,550
1,1,1,510,550
1,1,1,552,550
1,1,1,505,550
1,1,1,540,550
1,1,1,548,550
1,1,1,525,550
1,1,0,678,550
1,1,0,877,550
1,1,0,852,550
1,1,0,847,550
1,1,1,817,550
1,1,1,526,550
1,1,1,488,550
1,1,1,555,550
1,1,1,538,550
1,1,1,492,550
1,1,1,557,550
1,1,1,514,550
1,1,1,525,550
1,1,1,556,550
1,1,1,532,550
1,1,1,526,550
1,1,1,556,550
1,1,1,515,550
1,1,1,532,550
1,1,1,559,550
1,1,0,701,550
1,1,0,876,550
1,1,0,853,550
1,1,0,848,550
1,1,1,846,550
1,1,1,531,550
1,1,1,541,550
1,1,1,498,550
1,1,1,554,550
1,1,1,549,550
1,1,1,515,550
1,1,1,558,550
1,1,1,523,550
1,1,1,515,550
1,1,1,558,550
1,1,1,524,550
1,1,1,512,550
1,1,1,559,550
1,1,1,518,550
1,1,1,498,550
1,1,0,677,550
1,1,0,868,550
1,1,0,850,550
1,1,0,846,550
1,1,1,844,550
1,1,1,481,550
1,1,1,517,550
1,1,1,513,550
1,1,1,557,550
1,1,1,523,550
1,1,1,557,550
1,1,1,543,550
1,1,1,494,550
1,1,1,557,550
1,1,1,552,550
1,1,1,492,550
1,1,1,557,550
1,1,1,542,550
1,1,1,495,550
1,1,1,534,550
1,1,0,692,550
1,1,0,877,550
1,1,0,853,550
1,1,0,849,550
1,1,1,850,550
1,1,1,493,550
1,1,1,553,550
1,1,1,523,550
1,1,1,519,550
1,1,1,558,550
1,1,1,495,550
1,1,1,558,550
1,1,1,545,550
1,1,1,496,550
1,1,1,535,550
1,1,1,544,550
1,1,1,496,550
1,1,1,557,550
1,1,1,540,550
1,1,1,511,550
1,1,0,669,550
1,1,0,876,550
1,1,0,852,550
1,1,0,849,550
1,1,1,787,550
1,1,1,513,550
1,1,1,497,550
1,1,1,558,550
1,1,1,525,550
1,1,1,506,550
1,1,1,549,550
1,1,1,500,550
1,1,1,554,550
1,1,1,549,550
1,1,1,519,550
1,1,1,554,550
1,1,1,550,550
1,1,1,498,550
1,1,1,555,550
1,1,1,558,550
1,1,0,700,550
1,1,0,877,550
1,1,0,854,550
1,1,0,848,550
1,1,1,849,550
1,1,1,541,550
1,1,1,530,550
1,1,1,498,550
1,1,1,560,550
1,1,1,538,550
1,1,1,540,550
1,1,1,553,550
1,1,1,509,550
1,1,1,541,550
1,1,1,561,550
1,1,1,508,550
1,1,1,542,550
1,1,1,554,550
1,1,1,503,550
1,1,1,510,550
1,1,0,677,550
1,1,0,878,550
1,1,0,853,550
1,1,0,849,550
1,1,1,842,550
1,1,1,476,550
1,1,1,551,550
1,1,1,543,550
1,1,1,496,550
1,1,1,559,550
1,1,1,515,550
1,1,1,529,550
1,1,1,558,550
1,1,1,516,550
1,1,1,504,550
1,1,1,558,550
1,1,1,515,550
1,1,1,529,550
1,1,1,556,550
1,1,1,534,550
1,1,0,700,550
1,1,0,871,550
1,1,0,851,550
1,1,0,845,550
1,1,1,833,550
1,1,1,514,550
1,1,1,553,550
1,1,1,514,550
1,1,1,534,550
1,1,1,559,550
1,1,1,500,550
1,1,1,559,550
1,1,1,538,550
1,1,1,500,550
1,1,1,550,550
1,1,1,539,550
1,1,1,502,550
1,1,1,560,550
1,1,1,535,550
1,1,1,503,550
1,1,0,662,550
1,1,0,876,550
1,1,0,852,550
1,1,0,846,550
1,1,1,842,550
1,1,1,505,550
1,1,1,510,550
1,1,1,558,550
1,1,1,522,550
1,1,1,521,550
1,1,1,546,550
1,1,1,496,550
1,1,1,557,550
1,1,1,545,550
1,1,1,510,550
1,1,1,559,550
1,1,1,545,550
1,1,1,494,550
1,1,1,561,550
1,1,1,556,550
1,1,0,697,550
1,1,0,875,550
1,1,0,853,550
1,1,0,845,550
1,1,1,842,550
1,1,1,542,550
1,1,1,523,550
1,1,1,504,550
1,1,1,561,550
1,1,1,532,550
1,1,1,556,550
1,1,1,551,550
1,1,1,503,550
1,1,1,555,550
1,1,1,560,550
1,1,1,498,550
1,1,1,554,550
1,1,1,550,550
1,1,1,494,550
1,1,0,689,550
1,1,0,877,550
1,1,0,855,550
1,1,0,850,550
1,1,0,842,550
1,1,1,827,550
1,1,1,766,550
1,1,1,770,550
1,1,1,776,550
1,1,1,770,550
1,1,1,776,550
1,1,1,780,550
1,1,1,772,550
1,1,1,772,550
1,1,1,779,550
1,1,1,774,550
1,1,1,731,550
1,1,1,732,550
1,1,1,733,550
1,1,1,732,550
1,1,1,729,550
1,1,0,785,550
1,1,0,864,550
1,1,0,848,550
1,1,0,848,550
1,1,1,839,550
1,1,1,725,550
1,1,1,730,550
1,1,1,733,550
1,1,1,735,550
1,1,1,732,550
1,1,1,732,550
1,1,1,741,550
1,1,1,733,550
1,1,1,730,550
1,1,0,785,550
1,1,0,860,550
1,1,0,852,550
1,1,0,849,550
1,1,0,848,550
1,1,0,849,550
1,1,0,849,550
1,1,0,847,550
1,1,0,848,550
1,1,0,848,550
1,1,1,841,550
1,1,1,721,550
1,1,1,731,550
1,1,0,789,550
1,1,0,850,550
1,1,0,847,550
1,1,0,836,550
1,1,0,838,550
1,1,0,828,550
1,1,0,834,550
1,1,0,829,550
1,1,0,832,550
1,1,0,822,550
1,1,0,830,550
1,1,0,828,550
1,1,0,827,550
1,1,0,822,550
1,1,0,832,550
1,1,0,822,550
1,1,0,831,550
1,1,0,834,550
1,1,0,837,550
1,1,0,839,550
1,1,0,840,550
1,1,0,841,550
1,1,1,831,550
1,1,1,766,550
1,1,1,772,550
1,1,1,777,550
1,1,1,776,550
1,1,0,813,550
1,1,0,856,550
1,1,0,849,550
1,1,0,848,550
1,1,0,848,550
1,1,0,848,550
1,1,0,849,550
1,1,0,848,550
1,1,0,846,550
1,1,0,848,550
1,1,1,848,550
1,1,1,764,550
1,1,1,767,550
1,1,1,781,550
1,1,1,769,550
1,1,0,817,550
1,1,0,854,550
1,1,0,850,550
1,1,0,850,550
1,1,0,848,550
1,1,0,849,550
1,1,0,848,550
1,1,0,849,550
1,1,0,850,550
1,1,0,847,550
1,1,0,851,550
1,1,0,850,550
1,1,0,847,550
1,1,0,849,550
1,1,0,847,550
1,1,0,848,550
1,1,0,847,550
1,1,0,846,550
1,1,0,850,550
1,1,0,848,550
1,1,0,851,550
1,1,0,850,550
1,1,0,851,550
1,1,0,849,550
1,1,0,851,550
1,1,1,811,550
1,1,1,774,550
1,1,1,769,550
1,1,1,779,550
1,1,1,778,550
1,1,0,813,550
1,1,0,857,550
1,1,0,850,550
1,1,0,847,550
1,1,0,849,550
1,1,0,846,550
1,1,0,847,550
1,1,0,849,550
1,1,0,847,550
1,1,0,849,550
1,1,1,802,550
1,1,1,730,550
1,1,1,733,550
1,1,1,735,550
1,1,1,736,550
1,1,0,792,550
1,1,0,862,550
1,1,0,852,550
1,1,0,848,550
1,1,0,849,550
1,1,0,851,550
1,1,0,848,550
1,1,0,849,550
1,1,0,847,550
1,1,0,848,550
1,1,0,847,550
1,1,0,847,550
1,1,0,849,550
1,1,0,849,550
1,1,0,848,550
1,1,0,850,550
1,1,0,847,550
1,1,0,852,550
1,1,0,848,550
1,1,0,851,550
1,1,0,852,550
1,1,0,852,550
1,1,0,852,550
1,1,0,850,550
1,1,0,853,550
1,1,0,851,550
1,1,0,854,550
1,1,0,851,550
1,1,0,849,550
1,1,0,851,550
1,1,0,850,550
1,1,0,852,550
1,1,0,848,550
1,1,0,849,550
1,1,0,850,550
1,1,1,810,550
1,1,1,771,550
1,1,1,770,550
1,1,1,785,550
1,1,1,773,550
1,1,0,818,550
1,1,0,857,550
1,1,0,852,550
1,1,0,850,550
1,1,0,851,550
1,1,0,850,550
1,1,0,850,550
1,1,0,852,550
1,1,0,850,550
1,1,0,848,550
1,1,0,850,550
1,1,0,848,550
1,1,0,851,550
1,1,0,849,550
1,1,0,852,550
1,1,0,850,550
1,1,0,851,550
1,1,0,852,550
1,1,0,850,550
1,1,0,851,550
1,1,0,852,550
1,1,0,852,550
1,1,0,850,550
1,1,0,852,550
1,1,0,851,550
1,1,1,820,550
1,1,0,813,550
1,1,0,858,550
1,1,0,850,550
1,1,0,849,550
1,1,0,849,550
1,1,0,850,550
1,1,0,849,550
1,1,0,850,550
1,1,0,850,550
1,1,0,852,550
1,1,0,851,550
1,1,0,851,550
1,1,0,851,550
1,1,0,852,550
1,1,0,851,550
1,1,0,852,550
1,1,0,854,550
1,1,0,853,550
1,1,0,851,550
1,1,0,852,550
1,1,0,852,550
1,1,0,849,550
1,1,0,851,550
1,1,0,851,550
1,1,1,815,550
1,1,1,774,550
1,1,1,774,550
1,1,1,778,550
1,1,1,782,550
1,1,0,812,550
1,1,0,856,550
1,1,0,852,550
1,1,0,849,550
1,1,0,850,550
1,1,0,850,550
1,1,0,850,550
1,1,0,848,550
1,1,0,852,550
1,1,0,851,550
1,1,0,851,550
1,1,0,851,550
1,1,0,849,550
1,1,0,850,550
1,1,0,849,550
1,1,0,850,550
1,1,0,850,550
1,1,0,848,550
1,1,0,849,550
1,1,0,850,550
1,1,1,841,550
1,1,1,724,550
1,1,1,729,550
1,1,1,730,550
1,1,1,732,550
1,1,0,793,550
1,1,0,863,550
1,1,0,852,550
1,1,0,849,550
1,1,0,851,550
1,1,0,848,550
1,1,0,852,550
1,1,0,849,550
1,1,0,848,550
1,1,0,851,550
1,1,0,847,550
1,1,0,849,550
1,1,0,852,550
1,1,0,850,550
1,1,0,850,550
1,1,0,850,550
1,1,0,851,550
1,1,0,851,550
1,1,0,850,550
1,1,0,852,550
1,1,0,852,550
1,1,0,851,550
1,1,0,849,550
1,1,0,852,550
1,1,0,853,550
1,1,1,812,550
1,1,0,814,550
1,1,0,856,550
1,1,0,854,550
1,1,0,853,550
1,1,0,850,550
1,1,0,851,550
1,1,0,850,550
1,1,0,850,550
1,1,0,852,550
1,1,0,853,550
1,1,0,850,550
1,1,0,852,550
1,1,0,853,550
1,1,0,851,550
1,1,0,851,550
1,1,0,853,550
1,1,0,850,550
1,1,0,850,550
1,1,0,853,550
1,1,0,850,550
1,1,0,853,550
1,1,0,850,550
1,1,0,851,550
1,1,0,850,550
1,1,0,852,550
1,1,0,852,550
1,1,0,850,550
1,1,0,853,550
1,1,0,853,550
1,1,1,843,550
1,1,1,770,550
1,1,1,779,550
1,1,1,776,550
1,1,1,776,550
1,1,0,815,550
1,1,0,857,550
1,1,0,855,550
1,1,0,850,550
1,1,0,851,550
1,1,0,852,550
1,1,0,851,550
1,1,0,850,550
1,1,0,849,550
1,1,0,851,550
1,1,0,850,550
1,1,0,850,550
1,1,0,850,550
1,1,0,852,550
1,1,0,849,550
1,1,0,852,550
1,1,0,853,550
1,1,0,853,550
1,1,0,849,550
1,1,0,854,550
1,1,0,853,550
1,1,0,854,550
1,1,0,854,550
1,1,0,852,550
1,1,0,854,550
1,1,1,826,550
1,1,0,812,550
1,1,0,859,550
1,1,0,856,550
1,1,0,856,550
1,1,1,827,550
1,1,1,730,550
1,1,1,741,550
1,1,0,798,550
1,1,0,856,550
1,1,0,854,550
1,1,0,839,550
1,1,0,846,550
1,1,0,835,550
1,1,0,840,550
1,1,0,832,550
1,1,0,835,550
1,1,0,827,550
1,1,0,835,550
1,1,0,829,550
1,1,0,831,550
1,1,0,821,550
1,1,0,833,550
1,1,0,828,550
1,1,0,837,550
1,1,0,839,550
1,1,0,840,550
1,1,0,846,550
1,1,0,840,550
1,1,0,842,550
1,1,0,846,550
1,1,0,847,550
1,1,0,847,550
1,1,0,848,550
1,1,0,848,550
1,1,0,848,550
1,1,0,847,550
1,1,0,849,550
1,1,0,850,550
1,1,0,847,550
1,1,0,852,550
1,1,0,848,550
1,1,0,849,550
1,1,0,849,550
1,1,0,848,550
1,1,0,848,550
1,1,0,849,550
1,1,0,852,550
1,1,0,847,550
1,1,0,851,550
1,1,0,851,550
1,1,0,848,550
1,1,0,851,550
1,1,0,853,550
1,1,0,851,550
1,1,0,852,550
1,1,0,852,550
1,1,0,851,550
1,1,0,852,550
1,1,0,854,550
1,1,1,818,550
1,1,0,818,550
1,1,0,863,550
1,1,0,857,550
1,1,0,856,550
1,1,0,856,550
1,1,0,856,550
1,1,0,857,550
1,1,0,860,550
1,1,0,858,550
1,1,1,858,550
1,1,1,776,550
1,1,1,785,550
1,1,1,790,550
1,1,1,782,550
1,1,0,832,550
1,1,0,867,550
1,1,0,861,550
1,1,0,864,550
1,1,0,862,550
1,1,1,822,550
1,1,0,823,550
1,1,0,864,550
1,1,0,861,550
1,1,0,857,550
1,1,0,862,550
1,1,0,866,550
1,1,0,861,550
1,1,0,865,550
1,1,0,867,550
1,1,0,867,550
1,1,0,862,550
1,1,0,865,550
1,1,0,866,550
1,1,0,860,550
1,1,0,865,550
1,1,0,862,550
1,1,0,866,550
1,1,0,861,550
1,1,0,864,550
1,1,1,857,550
1,1,0,802,550
1,1,0,868,550
1,1,0,859,550
1,1,0,857,550
1,1,0,861,550
1,1,0,858,550
1,1,0,864,550
1,1,0,861,550
1,1,0,860,550
1,1,0,861,550
1,1,0,866,550
1,1,0,866,550
1,1,0,866,550
1,1,0,861,550
1,1,0,860,550
1,1,0,861,550
1,1,0,861,550
1,1,0,862,550
1,1,0,860,550
1,1,0,866,550
1,1,0,867,550
1,1,0,858,550
1,1,0,865,550
1,1,0,859,550
1,1,1,831,550
1,1,1,781,550
1,1,1,783,550
1,1,1,784,550
1,1,1,793,550
1,1,0,820,550
1,1,0,876,550
1,1,0,861,550
1,1,0,861,550
1,1,0,863,550
1,1,0,866,550
1,1,0,866,550
1,1,0,861,550
1,1,0,862,550
1,1,0,865,550
1,1,0,862,550
1,1,0,864,550
1,1,0,862,550
1,1,0,862,550
1,1,0,865,550
1,1,0,866,550
1,1,0,861,550
1,1,0,859,550
1,1,0,859,550
1,1,0,868,550
1,1,0,863,550
1,1,0,866,550
1,1,0,864,550
1,1,0,866,550
1,1,0,861,550
1,1,0,866,550
1,1,0,862,550
1,1,0,865,550
1,1,0,861,550
1,1,0,867,550
1,1,1,825,550
1,1,0,824,550
1,1,0,864,550
1,1,0,865,550
1,1,0,861,550
1,1,0,858,550
1,1,0,867,550
1,1,0,865,550
1,1,0,862,550
1,1,0,862,550
1,1,1,862,550
1,1,1,776,550
1,1,1,788,550
1,1,1,782,550
1,1,1,782,550
1,1,0,830,550
1,1,0,872,550
1,1,0,862,550
1,1,0,861,550
1,1,0,863,550
1,1,0,862,550
1,1,0,864,550
1,1,0,858,550
1,1,0,863,550
1,1,0,867,550
1,1,0,867,550
1,1,0,860,550
1,1,0,859,550
1,1,0,861,550
1,1,0,863,550
1,1,0,865,550
1,1,0,865,550
1,1,0,861,550
1,1,0,862,550
1,1,0,866,550
1,1,0,865,550
1,1,0,862,550
1,1,0,865,550
1,1,0,861,550
1,1,0,862,550
1,1,0,862,550
1,1,0,860,550
1,1,0,867,550
1,1,0,858,550
1,1,0,858,550
1,1,0,858,550
1,1,0,867,550
1,1,0,861,550
1,1,0,864,550
1,1,0,864,550
1,1,0,866,550
1,1,0,862,550
1,1,0,862,550
1,1,0,862,550
1,1,0,866,550
1,1,0,862,550
1,1,0,861,550
1,1,0,867,550
1,1,0,866,550
1,1,0,866,550
1,1,0,862,550
1,1,0,861,550
1,1,0,861,550
1,1,0,861,550
1,1,0,859,550
1,1,0,860,550
1,1,0,861,550
1,1,0,863,550
1,1,0,867,550
1,1,0,861,550
1,1,0,866,550
1,1,0,861,550
1,1,0,861,550
1,1,0,861,550
1,1,0,866,550
1,1,1,813,550
1,1,1,739,550
1,1,1,747,550
1,1,1,745,550
1,1,1,741,550
1,1,0,805,550
1,1,0,872,550
1,1,0,869,550
1,1,0,862,550
1,1,0,859,550
1,1,0,860,550
1,1,0,860,550
1,1,0,866,550
1,1,0,863,550
1,1,0,863,550
1,1,0,860,550
1,1,0,861,550
1,1,0,865,550
1,1,0,862,550
1,1,0,866,550
1,1,0,860,550
1,1,0,866,550
1,1,0,861,550
1,1,0,863,550
1,1,0,861,550
1,1,0,862,550
1,1,0,861,550
1,1,0,860,550
1,1,0,860,550
1,1,0,861,550
1,1,0,866,550
1,1,0,859,550
1,1,0,861,550
1,1,0,860,550
1,1,0,861,550
1,1,0,862,550
1,1,0,862,550
1,1,0,863,550
1,1,0,866,550
1,1,0,861,550
1,1,0,865,550
1,1,0,861,550
1,1,0,866,550
1,1,0,866,550
1,1,0,862,550
1,1,0,860,550
1,1,0,862,550
1,1,0,861,550
1,1,0,859,550
1,1,0,866,550
1,1,1,859,550
1,1,1,777,550
1,1,1,787,550
1,1,1,788,550
1,1,1,788,550
1,1,0,831,550
1,1,0,875,550
1,1,0,863,550
1,1,0,862,550
1,1,0,867,550
1,1,0,860,550
1,1,0,863,550
1,1,0,862,550
1,1,0,866,550
1,1,0,862,550
1,1,0,865,550
1,1,0,862,550
1,1,0,861,550
1,1,0,865,550
1,1,0,865,550
1,1,0,859,550
1,1,0,859,550
1,1,0,865,550
1,1,0,869,550
1,1,0,850,550
1,1,0,855,550
1,1,0,845,550
1,1,0,851,550
1,1,0,838,550
1,1,0,843,550
1,1,0,835,550
1,1,0,840,550
1,1,0,832,550
1,1,0,837,550
1,1,0,830,550
1,1,0,837,550
1,1,0,828,550
1,1,0,838,550
1,1,0,835,550
1,1,0,840,550
1,1,0,845,550
1,1,0,847,550
1,1,0,849,550
1,1,0,847,550
1,1,0,847,550
1,1,0,848,550
1,1,0,849,550
1,1,0,848,550
1,1,0,849,550
1,1,0,851,550
1,1,0,848,550
1,1,0,849,550
1,1,0,848,550
1,1,0,849,550
1,1,0,851,550
1,1,0,851,550
1,1,0,848,550
1,1,0,853,550
1,1,0,853,550
1,1,0,852,550
1,1,0,858,550
1,1,0,857,550
1,1,0,858,550
1,1,0,858,550
1,1,0,857,550
1,1,0,862,550
1,1,0,859,550
1,1,0,868,550
1,1,0,863,550
1,1,0,861,550
1,1,1,833,550
1,1,1,787,550
1,1,1,783,550
1,1,1,788,550
1,1,1,788,550
1,1,0,826,550
1,1,0,877,550
1,1,0,870,550
1,1,0,861,550
1,1,0,861,550
1,1,0,866,550
1,1,0,860,550
1,1,0,860,550
1,1,0,865,550
1,1,0,861,550
1,1,0,860,550
1,1,0,861,550
1,1,0,866,550
1,1,0,865,550
1,1,0,861,550
1,1,0,865,550
1,1,0,861,550
1,1,0,865,550
1,1,0,861,550
1,1,0,861,550
1,1,0,863,550
1,1,0,862,550
1,1,0,866,550
1,1,0,866,550
1,1,0,858,550
1,1,0,868,550
1,1,0,861,550
1,1,0,862,550
1,1,0,867,550
1,1,0,860,550
1,1,0,866,550
1,1,0,862,550
1,1,0,861,550
1,1,0,861,550
1,1,0,864,550
1,1,1,861,550
1,1,1,777,550
1,1,1,784,550
1,1,1,795,550
1,1,1,782,550
1,1,0,831,550
1,1,0,864,550
1,1,0,860,550
1,1,0,866,550
1,1,0,862,550
1,1,0,860,550
1,1,0,865,550
1,1,0,861,550
1,1,0,862,550
1,1,0,862,550
1,1,0,863,550
1,1,0,860,550
1,1,0,861,550
1,1,0,860,550
1,1,0,866,550
1,1,0,861,550
1,1,0,864,550
1,1,0,861,550
1,1,0,867,550
1,1,0,861,550
1,1,0,861,550
1,1,0,861,550
1,1,0,860,550
1,1,0,860,550
1,1,0,865,550
1,1,0,858,550
1,1,0,859,550
1,1,0,861,550
1,1,0,860,550
1,1,0,867,550
1,1,0,860,550
1,1,0,864,550
1,1,0,861,550
1,1,0,866,550
1,1,0,866,550
1,1,0,867,550
1,1,0,867,550
1,1,0,861,550
1,1,0,862,550
1,1,0,863,550
1,1,0,863,550
1,1,0,861,550
1,1,0,860,550
1,1,0,867,550
1,1,0,858,550
1,1,0,866,550
1,1,0,860,550
1,1,0,862,550
1,1,0,866,550
1,1,0,860,550
1,1,0,865,550
1,1,0,866,550
1,1,0,860,550
1,1,0,866,550
1,1,0,866,550
1,1,0,866,550
1,1,0,861,550
1,1,0,865,550
1,1,0,861,550
1,1,0,862,550
1,1,1,813,550
1,1,0,796,550
1,1,0,872,550
1,1,0,871,550
1,1,0,869,550
1,1,0,862,550
1,1,0,868,550
1,1,0,860,550
1,1,0,867,550
1,1,0,867,550
1,1,0,863,550
1,1,0,862,550
1,1,0,866,550
1,1,0,867,550
1,1,0,863,550
1,1,1,863,550
1,1,1,778,550
1,1,1,792,550
1,1,1,786,550
1,1,1,788,550
1,1,0,828,550
1,1,0,869,550
1,1,0,864,550
1,1,0,861,550
1,1,0,859,550
1,1,0,862,550
1,1,0,864,550
1,1,0,860,550
1,1,0,862,550
1,1,0,863,550
1,1,0,860,550
1,1,0,865,550
1,1,0,861,550
1,1,0,863,550
1,1,0,864,550
1,1,0,867,550
1,1,0,861,550
1,1,0,867,550
1,1,0,862,550
1,1,0,861,550
1,1,0,866,550
1,1,0,865,550
1,1,0,861,550
1,1,0,859,550
1,1,0,859,550
1,1,0,867,550
1,1,0,860,550
1,1,0,863,550
1,1,0,866,550
1,1,0,860,550
1,1,0,861,550
1,1,0,865,550
1,1,0,866,550
1,1,0,861,550
1,1,0,862,550
1,1,1,862,550
1,1,1,777,550
1,1,1,788,550
1,1,1,790,550
1,1,1,785,550
1,1,0,831,550
1,1,0,868,550
1,1,0,868,550
1,1,0,861,550
1,1,0,860,550
1,1,0,868,550
1,1,0,867,550
1,1,0,861,550
1,1,0,861,550
1,1,0,861,550
1,1,0,866,550
1,1,0,862,550
1,1,0,861,550
1,1,0,864,550
1,1,0,862,550
1,1,0,866,550
1,1,0,861,550
1,1,0,861,550
1,1,0,863,550
1,1,0,862,550
1,1,0,862,550
1,1,0,863,550
1,1,0,866,550
1,1,0,866,550
1,1,0,862,550
1,1,0,862,550
1,1,0,861,550
1,1,0,861,550
1,1,0,861,550
1,1,0,863,550
1,1,0,867,550
1,1,0,865,550
1,1,0,865,550
1,1,0,862,550
1,1,0,863,550
1,1,0,866,550
1,1,0,864,550
1,1,0,866,550
1,1,0,861,550
1,1,0,861,550
1,1,0,864,550
1,1,0,861,550
1,1,0,865,550
1,1,0,861,550
1,1,0,862,550
1,1,0,864,550
1,1,0,866,550
1,1,0,863,550
1,1,0,861,550
1,1,0,863,550
1,1,0,862,550
1,1,0,865,550
1,1,0,862,550
1,1,0,861,550
1,1,0,861,550
1,1,1,857,550
1,1,1,780,550
1,1,1,793,550
1,1,1,783,550
1,1,1,789,550
1,1,0,823,550
1,1,0,867,550
1,1,0,863,550
1,1,0,865,550
1,1,0,867,550
1,1,0,863,550
1,1,0,864,550
1,1,0,863,550
1,1,0,862,550
1,1,0,861,550
1,1,0,861,550
1,1,0,865,550
1,1,0,867,550
1,1,0,861,550
1,1,0,860,550
1,1,0,862,550
1,1,0,861,550
1,1,0,861,550
1,1,0,863,550
1,1,0,864,550
1,1,0,862,550
1,1,0,861,550
1,1,0,867,550
1,1,0,860,550
1,1,0,861,550
1,1,0,862,550
1,1,0,865,550
1,1,0,862,550
1,1,0,867,550
1,1,0,853,550
1,1,0,852,550
1,1,0,845,550
1,1,0,847,550
1,1,0,837,550
1,1,0,842,550
1,1,0,835,550
1,1,0,842,550
1,1,0,833,550
1,1,0,838,550
1,1,0,832,550
1,1,0,836,550
1,1,0,830,550
1,1,0,838,550
1,1,0,833,550
1,1,0,840,550
1,1,0,844,550
1,1,0,847,550
1,1,0,848,550
1,1,0,847,550
1,1,0,847,550
1,1,0,848,550
1,1,0,849,550
1,1,0,846,550
1,1,0,849,550
1,1,0,847,550
1,1,0,849,550
1,1,0,851,550
1,1,0,851,550
1,1,0,850,550
1,1,0,850,550
1,1,0,849,550
1,1,0,850,550
1,1,0,854,550
1,1,0,853,550
1,1,0,853,550
1,1,0,857,550
1,1,0,857,550
1,1,0,857,550
1,1,0,861,550
1,1,0,866,550
1,1,1,853,550
1,1,1,731,550
1,1,1,740,550
1,1,1,743,550
1,1,1,743,550
1,1,0,799,550
1,1,0,872,550
1,1,0,871,550
1,1,0,862,550
1,1,0,862,550
1,1,0,860,550
1,1,0,861,550
1,1,0,859,550
1,1,0,861,550
1,1,0,859,550
1,1,0,858,550
1,1,0,864,550
1,1,0,865,550
1,1,0,867,550
1,1,0,862,550
1,1,0,861,550
1,1,0,866,550
1,1,0,861,550
1,1,0,863,550
1,1,0,867,550
1,1,0,865,550
1,1,0,862,550
1,1,0,865,550
1,1,0,860,550
1,1,0,864,550
1,1,0,861,550
1,1,0,863,550
1,1,0,861,550
1,1,0,860,550
1,1,0,859,550
1,1,0,864,550
1,1,0,862,550
1,1,0,864,550
1,1,0,863,550
1,1,0,862,550
1,1,0,866,550
1,1,0,861,550
1,1,0,863,550
1,1,0,864,550
1,1,0,862,550
1,1,0,861,550
1,1,0,863,550
1,1,0,864,550
1,1,0,864,550
1,1,0,861,550
1,1,0,862,550
1,1,0,860,550
1,1,0,860,550
1,1,0,862,550
1,1,0,868,550
1,1,0,859,550
1,1,0,865,550
1,1,0,861,550
1,1,0,866,550
1,1,0,867,550
1,1,0,865,550
1,1,0,864,550
1,1,0,861,550
1,1,0,862,550
1,1,0,862,550
1,1,0,861,550
1,1,0,864,550
1,1,0,865,550
1,1,0,863,550
1,1,0,865,550
1,1,0,865,550
1,1,0,863,550
1,1,0,862,550
1,1,0,860,550
1,1,0,862,550
1,1,0,861,550
1,1,0,865,550
1,1,0,863,550
1,1,0,861,550
1,1,0,864,550
1,1,0,866,550
1,1,0,863,550
1,1,0,861,550
1,1,0,861,550
1,1,0,862,550
1,1,0,860,550
1,1,0,862,550
1,1,0,867,550
1,1,0,865,550
1,1,0,865,550
1,1,1,854,550
1,1,0,815,550
1,1,0,867,550
1,1,0,867,550
1,1,0,862,550
1,1,0,859,550
1,1,0,860,550
1,1,0,860,550
1,1,0,860,550
1,1,0,865,550
1,1,0,867,550
1,1,0,863,550
1,1,0,864,550
1,1,0,867,550
1,1,0,865,550
1,1,0,866,550
1,1,0,863,550
1,1,0,864,550
1,1,0,861,550
1,1,0,862,550
1,1,0,861,550
1,1,0,862,550
1,1,0,865,550
1,1,0,862,550
1,1,0,859,550
1,1,0,867,550
1,1,0,861,550
1,1,0,865,550
1,1,0,860,550
1,1,0,862,550
1,1,1,830,550
1,1,1,790,550
1,1,1,782,550
1,1,1,790,550
1,1,1,789,550
1,1,0,828,550
1,1,0,871,550
1,1,0,865,550
1,1,0,868,550
1,1,0,865,550
1,1,0,861,550
1,1,0,864,550
1,1,0,860,550
1,1,0,860,550
1,1,0,866,550
1,1,0,859,550
1,1,0,865,550
1,1,0,867,550
1,1,0,861,550
1,1,0,859,550
1,1,0,866,550
1,1,0,865,550
1,1,0,862,550
1,1,0,866,550
1,1,0,861,550
1,1,0,863,550
1,1,0,861,550
1,1,0,867,550
1,1,0,865,550
1,1,0,865,550
1,1,0,867,550
1,1,0,864,550
1,1,0,859,550
1,1,0,860,550
1,1,0,860,550
1,1,0,861,550
1,1,0,862,550
1,1,0,864,550
1,1,0,865,550
1,1,0,866,550
1,1,0,861,550
1,1,0,862,550
1,1,0,861,550
1,1,0,862,550
1,1,0,861,550
1,1,0,861,550
1,1,0,867,550
1,1,0,864,550
1,1,0,861,550
1,1,0,863,550
1,1,0,866,550
1,1,0,863,550
1,1,0,866,550
1,1,0,861,550
1,1,0,860,550
1,1,0,860,550
1,1,0,867,550
1,1,0,865,550
1,1,0,863,550
1,1,0,865,550
1,1,0,863,550
1,1,0,862,550
1,1,0,861,550
1,1,0,861,550
1,1,0,863,550
1,1,0,862,550
1,1,0,867,550
1,1,0,861,550
1,1,0,861,550
1,1,0,866,550
1,1,0,866,550
1,1,0,866,550
1,1,0,861,550
1,1,0,865,550
1,1,0,867,550
1,1,0,862,550
1,1,0,862,550
1,1,0,864,550
1,1,0,861,550
1,1,0,866,550
1,1,0,866,550
1,1,0,863,550
1,1,0,861,550
1,1,0,861,550
1,1,0,866,550
1,1,0,862,550
1,1,0,867,550
1,1,0,866,550
1,1,0,866,550
1,1,0,864,550
1,1,0,861,550
1,1,0,865,550
1,1,0,861,550
1,1,0,860,550
1,1,0,859,550
1,1,0,863,550
1,1,0,863,550
1,1,0,867,550
1,1,0,865,550
1,1,0,863,550
1,1,0,865,550
1,1,0,861,550
1,1,0,861,550
1,1,0,861,550
1,1,0,867,550
1,1,1,857,550
1,1,1,778,550
1,1,1,792,550
1,1,1,785,550
1,1,1,789,550
1,1,0,823,550
1,1,0,874,550
1,1,0,863,550
1,1,0,861,550
1,1,0,861,550
1,1,0,865,550
1,1,0,866,550
1,1,0,865,550
1,1,0,867,550
1,1,0,861,550
1,1,1,833,550
1,1,1,737,550
1,1,1,743,550
1,1,1,742,550
1,1,1,750,550
1,1,0,808,550
1,1,0,871,550
1,1,0,870,550
1,1,0,868,550
1,1,0,862,550
1,1,0,862,550
1,1,0,863,550
1,1,0,867,550
1,1,0,864,550
1,1,0,862,550
1,1,0,866,550
1,1,0,865,550
1,1,0,865,550
1,1,0,868,550
1,1,0,852,550
1,1,0,853,550
1,1,0,841,550
1,1,0,846,550
1,1,0,837,550
1,1,0,843,550
1,1,0,836,550
1,1,0,843,550
1,1,0,834,550
1,1,0,838,550
1,1,0,831,550
1,1,0,837,550
1,1,0,832,550
1,1,0,839,550
1,1,0,833,550
1,1,0,845,550
1,1,0,844,550
1,1,0,845,550
1,1,0,847,550
1,1,0,847,550
1,1,0,848,550
1,1,0,849,550
1,1,0,848,550
1,1,0,848,550
1,1,0,850,550
1,1,0,851,550
1,1,0,847,550
1,1,0,852,550
1,1,0,851,550
1,1,0,850,550
1,1,0,848,550
1,1,0,851,550
1,1,0,849,550
1,1,0,853,550
1,1,0,852,550
1,1,0,858,550
1,1,0,857,550
1,1,0,858,550
1,1,0,858,550
1,1,0,858,550
1,1,0,858,550
1,1,0,861,550
1,1,0,866,550
1,1,0,861,550
1,1,0,861,550
1,1,0,860,550
1,1,0,861,550
1,1,0,861,550
1,1,0,861,550
1,1,0,861,550
1,1,0,864,550
1,1,0,862,550
1,1,0,861,550
1,1,0,860,550
1,1,0,861,550
1,1,0,865,550
1,1,0,865,550
1,1,0,866,550
1,1,0,861,550
1,1,0,861,550
1,1,0,863,550
1,1,0,862,550
1,1,0,867,550
1,1,0,861,550
1,1,0,863,550
1,1,0,865,550
1,1,0,860,550
1,1,0,864,550
1,1,0,860,550
1,1,0,862,550
1,1,0,863,550
1,1,0,864,550
1,1,0,866,550
1,1,0,863,550
1,1,0,860,550
1,1,0,861,550
1,1,0,867,550
1,1,0,867,550
1,1,0,864,550
1,1,0,864,550
1,1,0,862,550
1,1,0,866,550
1,1,0,861,550
1,1,0,866,550
1,1,0,864,550
1,1,0,865,550
1,1,0,861,550
1,1,0,865,550
1,1,0,863,550
1,1,0,866,550
1,1,0,867,550
1,1,0,861,550
1,1,0,863,550
1,1,0,867,550
1,1,0,858,550
1,1,0,860,550
1,1,0,859,550
1,1,0,860,550
1,1,0,864,550
1,1,0,863,550
1,1,0,866,550
1,1,1,829,550
1,1,1,789,550
1,1,1,784,550
1,1,1,790,550
1,1,1,792,550
1,1,0,827,550
1,1,0,867,550
1,1,0,862,550
1,1,0,863,550
1,1,0,861,550
1,1,0,866,550
1,1,0,865,550
1,1,0,861,550
1,1,0,864,550
1,1,0,860,550
1,1,0,859,550
1,1,0,864,550
1,1,0,864,550
1,1,0,862,550
1,1,0,866,550
1,1,0,866,550
1,1,0,867,550
1,1,0,866,550
1,1,0,861,550
1,1,0,865,550
1,1,0,865,550
1,1,0,866,550
1,1,0,864,550
1,1,0,867,550
1,1,0,862,550
1,1,0,865,550
1,1,0,865,550
1,1,0,867,550
1,1,0,859,550
1,1,0,867,550
1,1,0,864,550
1,1,0,865,550
1,1,0,861,550
1,1,0,863,550
1,1,0,862,550
1,1,0,864,550
1,1,0,866,550
1,1,0,865,550
1,1,0,860,550
1,1,0,861,550
1,1,0,863,550
1,1,0,867,550
1,1,0,861,550
1,1,0,861,550
1,1,0,861,550
1,1,0,864,550
1,1,0,865,550
1,1,0,861,550
1,1,0,866,550
1,1,0,864,550
1,1,0,866,550
1,1,0,867,550
1,1,0,861,550
1,1,0,862,550
1,1,0,867,550
1,1,0,866,550
1,1,0,861,550
1,1,0,864,550
1,1,0,862,550
1,1,0,864,550
1,1,0,861,550
1,1,0,862,550
1,1,0,863,550
1,1,0,866,550
1,1,0,864,550
1,1,0,861,550
1,1,0,862,550
1,1,0,860,550
1,1,0,867,550
1,1,0,862,550
1,1,1,834,550
1,1,1,785,550
1,1,1,783,550
1,1,1,783,550
1,1,1,795,550
1,1,0,822,550
1,1,0,869,550
1,1,0,862,550
1,1,0,865,550
1,1,0,867,550
1,1,0,866,550
1,1,0,863,550
1,1,0,865,550
1,1,0,867,550
1,1,0,867,550
1,1,0,866,550
1,1,0,861,550
1,1,0,867,550
1,1,0,861,550
1,1,0,867,550
1,1,0,867,550
1,1,0,860,550
1,1,0,861,550
1,1,0,863,550
1,1,0,861,550
1,1,0,861,550
1,1,0,861,550
1,1,0,861,550
1,1,0,867,550
1,1,0,865,550
1,1,0,861,550
1,1,0,867,550
1,1,0,865,550
1,1,0,865,550
1,1,0,862,550
1,1,0,861,550
1,1,0,866,550
1,1,0,861,550
1,1,0,867,550
1,1,0,864,550
1,1,0,867,550
1,1,0,864,550
1,1,0,867,550
1,1,0,865,550
1,1,0,863,550
1,1,0,864,550
1,1,0,861,550
1,1,0,862,550
1,1,0,861,550
1,1,0,862,550
1,1,0,862,550
1,1,0,865,550
1,1,0,866,550
1,1,0,865,550
1,1,0,866,550
1,1,0,861,550
1,1,0,861,550
1,1,0,862,550
1,1,0,868,550
1,1,0,861,550
1,1,0,866,550
1,1,0,861,550
1,1,0,861,550
1,1,0,867,550
1,1,0,862,550
1,1,0,866,550
1,1,0,866,550
1,1,0,866,550
1,1,0,861,550
1,1,0,866,550
1,1,0,862,550
1,1,0,865,550
1,1,0,862,550
1,1,0,866,550
1,1,0,863,550
1,1,0,867,550
1,1,0,867,550
1,1,0,866,550
1,1,0,866,550
1,1,0,866,550
1,1,0,861,550
1,1,0,866,550
1,1,0,862,550
1,1,0,861,550
1,1,0,861,550
1,1,0,866,550
1,1,0,861,550
1,1,0,866,550
1,1,0,866,550
1,1,0,866,550
1,1,0,860,550
1,1,0,865,550
1,1,0,862,550
1,1,0,865,550
1,1,0,866,550
1,1,0,862,550
1,1,0,861,550
1,1,0,861,550
1,1,0,861,550
1,1,0,863,550
1,1,0,865,550
1,1,0,865,550
1,1,0,867,550
1,1,0,866,550
1,1,0,865,550
1,1,0,862,550
1,1,0,863,550
1,1,0,861,550
1,1,0,866,550
1,1,0,865,550
1,1,1,831,550
1,1,1,789,550
1,1,1,782,550
1,1,1,787,550
1,1,1,787,550
1,1,0,826,550
1,1,0,864,550
1,1,0,860,550
1,1,0,867,550
1,1,0,861,550
1,1,0,862,550
1,1,0,863,550
1,1,0,862,550
1,1,0,867,550
1,1,0,851,550
1,1,0,853,550
1,1,0,845,550
1,1,0,849,550
1,1,0,836,550
1,1,0,843,550
1,1,0,836,550
1,1,0,840,550
1,1,0,834,550
1,1,0,838,550
1,1,0,833,550
1,1,0,839,550
1,1,0,830,550
1,1,0,839,550
1,1,0,835,550
1,1,0,842,550
1,1,0,844,550
1,1,0,847,550
1,1,0,846,550
1,1,0,847,550
1,1,0,848,550
1,1,0,848,550
1,1,0,849,550
1,1,0,849,550
1,1,0,849,550
1,1,0,851,550
1,1,0,849,550
1,1,0,852,550
1,1,0,850,550
1,1,0,851,550
1,1,0,850,550
1,1,0,849,550
1,1,0,852,550
1,1,0,850,550
1,1,0,854,550
1,1,0,855,550
1,1,0,858,550
1,1,0,859,550
1,1,0,859,550
1,1,0,859,550
1,1,0,861,550
1,1,0,859,550
1,1,0,859,550
1,1,0,862,550
1,1,0,865,550
1,1,0,861,550
1,1,0,860,550
1,1,0,866,550
1,1,0,862,550
1,1,0,863,550
1,1,0,861,550
1,1,0,862,550
1,1,0,861,550
1,1,0,860,550
1,1,0,867,550
1,1,0,858,550
1,1,0,861,550
1,1,0,862,550
1,1,0,860,550
1,1,0,861,550
1,1,0,864,550
1,1,0,864,550
1,1,0,866,550
1,1,0,864,550
1,1,0,861,550
1,1,0,867,550
1,1,1,832,550
1,1,1,736,550
1,1,1,741,550
1,1,1,747,550
1,1,1,750,550
1,1,0,809,550
1,1,0,873,550
1,1,0,864,550
1,1,0,869,550
1,1,0,867,550
1,1,0,860,550
1,1,0,866,550
1,1,0,864,550
1,1,0,861,550
1,1,0,864,550
1,1,0,861,550
1,1,0,865,550
1,1,0,865,550
1,1,0,864,550
1,1,0,861,550
1,1,0,861,550
1,1,0,863,550
1,1,0,864,550
1,1,0,862,550
1,1,0,864,550
1,1,0,864,550
1,1,0,861,550
1,1,0,862,550
1,1,0,861,550
1,1,0,868,550
1,1,0,860,550
1,1,0,866,550
1,1,0,860,550
1,1,0,863,550
1,1,0,864,550
1,1,0,867,550
1,1,0,864,550
1,1,0,862,550
1,1,0,860,550
1,1,0,862,550
1,1,0,862,550
1,1,0,862,550
1,1,0,861,550
1,1,0,867,550
1,1,0,864,550
1,1,0,865,550
1,1,0,863,550
1,1,0,867,550
1,1,0,862,550
1,1,0,867,550
1,1,0,866,550
1,1,0,861,550
1,1,0,860,550
1,1,0,860,550
1,1,0,860,550
1,1,0,863,550
1,1,0,864,550
1,1,0,864,550
1,1,0,861,550
1,1,0,866,550
1,1,0,862,550
1,1,0,864,550
1,1,0,863,550
1,1,0,864,550
1,1,0,866,550
1,1,0,867,550
1,1,0,866,550
1,1,0,867,550
1,1,0,867,550
1,1,0,864,550
1,1,0,861,550
1,1,0,865,550
1,1,0,864,550
1,1,0,864,550
1,1,0,866,550
1,1,0,861,550
1,1,0,867,550
1,1,0,865,550
1,1,0,865,550
1,1,0,866,550
1,1,0,861,550
1,1,0,864,550
1,1,0,866,550
1,1,0,867,550
1,1,0,866,550
1,1,0,862,550
1,1,0,867,550
1,1,0,860,550
1,1,0,867,550
1,1,0,859,550
1,1,0,861,550
1,1,0,867,550
1,1,0,863,550
1,1,0,863,550
1,1,0,865,550
1,1,0,866,550
1,1,0,864,550
1,1,0,861,550
1,1,0,861,550
1,1,0,866,550
1,1,0,861,550
1,1,0,865,550
1,1,0,862,550
1,1,0,861,550
1,1,0,866,550
1,1,0,865,550
1,1,0,862,550
1,1,0,865,550
1,1,0,864,550
1,1,0,866,550
1,1,0,867,550
1,1,0,861,550
1,1,0,863,550
1,1,0,866,550
1,1,0,862,550
1,1,0,866,550
1,1,0,861,550
1,1,0,861,550
1,1,0,861,550
1,1,0,866,550
1,1,0,861,550
1,1,0,862,550
1,1,0,860,550
1,1,0,864,550
1,1,0,862,550
1,1,0,867,550
1,1,0,860,550
1,1,0,861,550
1,1,0,861,550
1,1,0,866,550
1,1,0,863,550
1,1,0,865,550
1,1,0,866,550
1,1,0,862,550
1,1,0,866,550
1,1,0,860,550
1,1,0,861,550
1,1,0,866,550
1,1,0,861,550
1,1,0,864,550
1,1,0,862,550
1,1,0,865,550
1,1,0,866,550
1,1,0,861,550
1,1,0,860,550
1,1,1,837,550
1,1,0,820,550
1,1,0,868,550
1,1,0,865,550
1,1,0,860,550
1,1,0,860,550
1,1,0,864,550
1,1,0,861,550
1,1,0,867,550
1,1,0,864,550
1,1,0,860,550
1,1,0,860,550
1,1,0,862,550
1,1,0,865,550
1,1,0,861,550
1,1,0,862,550
1,1,0,864,550
1,1,0,862,550
1,1,0,862,550
1,1,0,864,550
1,1,0,861,550
1,1,0,866,550
1,1,0,861,550
1,1,0,863,550
1,1,0,860,550
1,1,0,867,550
1,1,0,866,550
1,1,0,860,550
1,1,0,862,550
1,1,0,864,550
1,1,0,865,550
1,1,0,866,550
1,1,0,865,550
1,1,0,865,550
1,1,0,865,550
1,1,0,866,550
1,1,0,861,550
1,1,0,863,550
1,1,0,865,550
1,1,0,861,550
1,1,1,823,550
1,1,0,824,550
1,1,0,872,550
1,1,0,869,550
1,1,0,868,550
1,1,0,865,550
1,1,0,862,550
1,1,0,861,550
1,1,0,861,550
1,1,0,862,550
1,1,1,855,550
1,1,1,778,550
1,1,1,792,550
1,1,1,783,550
1,1,1,789,550
1,1,0,825,550
1,1,0,867,550
1,1,0,867,550
1,1,0,864,550
1,1,0,862,550
1,1,0,862,550
1,1,0,866,550
1,1,0,865,550
1,1,0,864,550
1,1,0,867,550
1,1,0,860,550
1,1,0,867,550
1,1,0,867,550
1,1,0,866,550
1,1,0,861,550
1,1,0,864,550
1,1,0,865,550
1,1,0,867,550
1,1,0,864,550
1,1,0,866,550
1,1,0,865,550
1,1,0,861,550
1,1,0,862,550
1,1,0,866,550
1,1,0,863,550
1,1,0,864,550
1,1,0,860,550
1,1,0,861,550
1,1,0,862,550
1,1,0,860,550
1,1,0,860,550
1,1,0,861,550
1,1,0,863,550
1,1,0,871,550
1,1,0,850,550
1,1,0,856,550
1,1,0,846,550
1,1,0,849,550
1,1,0,840,550
1,1,0,841,550
1,1,0,836,550
1,1,0,841,550
1,1,0,832,550
1,1,0,839,550
1,1,0,830,550
1,1,0,838,550
1,1,0,830,550
1,1,0,839,550
1,1,0,835,550
1,1,0,841,550
1,1,0,845,550
1,1,0,847,550
1,1,0,847,550
1,1,0,848,550
1,1,0,848,550
1,1,0,848,550
1,1,0,848,550
1,1,0,851,550
1,1,0,852,550
1,1,0,848,550
1,1,0,848,550
1,1,0,848,550
1,1,0,850,550
1,1,0,850,550
1,1,0,852,550
1,1,0,853,550
1,1,0,851,550
1,1,0,852,550
1,1,0,854,550
1,1,0,857,550
1,1,0,855,550
1,1,0,857,550
1,1,0,856,550
1,1,0,866,550
1,1,0,865,550
1,1,0,867,550
1,1,0,861,550
1,1,0,866,550
1,1,0,862,550
1,1,0,864,550
1,1,0,866,550
1,1,0,861,550
1,1,0,862,550
1,1,0,866,550
1,1,0,867,550
1,1,1,861,550
1,1,0,796,550
1,1,0,871,550
1,1,0,869,550
1,1,0,868,550
1,1,0,859,550
1,1,0,860,550
1,1,0,866,550
1,1,0,867,550
1,1,0,862,550
1,1,0,865,550
1,1,0,866,550
1,1,0,866,550
1,1,0,867,550
1,1,0,862,550
1,1,0,862,550
1,1,0,862,550
1,1,0,862,550
1,1,0,865,550
1,1,0,865,550
1,1,0,863,550
1,1,0,865,550
1,1,0,860,550
1,1,0,860,550
1,1,0,865,550
1,1,0,860,550
1,1,0,860,550
1,1,0,860,550
1,1,0,864,550
1,1,0,860,550
1,1,0,865,550
1,1,0,866,550
1,1,0,864,550
1,1,0,865,550
1,1,0,861,550
1,1,1,830,550
1,1,1,789,550
1,1,1,784,550
1,1,1,788,550
1,1,1,787,550
1,1,0,826,550
1,1,0,863,550
1,1,0,860,550
1,1,0,859,550
1,1,0,866,550
1,1,0,866,550
1,1,0,861,550
1,1,0,865,550
1,1,0,867,550
1,1,0,861,550
1,1,0,862,550
1,1,0,865,550
1,1,0,865,550
1,1,0,861,550
1,1,0,861,550
1,1,0,862,550
1,1,0,861,550
1,1,0,865,550
1,1,0,861,550
1,1,0,865,550
1,1,0,865,550
1,1,0,866,550
1,1,0,862,550
1,1,0,861,550
1,1,0,861,550
1,1,0,868,550
1,1,0,859,550
1,1,0,861,550
1,1,0,865,550
1,1,0,867,550
1,1,0,861,550
1,1,0,862,550
1,1,0,861,550
1,1,0,866,550
1,1,0,861,550
1,1,0,861,550
1,1,0,865,550
1,1,0,866,550
1,1,0,860,550
1,1,0,864,550
1,1,0,862,550
1,1,0,864,550
1,1,0,863,550
1,1,0,859,550
1,1,0,861,550
1,1,0,861,550
1,1,0,864,550
1,1,0,861,550
1,1,0,862,550
1,1,0,867,550
1,1,0,866,550
1,1,0,864,550
1,1,0,861,550
1,1,0,861,550
1,1,0,866,550
1,1,0,862,550
1,1,0,866,550
1,1,0,863,550
1,1,0,863,550
1,1,0,863,550
1,1,0,861,550
1,1,0,865,550
1,1,0,863,550
1,1,0,861,550
1,1,0,862,550
1,1,0,866,550
1,1,0,864,550
1,1,0,865,550
1,1,0,863,550
1,1,0,865,550
1,1,0,860,550
1,1,0,866,550
1,1,0,867,550
1,1,0,864,550
1,1,0,866,550
1,1,0,864,550
1,1,0,866,550
1,1,0,861,550
1,1,0,863,550
1,1,0,866,550
1,1,1,854,550
1,1,0,812,550
1,1,0,872,550
1,1,0,861,550
1,1,0,860,550
1,1,0,860,550
1,1,0,861,550
1,1,0,862,550
1,1,0,867,550
1,1,0,861,550
1,1,0,862,550
1,1,0,865,550
1,1,0,862,550
1,1,0,865,550
1,1,0,864,550
1,1,0,862,550
1,1,0,866,550
1,1,0,866,550
1,1,0,865,550
1,1,0,861,550
1,1,0,863,550
1,1,0,859,550
1,1,0,860,550
1,1,0,861,550
1,1,0,864,550
1,1,0,859,550
1,1,0,862,550
1,1,0,867,550
1,1,0,862,550
1,1,0,860,550
1,1,0,865,550
1,1,0,865,550
1,1,0,861,550
1,1,0,861,550
1,1,0,861,550
1,1,0,862,550
1,1,0,860,550
1,1,0,866,550
1,1,0,861,550
1,1,0,864,550
1,1,0,863,550
1,1,0,862,550
1,1,0,866,550
1,1,0,861,550
1,1,0,860,550
1,1,0,861,550
1,1,0,862,550
1,1,0,864,550
1,1,0,864,550
1,1,0,865,550
1,1,0,863,550
1,1,0,863,550
1,1,0,862,550
1,1,0,862,550
1,1,0,861,550
1,1,0,863,550
1,1,0,863,550
1,1,0,866,550
1,1,0,866,550
1,1,0,866,550
1,1,0,865,550
1,1,0,862,550
1,1,0,861,550
1,1,0,866,550
1,1,0,867,550
1,1,0,860,550
1,1,0,863,550
1,1,0,866,550
1,1,0,866,550
1,1,0,860,550
1,1,1,824,550
1,1,1,780,550
1,1,1,783,550
1,1,1,796,550
1,1,1,785,550
1,1,0,834,550
1,1,0,867,550
1,1,0,866,550
1,1,0,866,550
1,1,0,863,550
1,1,0,865,550
1,1,0,867,550
1,1,0,860,550
1,1,0,862,550
1,1,0,862,550
1,1,0,862,550
1,1,0,862,550
1,1,0,866,550
1,1,0,864,550
1,1,0,863,550
1,1,0,860,550
1,1,0,863,550
1,1,0,861,550
1,1,0,867,550
1,1,0,867,550
1,1,0,867,550
1,1,0,862,550
1,1,0,862,550
1,1,0,867,550
1,1,0,865,550
1,1,0,862,550
1,1,0,863,550
1,1,0,866,550
1,1,0,866,550
1,1,0,862,550
1,1,0,861,550
1,1,0,861,550
1,1,0,864,550
1,1,0,866,550
1,1,0,860,550
1,1,0,866,550
1,1,0,862,550
1,1,0,861,550
1,1,0,865,550
1,1,0,867,550
1,1,0,863,550
1,1,0,861,550
1,1,0,866,550
1,1,0,866,550
1,1,0,866,550
1,1,0,860,550
1,1,0,865,550
1,1,0,862,550
1,1,0,860,550
1,1,0,861,550
1,1,0,861,550
1,1,0,861,550
1,1,0,860,550
1,1,0,868,550
1,1,0,852,550
1,1,0,852,550
1,1,0,842,550
1,1,0,845,550
1,1,0,837,550
1,1,0,842,550
1,1,0,835,550
1,1,0,840,550
1,1,0,833,550
1,1,0,838,550
1,1,0,833,550
1,1,0,836,550
1,1,0,830,550
1,1,0,841,550
1,1,0,834,550
1,1,0,841,550
1,1,0,843,550
1,1,0,847,550
1,1,0,847,550
1,1,0,848,550
1,1,0,849,550
1,1,0,848,550
1,1,0,848,550
1,1,0,849,550
1,1,0,852,550
1,1,0,851,550
1,1,0,849,550
1,1,0,852,550
1,1,0,848,550
1,1,0,852,550
1,1,0,850,550
1,1,0,853,550
1,1,0,852,550
1,1,0,852,550
1,1,0,854,550
1,1,0,856,550
1,1,0,856,550
1,1,0,858,550
1,1,0,858,550
1,1,0,859,550
1,1,0,860,550
1,1,0,859,550
1,1,0,860,550
1,1,0,860,550
1,1,0,861,550
1,1,0,866,550
1,1,0,862,550
1,1,0,867,550
1,1,0,865,550
1,1,0,867,550
1,1,0,866,550
1,1,0,866,550
1,1,0,866,550
1,1,0,861,550
1,1,0,861,550
1,1,0,859,550
1,1,0,866,550
1,1,0,863,550
1,1,0,866,550
1,1,0,862,550
1,1,0,864,550
1,1,0,865,550
1,1,0,866,550
1,1,0,865,550
1,1,0,862,550
1,1,0,865,550
1,1,0,861,550
1,1,0,864,550
1,1,0,866,550
1,1,0,866,550
1,1,0,866,550
1,1,0,866,550
1,1,0,866,550
1,1,0,863,550
1,1,0,859,550
1,1,0,860,550
1,1,1,863,550
1,1,1,729,550
1,1,1,740,550
1,1,1,740,550
1,1,1,743,550
1,1,0,798,550
1,1,0,879,550
1,1,0,872,550
1,1,0,863,550
1,1,0,868,550
1,1,0,861,550
1,1,0,862,550
1,1,0,867,550
1,1,0,863,550
1,1,0,860,550
1,1,0,863,550
1,1,0,860,550
1,1,0,862,550
1,1,0,866,550
1,1,0,859,550
1,1,0,859,550
1,1,0,864,550
1,1,0,861,550
1,1,0,866,550
1,1,0,863,550
1,1,0,866,550
1,1,0,860,550
1,1,0,867,550
1,1,0,863,550
1,1,0,862,550
1,1,0,865,550
1,1,0,866,550
1,1,0,867,550
1,1,0,866,550
1,1,0,861,550
1,1,0,866,550
1,1,0,866,550
1,1,0,866,550
1,1,0,859,550
1,1,0,862,550
1,1,0,865,550
1,1,0,867,550
1,1,0,865,550
1,1,0,864,550
1,1,0,864,550
1,1,0,866,550
1,1,0,866,550
1,1,0,866,550
1,1,0,867,550
1,1,0,867,550
1,1,0,867,550
1,1,0,866,550
1,1,0,861,550
1,1,0,866,550
1,1,0,864,550
1,1,0,862,550
1,1,0,860,550
1,1,0,861,550
1,1,0,868,550
1,1,0,860,550
1,1,0,864,550
1,1,0,861,550
1,1,0,863,550
1,1,0,860,550
1,1,0,865,550
1,1,0,866,550
1,1,0,867,550
1,1,0,860,550
1,1,0,862,550
1,1,0,866,550
1,1,0,866,550
1,1,0,862,550
1,1,0,862,550
1,1,0,866,550
1,1,0,860,550
1,1,0,865,550
1,1,0,861,550
1,1,0,864,550
1,1,0,866,550
1,1,0,860,550
1,1,0,864,550
1,1,0,866,550
1,1,0,861,550
1,1,0,860,550
1,1,0,861,550
1,1,1,848,550
1,1,1,783,550
1,1,1,791,550
1,1,1,784,550
1,1,1,792,550
1,1,0,818,550
1,1,0,870,550
1,1,0,868,550
1,1,0,869,550
1,1,0,865,550
1,1,0,862,550
1,1,0,863,550
1,1,0,865,550
1,1,0,866,550
1,1,0,866,550
1,1,0,866,550
1,1,0,859,550
1,1,0,863,550
1,1,0,862,550
1,1,0,865,550
1,1,0,865,550
1,1,0,865,550
1,1,0,861,550
1,1,0,862,550
1,1,0,861,550
1,1,0,861,550
1,1,0,866,550
1,1,0,866,550
1,1,0,861,550
1,1,0,861,550
1,1,0,861,550
1,1,0,860,550
1,1,0,866,550
1,1,0,863,550
1,1,0,867,550
1,1,0,862,550
1,1,0,868,550
1,1,0,864,550
1,1,0,863,550
1,1,0,866,550
1,1,0,866,550
1,1,0,861,550
1,1,0,865,550
1,1,0,866,550
1,1,0,863,550
1,1,0,866,550
1,1,0,864,550
1,1,0,864,550
1,1,0,861,550
1,1,0,864,550
1,1,0,860,550
1,1,0,863,550
1,1,0,860,550
1,1,0,867,550
1,1,0,862,550
1,1,0,860,550
1,1,0,861,550
1,1,0,860,550
1,1,0,867,550
1,1,0,862,550
1,1,0,863,550
1,1,0,864,550
1,1,0,864,550
1,1,0,866,550
1,1,0,866,550
1,1,0,866,550
1,1,0,862,550
1,1,0,867,550
1,1,0,866,550
1,1,0,865,550
1,1,0,865,550
1,1,0,864,550
1,1,0,860,550
1,1,0,865,550
1,1,0,861,550
1,1,0,863,550
1,1,0,866,550
1,1,0,862,550
1,1,0,866,550
1,1,0,860,550
1,1,0,866,550
1,1,0,861,550
1,1,0,862,550
1,1,0,862,550
1,1,0,861,550
1,1,0,866,550
1,1,0,866,550
1,1,0,862,550
1,1,0,865,550
1,1,0,864,550
1,1,0,861,550
1,1,0,864,550
1,1,0,860,550
1,1,0,867,550
1,1,0,865,550
1,1,0,860,550
1,1,0,864,550
1,1,0,866,550
1,1,0,861,550
1,1,0,862,550
1,1,0,861,550
1,1,0,865,550
1,1,0,861,550
1,1,0,863,550
1,1,0,861,550
1,1,0,861,550
1,1,0,863,550
1,1,0,865,550
1,1,0,866,550
1,1,0,861,550
1,1,0,861,550
1,1,0,866,550
1,1,0,862,550
1,1,0,861,550
1,1,0,861,550
1,1,0,865,550
1,1,0,861,550
1,1,0,860,550
1,1,0,862,550
1,1,0,865,550
1,1,0,866,550
1,1,0,864,550
1,1,0,862,550
1,1,0,862,550
1,1,0,866,550
1,1,0,864,550
1,1,0,861,550
1,1,0,862,550
1,1,0,867,550
1,1,0,864,550
1,1,0,863,550
1,1,0,865,550
1,1,0,867,550
1,1,0,859,550
1,1,0,865,550
1,1,0,861,550
1,1,0,866,550
1,1,0,861,550
1,1,0,868,550
1,1,0,850,550
1,1,0,855,550
1,1,0,842,550
1,1,0,846,550
1,1,0,839,550
1,1,0,841,550
1,1,0,833,550
1,1,0,841,550
1,1,0,833,550
1,1,0,837,550
1,1,0,832,550
1,1,0,836,550
1,1,0,832,550
1,1,0,839,550
1,1,0,835,550
1,1,0,839,550
1,1,0,849,550
1,1,0,847,550
1,1,0,850,550
1,1,0,848,550
1,1,0,847,550
1,1,0,848,550
1,1,0,848,550
1,1,0,850,550
1,1,0,849,550
1,1,0,847,550
1,1,0,849,550
1,1,0,851,550
1,1,0,851,550
1,1,0,849,550
1,1,0,851,550
1,1,0,851,550
1,1,0,849,550
1,1,0,852,550
1,1,0,856,550
1,1,0,856,550
1,1,0,857,550
1,1,0,862,550
1,1,0,857,550
1,1,0,860,550
1,1,0,866,550
1,1,0,861,550
1,1,0,860,550
1,1,0,868,550
1,1,0,864,550
1,1,0,863,550
1,1,0,863,550
1,1,0,865,550
1,1,0,864,550
1,1,0,862,550
1,1,0,866,550
1,1,1,845,550
1,1,0,820,550
1,1,0,866,550
1,1,0,870,550
1,1,0,860,550
1,1,0,867,550
1,1,0,861,550
1,1,0,861,550
1,1,0,866,550
1,1,0,862,550
1,1,0,862,550
1,1,0,864,550
1,1,0,865,550
1,1,0,865,550
1,1,0,861,550
1,1,0,866,550
1,1,0,862,550
1,1,0,866,550
1,1,0,863,550
1,1,0,862,550
1,1,0,863,550
1,1,0,861,550
1,1,0,859,550
1,1,0,867,550
1,1,0,860,550
1,1,0,861,550
1,1,0,862,550
1,1,0,863,550
1,1,0,861,550
1,1,0,861,550
1,1,0,861,550
1,1,0,866,550
1,1,0,861,550
1,1,0,866,550
1,1,0,867,550
1,1,0,866,550
1,1,0,865,550
1,1,0,863,550
1,1,0,863,550
1,1,0,861,550
1,1,0,862,550
1,1,0,861,550
1,1,0,859,550
1,1,0,861,550
1,1,0,861,550
1,1,0,859,550
1,1,0,863,550
1,1,0,862,550
1,1,0,861,550
1,1,0,861,550
1,1,0,867,550
1,1,0,864,550
1,1,0,865,550
1,1,0,867,550
1,1,0,864,550
1,1,1,860,550
1,1,1,781,550
1,1,1,787,550
1,1,1,792,550
1,1,1,786,550
1,1,0,833,550
1,1,0,875,550
1,1,0,863,550
1,1,0,861,550
1,1,0,868,550
1,1,0,865,550
1,1,0,867,550
1,1,0,860,550
1,1,0,861,550
1,1,0,861,550
1,1,0,863,550
1,1,0,866,550
1,1,0,866,550
1,1,0,861,550
1,1,0,861,550
1,1,0,863,550
1,1,0,865,550
1,1,0,866,550
1,1,0,862,550
1,1,0,863,550
1,1,0,861,550
1,1,0,861,550
1,1,0,862,550
1,1,0,867,550
1,1,0,861,550
1,1,0,862,550
1,1,0,866,550
1,1,0,867,550
1,1,0,861,550
1,1,0,867,550
1,1,0,867,550
1,1,0,862,550
1,1,0,866,550
1,1,0,860,550
1,1,0,866,550
1,1,0,865,550
1,1,0,862,550
1,1,0,861,550
1,1,0,862,550
1,1,0,862,550
1,1,0,861,550
1,1,0,864,550
1,1,0,865,550
1,1,0,860,550
1,1,0,867,550
1,1,0,861,550
1,1,0,861,550
1,1,0,867,550
1,1,0,862,550
1,1,0,865,550
1,1,0,863,550
1,1,0,864,550
1,1,0,863,550
1,1,0,865,550
1,1,0,866,550
1,1,0,867,550
1,1,0,866,550
1,1,0,862,550
1,1,0,864,550
1,1,0,861,550
1,1,0,862,550
1,1,0,862,550
1,1,0,867,550
1,1,0,860,550
1,1,0,867,550
1,1,0,863,550
1,1,0,864,550
1,1,0,866,550
1,1,0,861,550
1,1,0,864,550
1,1,1,854,550
1,1,1,733,550
1,1,1,741,550
1,1,1,746,550
1,1,1,744,550
1,1,0,808,550
1,1,0,876,550
1,1,0,866,550
1,1,0,862,550
1,1,0,866,550
1,1,0,861,550
1,1,0,860,550
1,1,0,867,550
1,0,0,1023,550
1,0,0,1002,550
1,0,0,1002,550
1,0,0,1000,550
1,0,0,998,550
1,0,0,997,550
1,0,0,994,550
1,0,1,992,550
1,0,1,895,550
1,0,1,912,550
1,0,1,895,550
1,0,1,903,550
1,0,1,902,550
1,0,1,904,550
1,0,1,894,550
1,0,1,907,550
1,0,1,896,550
1,0,1,901,550
1,0,0,939,550
1,0,0,1006,550
1,0,0,998,550
1,0,0,999,550
1,0,1,979,550
1,0,1,839,550
1,0,1,846,550
1,0,1,848,550
1,0,1,842,550
1,0,1,851,550
1,0,1,843,550
1,0,1,845,550
1,0,1,842,550
1,0,1,847,550
1,0,1,848,550
1,0,1,848,550
1,0,1,846,550
1,0,1,848,550
1,0,1,851,550
1,0,1,847,550
1,0,0,914,550
1,0,0,1003,550
1,0,0,999,550
1,0,0,995,550
1,0,1,982,550
1,0,1,811,550
1,0,1,824,550
1,0,1,825,550
1,0,1,821,550
1,0,1,830,550
1,0,1,829,550
1,0,1,818,550
1,0,1,824,550
1,0,1,834,550
1,0,1,819,550
1,0,1,819,550
1,0,1,828,550
1,0,1,831,550
1,0,1,821,550
1,0,1,831,550
1,0,0,907,550
1,0,0,1011,550
1,0,0,998,550
1,0,0,999,550
1,0,1,967,550
1,0,1,785,550
1,0,1,807,550
1,0,1,809,550
1,0,1,802,550
1,0,1,802,550
1,0,1,794,550
1,0,1,809,550
1,0,1,807,550
1,0,1,801,550
1,0,1,801,550
1,0,1,795,550
1,0,1,809,550
1,0,1,810,550
1,0,1,803,550
1,0,1,801,550
1,0,0,885,550
1,0,0,1006,550
1,0,0,998,550
1,0,0,1000,550
1,0,1,989,550
1,0,1,773,550
1,0,1,763,550
1,0,1,774,550
1,0,1,778,550
1,0,1,778,550
1,0,1,759,550
1,0,1,780,550
1,0,1,779,550
1,0,1,767,550
1,0,1,771,550
1,0,1,785,550
1,0,1,770,550
1,0,1,764,550
1,0,1,781,550
1,0,1,772,550
1,0,0,873,550
1,0,0,1008,550
1,0,0,997,550
1,0,0,997,550
1,0,1,1000,550
1,0,1,716,550
1,0,1,729,550
1,0,0,862,550
1,0,0,996,550
1,0,0,991,550
1,0,0,978,550
1,0,0,979,550
1,0,0,970,550
1,0,0,973,550
1,0,0,970,550
1,0,0,969,550
1,0,0,968,550
1,0,0,974,550
1,0,0,964,550
1,0,0,972,550
1,0,0,963,550
1,0,0,970,550
1,0,0,969,550
1,0,0,973,550
1,0,1,945,550
1,0,1,720,550
1,0,1,722,550
1,0,1,746,550
1,0,1,718,550
1,0,1,722,550
1,0,1,750,550
1,0,1,744,550
1,0,1,723,550
1,0,1,724,550
1,0,1,726,550
1,0,1,721,550
1,0,1,740,550
1,0,1,740,550
1,0,1,737,550
1,0,1,730,550
1,0,0,822,550
1,0,0,997,550
1,0,0,993,550
1,0,0,987,550
1,0,1,972,550
1,0,1,711,550
1,0,1,699,550
1,0,1,706,550
1,0,1,688,550
1,0,1,691,550
1,0,1,695,550
1,0,1,707,550
1,0,1,713,550
1,0,1,688,550
1,0,1,694,550
1,0,1,697,550
1,0,1,706,550
1,0,1,715,550
1,0,1,689,550
1,0,1,694,550
1,0,0,819,550
1,0,0,1009,550
1,0,0,999,550
1,0,0,994,550
1,0,1,993,550
1,0,1,664,550
1,0,1,694,550
1,0,1,682,550
1,0,1,665,550
1,0,1,698,550
1,0,1,685,550
1,0,1,703,550
1,0,1,669,550
1,0,1,680,550
1,0,1,701,550
1,0,1,697,550
1,0,1,683,550
1,0,1,664,550
1,0,1,689,550
1,0,1,737,550
1,0,0,811,550
1,0,0,1013,550
1,0,0,997,550
1,0,0,993,550
1,0,1,994,550
1,0,1,662,550
1,0,1,649,550
1,0,1,668,550
1,0,1,654,550
1,0,1,666,550
1,0,1,643,550
1,0,1,682,550
1,0,1,643,550
1,0,1,682,550
1,0,1,679,550
1,0,1,659,550
1,0,1,665,550
1,0,1,660,550
1,0,1,659,550
1,0,1,640,550
1,0,0,790,550
1,0,0,1011,550
1,0,0,1000,550
1,0,0,994,550
1,0,1,992,550
1,0,1,652,550
1,0,1,618,550
1,0,1,636,550
1,0,1,648,550
1,0,1,629,550
1,0,1,649,550
1,0,1,658,550
1,0,1,663,550
1,0,1,650,550
1,0,1,663,550
1,0,1,650,550
1,0,1,632,550
1,0,1,621,550
1,0,1,622,550
1,0,1,659,550
1,0,0,773,550
1,0,0,1014,550
1,0,0,999,550
1,0,0,1005,550
1,0,1,999,550
1,0,1,596,550
1,0,1,621,550
1,0,1,645,550
1,0,1,623,550
1,0,1,610,550
1,0,1,646,550
1,0,1,608,550
1,0,1,630,550
1,0,1,648,550
1,0,1,612,550
1,0,1,642,550
1,0,1,635,550
1,0,1,597,550
1,0,1,635,550
1,0,1,703,550
1,0,0,785,550
1,0,0,1014,550
1,0,0,996,550
1,0,0,1003,550
1,0,1,992,550
1,0,1,600,550
1,0,1,587,550
1,0,1,581,550
1,0,1,593,550
1,0,1,630,550
1,0,1,587,550
1,0,1,590,550
1,0,1,607,550
1,0,1,620,550
1,0,1,635,550
1,0,1,600,550
1,0,1,612,550
1,0,1,625,550
1,0,1,631,550
1,0,1,672,550
1,0,0,785,550
1,0,0,1014,550
1,0,0,1002,550
1,0,0,992,550
1,0,1,990,550
1,0,1,576,550
1,0,1,600,550
1,0,1,609,550
1,0,1,572,550
1,0,1,568,550
1,0,1,586,550
1,0,1,603,550
1,0,1,615,550
1,0,1,570,550
1,0,1,570,550
1,0,1,583,550
1,0,1,601,550
1,0,1,611,550
1,0,1,570,550
1,0,1,593,550
1,0,0,740,550
1,0,0,1014,550
1,0,0,1000,550
1,0,0,991,550
1,0,1,997,550
1,0,1,580,550
1,0,1,607,550
1,0,1,606,550
1,0,1,589,550
1,0,1,601,550
1,0,1,585,550
1,0,1,563,550
1,0,1,561,550
1,0,1,595,550
1,0,1,579,550
1,0,1,602,550
1,0,1,611,550
1,0,1,601,550
1,0,1,583,550
1,0,1,676,550
1,0,0,758,550
1,0,0,1008,550
1,0,0,995,550
1,0,0,995,550
1,0,1,990,550
1,0,1,553,550
1,0,1,554,550
1,0,1,541,550
1,0,1,575,550
1,0,1,597,550
1,0,1,549,550
1,0,1,549,550
1,0,1,578,550
1,0,1,599,550
1,0,1,573,550
1,0,1,558,550
1,0,1,594,550
1,0,1,602,550
1,0,1,592,550
1,0,1,634,550
1,0,0,737,550
1,0,0,1010,550
1,0,0,998,550
1,0,0,993,550
1,0,1,989,550
1,0,1,557,550
1,0,1,585,550
1,0,1,543,550
1,0,1,579,550
1,0,1,582,550
1,0,1,538,550
1,0,1,597,550
1,0,1,566,550
1,0,1,537,550
1,0,1,589,550
1,0,1,536,550
1,0,1,586,550
1,0,1,559,550
1,0,1,543,550
1,0,1,579,550
1,0,0,760,550
1,0,0,1008,550
1,0,0,994,550
1,0,0,989,550
1,0,1,964,550
1,0,1,567,550
1,0,1,522,550
1,0,1,587,550
1,0,1,575,550
1,0,1,533,550
1,0,1,593,550
1,0,1,552,550
1,0,1,558,550
1,0,1,589,550
1,0,1,539,550
1,0,1,588,550
1,0,1,545,550
1,0,1,531,550
1,0,1,584,550
1,0,1,586,550
1,0,0,761,550
1,0,0,1004,550
1,0,0,993,550
1,0,0,989,550
1,0,1,988,550
1,0,1,529,550
1,0,1,563,550
1,0,1,586,550
1,0,1,538,550
1,0,1,588,550
1,0,1,565,550
1,0,1,537,550
1,0,1,594,550
1,0,1,538,550
1,0,1,589,550
1,0,1,560,550
1,0,1,549,550
1,0,1,559,550
1,0,1,585,550
1,0,1,558,550
1,0,0,725,550
1,0,0,1004,550
1,0,0,990,550
1,0,0,986,550
1,0,1,987,550
1,0,1,580,550
1,0,1,569,550
1,0,1,531,550
1,0,1,597,550
1,0,1,561,550
1,0,1,573,550
1,0,1,590,550
1,0,1,591,550
1,0,1,592,550
1,0,1,561,550
1,0,1,528,550
1,0,1,590,550
1,0,1,575,550
1,0,1,530,550
1,0,1,583,550
1,0,0,715,550
1,0,0,1001,550
1,0,0,989,550
1,0,0,983,550
1,0,1,979,550
1,0,1,575,550
1,0,1,585,550
1,0,0,740,550
1,0,0,1006,550
1,0,0,991,550
1,0,0,974,550
1,0,0,979,550
1,0,0,970,550
1,0,0,969,550
1,0,0,967,550
1,0,0,969,550
1,0,0,964,550
1,0,0,969,550
1,0,0,962,550
1,0,0,967,550
1,0,0,958,550
1,0,0,967,550
1,0,0,966,550
1,0,0,969,550
1,0,1,977,550
1,0,1,513,550
1,0,1,583,550
1,0,1,573,550
1,0,1,529,550
1,0,1,549,550
1,0,1,576,550
1,0,1,526,550
1,0,1,588,550
1,0,1,577,550
1,0,1,536,550
1,0,1,588,550
1,0,1,575,550
1,0,1,524,550
1,0,1,590,550
1,0,1,592,550
1,0,0,757,550
1,0,0,1001,550
1,0,0,990,550
1,0,0,986,550
1,0,1,941,550
1,0,1,560,550
1,0,1,528,550
1,0,1,589,550
1,0,1,540,550
1,0,1,584,550
1,0,1,568,550
1,0,1,555,550
1,0,1,550,550
1,0,1,591,550
1,0,1,566,550
1,0,1,547,550
1,0,1,592,550
1,0,1,555,550
1,0,1,556,550
1,0,1,588,550
1,0,0,763,550
1,0,0,1003,550
1,0,0,990,550
1,0,0,984,550
1,0,1,929,550
1,0,1,514,550
1,0,1,528,550
1,0,1,591,550
1,0,1,589,550
1,0,1,581,550
1,0,1,547,550
1,0,1,591,550
1,0,1,558,550
1,0,1,552,550
1,0,1,592,550
1,0,1,559,550
1,0,1,546,550
1,0,1,592,550
1,0,1,554,550
1,0,1,532,550
1,0,0,716,550
1,0,0,1000,550
1,0,0,989,550
1,0,0,986,550
1,0,1,987,550
1,0,1,581,550
1,0,1,568,550
1,0,1,532,550
1,0,1,556,550
1,0,1,587,550
1,0,1,557,550
1,0,1,548,550
1,0,1,591,550
1,0,1,556,550
1,0,1,535,550
1,0,1,591,550
1,0,1,555,550
1,0,1,546,550
1,0,1,591,550
1,0,1,582,550
1,0,0,761,550
1,0,0,1006,550
1,0,0,989,550
1,0,0,985,550
1,0,1,981,550
1,0,1,518,550
1,0,1,562,550
1,0,1,546,550
1,0,1,567,550
1,0,1,591,550
1,0,1,548,550
1,0,1,563,550
1,0,1,591,550
1,0,1,549,550
1,0,1,543,550
1,0,1,589,550
1,0,1,550,550
1,0,1,562,550
1,0,1,589,550
1,0,1,575,550
1,0,0,744,550
1,0,0,1000,550
1,0,0,988,550
1,0,0,983,550
1,0,1,982,550
1,0,1,524,550
1,0,1,590,550
1,0,1,569,550
1,0,1,551,550
1,0,1,530,550
1,0,1,594,550
1,0,1,555,550
1,0,1,548,550
1,0,1,592,550
1,0,1,568,550
1,0,1,548,550
1,0,1,592,550
1,0,1,557,550
1,0,1,556,550
1,0,1,588,550
1,0,0,761,550
1,0,0,999,550
1,0,0,990,550
1,0,0,984,550
1,0,1,928,550
1,0,1,558,550
1,0,1,528,550
1,0,1,547,550
1,0,1,592,550
1,0,1,583,550
1,0,1,551,550
1,0,1,595,550
1,0,1,558,550
1,0,1,552,550
1,0,1,594,550
1,0,1,531,550
1,0,1,593,550
1,0,1,577,550
1,0,1,530,550
1,0,1,549,550
1,0,0,757,550
1,0,0,1009,550
1,0,0,989,550
1,0,0,987,550
1,0,1,968,550
1,0,1,574,550
1,0,1,537,550
1,0,1,527,550
1,0,1,593,550
1,0,1,594,550
1,0,1,530,550
1,0,1,594,550
1,0,1,578,550
1,0,1,528,550
1,0,1,583,550
1,0,1,578,550
1,0,1,528,550
1,0,1,593,550
1,0,1,575,550
1,0,1,558,550
1,0,0,729,550
1,0,0,1008,550
1,0,0,989,550
1,0,0,985,550
1,0,1,985,550
1,0,1,552,550
1,0,1,586,550
1,0,1,582,550
1,0,1,529,550
1,0,1,542,550
1,0,1,585,550
1,0,1,538,550
1,0,1,589,550
1,0,1,584,550
1,0,1,548,550
1,0,1,589,550
1,0,1,586,550
1,0,1,533,550
1,0,1,592,550
1,0,1,594,550
1,0,0,758,550
1,0,0,1002,550
1,0,0,987,550
1,0,0,983,550
1,0,1,982,550
1,0,1,552,550
1,0,1,588,550
1,0,1,582,550
1,0,1,530,550
1,0,1,545,550
1,0,1,584,550
1,0,1,535,550
1,0,1,588,550
1,0,1,584,550
1,0,1,546,550
1,0,1,588,550
1,0,1,584,550
1,0,1,533,550
1,0,1,592,550
1,0,1,596,550
1,0,0,760,550
1,0,0,999,550
1,0,0,990,550
1,0,0,984,550
1,0,1,983,550
1,0,1,538,550
1,0,1,561,550
1,0,1,586,550
1,0,1,581,550
1,0,1,565,550
1,0,1,591,550
1,0,1,584,550
1,0,1,534,550
1,0,1,590,550
1,0,1,592,550
1,0,1,534,550
1,0,1,589,550
1,0,1,584,550
1,0,1,532,550
1,0,1,545,550
1,0,0,751,550
1,0,0,1002,550
1,0,0,991,550
1,0,0,984,550
1,0,1,975,550
1,0,1,579,550
1,0,1,546,550
1,0,1,533,550
1,0,1,592,550
1,0,1,597,550
1,0,1,533,550
1,0,1,591,550
1,0,1,585,550
1,0,1,538,550
1,0,1,567,550
1,0,1,585,550
1,0,1,537,550
1,0,1,590,550
1,0,1,584,550
1,0,1,565,550
1,0,0,737,550
1,0,0,1000,550
1,0,0,989,550
1,0,0,982,550
1,0,1,985,550
1,0,1,541,550
1,0,1,591,550
1,0,1,589,550
1,0,1,534,550
1,0,1,536,550
1,0,1,591,550
1,0,1,543,550
1,0,1,578,550
1,0,1,591,550
1,0,1,556,550
1,0,1,580,550
1,0,1,589,550
1,0,1,545,550
1,0,1,585,550
1,0,1,598,550
1,0,0,764,550
1,0,0,1001,550
1,0,0,990,550
1,0,0,987,550
1,0,1,983,550
1,0,1,545,550
1,0,1,547,550
1,0,1,578,550
1,0,1,587,550
1,0,1,574,550
1,0,1,580,550
1,0,1,591,550
1,0,1,546,550
1,0,1,581,550
1,0,1,595,550
1,0,1,543,550
1,0,1,579,550
1,0,1,589,550
1,0,1,539,550
1,0,1,537,550
1,0,0,732,550
1,0,0,996,550
1,0,0,988,550
1,0,0,984,550
1,0,1,984,550
1,0,1,585,550
1,0,1,550,550
1,0,0,748,550
1,0,0,992,550
1,0,0,979,550
1,0,0,970,550
1,0,0,970,550
1,0,0,965,550
1,0,0,968,550
1,0,0,962,550
1,0,0,965,550
1,0,0,959,550
1,0,0,964,550
1,0,0,958,550
1,0,0,964,550
1,0,0,958,550
1,0,0,964,550
1,0,0,963,550
1,0,0,967,550
1,0,1,970,550
1,0,1,583,550
1,0,1,567,550
1,0,1,532,550
1,0,1,595,550
1,0,1,583,550
1,0,1,534,550
1,0,1,595,550
1,0,1,574,550
1,0,1,537,550
1,0,1,565,550
1,0,1,574,550
1,0,1,536,550
1,0,1,594,550
1,0,1,570,550
1,0,1,550,550
1,0,0,726,550
1,0,0,1002,550
1,0,0,985,550
1,0,0,983,550
1,0,1,981,550
1,0,1,580,550
1,0,1,593,550
1,0,1,573,550
1,0,1,538,550
1,0,1,594,550
1,0,1,575,550
1,0,1,539,550
1,0,1,598,550
1,0,1,576,550
1,0,1,554,550
1,0,1,598,550
1,0,1,575,550
1,0,1,535,550
1,0,1,597,550
1,0,1,594,550
1,0,0,758,550
1,0,0,1007,550
1,0,0,990,550
1,0,0,985,550
1,0,1,982,550
1,0,1,531,550
1,0,1,578,550
1,0,1,593,550
1,0,1,577,550
1,0,1,543,550
1,0,1,597,550
1,0,1,581,550
1,0,1,529,550
1,0,1,596,550
1,0,1,598,550
1,0,1,529,550
1,0,1,596,550
1,0,1,580,550
1,0,1,532,550
1,0,1,556,550
1,0,0,756,550
1,0,0,1003,550
1,0,0,990,550
1,0,0,983,550
1,0,1,970,550
1,0,1,579,550
1,0,1,577,550
1,0,1,531,550
1,0,1,599,550
1,0,1,590,550
1,0,1,531,550
1,0,1,597,550
1,0,1,582,550
1,0,1,535,550
1,0,1,554,550
1,0,1,582,550
1,0,1,535,550
1,0,1,596,550
1,0,1,579,550
1,0,1,560,550
1,0,0,754,550
1,0,0,995,550
1,0,0,987,550
1,0,0,983,550
1,0,1,983,550
1,0,1,554,550
1,0,1,571,550
1,0,1,536,550
1,0,1,598,550
1,0,1,586,550
1,0,1,537,550
1,0,1,601,550
1,0,1,578,550
1,0,1,535,550
1,0,1,568,550
1,0,1,576,550
1,0,1,537,550
1,0,1,599,550
1,0,1,573,550
1,0,1,555,550
1,0,0,727,550
1,0,0,999,550
1,0,0,988,550
1,0,0,983,550
1,0,1,982,550
1,0,1,586,550
1,0,1,578,550
1,0,1,567,550
1,0,1,549,550
1,0,1,599,550
1,0,1,569,550
1,0,1,546,550
1,0,1,600,550
1,0,1,569,550
1,0,1,546,550
1,0,1,600,550
1,0,1,569,550
1,0,1,543,550
1,0,1,598,550
1,0,1,591,550
1,0,0,756,550
1,0,0,1000,550
1,0,0,988,550
1,0,0,985,550
1,0,1,980,550
1,0,1,522,550
1,0,1,594,550
1,0,1,597,550
1,0,1,566,550
1,0,1,534,550
1,0,1,600,550
1,0,1,569,550
1,0,1,543,550
1,0,1,601,550
1,0,1,595,550
1,0,1,546,550
1,0,1,602,550
1,0,1,569,550
1,0,1,548,550
1,0,1,583,550
1,0,0,764,550
1,0,0,1002,550
1,0,0,988,550
1,0,0,981,550
1,0,1,933,550
1,0,1,562,550
1,0,1,533,550
1,0,1,553,550
1,0,1,599,550
1,0,1,573,550
1,0,1,557,550
1,0,1,599,550
1,0,1,561,550
1,0,1,556,550
1,0,1,594,550
1,0,1,561,550
1,0,1,554,550
1,0,1,599,550
1,0,1,557,550
1,0,1,538,550
1,0,0,720,550
1,0,0,1008,550
1,0,0,986,550
1,0,0,983,550
1,0,1,974,550
1,0,1,585,550
1,0,1,551,550
1,0,1,535,550
1,0,1,596,550
1,0,1,597,550
1,0,1,541,550
1,0,1,596,550
1,0,1,589,550
1,0,1,537,550
1,0,0,757,550
1,0,0,1003,550
1,0,0,991,550
1,0,0,984,550
1,0,0,983,550
1,0,1,982,550
1,0,0,927,550
1,0,0,987,550
1,0,0,985,550
1,0,0,984,550
1,0,1,972,550
1,0,1,889,550
1,0,1,890,550
1,0,1,899,550
1,0,1,891,550
1,0,1,895,550
1,0,1,891,550
1,0,1,899,550
1,0,1,885,550
1,0,1,895,550
1,0,1,891,550
1,0,1,842,550
1,0,1,847,550
1,0,1,848,550
1,0,1,842,550
1,0,0,919,550
1,0,0,1000,550
1,0,0,997,550
1,0,0,990,550
1,0,0,996,550
1,0,1,977,550
1,0,1,899,550
1,0,1,897,550
1,0,1,900,550
1,0,1,911,550
1,0,1,902,550
1,0,1,900,550
1,0,1,903,550
1,0,1,910,550
1,0,1,895,550
1,0,1,908,550
1,0,1,908,550
1,0,1,902,550
1,0,1,897,550
1,0,1,911,550
1,0,1,897,550
1,0,0,909,550
1,0,0,999,550
1,0,0,994,550
1,0,0,999,550
1,0,1,989,550
1,0,1,838,550
1,0,1,843,550
1,0,1,844,550
1,0,1,843,550
1,0,1,848,550
1,0,1,847,550
1,0,1,844,550
1,0,1,844,550
1,0,1,845,550
1,0,1,844,550
1,0,1,848,550
1,0,1,848,550
1,0,1,846,550
1,0,1,849,550
1,0,1,861,550
1,0,0,902,550
1,0,0,1009,550
1,0,0,995,550
1,0,0,996,550
1,0,1,988,550
1,0,1,810,550
1,0,1,822,550
1,0,1,826,550
1,0,1,823,550
1,0,1,831,550
1,0,1,826,550
1,0,1,822,550
1,0,1,824,550
1,0,1,835,550
1,0,1,819,550
1,0,1,820,550
1,0,1,828,550
1,0,1,829,550
1,0,1,822,550
1,0,1,841,550
1,0,0,886,550
1,0,0,1006,550
1,0,0,1002,550
1,0,0,992,550
1,0,1,983,550
1,0,1,784,550
1,0,1,808,550
1,0,1,809,550
1,0,1,800,550
1,0,1,798,550
1,0,1,793,550
1,0,1,812,550
1,0,1,809,550
1,0,1,799,550
1,0,1,801,550
1,0,1,798,550
1,0,1,810,550
1,0,1,812,550
1,0,1,800,550
1,0,1,813,550
1,0,0,885,550
1,0,0,1003,550
1,0,0,1006,550
1,0,0,993,550
1,0,1,969,550
1,0,1,761,550
1,0,1,780,550
1,0,0,885,550
1,0,0,998,550
1,0,0,989,550
1,0,0,978,550
1,0,0,978,550
1,0,0,974,550
1,0,0,974,550
1,0,0,967,550
1,0,0,969,550
1,0,0,968,550
1,0,0,973,550
1,0,0,964,550
1,0,0,968,550
1,0,0,962,550
1,0,0,967,550
1,0,0,966,550
1,0,0,970,550
1,0,1,979,550
1,0,1,772,550
1,0,1,760,550
1,0,1,781,550
1,0,1,785,550
1,0,1,776,550
1,0,1,763,550
1,0,1,775,550
1,0,1,762,550
1,0,1,758,550
1,0,1,760,550
1,0,1,750,550
1,0,1,756,550
1,0,1,738,550
1,0,1,741,550
1,0,0,861,550
1,0,0,994,550
1,0,0,987,550
1,0,0,982,550
1,0,0,983,550
1,0,0,983,550
1,0,0,987,550
1,0,0,985,550
1,0,0,992,550
1,0,0,991,550
1,0,0,996,550
1,0,0,993,550
1,0,0,999,550
1,0,0,994,550
1,0,0,1000,550
1,0,0,999,550
1,0,0,998,550
1,0,0,997,550
1,0,0,998,550
1,0,0,1000,550
1,0,0,999,550
1,0,0,1000,550
1,0,0,993,550
1,0,0,995,550
1,0,0,992,550
1,0,0,991,550
1,0,0,999,550
1,0,0,999,550
1,0,0,998,550
1,0,0,998,550
1,0,1,970,550
1,0,1,908,550
1,0,1,901,550
1,0,1,905,550
1,0,1,909,550
1,0,0,940,550
1,0,0,1001,550
1,0,0,1000,550
1,0,0,997,550
1,0,0,995,550
1,0,0,999,550
1,0,0,998,550
1,0,0,999,550
1,0,0,997,550
1,0,0,997,550
1,0,0,999,550
1,0,0,1000,550
1,0,0,999,550
1,0,0,999,550
1,0,0,999,550
1,0,0,999,550
1,0,0,999,550
1,0,0,999,550
1,0,0,999,550
1,0,0,999,550
1,0,0,998,550
1,0,0,996,550
1,0,0,999,550
1,0,0,998,550
1,0,0,998,550
1,0,0,996,550
1,0,0,999,550
1,0,0,996,550
1,0,0,1000,550
1,0,0,992,550
1,0,0,1000,550
1,0,0,994,550
1,0,0,998,550
1,0,0,998,550
1,0,0,998,550
1,0,0,998,550
1,0,0,1000,550
1,0,0,998,550
1,0,0,997,550
1,0,0,998,550
1,0,0,997,550
1,0,0,996,550
1,0,0,997,550
1,0,0,1000,550
1,0,0,996,550
1,0,0,998,550
1,0,0,998,550
1,0,0,996,550
1,0,0,1000,550
1,0,0,999,550
1,0,0,993,550
1,0,0,1000,550
1,0,0,998,550
1,0,0,1000,550
1,0,0,998,550
1,0,0,997,550
1,0,0,998,550
1,0,0,999,550
1,0,0,998,550
1,0,0,996,550
1,0,1,979,550
1,0,1,908,550
1,0,1,894,550
1,0,1,902,550
1,0,1,905,550
1,0,0,937,550
1,0,0,1000,550
1,0,0,998,550
1,0,0,999,550
1,0,0,994,550
1,0,0,999,550
1,0,0,995,550
1,0,0,996,550
1,0,0,997,550
1,0,0,1000,550
1,0,0,997,550
1,0,0,1000,550
1,0,0,1001,550
1,0,0,998,550
1,0,0,998,550
1,0,0,997,550
1,0,0,998,550
1,0,0,999,550
1,0,0,999,550
1,0,0,999,550
1,0,0,1001,550
1,0,0,998,550
1,0,0,997,550
1,0,0,995,550
1,0,0,993,550
1,0,0,1000,550
1,0,0,1000,550
1,0,0,999,550
1,0,0,996,550
1,0,0,996,550
1,0,0,998,550
1,0,0,997,550
1,0,0,996,550
1,0,0,997,550
1,0,0,999,550
1,0,0,998,550
1,0,0,997,550
1,0,0,997,550
1,0,0,997,550
1,0,0,997,550
1,0,0,1000,550
1,0,0,997,550
1,0,0,997,550
1,0,0,1000,550
1,0,0,994,550
1,0,0,995,550
1,0,0,998,550
1,0,0,997,550
1,0,0,1000,550
1,0,0,997,550
1,0,0,999,550
1,0,0,999,550
1,0,0,997,550
1,0,0,998,550
1,0,0,998,550
1,0,0,1000,550
1,0,0,997,550
1,0,0,996,550
1,0,0,999,550
1,0,0,998,550
1,0,0,998,550
1,0,0,997,550
1,0,0,996,550
1,0,0,999,550
1,0,0,997,550
1,0,0,997,550
1,0,0,995,550
1,0,0,999,550
1,0,0,1000,550
1,0,0,998,550
1,0,0,996,550
1,0,0,996,550
1,0,0,998,550
1,0,0,998,550
1,0,0,998,550
1,0,0,998,550
1,0,0,998,550
1,0,0,998,550
1,0,0,998,550
1,0,0,998,550
1,0,0,997,550
1,0,0,999,550
1,0,0,1000,550
1,0,0,996,550
1,0,0,997,550
1,0,1,982,550
1,0,1,905,550
1,0,1,896,550
1,0,1,896,550
1,0,1,908,550
1,0,0,947,550
1,0,0,1001,550
1,0,0,999,550
1,0,0,1000,550
1,0,0,1000,550
1,0,0,996,550
1,0,0,996,550
1,0,0,998,550
1,0,0,997,550
1,0,0,998,550
1,0,0,996,550
1,0,0,997,550
1,0,0,995,550
1,0,0,999,550
1,0,0,995,550
1,0,0,997,550
1,0,0,997,550
1,0,0,996,550
1,0,0,996,550
1,0,0,997,550
1,0,0,999,550
1,0,0,998,550
1,0,0,1000,550
1,0,0,998,550
1,0,0,998,550
1,0,0,998,550
1,0,0,998,550
1,0,0,998,550
1,0,0,998,550
1,0,0,996,550
1,0,0,996,550
1,0,0,998,550
1,0,0,995,550
1,0,0,999,550
1,0,0,998,550
1,0,0,999,550
1,0,0,1000,550
1,0,0,997,550
1,0,0,999,550
1,0,0,999,550
1,0,0,1000,550
1,0,0,999,550
1,0,0,1000,550
1,0,0,998,550
1,0,0,998,550
1,0,0,998,550
1,0,0,1000,550
1,0,0,999,550
1,0,0,997,550
1,0,0,999,550
1,0,0,997,550
1,0,0,997,550
1,0,0,995,550
1,0,0,996,550
1,0,0,997,550
1,0,1,964,550
1,0,1,839,550
1,0,1,846,550
1,0,1,848,550
1,0,1,852,550
1,0,0,921,550
1,0,0,1004,550
1,0,0,1002,550
1,0,0,998,550
1,0,0,996,550
1,0,0,998,550
1,0,0,996,550
1,0,0,998,550
1,0,0,1000,550
1,0,0,999,550
1,0,0,997,550
1,0,0,1000,550
1,0,0,996,550
1,0,0,999,550
1,0,0,996,550
1,0,0,998,550
1,0,0,997,550
1,0,0,1000,550
1,0,0,992,550
1,0,0,986,550
1,0,0,987,550
1,0,0,978,550
1,0,0,978,550
1,0,0,976,550
1,0,0,976,550
1,0,0,971,550
1,0,0,973,550
1,0,0,966,550
1,0,0,970,550
1,0,0,967,550
1,0,0,968,550
1,0,0,966,550
1,0,0,973,550
1,0,0,969,550
1,0,0,975,550
1,0,0,982,550
1,0,0,985,550
1,0,0,984,550
1,0,0,986,550
1,0,0,987,550
1,0,0,995,550
1,0,0,993,550
1,0,0,1000,550
1,0,0,993,550
1,0,0,997,550
1,0,0,999,550
1,0,0,1001,550
1,0,0,997,550
1,0,0,998,550
1,0,0,1000,550
1,0,0,997,550
1,0,0,1001,550
1,0,0,997,550
1,0,0,994,550
1,0,0,1000,550
1,0,0,997,550
1,0,0,998,550
1,0,0,998,550
1,0,0,997,550
1,0,0,998,550
1,0,0,998,550
1,0,0,996,550
1,0,0,1000,550
1,0,0,998,550
1,0,0,996,550
1,0,0,998,550
1,0,0,999,550
1,0,0,999,550
1,0,0,997,550
1,0,0,998,550
1,0,0,997,550
1,0,0,997,550
1,0,0,997,550
1,0,0,996,550
1,0,0,995,550
1,0,0,995,550
1,0,0,996,550
1,0,0,997,550
1,0,0,998,550
1,0,0,1000,550
1,0,0,999,550
1,0,0,999,550
1,0,0,998,550
1,0,0,997,550
1,0,0,999,550
1,0,0,998,550
1,0,0,998,550
1,0,0,1000,550
1,0,0,1000,550
1,0,0,1000,550
1,0,0,999,550
1,0,0,997,550
1,0,0,995,550
1,0,0,998,550
1,0,0,1000,550
1,0,0,1000,550
1,0,0,998,550
1,0,0,997,550
1,0,0,996,550
1,0,0,998,550
1,0,0,998,550
1,0,0,998,550
1,0,0,997,550
1,0,0,998,550
1,0,0,998,550
1,0,0,999,550
1,0,0,998,550
1,0,0,997,550
1,0,0,998,550
1,0,0,999,550
1,0,0,997,550
1,0,0,997,550
1,0,0,995,550
1,0,0,995,550
1,0,0,997,550
1,0,0,999,550
1,0,0,999,550
1,0,0,997,550
1,0,0,1000,550
1,0,0,998,550
1,0,0,998,550
1,0,0,998,550
1,0,0,998,550
1,0,0,998,550
1,0,0,998,550
1,0,0,1000,550
1,0,0,997,550
1,0,0,998,550
1,0,0,996,550
1,0,0,997,550
1,0,0,998,550
1,0,0,997,550
1,0,0,996,550
1,0,0,997,550
1,0,0,999,550
1,0,0,997,550
1,0,0,998,550
1,0,0,997,550
1,0,0,997,550
1,0,0,998,550
1,0,0,996,550
1,0,0,997,550
1,0,0,1000,550
1,0,0,998,550
1,0,0,1000,550
1,0,0,998,550
1,0,0,997,550
1,0,0,998,550
1,0,0,998,550
1,0,0,999,550
1,0,0,998,550
1,0,0,999,550
1,0,0,1000,550
1,0,0,995,550
1,0,0,997,550
1,0,1,960,550
1,0,1,905,550
1,0,1,896,550
1,0,1,908,550
1,0,1,905,550
1,0,0,941,550
1,0,0,1006,550
1,0,0,1002,550
1,0,0,1001,550
1,0,0,1000,550
1,0,0,1000,550
1,0,0,997,550
1,0,0,998,550
1,0,0,1000,550
1,0,0,998,550
1,0,0,997,550
1,0,0,1000,550
1,0,0,997,550
1,0,0,997,550
1,0,0,998,550
1,0,0,998,550
1,0,0,996,550
1,0,0,1000,550
1,0,0,997,550
1,0,0,996,550
1,0,0,997,550
1,0,0,997,550
1,0,0,997,550
1,0,0,997,550
1,0,0,998,550
1,0,0,999,550
1,0,0,998,550
1,0,0,997,550
1,0,0,998,550
1,0,0,1000,550
1,0,0,997,550
1,0,0,999,550
1,0,0,996,550
1,0,0,1000,550
1,0,0,997,550
1,0,0,998,550
1,0,0,998,550
1,0,0,997,550
1,0,0,999,550
1,0,0,995,550
1,0,0,997,550
1,0,0,999,550
1,0,0,997,550
1,0,0,999,550
1,0,0,1000,550
1,0,0,998,550
1,0,0,997,550
1,0,0,1000,550
1,0,0,998,550
1,0,0,996,550
1,0,0,999,550
1,0,0,999,550
1,0,0,997,550
1,0,0,998,550
1,0,0,997,550
1,0,0,1000,550
1,0,0,996,550
1,0,0,1000,550
1,0,0,997,550
1,0,0,999,550
1,0,0,998,550
1,0,0,998,550
1,0,0,996,550
1,0,0,1000,550
1,0,0,998,550
1,0,0,999,550
1,0,0,999,550
1,0,0,998,550
1,0,0,998,550
1,0,0,998,550
1,0,0,998,550
1,0,0,1000,550
1,0,0,997,550
1,0,0,997,550
1,0,0,996,550
1,0,0,996,550
1,0,0,999,550
1,0,0,998,550
1,0,0,998,550
1,0,0,998,550
1,0,0,997,550
1,0,0,999,550
1,0,0,998,550
1,0,0,998,550
1,0,0,999,550
1,0,0,999,550
1,0,0,999,550
1,0,0,999,550
1,0,0,998,550
1,0,0,998,550
1,0,0,997,550
1,0,0,998,550
1,0,0,999,550
1,0,0,997,550
1,0,0,999,550
1,0,0,997,550
1,0,0,997,550
1,0,0,998,550
1,0,0,996,550
1,0,0,997,550
1,0,0,998,550
1,0,0,999,550
1,0,0,1001,550
1,0,0,998,550
1,0,0,998,550
1,0,0,999,550
1,0,0,998,550
1,0,0,999,550
1,0,0,998,550
1,0,0,998,550
1,0,0,998,550
1,0,0,997,550
1,0,0,1001,550
1,0,0,999,550
1,0,0,998,550
1,0,0,997,550
1,0,0,999,550
1,0,0,1000,550
1,0,0,1000,550
1,0,0,999,550
1,0,0,998,550
1,0,0,998,550
1,0,0,997,550
1,0,0,998,550
1,0,0,997,550
1,0,0,1000,550
1,0,0,999,550
1,0,0,996,550
1,0,0,998,550
1,0,0,999,550
1,0,0,999,550
1,0,0,998,550
1,0,0,999,550
1,0,0,997,550
1,0,0,999,550
1,0,0,999,550
1,0,0,999,550
1,0,0,999,550
1,0,0,997,550
1,0,0,997,550
1,0,0,999,550
1,0,0,998,550
1,0,0,999,550
1,0,0,997,550
1,0,0,997,550
1,0,0,999,550
1,0,0,998,550
1,0,0,996,550
1,0,0,999,550
1,0,0,996,550
1,0,0,1000,550
1,0,0,997,550
1,0,0,996,550
1,0,0,998,550
1,0,0,999,550
1,0,0,1000,550
1,0,0,1001,550
1,0,0,998,550
1,0,0,1000,550
1,0,0,986,550
1,0,0,987,550
1,0,0,978,550
1,0,0,978,550
1,0,0,972,550
1,0,0,978,550
1,0,0,969,550
1,0,0,971,550
1,0,0,971,550
1,0,0,969,550
1,0,0,967,550
1,0,0,969,550
1,0,0,966,550
1,0,0,970,550
1,0,0,977,550
1,0,0,979,550
1,0,0,979,550
1,0,0,982,550
1,0,0,982,550
1,0,0,986,550
1,0,0,989,550
1,0,0,997,550
1,0,0,990,550
1,0,0,1001,550
1,0,0,994,550
1,0,0,999,550
1,0,0,998,550
1,0,0,997,550
1,0,0,997,550
1,0,0,998,550
1,0,0,998,550
1,0,0,1000,550
1,0,0,997,550
1,0,0,999,550
1,0,0,998,550
1,0,0,995,550
1,0,0,999,550
1,0,0,996,550
1,0,0,1000,550
1,0,0,1000,550
1,0,0,998,550
1,0,0,1000,550
1,0,0,998,550
1,0,0,998,550
1,0,0,997,550
1,0,0,998,550
1,0,0,998,550
1,0,0,999,550
1,0,0,996,550
1,0,0,999,550
1,0,0,998,550
1,0,0,999,550
1,0,0,1000,550
1,0,0,1001,550
1,0,0,999,550
1,0,0,996,550
1,0,0,1000,550
1,0,0,998,550
1,0,0,998,550
1,0,0,999,550
1,0,0,1000,550
1,0,0,1000,550
1,0,0,999,550
1,0,0,998,550
1,0,0,1000,550
1,0,0,999,550
1,0,0,1000,550
1,0,0,1000,550
1,0,0,999,550
1,0,0,999,550
1,0,0,999,550
1,0,0,998,550
1,0,0,997,550
1,0,0,999,550
1,0,0,997,550
1,0,0,999,550
1,0,0,999,550
1,0,0,1000,550
1,0,0,998,550
1,0,0,1000,550
1,0,0,999,550
1,0,0,998,550
1,0,0,999,550
1,0,0,997,550
1,0,0,998,550
1,0,0,997,550
1,0,0,997,550
1,0,0,999,550
1,0,0,998,550
1,0,0,998,550
1,0,0,997,550
1,0,0,1000,550
1,0,0,1000,550
1,0,0,996,550
1,0,0,1000,550
1,0,0,996,550
1,0,0,996,550
1,0,0,997,550
1,0,0,999,550
1,0,0,997,550
1,0,0,999,550
1,0,0,997,550
1,0,0,997,550
1,0,0,1000,550
1,0,0,998,550
1,0,0,1000,550
1,0,0,997,550
1,0,0,998,550
1,0,0,997,550
1,0,0,998,550
1,0,0,1000,550
1,0,0,997,550
1,0,0,1000,550
1,0,0,998,550
1,0,0,999,550
1,0,0,998,550
1,0,1,995,550
1,0,1,891,550
1,0,1,907,550
1,0,1,903,550
1,0,1,902,550
1,0,0,952,550
1,0,0,1006,550
1,0,0,999,550
1,0,0,1000,550
1,0,0,998,550
1,0,0,998,550
1,0,0,997,550
1,0,0,1000,550
1,0,0,997,550
1,0,0,998,550
1,0,0,999,550
1,0,0,998,550
1,0,0,999,550
1,0,0,999,550
1,0,0,996,550
1,0,0,997,550
1,0,0,1000,550
1,0,0,1000,550
1,0,0,1001,550
1,0,0,999,550
1,0,0,999,550
1,0,0,997,550
1,0,0,998,550
1,0,0,998,550
1,0,0,998,550
1,0,0,998,550
1,0,0,1000,550
1,0,0,999,550
1,0,0,997,550
1,0,0,998,550
1,0,0,1001,550
1,0,0,1000,550
1,0,0,996,550
1,0,0,996,550
1,0,0,1000,550
1,0,0,998,550
1,0,0,998,550
1,0,0,1000,550
1,0,0,998,550
1,0,0,998,550
1,0,0,998,550
1,0,0,998,550
1,0,0,1000,550
1,0,0,998,550
1,0,0,998,550
1,0,0,998,550
1,0,0,999,550
1,0,0,997,550
1,0,0,998,550
1,0,0,998,550
1,0,0,1000,550
1,0,0,998,550
1,0,0,995,550
1,0,0,998,550
1,0,0,998,550
1,0,0,997,550
1,0,0,999,550
1,0,0,999,550
1,0,0,998,550
1,0,0,997,550
1,0,0,999,550
1,0,0,999,550
1,0,0,998,550
1,0,0,998,550
1,0,0,1000,550
1,0,0,998,550
1,0,0,998,550
1,0,0,1000,550
1,0,0,1000,550
1,0,0,998,550
1,0,0,1000,550
1,0,0,1000,550
1,0,0,996,550
1,0,0,1001,550
1,0,0,998,550
1,0,0,995,550
1,0,0,1001,550
1,0,0,996,550
1,0,0,998,550
1,0,0,998,550
1,0,0,998,550
1,0,0,998,550
1,0,0,998,550
1,0,0,997,550
1,0,0,997,550
1,0,0,999,550
1,0,0,998,550
1,0,0,996,550
1,0,0,999,550
1,0,0,998,550
1,0,0,1001,550
1,0,0,1000,550
1,0,0,997,550
1,0,0,1001,550
1,0,0,999,550
1,0,0,997,550
1,0,0,998,550
1,0,0,998,550
1,0,0,998,550
1,0,0,997,550
1,0,0,997,550
1,0,0,997,550
1,0,0,998,550
1,0,0,999,550
1,0,0,998,550
1,0,0,999,550
1,0,0,998,550
1,0,0,998,550
1,0,0,998,550
1,0,0,998,550
1,0,0,997,550
1,0,0,998,550
1,0,0,999,550
1,0,0,998,550
1,0,0,999,550
1,0,0,998,550
1,0,0,999,550
1,0,0,998,550
1,0,0,999,550
1,0,0,997,550
1,0,0,998,550
1,0,0,998,550
1,0,0,999,550
1,0,0,998,550
1,0,0,998,550
1,0,0,998,550
1,0,0,998,550
1,0,0,1000,550
1,0,0,996,550
1,0,0,999,550
1,0,1,962,550
1,0,0,949,550
1,0,0,1001,550
1,0,0,998,550
1,0,0,1000,550
1,0,0,999,550
1,0,0,1000,550
1,0,0,1000,550
1,0,0,999,550
1,0,0,998,550
1,0,0,998,550
1,0,0,1000,550
1,0,0,998,550
1,0,0,1000,550
1,0,0,999,550
1,0,0,997,550
1,0,0,1000,550
1,0,0,1001,550
1,0,0,998,550
1,0,0,998,550
1,0,0,1000,550
1,0,0,998,550
1,0,0,997,550
1,0,0,996,550
1,0,0,997,550
1,0,0,997,550
1,0,0,997,550
1,0,0,999,550
1,0,0,998,550
1,0,0,1000,550
1,0,1,995,550
1,0,1,838,550
1,0,1,844,550
1,0,1,842,550
1,0,1,843,550
1,0,0,912,550
1,0,0,1007,550
1,0,0,1000,550
1,0,0,1002,550
1,0,0,998,550
1,0,0,998,550
1,0,0,997,550
1,0,0,999,550
1,0,0,998,550
1,0,0,996,550
1,0,0,1001,550
1,0,0,998,550
1,0,0,999,550
1,0,0,994,550
1,0,0,985,550
1,0,0,989,550
1,0,0,980,550
1,0,0,978,550
1,0,0,970,550
1,0,0,975,550
1,0,0,968,550
1,0,0,974,550
1,0,0,970,550
1,0,0,975,550
1,0,0,966,550
1,0,0,970,550
1,0,0,966,550
1,0,0,972,550
1,0,0,974,550
1,0,0,977,550
1,0,0,981,550
1,0,0,986,550
1,0,0,985,550
1,0,0,988,550
1,0,0,992,550
1,0,0,993,550
1,0,0,991,550
1,0,0,999,550
1,0,0,994,550
1,0,0,997,550
1,0,0,1000,550
1,0,0,998,550
1,0,0,999,550
1,0,0,1000,550
1,0,0,997,550
1,0,0,999,550
1,0,0,998,550
1,0,0,997,550
1,0,0,996,550
1,0,0,994,550
1,0,0,997,550
1,0,0,997,550
1,0,0,999,550
1,0,0,998,550
1,0,0,998,550
1,0,0,998,550
1,0,0,996,550
1,0,0,997,550
1,0,0,999,550
1,0,0,1000,550
1,0,0,998,550
1,0,0,998,550
1,0,0,998,550
1,0,0,1000,550
1,0,0,999,550
1,0,0,997,550
1,0,0,999,550
1,0,0,997,550
1,0,0,995,550
1,0,0,999,550
1,0,0,995,550
1,0,0,998,550
1,0,0,998,550
1,0,0,997,550
1,0,0,997,550
1,0,0,998,550
1,0,0,998,550
1,0,0,1000,550
1,0,0,996,550
1,0,0,996,550
1,0,0,999,550
1,0,0,997,550
1,0,0,999,550
1,0,0,998,550
1,0,0,999,550
1,0,0,997,550
1,0,0,998,550
1,0,0,998,550
1,0,0,1000,550
1,0,0,997,550
1,0,0,996,550
1,0,0,998,550
1,0,0,997,550
1,0,0,998,550
1,0,0,998,550
1,0,0,1001,550
1,0,0,998,550
1,0,0,995,550
1,0,0,999,550
1,0,0,996,550
1,0,0,998,550
1,0,0,999,550
1,0,0,999,550
1,0,0,997,550
1,0,0,999,550
1,0,0,998,550
1,0,0,996,550
1,0,0,998,550
1,0,0,997,550
1,0,0,996,550
1,0,0,996,550
1,0,0,995,550
1,0,0,998,550
1,0,0,998,550
1,0,0,999,550
1,0,0,997,550
1,0,0,999,550
1,0,0,1000,550
1,0,0,997,550
1,0,0,998,550
1,0,0,999,550
1,0,0,997,550
1,0,0,997,550
1,0,0,998,550
1,0,0,997,550
1,0,0,998,550
1,0,0,998,550
1,0,0,997,550
1,0,0,995,550
1,0,0,998,550
1,0,0,998,550
1,0,0,998,550
1,0,0,998,550
1,0,0,1000,550
1,0,0,997,550
1,0,0,1000,550
1,0,0,998,550
1,0,0,998,550
1,0,0,998,550
1,0,0,997,550
1,0,0,998,550
1,0,0,999,550
1,0,0,999,550
1,0,0,999,550
1,0,0,998,550
1,0,0,999,550
1,0,0,1000,550
1,0,0,998,550
1,0,0,1000,550
1,0,0,998,550
1,0,0,997,550
1,0,0,997,550
1,0,0,999,550
1,0,0,996,550
1,0,0,997,550
1,0,0,998,550
1,0,0,998,550
1,0,0,996,550
1,0,0,1001,550
1,0,0,998,550
1,0,0,997,550
1,0,0,999,550
1,0,0,998,550
1,0,0,999,550
1,0,0,999,550
1,0,0,1000,550
1,0,0,997,550
1,0,0,997,550
1,0,0,1000,550
1,0,0,998,550
1,0,0,1000,550
1,0,0,998,550
1,0,0,998,550
1,0,0,998,550
1,0,0,1000,550
1,0,0,1000,550
1,0,0,998,550
1,0,0,998,550
1,0,0,998,550
1,0,0,998,550
1,0,0,1000,550
1,0,0,1000,550
1,0,0,1000,550
1,0,0,998,550
1,0,0,997,550
1,0,0,998,550
1,0,0,999,550
1,0,0,998,550
1,0,0,999,550
1,0,0,998,550
1,0,0,1000,550
1,0,0,997,550
1,0,0,997,550
1,0,0,999,550
1,0,0,998,550
1,0,0,998,550
1,0,0,997,550
1,0,0,998,550
1,0,0,998,550
1,0,0,999,550
1,0,0,997,550
1,0,0,998,550
1,0,0,997,550
1,0,0,998,550
1,0,0,998,550
1,0,0,1000,550
1,0,0,998,550
1,0,0,999,550
1,0,0,998,550
1,0,0,998,550
1,0,0,1000,550
1,0,0,996,550
1,0,0,1000,550
1,0,0,1000,550
1,0,0,999,550
1,0,0,998,550
1,0,0,998,550
1,0,0,998,550
1,0,0,997,550
1,0,0,1000,550
1,0,0,997,550
1,0,0,999,550
1,0,0,998,550
1,0,0,999,550
1,0,0,998,550
1,0,0,1001,550
1,0,0,998,550
1,0,0,998,550
1,0,0,998,550
1,0,0,999,550
1,0,0,997,550
1,0,0,997,550
1,0,0,998,550
1,0,0,1000,550
1,0,0,1000,550
1,0,0,998,550
1,0,0,999,550
1,0,0,996,550
1,0,0,998,550
1,0,0,998,550
1,0,0,997,550
1,0,0,998,550
1,0,0,998,550
1,0,0,999,550
1,0,0,997,550
1,0,0,998,550
1,0,0,998,550
1,0,0,997,550
1,0,0,1000,550
1,0,0,997,550
1,0,0,997,550
1,0,0,998,550
1,0,0,1000,550
1,0,0,997,550
1,0,0,1000,550
1,0,0,1000,550
1,0,0,997,550
1,0,0,999,550
1,0,0,1000,550
1,0,0,998,550
1,0,0,997,550
1,0,0,999,550
1,0,0,998,550
1,0,0,997,550
1,0,0,997,550
1,0,0,1000,550
1,0,0,1000,550
1,0,0,998,550
1,0,0,1000,550
1,0,0,997,550
1,0,0,999,550
1,0,0,996,550
1,0,0,998,550
1,0,0,997,550
1,0,0,999,550
1,0,0,997,550
1,0,0,997,550
1,0,0,998,550
1,0,0,998,550
1,0,0,997,550
1,0,0,998,550
1,0,0,998,550
1,0,0,1000,550
1,0,0,1000,550
1,0,0,998,550
1,0,0,1000,550
1,0,0,998,550
1,0,0,998,550
1,0,0,1000,550
1,0,0,1000,550
1,0,0,997,550
1,0,0,1000,550
1,0,0,999,550
1,0,0,996,550
1,0,0,998,550
1,0,0,998,550
1,0,0,998,550
1,0,0,998,550
1,0,0,998,550
1,0,0,998,550
1,0,0,1000,550
1,0,0,998,550
1,0,0,999,550
1,0,0,1000,550
1,0,0,999,550
1,0,0,997,550
1,0,0,996,550
1,0,0,997,550
1,0,0,997,550
1,0,0,997,550
1,0,0,999,550
1,0,0,999,550
1,0,0,999,550
1,0,0,994,550
1,0,0,987,550
1,0,0,987,550
1,0,0,976,550
1,0,0,980,550
1,0,0,971,550
1,0,0,976,550
1,0,0,967,550
1,0,0,972,550
1,0,0,966,550
1,0,0,974,550
1,0,0,968,550
1,0,0,974,550
1,0,0,968,550
1,0,0,980,550
1,0,0,969,550
1,0,0,978,550
1,0,0,984,550
1,0,0,981,550
1,0,0,985,550
1,0,0,987,550
1,0,0,992,550
1,0,0,998,550
1,0,0,995,550
1,0,0,997,550
1,0,0,998,550
1,0,0,1000,550
1,0,1,996,550
1,0,1,892,550
1,0,1,907,550
1,0,1,899,550
1,0,1,902,550
1,0,0,955,550
1,0,0,1005,550
1,0,0,997,550
1,0,0,999,550
1,0,0,996,550
1,0,0,995,550
1,0,0,998,550
1,0,0,998,550
1,0,0,998,550
1,0,0,999,550
1,0,0,1000,550
1,0,0,996,550
1,0,0,998,550
1,0,0,998,550
1,0,0,996,550
1,0,0,997,550
1,0,0,998,550
1,0,0,998,550
1,0,0,999,550
1,0,0,998,550
1,0,0,998,550
1,0,0,1001,550
1,0,0,999,550
1,0,0,996,550
1,0,0,999,550
1,0,0,997,550
1,0,0,1000,550
1,0,0,1000,550
1,0,0,997,550
1,0,0,999,550
1,0,0,999,550
1,0,0,997,550
1,0,0,998,550
1,0,0,998,550
1,0,0,998,550
1,0,0,998,550
1,0,0,998,550
1,0,0,998,550
1,0,0,998,550
1,0,0,1000,550
1,0,0,997,550
1,0,0,997,550
1,0,0,997,550
1,0,0,995,550
1,0,0,996,550
1,0,0,995,550
1,0,0,998,550
1,0,0,999,550
1,0,0,998,550
1,0,0,996,550
1,0,0,997,550
1,0,0,998,550
1,0,0,997,550
1,0,0,999,550
1,0,0,1000,550
1,0,0,997,550
1,0,0,999,550
1,0,0,999,550
1,0,0,999,550
1,0,0,999,550
1,0,0,997,550
1,0,0,997,550
1,0,0,995,550
1,0,0,997,550
1,0,0,999,550
1,0,0,998,550
1,0,0,999,550
1,0,0,997,550
1,0,0,997,550
1,0,0,999,550
1,0,0,997,550
1,0,0,1000,550
1,0,0,999,550
1,0,0,997,550
1,0,0,998,550
1,0,0,998,550
1,0,0,997,550
1,0,0,1001,550
1,0,0,997,550
1,0,0,999,550
1,0,0,998,550
1,0,0,998,550
1,0,0,998,550
1,0,0,999,550
1,0,0,997,550
1,0,0,997,550
1,0,0,997,550
1,0,0,997,550
1,0,0,997,550
1,0,0,997,550
1,0,0,997,550
1,0,0,998,550
1,0,0,998,550
1,0,0,999,550
1,0,0,998,550
1,0,0,997,550
1,0,0,1000,550
1,0,0,999,550
1,0,0,999,550
1,0,0,998,550
1,0,0,997,550
1,0,0,999,550
1,0,0,996,550
1,0,0,1000,550
1,0,0,998,550
1,0,0,998,550
1,0,0,997,550
1,0,0,1001,550
1,0,0,1000,550
1,0,0,998,550
1,0,0,997,550
1,0,0,999,550
1,0,0,998,550
1,0,0,999,550
1,0,0,998,550
1,0,0,999,550
1,0,0,1001,550
1,0,0,1000,550
1,0,0,1000,550
1,0,0,998,550
1,0,0,998,550
1,0,0,998,550
1,0,0,1000,550
1,0,0,997,550
1,0,0,998,550
1,0,0,999,550
1,0,0,996,550
1,0,0,997,550
1,0,0,997,550
1,0,0,1001,550
1,0,0,1000,550
1,0,0,997,550
1,0,0,998,550
1,0,0,1000,550
1,0,0,998,550
1,0,0,999,550
1,0,0,998,550
1,0,0,998,550
1,0,0,1001,550
1,0,0,999,550
1,0,0,997,550
1,0,0,999,550
1,0,0,1000,550
1,0,0,1001,550
1,0,0,998,550
1,0,0,998,550
1,0,0,998,550
1,0,0,998,550
1,0,0,1001,550
1,0,0,998,550
1,0,0,998,550
1,0,0,998,550
1,0,0,998,550
1,0,0,997,550
1,0,0,997,550
1,0,0,996,550
1,0,0,998,550
1,0,0,997,550
1,0,0,998,550
1,0,0,997,550
1,0,0,998,550
1,0,0,997,550
1,0,0,1000,550
1,0,0,1000,550
1,0,0,1000,550
1,0,0,998,550
1,0,0,998,550
1,0,0,997,550
1,0,0,997,550
1,0,0,1000,550
1,0,0,1000,550
1,0,0,997,550
1,0,0,997,550
1,0,0,999,550
1,0,0,999,550
1,0,1,997,550
1,0,1,894,550
1,0,1,906,550
1,0,1,898,550
1,0,1,905,550
1,0,0,954,550
1,0,0,1006,550
1,0,0,1000,550
1,0,0,996,550
1,0,0,1000,550
1,0,0,999,550
1,0,0,998,550
1,0,0,1000,550
1,0,0,998,550
1,0,0,998,550
1,0,0,997,550
1,0,0,999,550
1,0,0,1000,550
1,0,0,997,550
1,0,0,997,550
1,0,0,999,550
1,0,0,1000,550
1,0,0,999,550
1,0,0,998,550
1,0,0,1000,550
1,0,0,998,550
1,0,0,997,550
1,0,0,997,550
1,0,0,996,550
1,0,0,999,550
1,0,0,995,550
1,0,0,1000,550
1,0,0,1001,550
1,0,0,1001,550
1,0,0,1000,550
1,0,0,997,550
1,0,0,1000,550
1,0,0,998,550
1,0,0,998,550
1,0,0,998,550
1,0,0,999,550
1,0,0,998,550
1,0,0,999,550
1,0,0,999,550
1,0,0,998,550
1,0,0,997,550
1,0,0,997,550
1,0,0,998,550
1,0,0,998,550
1,0,0,998,550
1,0,0,999,550
1,0,0,998,550
1,0,0,1000,550
1,0,0,998,550
1,0,0,998,550
1,0,0,996,550
1,0,0,999,550
1,0,0,996,550
1,0,0,1000,550
1,0,0,997,550
1,0,0,998,550
1,0,0,998,550
1,0,0,1000,550
1,0,0,1000,550
1,0,0,997,550
1,0,0,998,550
1,0,0,997,550
1,0,0,997,550
1,0,0,997,550
1,0,0,997,550
1,0,0,998,550
1,0,0,998,550
1,0,0,1000,550
1,0,0,999,550
1,0,0,996,550
1,0,0,1000,550
1,0,0,997,550
1,0,0,998,550
1,0,0,998,550
1,0,0,998,550
1,0,0,1000,550
1,0,0,998,550
1,0,0,998,550
1,0,0,997,550
1,0,0,998,550
1,0,0,997,550
1,0,0,999,550
1,0,0,998,550
1,0,0,997,550
1,0,0,999,550
1,0,0,998,550
1,0,0,998,550
1,0,0,997,550
1,0,0,994,550
1,0,0,986,550
1,0,0,989,550
1,0,0,978,550
1,0,0,981,550
1,0,0,977,550
1,0,0,977,550
1,0,0,974,550
1,0,0,978,550
1,0,0,968,550
1,0,0,971,550
1,0,0,968,550
1,0,0,976,550
1,0,0,966,550
1,0,0,971,550
1,0,0,967,550
1,0,0,977,550
1,0,0,981,550
1,0,0,984,550
1,0,0,985,550
1,0,0,986,550
1,0,0,987,550
1,0,0,988,550
1,0,0,1000,550
1,0,0,994,550
1,0,0,997,550
1,0,0,1000,550
1,0,0,997,550
1,0,0,997,550
1,0,0,1000,550
1,0,0,998,550
1,0,0,998,550
1,0,0,998,550
1,0,0,998,550
1,0,0,997,550
1,0,0,997,550
1,0,0,998,550
1,0,0,996,550
1,0,0,999,550
1,0,0,998,550
1,0,0,998,550
1,0,0,998,550
1,0,0,998,550
1,0,0,1000,550
1,0,0,996,550
1,0,0,998,550
1,0,0,998,550
1,0,0,999,550
1,0,0,998,550
1,0,0,998,550
1,0,0,998,550
1,0,0,998,550
1,0,0,997,550
1,0,0,998,550
1,0,0,997,550
1,0,0,998,550
1,0,0,997,550
1,0,0,995,550
1,0,0,998,550
1,0,0,997,550
1,0,0,997,550
1,0,0,999,550
1,0,0,996,550
1,0,0,999,550
1,0,0,997,550
1,0,0,997,550
1,0,0,1000,550
1,0,0,998,550
1,0,0,998,550
1,0,0,999,550
1,0,0,998,550
1,0,0,997,550
1,0,0,998,550
1,0,0,1000,550
1,0,0,996,550
1,0,0,998,550
1,0,0,997,550
1,0,0,997,550
1,0,0,999,550
1,0,0,997,550
1,0,0,998,550
1,0,0,997,550
1,0,0,999,550
1,0,0,999,550
1,0,0,997,550
1,0,0,998,550
1,0,0,998,550
1,0,0,997,550
1,0,0,997,550
1,0,0,997,550
1,0,0,998,550
1,0,0,997,550
1,0,0,998,550
1,0,0,997,550
1,0,0,995,550
1,0,0,1000,550
1,0,0,996,550
1,0,0,998,550
1,0,0,997,550
1,0,0,999,550
1,0,0,999,550
1,0,0,996,550
1,0,0,997,550
1,0,0,997,550
1,0,0,999,550
1,0,0,997,550
1,0,0,997,550
1,0,0,997,550
1,0,0,1000,550
1,0,0,1000,550
1,0,0,999,550
1,0,0,998,550
1,0,0,998,550
1,0,0,998,550
1,0,0,1000,550
1,0,0,997,550
1,0,0,998,550
1,0,0,997,550
1,0,0,1000,550
1,0,0,1000,550
1,0,0,998,550
1,0,0,997,550
1,0,0,998,550
1,0,0,998,550
1,0,0,997,550
1,0,0,998,550
1,0,0,998,550
1,0,0,997,550
1,0,0,998,550
1,0,0,1000,550
1,0,0,998,550
1,0,0,998,550
1,0,0,998,550
1,0,0,999,550
1,0,0,997,550
1,0,0,996,550
1,0,0,998,550
1,0,0,1001,550
1,0,0,999,550
1,0,0,998,550
1,0,0,997,550
1,0,0,998,550
1,0,0,997,550
1,0,0,999,550
1,0,0,997,550
1,0,0,998,550
1,0,0,1000,550
1,0,0,998,550
1,0,0,999,550
1,0,0,1000,550
1,0,0,997,550
1,0,0,1000,550
1,0,0,999,550
1,0,0,998,550
1,0,0,998,550
1,0,0,997,550
1,0,0,997,550
1,0,0,995,550
1,0,0,998,550
1,0,0,999,550
1,0,0,997,550
1,0,0,998,550
1,0,0,998,550
1,0,0,997,550
1,0,0,997,550
1,0,0,997,550
1,0,0,999,550
1,0,0,998,550
1,0,0,998,550
1,0,0,997,550
1,0,0,998,550
1,0,0,997,550
1,0,0,999,550
1,0,0,1000,550
1,0,0,998,550
1,0,0,998,550
1,0,0,997,550
1,0,0,998,550
1,0,0,998,550
1,0,0,998,550
1,0,0,998,550
1,0,0,997,550
1,0,0,997,550
1,0,0,1000,550
1,0,0,998,550
1,0,0,997,550
1,0,0,998,550
1,0,0,1000,550
1,0,0,999,550
1,0,0,1000,550
1,0,0,998,550
1,0,0,999,550
1,0,1,997,550
1,0,0,943,550
1,0,0,1002,550
1,0,0,999,550
1,0,0,997,550
1,0,0,999,550
1,0,0,997,550
1,0,0,997,550
1,0,0,998,550
1,0,0,1000,550
1,0,0,998,550
1,0,0,998,550
1,0,0,1000,550
1,0,0,998,550
1,0,0,998,550
1,0,0,998,550
1,0,0,1001,550
1,0,0,997,550
1,0,0,998,550
1,0,0,1000,550
1,0,0,996,550
1,0,0,998,550
1,0,0,997,550
1,0,0,998,550
1,0,0,997,550
1,0,0,997,550
1,0,0,1000,550
1,0,0,996,550
1,0,0,996,550
1,0,0,998,550
1,0,0,998,550
1,0,0,999,550
1,0,0,997,550
1,0,0,998,550
1,0,0,999,550
1,0,0,1001,550
1,0,0,999,550
1,0,0,998,550
1,0,0,998,550
1,0,0,997,550
1,0,0,1000,550
1,0,0,998,550
1,0,0,997,550
1,0,0,999,550
1,0,0,998,550
1,0,0,998,550
1,0,0,998,550
1,0,0,999,550
1,0,0,1000,550
1,0,0,997,550
1,0,0,999,550
1,0,0,999,550
1,0,0,998,550
1,0,0,997,550
1,0,0,998,550
1,0,0,1000,550
1,0,0,1000,550
1,0,0,1001,550
1,0,0,999,550
1,0,0,998,550
1,0,0,998,550
1,0,0,999,550
1,0,0,999,550
1,0,0,998,550
1,0,0,1000,550
1,0,0,998,550
1,0,0,997,550
1,0,0,998,550
1,0,0,1000,550
1,0,0,998,550
1,0,0,996,550
1,0,0,998,550
1,0,0,1000,550
1,0,0,999,550
1,0,0,997,550
1,0,0,1000,550
1,0,0,998,550
1,0,0,997,550
1,0,0,998,550
1,0,0,998,550
1,0,0,997,550
1,0,0,998,550
1,0,0,996,550
1,0,0,1000,550
1,0,0,998,550
1,0,0,997,550
1,0,0,997,550
1,0,0,998,550
1,0,0,998,550
1,0,0,997,550
1,0,0,998,550
1,0,0,998,550
1,0,0,998,550
1,0,0,997,550
1,0,0,998,550
1,0,0,998,550
1,0,0,998,550
1,0,0,999,550
1,0,0,998,550
1,0,0,1001,550
1,0,0,999,550
1,0,0,997,550
1,0,0,1000,550
1,0,0,996,550
1,0,0,997,550
1,0,0,1000,550
1,0,0,999,550
1,0,0,998,550
1,0,0,1000,550
1,0,0,987,550
1,0,0,989,550
1,0,0,979,550
1,0,0,978,550
1,0,0,977,550
1,0,0,977,550
1,0,0,968,550
1,0,0,980,550
1,0,0,968,550
1,0,0,973,550
1,0,0,964,550
1,0,0,975,550
1,0,0,967,550
1,0,0,974,550
1,0,0,968,550
1,0,0,979,550
1,0,0,984,550
1,0,0,981,550
1,0,0,983,550
1,0,0,987,550
1,0,0,991,550
1,0,0,988,550
1,0,0,999,550
1,0,0,994,550
1,0,0,1000,550
1,0,0,999,550
1,0,0,997,550
1,0,0,998,550
1,0,0,997,550
1,0,0,999,550
1,0,0,998,550
1,0,0,999,550
1,0,0,998,550
1,0,0,996,550
1,0,0,995,550
1,0,0,996,550
1,0,0,1000,550
1,0,0,1000,550
1,0,0,998,550
1,0,0,998,550
1,0,0,997,550
1,0,0,1000,550
1,0,0,998,550
1,0,0,998,550
1,0,0,998,550
1,0,0,997,550
1,0,0,998,550
1,0,0,1000,550
1,0,0,998,550
1,0,0,998,550
1,0,0,997,550
1,0,0,999,550
1,0,0,998,550
1,0,0,997,550
1,0,0,997,550
1,0,0,998,550
1,0,0,999,550
1,0,0,997,550
1,0,0,997,550
1,0,0,1000,550
1,0,0,997,550
1,0,0,998,550
1,0,0,997,550
1,0,0,1000,550
1,0,0,999,550
1,0,0,997,550
1,0,0,999,550
1,0,0,997,550
1,0,0,1001,550
1,0,0,998,550
1,0,0,998,550
1,0,0,999,550
1,0,0,1000,550
1,0,0,1001,550
1,0,0,998,550
1,0,0,996,550
1,0,0,995,550
1,0,0,1000,550
1,0,0,1000,550
1,0,0,997,550
1,0,0,1000,550
1,0,0,998,550
1,0,0,998,550
1,0,0,1000,550
1,0,0,999,550
1,0,0,998,550
1,0,0,998,550
1,0,0,1000,550
1,0,0,999,550
1,0,0,999,550
1,0,0,1000,550
1,0,0,998,550
1,0,0,998,550
1,0,0,997,550
1,0,0,995,550
1,0,0,999,550
1,0,1,982,550
1,0,1,842,550
1,0,1,848,550
1,0,1,851,550
1,0,1,845,550
1,0,1,841,550
1,0,1,844,550
1,0,1,844,550
1,0,1,844,550
1,0,1,845,550
1,0,1,846,550
1,0,1,847,550
1,0,1,845,550
1,0,1,846,550
1,0,1,842,550
1,0,1,843,550
1,0,0,911,550
1,0,0,1002,550
1,0,0,1000,550
1,0,0,996,550
1,0,1,978,550
1,0,1,811,550
1,0,1,824,550
1,0,1,825,550
1,0,1,820,550
1,0,1,836,550
1,0,1,827,550
1,0,1,820,550
1,0,1,824,550
1,0,1,831,550
1,0,1,821,550
1,0,1,821,550
1,0,1,825,550
1,0,1,827,550
1,0,1,821,550
1,0,1,831,550
1,0,0,907,550
1,0,0,1003,550
1,0,0,1003,550
1,0,0,997,550
1,0,1,996,550
1,0,1,789,550
1,0,1,792,550
1,0,1,800,550
1,0,1,813,550
1,0,1,814,550
1,0,1,800,550
1,0,1,796,550
1,0,1,806,550
1,0,1,814,550
1,0,1,813,550
1,0,1,800,550
1,0,1,795,550
1,0,1,804,550
1,0,1,813,550
1,0,1,811,550
1,0,0,892,550
1,0,0,1009,550
1,0,0,1002,550
1,0,0,998,550
1,0,1,980,550
1,0,1,763,550
1,0,1,759,550
1,0,1,780,550
1,0,1,771,550
1,0,1,786,550
1,0,1,769,550
1,0,1,789,550
1,0,1,771,550
1,0,1,770,550
1,0,1,763,550
1,0,1,788,550
1,0,1,760,550
1,0,1,770,550
1,0,1,787,550
1,0,1,772,550
1,0,0,869,550
1,0,0,1015,550
1,0,0,1003,550
1,0,0,998,550
1,0,1,992,550
1,0,1,736,550
1,0,1,745,550
1,0,1,727,550
1,0,1,751,550
1,0,1,751,550
1,0,1,727,550
1,0,1,753,550
1,0,1,741,550
1,0,1,728,550
1,0,1,744,550
1,0,1,740,550
1,0,1,730,550
1,0,1,753,550
1,0,1,730,550
1,0,1,727,550
1,0,0,863,550
1,0,0,1017,550
1,0,0,1002,550
1,0,0,1000,550
1,0,1,996,550
1,0,1,687,550
1,0,1,699,550
1,0,1,727,550
1,0,1,695,550
1,0,1,694,550
1,0,1,711,550
1,0,1,702,550
1,0,1,730,550
1,0,1,697,550
1,0,1,695,550
1,0,1,710,550
1,0,1,701,550
1,0,1,725,550
1,0,1,696,550
1,0,1,694,550
1,0,0,844,550
1,0,0,1020,550
1,0,0,1004,550
1,0,0,999,550
1,0,1,994,550
1,0,1,659,550
1,0,1,693,550
1,0,1,692,550
1,0,1,667,550
1,0,1,692,550
1,0,1,682,550
1,0,1,704,550
1,0,1,675,550
1,0,1,677,550
1,0,1,703,550
1,0,1,699,550
1,0,1,693,550
1,0,1,670,550
1,0,1,689,550
1,0,1,705,550
1,0,0,821,550
1,0,0,1011,550
1,0,0,1009,550
1,0,0,1002,550
1,0,1,988,550
1,0,1,664,550
1,0,1,648,550
1,0,1,670,550
1,0,1,658,550
1,0,1,669,550
1,0,1,645,550
1,0,1,685,550
1,0,1,642,550
1,0,1,684,550
1,0,1,679,550
1,0,1,664,550
1,0,1,667,550
1,0,1,665,550
1,0,1,665,550
1,0,1,651,550
1,0,0,803,550
1,0,0,1014,550
1,0,0,999,550
1,0,0,1001,550
1,0,1,996,550
1,0,1,636,550
1,0,1,623,550
1,0,1,621,550
1,0,1,635,550
1,0,1,625,550
1,0,1,637,550
1,0,1,652,550
1,0,1,661,550
1,0,1,664,550
1,0,1,659,550
1,0,1,667,550
1,0,1,654,550
1,0,1,636,550
1,0,1,621,550
1,0,1,641,550
1,0,0,811,550
1,0,0,1015,550
1,0,0,1003,550
1,0,0,996,550
1,0,1,993,550
1,0,1,639,550
1,0,1,608,550
1,0,1,625,550
1,0,1,652,550
1,0,1,626,550
1,0,1,644,550
1,0,1,648,550
1,0,1,607,550
1,0,1,638,550
1,0,1,650,550
1,0,1,610,550
1,0,1,646,550
1,0,1,638,550
1,0,1,601,550
1,0,1,634,550
1,0,0,763,550
1,0,0,1011,550
1,0,0,999,550
1,0,0,1003,550
1,0,1,999,550
1,0,1,575,550
1,0,1,614,550
1,0,0,760,550
1,0,0,1004,550
1,0,0,990,550
1,0,0,979,550
1,0,0,981,550
1,0,0,969,550
1,0,0,972,550
1,0,0,966,550
1,0,0,969,550
1,0,0,968,550
1,0,0,968,550
1,0,0,965,550
1,0,0,970,550
1,0,0,967,550
1,0,0,976,550
1,0,0,967,550
1,0,0,975,550
1,0,1,972,550
1,0,1,614,550
1,0,1,627,550
1,0,1,600,550
1,0,1,614,550
1,0,1,584,550
1,0,1,633,550
1,0,1,629,550
1,0,1,609,550
1,0,1,591,550
1,0,1,629,550
1,0,1,593,550
1,0,1,610,550
1,0,1,622,550
1,0,1,626,550
1,0,1,584,550
1,0,0,780,550
1,0,0,1004,550
1,0,0,991,550
1,0,0,989,550
1,0,1,961,550
1,0,1,563,550
1,0,1,615,550
1,0,1,583,550
1,0,1,616,550
1,0,1,604,550
1,0,1,577,550
1,0,1,624,550
1,0,1,586,550
1,0,1,606,550
1,0,1,602,550
1,0,1,574,550
1,0,1,621,550
1,0,1,581,550
1,0,1,619,550
1,0,1,617,550
1,0,0,775,550
1,0,0,1006,550
1,0,0,995,550
1,0,0,990,550
1,0,1,925,550
1,0,1,567,550
1,0,1,551,550
1,0,1,569,550
1,0,1,608,550
1,0,1,571,550
1,0,1,614,550
1,0,1,609,550
1,0,1,601,550
1,0,1,578,550
1,0,1,612,550
1,0,1,568,550
1,0,1,559,550
1,0,1,581,550
1,0,1,607,550
1,0,1,616,550
1,0,0,733,550
1,0,0,1008,550
1,0,0,995,550
1,0,0,989,550
1,0,1,928,550
1,0,1,574,550
1,0,1,559,550
1,0,1,540,550
1,0,1,562,550
1,0,1,597,550
1,0,1,556,550
1,0,1,545,550
1,0,1,574,550
1,0,1,601,550
1,0,1,581,550
1,0,1,552,550
1,0,1,601,550
1,0,1,597,550
1,0,1,579,550
1,0,1,589,550
1,0,0,760,550
1,0,0,1003,550
1,0,0,994,550
1,0,0,987,550
1,0,1,988,550
1,0,1,532,550
1,0,1,572,550
1,0,0,763,550
1,0,0,1000,550
1,0,0,985,550
1,0,0,978,550
1,0,0,974,550
1,0,0,972,550
1,0,0,969,550
1,0,0,966,550
1,0,0,967,550
1,0,0,962,550
1,0,0,967,550
1,0,0,960,550
1,0,0,967,550
1,0,0,960,550
1,0,0,970,550
1,0,0,965,550
1,0,0,969,550
1,0,1,908,550
1,0,1,573,550
1,0,1,540,550
1,0,1,559,550
1,0,1,583,550
1,0,1,571,550
1,0,1,559,550
1,0,1,585,550
1,0,1,546,550
1,0,1,561,550
1,0,1,589,550
1,0,1,534,550
1,0,1,589,550
1,0,1,567,550
1,0,1,535,550
1,0,1,558,550
1,0,0,754,550
1,0,0,998,550
1,0,0,990,550
1,0,0,986,550
1,0,1,956,550
1,0,1,561,550
1,0,1,523,550
1,0,1,582,550
1,0,1,589,550
1,0,1,585,550
1,0,1,529,550
1,0,1,588,550
1,0,1,566,550
1,0,1,531,550
1,0,1,585,550
1,0,1,565,550
1,0,1,533,550
1,0,1,588,550
1,0,1,563,550
1,0,1,542,550
1,0,0,720,550
1,0,0,1004,550
1,0,0,989,550
1,0,0,987,550
1,0,1,985,550
1,0,1,572,550
1,0,1,570,550
1,0,1,528,550
1,0,1,533,550
1,0,1,559,550
1,0,1,566,550
1,0,1,531,550
1,0,1,590,550
1,0,1,568,550
1,0,1,523,550
1,0,1,581,550
1,0,1,538,550
1,0,1,574,550
1,0,1,581,550
1,0,1,564,550
1,0,0,734,550
1,0,0,1002,550
1,0,0,989,550
1,0,0,983,550
1,0,1,987,550
1,0,1,559,550
1,0,1,562,550
1,0,1,530,550
1,0,1,553,550
1,0,1,585,550
1,0,1,553,550
1,0,1,547,550
1,0,1,590,550
1,0,1,554,550
1,0,1,532,550
1,0,1,573,550
1,0,1,527,550
1,0,1,588,550
1,0,1,569,550
1,0,1,549,550
1,0,0,749,550
1,0,0,1009,550
1,0,0,990,550
1,0,0,986,550
1,0,1,983,550
1,0,1,553,550
1,0,1,527,550
1,0,0,755,550
1,0,0,996,550
1,0,0,982,550
1,0,0,970,550
1,0,0,972,550
1,0,0,965,550
1,0,0,968,550
1,0,0,959,550
1,0,0,966,550
1,0,0,961,550
1,0,0,965,550
1,0,0,961,550
1,0,0,963,550
1,0,0,956,550
1,0,0,965,550
1,0,0,966,550
1,0,0,971,550
1,0,0,974,550
1,0,0,978,550
1,0,0,978,550
1,0,0,980,550
1,0,0,983,550
1,0,0,984,550
1,0,0,984,550
1,0,0,986,550
1,0,0,985,550
1,0,0,989,550
1,0,0,988,550
1,0,0,991,550
1,0,0,993,550
1,0,0,994,550
1,0,0,998,550
1,0,0,998,550
1,0,0,996,550
1,0,0,993,550
1,0,0,992,550
1,0,0,990,550
1,0,0,998,550
1,0,0,1001,550
1,0,0,996,550
1,0,0,995,550
1,0,0,998,550
1,0,0,997,550
1,0,0,998,550
1,0,0,998,550
1,0,0,999,550
1,0,0,997,550
1,0,0,1001,550
1,0,0,998,550
1,0,0,999,550
1,0,0,999,550
1,0,0,997,550
1,0,0,1001,550
1,0,0,998,550
1,0,0,997,550
1,0,0,992,550
1,0,0,991,550
1,0,0,998,550
1,0,0,997,550
1,0,0,996,550
1,0,0,998,550
1,0,0,997,550
1,0,0,997,550
1,0,0,999,550
1,0,0,998,550
1,0,0,998,550
1,0,0,999,550
1,0,0,1000,550
1,0,0,998,550
1,0,0,998,550
1,0,0,997,550
1,0,0,996,550
1,0,0,997,550
1,0,0,997,550
1,0,0,996,550
1,0,0,997,550
1,0,0,992,550
1,0,0,991,550
1,0,0,998,550
1,0,0,1000,550
1,0,0,995,550
1,0,0,997,550
1,0,0,997,550
1,0,0,999,550
1,0,0,996,550
1,0,0,998,550
1,0,0,997,550
1,0,0,999,550
1,0,0,997,550
1,0,0,999,550
1,0,0,999,550
1,0,0,997,550
1,0,0,1000,550
1,0,0,996,550
1,0,0,995,550
1,0,0,1016,550
1,0,0,997,550
1,0,0,999,550
1,0,0,998,550
1,0,0,999,550
1,0,0,993,550
1,0,0,986,550
1,0,0,987,550
1,0,0,979,550
1,0,0,980,550
1,0,0,971,550
1,0,0,975,550
1,0,0,970,550
1,0,0,970,550
1,0,0,966,550
1,0,0,969,550
1,0,0,964,550
1,0,0,966,550
1,0,0,962,550
1,0,0,968,550
1,0,0,966,550
1,0,0,978,550
1,0,1,954,550
1,0,1,874,550
1,0,1,890,550
1,0,1,881,550
1,0,1,889,550
1,0,0,928,550
1,0,0,988,550
1,0,0,984,550
1,0,0,987,550
1,0,0,988,550
1,0,0,991,550
1,0,0,998,550
1,0,0,1001,550
1,0,0,997,550
1,0,0,996,550
1,0,0,998,550
1,0,0,997,550
1,0,0,1000,550
1,0,0,1001,550
1,0,0,994,550
1,0,0,992,550
1,0,0,999,550
1,0,0,997,550
1,0,0,997,550
1,0,0,998,550
1,0,0,1000,550
1,0,0,997,550
1,0,0,997,550
1,0,0,1000,550
1,0,0,998,550
1,0,0,998,550
1,0,0,996,550
1,0,0,997,550
1,0,0,999,550
1,0,0,997,550
1,0,0,998,550
1,0,0,998,550
1,0,0,994,550
1,0,0,997,550
1,0,0,995,550
1,0,0,994,550
1,0,0,996,550
1,0,0,999,550
1,0,0,997,550
1,0,0,997,550
1,0,0,999,550
1,0,0,997,550
1,0,0,998,550
1,0,0,998,550
1,0,0,998,550
1,0,0,997,550
1,0,0,998,550
1,0,0,1000,550
1,0,0,999,550
1,0,0,998,550
1,0,0,998,550
1,0,0,1000,550
1,0,0,999,550
1,0,0,996,550
1,0,0,993,550
1,0,0,995,550
1,0,0,996,550
1,0,0,997,550
1,0,0,997,550
1,0,0,998,550
1,0,0,998,550
1,0,0,999,550
1,0,0,1000,550
1,0,0,999,550
1,0,0,997,550
1,0,0,999,550
1,0,0,998,550
1,0,0,997,550
1,0,0,998,550
1,0,0,999,550
1,0,0,998,550
1,0,0,999,550
1,0,0,994,550
1,0,0,1010,550
1,0,0,1001,550
1,0,0,996,550
1,0,0,996,550
1,0,0,997,550
1,0,0,997,550
1,0,0,985,550
1,0,0,987,550
1,0,0,979,550
1,0,0,981,550
1,0,0,970,550
1,0,0,976,550
1,0,0,966,550
1,0,0,970,550
1,0,0,967,550
1,0,0,974,550
1,0,0,964,550
1,0,0,967,550
1,0,0,963,550
1,0,0,973,550
1,0,0,966,550
1,0,0,972,550
1,0,0,978,550
1,0,0,978,550
1,0,0,983,550
1,0,0,982,550
1,0,0,985,550
1,0,0,987,550
1,0,0,990,550
1,0,0,992,550
1,0,0,991,550
1,0,0,992,550
1,0,0,999,550
1,0,0,995,550
1,0,0,997,550
1,0,0,998,550
1,0,0,999,550
1,0,1,992,550
1,0,0,909,550
1,0,0,1001,550
1,0,0,1000,550
1,0,0,994,550
1,0,0,996,550
1,0,0,1000,550
1,0,0,998,550
1,0,0,998,550
1,0,0,1000,550
1,0,0,998,550
1,0,0,999,550
1,0,0,998,550
1,0,0,1000,550
1,0,0,997,550
1,0,0,999,550
1,0,0,998,550
1,0,0,998,550
1,0,0,998,550
1,0,0,998,550
1,0,0,998,550
1,0,0,997,550
1,0,0,997,550
1,0,0,996,550
1,0,0,994,550
1,0,0,996,550
1,0,0,994,550
1,0,0,998,550
1,0,0,995,550
1,0,0,997,550
1,0,0,999,550
1,0,0,997,550
1,0,0,998,550
1,0,0,999,550
1,0,0,998,550
1,0,0,998,550
1,0,0,998,550
1,0,0,998,550
1,0,0,997,550
1,0,0,997,550
1,0,0,999,550
1,0,0,996,550
1,0,0,997,550
1,0,0,997,550
1,0,0,994,550
1,0,0,995,550
1,0,0,997,550
1,0,0,996,550
1,0,0,997,550
1,0,0,997,550
1,0,0,996,550
1,0,0,999,550
1,0,0,999,550
1,0,0,998,550
1,0,0,999,550
1,0,0,998,550
1,0,0,1000,550
1,0,0,999,550
1,0,0,1000,550
1,0,0,999,550
1,0,0,997,550
1,0,0,997,550
1,0,0,995,550
1,0,0,1013,550
1,0,0,1001,550
1,0,0,1000,550
1,0,0,997,550
1,0,0,998,550
1,0,0,994,550
1,0,0,986,550
1,0,0,986,550
1,0,0,976,550
1,0,0,981,550
1,0,0,971,550
1,0,0,976,550
1,0,0,967,550
1,0,0,977,550
1,0,0,968,550
1,0,0,969,550
1,0,0,965,550
1,0,0,969,550
1,0,0,966,550
1,0,0,970,550
1,0,0,970,550
1,0,0,975,550
1,0,0,979,550
1,0,0,980,550
1,0,0,983,550
1,0,0,983,550
1,0,0,987,550
1,0,0,991,550
1,0,0,988,550
1,0,0,991,550
1,0,0,992,550
1,0,0,999,550
1,0,0,994,550
1,0,0,997,550
1,0,0,996,550
1,0,0,999,550
1,0,0,999,550
1,0,0,998,550
1,0,0,999,550
1,0,0,997,550
1,0,0,998,550
1,0,0,997,550
1,0,0,999,550
1,0,0,1000,550
1,0,0,999,550
1,0,0,999,550
1,0,0,997,550
1,0,1,954,550
1,0,1,904,550
1,0,1,896,550
1,0,1,907,550
1,0,1,908,550
1,0,0,943,550
1,0,0,1003,550
1,0,0,998,550
1,0,0,998,550
1,0,0,1000,550
1,0,0,999,550
1,0,0,1000,550
1,0,0,1000,550
1,0,0,998,550
1,0,0,998,550
1,0,0,994,550
1,0,0,997,550
1,0,0,998,550
1,0,0,997,550
1,0,0,998,550
1,0,0,997,550
1,0,0,999,550
1,0,0,1000,550
1,0,0,996,550
1,0,0,998,550
1,0,0,998,550
1,0,0,999,550
1,0,0,998,550
1,0,0,999,550
1,0,0,1000,550
1,0,0,998,550
1,0,0,998,550
1,0,0,998,550
1,0,0,998,550
1,0,0,994,550
1,0,0,1000,550
1,0,0,997,550
1,0,0,998,550
1,0,0,998,550
1,0,0,998,550
1,0,0,999,550
1,0,0,998,550
1,0,0,997,550
1,0,0,997,550
1,0,0,999,550
1,0,0,1000,550
1,0,0,997,550
1,0,0,1000,550
1,0,0,999,550
1,0,0,1000,550
1,0,0,997,550
1,0,0,997,550
1,0,0,994,550
1,0,0,1017,550
1,0,0,1005,550
1,0,0,995,550
1,0,0,997,550
1,0,0,997,550
1,0,0,995,550
1,0,0,986,550
1,0,0,987,550
1,0,0,978,550
1,0,0,982,550
1,0,0,977,550
1,0,0,976,550
1,0,0,968,550
1,0,0,972,550
1,0,0,968,550
1,0,0,970,550
1,0,0,966,550
1,0,0,967,550
1,0,0,963,550
1,0,0,969,550
1,0,0,968,550
1,0,0,976,550
1,0,0,982,550
1,0,0,983,550
1,0,0,983,550
1,0,0,983,550
1,0,0,987,550
1,0,0,991,550
1,0,0,989,550
1,0,0,1000,550
1,0,0,1000,550
1,0,0,995,550
1,0,0,997,550
1,0,0,997,550
1,0,0,997,550
1,0,0,997,550
1,0,0,997,550
1,0,0,998,550
1,0,0,995,550
1,0,0,997,550
1,0,0,999,550
1,0,0,997,550
1,0,0,1001,550
1,0,0,995,550
1,0,0,1000,550
1,0,0,999,550
1,0,0,998,550
1,0,0,996,550
1,0,0,997,550
1,0,0,998,550
1,0,0,1001,550
1,0,0,998,550
1,0,0,998,550
1,0,0,997,550
1,0,0,997,550
1,0,0,996,550
1,0,0,998,550
1,0,0,998,550
1,0,0,998,550
1,0,0,1000,550
1,0,0,994,550
1,0,0,994,550
1,0,1,983,550
1,0,1,898,550
1,0,1,903,550
1,0,1,900,550
1,0,1,897,550
1,0,0,953,550
1,0,0,1001,550
1,0,0,998,550
1,0,0,1000,550
1,0,0,1000,550
1,0,0,999,550
1,0,0,1000,550
1,0,0,1000,550
1,0,0,999,550
1,0,0,999,550
1,0,0,999,550
1,0,0,1000,550
1,0,0,997,550
1,0,0,1000,550
1,0,0,999,550
1,0,0,995,550
1,0,0,997,550
1,0,0,996,550
1,0,0,999,550
1,0,0,1000,550
1,0,0,1000,550
1,0,0,997,550
1,0,0,998,550
1,0,0,998,550
1,0,0,999,550
1,0,0,998,550
1,0,0,998,550
1,0,0,998,550
1,0,0,1000,550
1,0,0,997,550
1,0,0,998,550
1,0,0,996,550
1,0,0,998,550
1,0,0,1009,550
1,0,0,1002,550
1,0,0,1000,550
1,0,0,995,550
1,0,0,1000,550
1,0,0,997,550
1,0,0,997,550
1,0,0,997,550
1,0,0,999,550
1,0,0,997,550
1,0,0,998,550
1,0,0,998,550
1,0,0,997,550
1,0,0,998,550
1,0,0,999,550
1,0,0,998,550
1,0,0,998,550
1,0,0,998,550
1,0,0,998,550
1,0,0,995,550
1,0,0,998,550
1,0,0,996,550
1,0,0,994,550
1,0,0,995,550
1,0,0,1000,550
1,0,0,1000,550
1,0,0,997,550
1,0,0,996,550
1,0,0,998,550
1,0,0,1000,550
1,0,0,997,550
1,0,0,998,550
1,0,0,997,550
1,0,0,999,550
1,0,0,997,550
1,0,0,998,550
1,0,0,998,550
1,0,0,998,550
1,0,0,995,550
1,0,0,997,550
1,0,0,999,550
1,0,0,995,550
1,0,0,994,550
1,0,0,996,550
1,0,0,996,550
1,0,0,997,550
1,0,0,997,550
1,0,0,998,550
1,0,0,1000,550
1,0,0,1000,550
1,0,0,1000,550
1,0,0,998,550
1,0,0,998,550
1,0,0,998,550
1,0,0,997,550
1,0,0,998,550
1,0,0,997,550
1,0,0,996,550
1,0,0,997,550
1,0,0,996,550
1,0,0,996,550
1,0,0,995,550
1,0,0,997,550
1,0,0,1000,550
1,0,0,997,550
1,0,0,998,550
1,0,0,998,550
1,0,0,999,550
1,0,0,999,550
1,0,0,999,550
1,0,0,999,550
1,0,0,996,550
1,0,1,954,550
1,0,1,902,550
1,0,1,899,550
1,0,1,905,550
1,0,1,900,550
1,0,0,941,550
1,0,0,1002,550
1,0,0,999,550
1,0,0,1000,550
1,0,0,997,550
1,0,0,998,550
1,0,0,999,550
1,0,0,998,550
1,0,0,996,550
1,0,0,998,550
1,0,0,999,550
1,0,0,997,550
1,0,0,999,550
1,0,0,999,550
1,0,0,999,550
1,0,0,997,550
1,0,0,996,550
1,0,0,1000,550
1,0,0,999,550
1,0,0,998,550
1,0,0,996,550
1,0,0,998,550
1,0,0,996,550
1,0,0,1014,550
1,0,0,1005,550
1,0,0,999,550
1,0,0,998,550
1,0,0,999,550
1,0,0,999,550
1,0,0,995,550
1,0,0,998,550
1,0,0,996,550
1,0,0,1000,550
1,0,0,997,550
1,0,0,998,550
1,0,0,996,550
1,0,0,999,550
1,0,0,998,550
1,0,0,997,550
1,0,0,996,550
1,0,0,998,550
1,0,0,997,550
1,0,0,997,550
1,0,0,997,550
1,0,0,998,550
1,0,0,997,550
1,0,0,998,550
1,0,0,999,550
1,0,0,998,550
1,0,0,999,550
1,0,0,999,550
1,0,0,999,550
1,0,0,997,550
1,0,0,1000,550
1,0,0,996,550
1,0,0,998,550
1,0,0,997,550
1,0,0,1000,550
1,0,0,999,550
1,0,0,999,550
1,0,0,998,550
1,0,0,998,550
1,0,0,997,550
1,0,0,996,550
1,0,0,997,550
1,0,0,998,550
1,0,0,999,550
1,0,0,999,550
1,0,0,997,550
1,0,0,1000,550
1,0,0,999,550
1,0,0,998,550
1,0,0,998,550
1,0,0,998,550
1,0,0,999,550
1,0,0,997,550
1,0,0,1000,550
1,0,0,1000,550
1,0,0,999,550
1,0,0,1000,550
1,0,0,999,550
1,0,0,997,550
1,0,0,997,550
1,0,0,996,550
1,0,0,997,550
1,0,0,1000,550
1,0,0,998,550
1,0,0,997,550
1,0,0,998,550
1,0,0,996,550
1,0,0,999,550
1,0,0,998,550
1,0,0,1000,550
1,0,0,997,550
1,0,0,999,550
1,0,0,999,550
1,0,0,998,550
1,0,0,997,550
1,0,0,998,550
1,0,0,998,550
1,0,0,999,550
1,0,0,997,550
1,0,0,997,550
1,0,0,997,550
1,0,0,1000,550
1,0,1,995,550
1,0,1,842,550
1,0,1,849,550
1,0,1,849,550
1,0,1,848,550
1,0,0,914,550
1,0,0,1005,550
1,0,0,1002,550
1,0,0,999,550
1,0,0,998,550
1,0,0,998,550
1,0,0,998,550
1,0,0,997,550
1,0,0,997,550
1,0,0,998,550
1,0,0,999,550
1,0,0,996,550
1,0,0,996,550
1,0,0,1012,550
1,0,0,1000,550
1,0,0,998,550
1,0,0,996,550
1,0,0,1000,550
1,0,0,996,550
1,0,0,985,550
1,0,0,987,550
1,0,0,977,550
1,0,0,981,550
1,0,0,970,550
1,0,0,977,550
1,0,0,967,550
1,0,0,977,550
1,0,0,968,550
1,0,0,973,550
1,0,0,967,550
1,0,0,972,550
1,0,0,966,550
1,0,0,970,550
1,0,0,967,550
1,0,0,977,550
1,0,0,982,550
1,0,0,984,550
1,0,0,986,550
1,0,0,989,550
1,0,0,988,550
1,0,0,989,550
1,0,0,991,550
1,0,0,999,550
1,0,0,995,550
1,0,0,996,550
1,0,0,1000,550
1,0,0,997,550
1,0,0,997,550
1,0,0,997,550
1,0,0,998,550
1,0,0,997,550
1,0,0,998,550
1,0,0,998,550
1,0,0,996,550
1,0,0,998,550
1,0,0,998,550
1,0,0,997,550
1,0,0,995,550
1,0,0,999,550
1,0,0,998,550
1,0,0,998,550
1,0,0,999,550
1,0,0,998,550
1,0,0,997,550
1,0,0,997,550
1,0,0,1000,550
1,0,0,1000,550
1,0,0,996,550
1,0,0,997,550
1,0,0,998,550
1,0,0,997,550
1,0,0,999,550
1,0,0,996,550
1,0,0,997,550
1,0,0,998,550
1,0,0,1000,550
1,0,0,998,550
1,0,0,996,550
1,0,0,998,550
1,0,0,997,550
1,0,0,998,550
1,0,0,998,550
1,0,0,997,550
1,0,0,997,550
1,0,0,998,550
1,0,0,997,550
1,0,0,999,550
1,0,0,997,550
1,0,0,998,550
1,0,0,997,550
1,0,0,997,550
1,0,0,999,550
1,0,0,998,550
1,0,0,999,550
1,0,0,998,550
1,0,0,999,550
1,0,0,996,550
1,0,0,1000,550
1,0,0,996,550
1,0,0,998,550
1,0,0,995,550
1,0,0,1000,550
1,0,0,998,550
1,0,0,1000,550
1,0,0,997,550
1,0,0,997,550
1,0,0,997,550
1,0,0,998,550
1,0,0,999,550
1,0,0,997,550
1,0,1,964,550
1,0,0,937,550
1,0,0,998,550
1,0,0,1021,550
1,0,0,1000,550
1,0,0,997,550
1,0,0,999,550
1,0,0,998,550
1,0,0,997,550
1,0,0,988,550
1,0,0,987,550
1,0,0,981,550
1,0,0,982,550
1,0,0,971,550
1,0,0,978,550
1,0,0,967,550
1,0,0,977,550
1,0,0,966,550
1,0,0,969,550
1,0,0,966,550
1,0,0,972,550
1,0,0,965,550
1,0,0,979,550
1,0,0,966,550
1,0,0,977,550
1,0,0,980,550
1,0,0,984,550
1,0,0,985,550
1,0,0,985,550
1,0,0,987,550
1,0,0,988,550
1,0,0,992,550
1,0,0,995,550
1,0,0,1000,550
1,0,0,1000,550
1,0,0,996,550
1,0,0,997,550
1,0,0,997,550
1,0,0,997,550
1,0,0,998,550
1,0,0,998,550
1,0,0,998,550
1,0,0,999,550
1,0,0,1000,550
1,0,0,1000,550
1,0,0,997,550
1,0,0,997,550
1,0,0,998,550
1,0,0,998,550
1,0,0,998,550
1,0,0,999,550
1,0,0,998,550
1,0,0,997,550
1,0,0,999,550
1,0,0,1000,550
1,0,0,997,550
1,0,0,1001,550
1,0,0,998,550
1,0,0,998,550
1,0,0,998,550
1,0,0,999,550
1,0,0,998,550
1,0,0,995,550
1,0,0,999,550
1,0,0,995,550
1,0,0,999,550
1,0,0,999,550
1,0,0,998,550
1,0,0,998,550
1,0,0,999,550
1,0,0,996,550
1,0,0,998,550
1,0,0,997,550
1,0,0,999,550
1,0,0,998,550
1,0,0,999,550
1,0,0,999,550
1,0,0,998,550
1,0,0,998,550
1,0,0,1001,550
1,0,0,997,550
1,0,0,999,550
1,0,0,998,550
1,0,0,994,550
1,0,0,996,550
1,0,0,996,550
1,0,0,998,550
1,0,0,998,550
1,0,0,998,550
1,0,0,1000,550
1,0,0,998,550
1,0,0,998,550
1,0,0,999,550
1,0,0,999,550
1,0,0,997,550
1,0,0,998,550
1,0,0,999,550
1,0,0,999,550
1,0,0,996,550
1,0,0,1000,550
1,0,0,999,550
1,0,0,999,550
1,0,0,995,550
1,0,0,1011,550
1,0,0,999,550
1,0,0,997,550
1,0,0,1000,550
1,0,0,999,550
1,0,0,1000,550
1,0,0,986,550
1,0,0,986,550
1,0,0,979,550
1,0,0,978,550
1,0,0,973,550
1,0,0,979,550
1,0,0,973,550
1,0,0,973,550
1,0,0,968,550
1,0,0,976,550
1,0,0,966,550
1,0,0,971,550
1,0,0,964,550
1,0,0,970,550
1,0,0,970,550
1,0,0,974,550
1,0,1,942,550
1,0,1,888,550
1,0,1,886,550
1,0,1,887,550
1,0,1,898,550
1,0,0,925,550
1,0,0,991,550
1,0,0,989,550
1,0,0,990,550
1,0,0,989,550
1,0,0,1001,550
1,0,0,994,550
1,0,0,994,550
1,0,0,999,550
1,0,0,999,550
1,0,0,995,550
1,0,0,1000,550
1,0,0,996,550
1,0,0,996,550
1,0,0,997,550
1,0,0,996,550
1,0,0,998,550
1,0,0,1000,550
1,0,0,999,550
1,0,0,997,550
1,0,0,996,550
1,0,0,998,550
1,0,0,998,550
1,0,0,998,550
1,0,0,998,550
1,0,0,999,550
1,0,0,997,550
1,0,0,998,550
1,0,0,997,550
1,0,0,1000,550
1,0,0,998,550
1,0,0,999,550
1,0,0,995,550
1,0,0,994,550
1,0,0,996,550
1,0,0,995,550
1,0,0,997,550
1,0,0,998,550
1,0,0,998,550
1,0,0,998,550
1,0,0,998,550
1,0,0,998,550
1,0,0,999,550
1,0,0,998,550
1,0,0,1000,550
1,0,0,997,550
1,0,0,999,550
1,0,0,998,550
1,0,0,999,550
1,0,0,998,550
1,0,0,997,550
1,0,0,998,550
1,0,0,997,550
1,0,0,998,550
1,0,0,996,550
1,0,0,998,550
1,0,0,998,550
1,0,0,999,550
1,0,0,998,550
1,0,0,996,550
1,0,0,997,550
1,0,0,1000,550
1,0,0,998,550
1,0,0,997,550
1,0,0,998,550
1,0,0,998,550
1,0,0,997,550
1,0,0,1000,550
1,0,0,997,550
1,0,0,996,550
1,0,0,1000,550
1,0,0,998,550
1,0,0,996,550
1,0,0,1011,550
1,0,0,1007,550
1,0,0,998,550
1,0,0,998,550
1,0,0,998,550
1,0,0,996,550
1,0,0,988,550
1,0,0,987,550
1,0,0,979,550
1,0,0,981,550
1,0,0,975,550
1,0,0,976,550
1,0,0,967,550
1,0,0,971,550
1,0,0,970,550
1,0,0,970,550
1,0,0,966,550
1,0,0,973,550
1,0,0,965,550
1,0,0,970,550
1,0,0,970,550
1,0,0,977,550
1,0,0,983,550
1,0,0,981,550
1,0,0,982,550
1,0,0,988,550
1,0,0,987,550
1,0,0,988,550
1,0,0,989,550
1,0,0,1001,550
1,0,0,994,550
1,0,0,996,550
1,0,0,999,550
1,0,0,997,550
1,0,0,1001,550
1,0,0,999,550
1,0,0,998,550
1,0,1,998,550
1,0,0,943,550
1,0,0,1003,550
1,0,0,998,550
1,0,0,1000,550
1,0,0,994,550
1,0,0,998,550
1,0,0,999,550
1,0,0,996,550
1,0,0,998,550
1,0,0,997,550
1,0,0,999,550
1,0,0,1000,550
1,0,0,998,550
1,0,0,999,550
1,0,0,999,550
1,0,0,998,550
1,0,0,998,550
1,0,0,999,550
1,0,0,997,550
1,0,0,997,550
1,0,0,998,550
1,0,0,994,550
1,0,0,997,550
1,0,0,995,550
1,0,0,998,550
1,0,0,998,550
1,0,0,1000,550
1,0,0,997,550
1,0,0,1000,550
1,0,0,997,550
1,0,0,999,550
1,0,0,999,550
1,0,0,998,550
1,0,0,1000,550
1,0,0,998,550
1,0,0,1000,550
1,0,0,998,550
1,0,0,997,550
1,0,0,999,550
1,0,0,998,550
1,0,0,999,550
1,0,0,998,550
1,0,0,998,550
1,0,0,996,550
1,0,0,999,550
1,0,0,997,550
1,0,0,998,550
1,0,0,999,550
1,0,0,996,550
1,0,0,997,550
1,0,0,999,550
1,0,0,998,550
1,0,0,997,550
1,0,0,998,550
1,0,0,997,550
1,0,0,1000,550
1,0,0,998,550
1,0,0,998,550
1,0,0,999,550
1,0,0,999,550
1,0,0,998,550
1,0,0,996,550
1,0,0,1010,550
1,0,0,1002,550
1,0,0,999,550
1,0,0,996,550
1,0,0,999,550
1,0,0,994,550
1,0,0,986,550
1,0,0,988,550
1,0,0,976,550
1,0,0,982,550
1,0,0,971,550
1,0,0,978,550
1,0,0,970,550
1,0,0,971,550
1,0,0,969,550
1,0,0,978,550
1,0,0,967,550
1,0,0,968,550
1,0,0,964,550
1,0,0,974,550
1,0,0,970,550
1,0,0,976,550
1,0,0,982,550
1,0,0,982,550
1,0,0,984,550
1,0,0,985,550
1,0,0,987,550
1,0,0,988,550
1,0,0,989,550
1,0,0,998,550
1,0,0,994,550
1,0,0,993,550
1,0,0,997,550
1,0,0,998,550
1,0,0,1000,550
1,0,0,1000,550
1,0,0,998,550
1,0,0,997,550
1,0,0,1000,550
1,0,0,997,550
1,0,0,997,550
1,0,0,994,550
1,0,0,994,550
1,0,0,998,550
1,0,0,1000,550
1,0,0,997,550
1,0,0,998,550
1,0,0,996,550
1,0,0,998,550
1,0,0,997,550
1,0,0,1000,550
1,0,0,998,550
1,0,1,986,550
1,0,1,837,550
1,0,1,842,550
1,0,1,844,550
1,0,1,843,550
1,0,0,909,550
1,0,0,1008,550
1,0,0,1000,550
1,0,0,999,550
1,0,0,1000,550
1,0,0,999,550
1,0,0,1000,550
1,0,0,998,550
1,0,0,997,550
1,0,0,996,550
1,0,0,998,550
1,0,0,998,550
1,0,0,1000,550
1,0,0,1000,550
1,0,0,997,550
1,0,0,999,550
1,0,0,997,550
1,0,0,998,550
1,0,0,998,550
1,0,0,1000,550
1,0,0,996,550
1,0,0,1000,550
1,0,0,995,550
1,0,0,995,550
1,0,0,1000,550
1,0,0,998,550
1,0,0,1000,550
1,0,0,999,550
1,0,0,999,550
1,0,0,997,550
1,0,0,998,550
1,0,0,998,550
1,0,0,1000,550
1,0,0,998,550
1,0,0,998,550
1,0,0,1000,550
1,0,0,998,550
1,0,0,996,550
1,0,0,997,550
1,0,0,998,550
1,0,0,998,550
1,0,0,997,550
1,0,0,998,550
1,0,0,1012,550
1,0,0,1005,550
1,0,0,1001,550
1,0,0,997,550
1,0,0,1000,550
1,0,0,996,550
1,0,0,985,550
1,0,0,987,550
1,0,0,981,550
1,0,0,978,550
1,0,0,971,550
1,0,0,976,550
1,0,0,968,550
1,0,0,979,550
1,0,0,965,550
1,0,0,971,550
1,0,0,967,550
1,0,0,969,550
1,0,0,964,550
1,0,0,969,550
1,0,0,968,550
1,0,0,974,550
1,0,0,982,550
1,0,0,981,550
1,0,0,983,550
1,0,0,983,550
1,0,0,987,550
1,0,0,995,550
1,0,0,988,550
1,0,0,998,550
1,0,0,993,550
1,0,0,994,550
1,0,0,998,550
1,0,0,998,550
1,0,0,999,550
1,0,0,998,550
1,0,0,998,550
1,0,0,998,550
1,0,0,1000,550
1,0,0,1000,550
1,0,0,995,550
1,0,0,999,550
1,0,0,994,550
1,0,0,996,550
1,0,0,996,550
1,0,0,997,550
1,0,0,998,550
1,0,0,998,550
1,0,0,998,550
1,0,0,997,550
1,0,0,997,550
1,0,0,998,550
1,0,0,999,550
1,0,0,999,550
1,0,0,998,550
1,0,0,997,550
1,0,0,997,550
1,0,0,996,550
1,0,0,997,550
1,0,0,999,550
1,0,0,998,550
1,0,0,997,550
1,0,1,960,550
1,0,1,895,550
1,0,1,908,550
1,0,1,900,550
1,0,1,908,550
1,0,0,941,550
1,0,0,1001,550
1,0,0,999,550
1,0,0,1000,550
1,0,0,999,550
1,0,0,995,550
1,0,0,999,550
1,0,0,1000,550
1,0,0,998,550
1,0,0,996,550
1,0,0,997,550
1,0,0,998,550
1,0,0,997,550
1,0,0,995,550
1,0,0,995,550
1,0,0,1000,550
1,0,0,998,550
1,0,0,998,550
1,0,0,998,550
1,0,0,998,550
1,0,0,998,550
1,0,0,999,550
1,0,0,997,550
1,0,0,998,550
1,0,0,998,550
1,0,0,998,550
1,0,0,999,550
1,0,0,998,550
1,0,0,1001,550
1,0,0,999,550
1,0,0,998,550
1,0,0,996,550
1,0,0,995,550
1,0,0,1010,550
1,0,0,1001,550
1,0,0,996,550
1,0,0,996,550
1,0,0,1000,550
1,0,0,997,550
1,0,0,984,550
1,0,0,987,550
1,0,0,978,550
1,0,0,978,550
1,0,0,970,550
1,0,0,975,550
1,0,0,970,550
1,0,0,971,550
1,0,0,967,550
1,0,0,969,550
1,0,0,965,550
1,0,0,972,550
1,0,0,967,550
1,0,0,972,550
1,0,0,973,550
1,0,0,975,550
1,0,0,979,550
1,0,0,983,550
1,0,0,983,550
1,0,0,985,550
1,0,0,988,550
1,0,0,990,550
1,0,0,992,550
1,0,0,991,550
1,0,0,997,550
1,0,0,998,550
1,0,0,997,550
1,0,0,1000,550
1,0,0,1000,550
1,0,0,996,550
1,0,0,998,550
1,0,0,997,550
1,0,0,1000,550
1,0,0,998,550
1,0,0,999,550
1,0,0,998,550
1,0,0,996,550
1,0,0,998,550
1,0,0,999,550
1,0,0,1000,550
1,0,0,998,550
1,0,0,997,550
1,0,0,998,550
1,0,0,998,550
1,0,0,998,550
1,0,0,998,550
1,0,0,998,550
1,0,0,998,550
1,0,0,998,550
1,0,0,997,550
1,0,0,999,550
1,0,0,998,550
1,0,0,998,550
1,0,0,997,550
1,0,0,995,550
1,0,0,996,550
1,0,0,996,550
1,0,0,999,550
1,0,0,997,550
1,0,0,1000,550
1,0,0,1000,550
1,0,0,997,550
1,0,0,998,550
1,0,0,999,550
1,0,0,999,550
1,0,0,998,550
1,0,1,994,550
1,0,1,897,550
1,0,1,899,550
1,0,1,903,550
1,0,1,896,550
1,0,0,953,550
1,0,0,1006,550
1,0,0,999,550
1,0,0,997,550
1,0,0,996,550
1,0,0,995,550
1,0,0,999,550
1,0,0,998,550
1,0,0,1000,550
1,0,0,1001,550
1,0,0,998,550
1,0,0,998,550
1,0,0,999,550
1,0,0,997,550
1,0,0,997,550
1,0,0,997,550
1,0,0,998,550
1,0,0,996,550
1,0,0,998,550
1,0,0,999,550
1,0,0,998,550
1,0,0,997,550
1,0,0,996,550
1,0,0,1012,550
1,0,0,1005,550
1,0,0,1002,550
1,0,0,998,550
1,0,0,999,550
1,0,0,1000,550
1,0,0,997,550
1,0,0,998,550
1,0,0,997,550
1,0,0,998,550
1,0,0,998,550
1,0,0,998,550
1,0,0,995,550
1,0,0,998,550
1,0,0,998,550
1,0,0,998,550
1,0,0,999,550
1,0,0,995,550
1,0,0,1000,550
1,0,0,998,550
1,0,0,999,550
1,0,0,997,550
1,0,0,998,550
1,0,0,998,550
1,0,0,999,550
1,0,0,998,550
1,0,0,997,550
1,0,0,998,550
1,0,0,997,550
1,0,0,999,550
1,0,0,999,550
1,0,0,998,550
1,0,0,998,550
1,0,0,999,550
1,0,0,998,550
1,0,0,998,550
1,0,0,999,550
1,0,0,998,550
1,0,0,1001,550
1,0,0,999,550
1,0,0,1000,550
1,0,0,995,550
1,0,0,1000,550
1,0,0,999,550
1,0,0,999,550
1,0,0,1000,550
1,0,0,998,550
1,0,0,996,550
1,0,0,998,550
1,0,0,1001,550
1,0,0,998,550
1,0,0,1000,550
1,0,0,998,550
1,0,0,998,550
1,0,0,998,550
1,0,0,998,550
1,0,0,998,550
1,0,0,999,550
1,0,0,999,550
1,0,0,996,550
1,0,0,997,550
1,0,0,997,550
1,0,0,997,550
1,0,0,1000,550
1,0,0,998,550
1,0,0,998,550
1,0,0,996,550
1,0,0,1000,550
1,0,0,998,550
1,0,0,997,550
1,0,0,999,550
1,0,0,998,550
1,0,0,996,550
1,0,0,1000,550
1,0,0,996,550
1,0,0,999,550
1,0,0,999,550
1,0,0,999,550
1,0,0,1001,550
1,0,0,998,550
1,0,0,998,550
1,0,0,997,550
1,0,0,998,550
1,0,0,1000,550
1,0,0,998,550
1,0,0,999,550
1,0,0,997,550
1,0,1,961,550
1,0,1,899,550
1,0,1,899,550
1,0,1,900,550
1,0,1,908,550
1,0,0,939,550
1,0,0,1002,550
1,0,0,1000,550
1,0,0,998,550
1,0,0,998,550
1,0,0,998,550
1,0,0,997,550
1,0,0,999,550
1,0,0,1019,550
1,0,0,1004,550
1,0,0,999,550
1,0,0,998,550
1,0,0,999,550
1,0,0,1000,550
1,0,0,997,550
1,0,0,998,550
1,0,0,998,550
1,0,0,1001,550
1,0,0,998,550
1,0,0,999,550
1,0,0,998,550
1,0,0,998,550
1,0,0,996,550
1,0,0,998,550
1,0,0,997,550
1,0,0,996,550
1,0,0,997,550
1,0,0,996,550
1,0,0,997,550
1,0,0,997,550
1,0,0,1000,550
1,0,0,999,550
1,0,0,997,550
1,0,0,997,550
1,0,0,998,550
1,0,0,999,550
1,0,0,999,550
1,0,0,997,550
1,0,0,999,550
1,0,0,997,550
1,0,0,1000,550
1,0,0,997,550
1,0,0,997,550
1,0,0,998,550
1,0,0,999,550
1,0,0,999,550
1,0,0,996,550
1,0,0,998,550
1,0,0,997,550
1,0,0,997,550
1,0,0,997,550
1,0,0,997,550
1,0,0,998,550
1,0,0,1000,550
1,0,0,1000,550
1,0,0,1000,550
1,0,0,997,550
1,0,0,999,550
1,0,0,999,550
1,0,0,999,550
1,0,0,997,550
1,0,0,997,550
1,0,0,1000,550
1,0,0,1000,550
1,0,0,997,550
1,0,0,997,550
1,0,0,998,550
1,0,0,997,550
1,0,0,998,550
1,0,0,997,550
1,0,0,999,550
1,0,0,998,550
1,0,0,997,550
1,0,0,999,550
1,0,0,997,550
1,0,0,997,550
1,0,0,997,550
1,0,0,997,550
1,0,0,996,550
1,0,0,996,550
1,0,0,999,550
1,0,0,998,550
1,0,0,998,550
1,0,0,998,550
1,0,0,998,550
1,0,0,997,550
1,0,0,998,550
1,0,0,999,550
1,0,0,998,550
1,0,0,996,550
1,0,0,1000,550
1,0,0,998,550
1,0,0,999,550
1,0,0,998,550
1,0,0,999,550
1,0,0,998,550
1,0,0,997,550
1,0,0,998,550
1,0,0,998,550
1,0,0,999,550
1,0,0,999,550
1,0,0,999,550
1,0,0,997,550
1,0,0,1000,550
1,0,0,997,550
1,0,1,998,550
1,0,0,907,550
1,0,0,1004,550
1,0,0,1011,550
1,0,0,1001,550
1,0,0,997,550
1,0,0,999,550
1,0,0,998,550
1,0,0,994,550
1,0,0,985,550
1,0,0,987,550
1,0,0,979,550
1,0,0,981,550
1,0,0,974,550
1,0,0,978,550
1,0,0,976,550
1,0,0,971,550
1,0,0,969,550
1,0,0,977,550
1,0,0,967,550
1,0,0,968,550
1,0,0,966,550
1,0,0,970,550
1,0,0,969,550
1,0,0,976,550
1,0,0,983,550
1,0,0,983,550
1,0,0,983,550
1,0,0,987,550
1,0,0,990,550
1,0,0,997,550
1,0,0,997,550
1,0,0,994,550
1,0,0,994,550
1,0,0,999,550
1,0,0,997,550
1,0,0,997,550
1,0,0,999,550
1,0,0,998,550
1,0,0,996,550
1,0,0,1000,550
1,0,0,999,550
1,0,0,996,550
1,0,0,995,550
1,0,0,998,550
1,0,0,997,550
1,0,0,998,550
1,0,0,998,550
1,0,0,997,550
1,0,0,998,550
1,0,0,1000,550
1,0,0,997,550
1,0,0,999,550
1,0,0,1000,550
1,0,0,999,550
1,0,0,998,550
1,0,0,998,550
1,0,0,998,550
1,0,0,998,550
1,0,0,997,550
1,0,0,997,550
1,0,0,998,550
1,0,0,995,550
1,0,0,995,550
1,0,0,999,550
1,0,0,999,550
1,0,0,997,550
1,0,0,999,550
1,0,0,997,550
1,0,0,997,550
1,0,0,998,550
1,0,0,997,550
1,0,0,996,550
1,0,0,1000,550
1,0,0,997,550
1,0,0,998,550
1,0,0,998,550
1,0,0,1000,550
1,0,0,999,550
1,0,0,999,550
1,0,0,997,550
1,0,0,998,550
1,0,0,997,550
1,0,0,997,550
1,0,0,995,550
1,0,0,995,550
1,0,0,998,550
1,0,0,1000,550
1,0,0,996,550
1,0,0,996,550
1,0,0,999,550
1,0,0,997,550
1,0,0,998,550
1,0,0,999,550
1,0,0,997,550
1,0,0,998,550
1,0,0,998,550
1,0,0,996,550
1,0,0,998,550
1,0,0,998,550
1,0,0,999,550
1,0,0,996,550
1,0,0,999,550
1,0,0,1019,550
1,0,0,1001,550
1,0,0,999,550
1,0,0,999,550
1,0,0,996,550
1,0,0,994,550
1,0,0,986,550
1,0,0,987,550
1,0,0,980,550
1,0,0,981,550
1,0,0,972,550
1,0,0,977,550
1,0,0,973,550
1,0,0,971,550
1,0,0,966,550
1,0,0,969,550
1,0,0,966,550
1,0,0,973,550
1,0,0,963,550
1,0,0,973,550
1,0,0,974,550
1,0,0,975,550
1,0,1,968,550
1,0,1,880,550
1,0,1,891,550
1,0,1,886,550
1,0,1,887,550
1,0,0,940,550
1,0,0,991,550
1,0,0,989,550
1,0,0,994,550
1,0,0,990,550
1,0,0,994,550
1,0,0,994,550
1,0,0,994,550
1,0,0,995,550
1,0,0,1000,550
1,0,0,998,550
1,0,0,999,550
1,0,0,995,550
1,0,0,995,550
1,0,0,999,550
1,0,0,996,550
1,0,0,1000,550
1,0,0,998,550
1,0,0,997,550
1,0,0,998,550
1,0,0,999,550
1,0,0,999,550
1,0,0,999,550
1,0,0,998,550
1,0,0,999,550
1,0,0,998,550
1,0,0,998,550
1,0,0,998,550
1,0,0,998,550
1,0,0,996,550
1,0,0,998,550
1,0,0,1000,550
1,0,0,997,550
1,0,0,994,550
1,0,0,997,550
1,0,0,997,550
1,0,0,997,550
1,0,0,1000,550
1,0,0,998,550
1,0,0,998,550
1,0,0,998,550
1,0,0,999,550
1,0,0,997,550
1,0,0,998,550
1,0,0,998,550
1,0,0,1001,550
1,0,0,998,550
1,0,0,999,550
1,0,0,1000,550
1,0,0,999,550
1,0,0,997,550
1,0,0,1000,550
1,0,0,997,550
1,0,0,995,550
1,0,0,999,550
1,0,0,995,550
1,0,0,996,550
1,0,0,997,550
1,0,0,998,550
1,0,0,998,550
1,0,0,999,550
1,0,0,998,550
1,0,0,996,550
1,0,0,1000,550
1,0,0,998,550
1,0,0,997,550
1,0,0,999,550
1,0,0,999,550
1,0,0,998,550
1,0,0,1000,550
1,0,0,996,550
1,0,0,999,550
1,0,0,998,550
1,0,0,1016,550
1,0,0,1001,550
1,0,0,998,550
1,0,0,997,550
1,0,0,998,550
1,0,0,997,550
1,0,0,986,550
1,0,0,989,550
1,0,0,980,550
1,0,0,979,550
1,0,0,977,550
1,0,0,979,550
1,0,0,975,550
1,0,0,970,550
1,0,0,969,550
1,0,0,970,550
1,0,0,965,550
1,0,0,969,550
1,0,0,965,550
1,0,0,980,550
1,0,0,966,550
1,0,0,977,550
1,0,0,979,550
1,0,0,983,550
1,0,0,982,550
1,0,0,984,550
1,0,0,988,550
1,0,0,988,550
1,0,0,991,550
1,0,0,1001,550
1,0,0,995,550
1,0,0,995,550
1,0,0,997,550
1,0,0,998,550
1,0,0,998,550
1,0,0,997,550
1,0,0,998,550
1,0,0,998,550
1,0,0,999,550
1,0,0,996,550
1,0,0,999,550
1,0,0,996,550
1,0,1,952,550
1,0,1,903,550
1,0,1,894,550
1,0,1,907,550
1,0,1,903,550
1,0,0,943,550
1,0,0,1005,550
1,0,0,1000,550
1,0,0,1000,550
1,0,0,998,550
1,0,0,998,550
1,0,0,997,550
1,0,0,1000,550
1,0,0,998,550
1,0,0,999,550
1,0,0,998,550
1,0,0,999,550
1,0,0,997,550
1,0,0,999,550
1,0,0,999,550
1,0,0,996,550
1,0,0,996,550
1,0,0,998,550
1,0,0,998,550
1,0,0,998,550
1,0,0,999,550
1,0,0,999,550
1,0,0,999,550
1,0,0,998,550
1,0,0,1000,550
1,0,0,998,550
1,0,0,998,550
1,0,0,999,550
1,0,0,999,550
1,0,0,999,550
1,0,0,998,550
1,0,0,998,550
1,0,0,1000,550
1,0,0,1000,550
1,0,0,998,550
1,0,0,997,550
1,0,0,997,550
1,0,0,998,550
1,0,0,998,550
1,0,0,998,550
1,0,0,998,550
1,0,0,999,550
1,0,0,999,550
1,0,0,997,550
1,0,0,998,550
1,0,0,998,550
1,0,0,998,550
1,0,0,997,550
1,0,0,997,550
1,0,0,997,550
1,0,0,998,550
1,0,0,996,550
1,0,0,996,550
1,0,0,999,550
1,0,0,998,550
1,0,0,995,550
1,0,0,999,550
1,0,0,999,550
1,0,0,1000,550
1,0,0,979,550
1,0,0,983,550
1,0,0,975,550
1,0,0,977,550
1,0,0,972,550
1,0,0,978,550
1,0,0,968,550
1,0,0,973,550
1,0,0,966,550
1,0,0,976,550
1,0,0,965,550
1,0,0,968,550
1,0,0,964,550
1,0,0,972,550
1,0,0,966,550
1,0,0,975,550
1,0,0,981,550
1,0,0,984,550
1,0,0,985,550
1,0,0,984,550
1,0,0,987,550
1,0,0,989,550
1,0,0,989,550
1,0,0,1001,550
1,0,0,993,550
1,0,0,996,550
1,0,0,996,550
1,0,0,997,550
1,0,0,997,550
1,0,0,997,550
1,0,0,1000,550
1,0,0,998,550
1,0,0,998,550
1,0,0,998,550
1,0,0,998,550
1,0,0,997,550
1,0,0,996,550
1,0,0,998,550
1,0,0,997,550
1,0,0,997,550
1,0,0,997,550
1,0,0,996,550
1,0,0,998,550
1,0,0,997,550
1,0,0,997,550
1,0,0,996,550
1,0,1,960,550
1,0,1,906,550
1,0,1,900,550
1,0,1,908,550
1,0,1,900,550
1,0,1,901,550
1,0,0,906,550
1,0,0,1000,550
1,0,0,1000,550
1,0,0,995,550
1,0,1,994,550
1,0,1,837,550
1,0,1,842,550
1,0,1,846,550
1,0,1,843,550
1,0,1,849,550
1,0,1,844,550
1,0,1,841,550
1,0,1,843,550
1,0,1,843,550
1,0,1,841,550
1,0,1,846,550
1,0,1,845,550
1,0,1,846,550
1,0,1,849,550
1,0,1,841,550
1,0,0,906,550
1,0,0,1004,550
1,0,0,997,550
1,0,0,998,550
1,0,1,986,550
1,0,1,809,550
1,0,1,824,550
1,0,1,815,550
1,0,1,822,550
1,0,1,826,550
1,0,1,833,550
1,0,1,818,550
1,0,1,825,550
1,0,1,824,550
1,0,1,818,550
1,0,1,820,550
1,0,1,827,550
1,0,1,816,550
1,0,1,822,550
1,0,1,830,550
1,0,0,885,550
1,0,0,1006,550
1,0,0,996,550
1,0,0,994,550
1,0,1,958,550
1,0,1,774,550
1,0,1,788,550
1,0,0,872,550
1,0,0,996,550
1,0,0,988,550
1,0,0,978,550
1,0,0,982,550
1,0,0,969,550
1,0,0,975,550
1,0,0,968,550
1,0,0,976,550
1,0,0,967,550
1,0,0,974,550
1,0,0,964,550
1,0,0,968,550
1,0,0,963,550
1,0,0,976,550
1,0,0,971,550
1,0,0,975,550
1,0,1,979,550
1,0,1,773,550
1,0,1,784,550
1,0,1,778,550
1,0,1,770,550
1,0,1,771,550
1,0,1,781,550
1,0,1,788,550
1,0,1,773,550
1,0,1,768,550
1,0,1,783,550
1,0,1,730,550
1,0,1,728,550
1,0,1,741,550
1,0,1,730,550
1,0,1,739,550
1,0,0,853,550
1,0,0,995,550
1,0,0,991,550
1,0,0,988,550
1,0,1,970,550
1,0,1,729,550
1,0,1,728,550
1,0,1,738,550
1,0,1,755,550
1,0,1,742,550
1,0,1,738,550
1,0,1,744,550
1,0,1,755,550
1,0,1,733,550
1,0,1,735,550
1,0,1,701,550
1,0,1,712,550
1,0,1,727,550
1,0,1,703,550
1,0,1,711,550
1,0,0,833,550
1,0,0,1012,550
1,0,0,998,550
1,0,0,1000,550
1,0,1,950,550
1,0,1,701,550
1,0,1,706,550
1,0,1,726,550
1,0,1,701,550
1,0,1,708,550
1,0,1,730,550
1,0,1,701,550
1,0,1,717,550
1,0,1,725,550
1,0,1,711,550
1,0,1,676,550
1,0,1,693,550
1,0,1,690,550
1,0,1,674,550
1,0,1,682,550
1,0,0,831,550
1,0,0,1012,550
1,0,0,1006,550
1,0,0,996,550
1,0,1,1002,550
1,0,1,670,550
1,0,1,684,550
1,0,1,694,550
1,0,1,673,550
1,0,1,677,550
1,0,1,679,550
1,0,1,688,550
1,0,1,693,550
1,0,1,673,550
1,0,1,681,550
1,0,1,647,550
1,0,1,676,550
1,0,1,673,550
1,0,1,648,550
1,0,1,672,550
1,0,0,815,550
1,0,0,1009,550
1,0,0,998,550
1,0,0,993,550
1,0,1,985,550
1,0,1,651,550
1,0,1,659,550
1,0,0,813,550
1,0,0,1001,550
1,0,0,991,550
1,0,0,978,550
1,0,0,977,550
1,0,0,968,550
1,0,0,976,550
1,0,0,968,550
1,0,0,970,550
1,0,0,966,550
1,0,0,968,550
1,0,0,962,550
1,0,0,969,550
1,0,0,962,550
1,0,0,967,550
1,0,0,969,550
1,0,0,972,550
1,0,1,978,550
1,0,1,655,550
1,0,1,667,550
1,0,1,644,550
1,0,1,656,550
1,0,1,657,550
1,0,1,631,550
1,0,1,645,550
1,0,1,631,550
1,0,1,648,550
1,0,1,658,550
1,0,1,645,550
1,0,1,632,550
1,0,1,648,550
1,0,1,641,550
1,0,1,622,550
1,0,0,799,550
1,0,0,1003,550
1,0,0,992,550
1,0,0,985,550
1,0,1,987,550
1,0,1,645,550
1,0,1,624,550
1,0,1,653,550
1,0,1,629,550
1,0,1,698,550
1,0,1,600,550
1,0,1,618,550
1,0,1,631,550
1,0,1,640,550
1,0,1,627,550
1,0,1,642,550
1,0,1,645,550
1,0,1,631,550
1,0,1,616,550
1,0,1,641,550
1,0,0,792,550
1,0,0,1010,550
1,0,0,995,550
1,0,0,991,550
1,0,1,991,550
1,0,1,616,550
1,0,1,632,550
1,0,1,642,550
1,0,1,645,550
1,0,1,632,550
1,0,1,585,550
1,0,1,625,550
1,0,1,629,550
1,0,1,588,550
1,0,1,608,550
1,0,1,612,550
1,0,1,593,550
1,0,1,625,550
1,0,1,624,550
1,0,1,585,550
1,0,0,763,550
1,0,0,1012,550
1,0,0,1000,550
1,0,0,997,550
1,0,1,990,550
1,0,1,578,550
1,0,1,611,550
1,0,1,626,550
1,0,1,595,550
1,0,1,584,550
1,0,1,604,550
1,0,1,586,550
1,0,1,576,550
1,0,1,578,550
1,0,1,609,550
1,0,1,578,550
1,0,1,568,550
1,0,1,584,550
1,0,1,597,550
1,0,1,617,550
1,0,0,761,550
1,0,0,1009,550
1,0,0,995,550
1,0,0,993,550
1,0,1,987,550
1,0,1,604,550
1,0,1,608,550
1,0,0,777,550
1,0,0,1003,550
1,0,0,986,550
1,0,0,974,550
1,0,0,976,550
1,0,0,969,550
1,0,0,973,550
1,0,0,966,550
1,0,0,970,550
1,0,0,965,550
1,0,0,969,550
1,0,0,963,550
1,0,0,966,550
1,0,0,961,550
1,0,0,970,550
1,0,0,965,550
1,0,0,969,550
1,0,1,976,550
1,0,1,550,550
1,0,1,596,550
1,0,1,561,550
1,0,1,596,550
1,0,1,555,550
1,0,1,553,550
1,0,1,603,550
1,0,1,571,550
1,0,1,578,550
1,0,1,562,550
1,0,1,551,550
1,0,1,601,550
1,0,1,576,550
1,0,1,574,550
1,0,1,570,550
1,0,0,767,550
1,0,0,998,550
1,0,0,993,550
1,0,0,985,550
1,0,1,987,550
1,0,1,556,550
1,0,1,547,550
1,0,1,541,550
1,0,1,557,550
1,0,1,549,550
1,0,1,556,550
1,0,1,589,550
1,0,1,592,550
1,0,1,584,550
1,0,1,549,550
1,0,1,543,550
1,0,1,547,550
1,0,1,577,550
1,0,1,592,550
1,0,1,575,550
1,0,0,757,550
1,0,0,1012,550
1,0,0,990,550
1,0,0,983,550
1,0,1,986,550
1,0,1,549,550
1,0,1,577,550
1,0,1,579,550
1,0,1,583,550
1,0,1,583,550
1,0,1,571,550
1,0,1,553,550
1,0,1,530,550
1,0,1,535,550
1,0,1,557,550
1,0,1,583,550
1,0,1,581,550
1,0,1,563,550
1,0,1,544,550
1,0,1,528,550
1,0,0,744,550
1,0,0,1010,550
1,0,0,991,550
1,0,0,986,550
1,0,1,956,550
1,0,1,558,550
1,0,1,530,550
1,0,1,518,550
1,0,1,572,550
1,0,1,576,550
1,0,1,520,550
1,0,1,570,550
1,0,1,565,550
1,0,1,521,550
1,0,1,530,550
1,0,1,564,550
1,0,1,518,550
1,0,1,570,550
1,0,1,563,550
1,0,1,548,550
1,0,0,745,550
1,0,0,998,550
1,0,0,988,550
1,0,0,986,550
1,0,1,986,550
1,0,1,517,550
1,0,1,537,550
1,0,1,526,550
1,0,1,567,550
1,0,1,578,550
1,0,1,531,550
1,0,1,561,550
1,0,1,571,550
1,0,1,529,550
1,0,1,518,550
1,0,1,570,550
1,0,1,527,550
1,0,1,559,550
1,0,1,567,550
1,0,1,553,550
1,0,0,728,550
1,0,0,1003,550
1,0,0,989,550
1,0,0,985,550
1,0,1,984,550
1,0,1,517,550
1,0,1,573,550
1,0,1,572,550
1,0,1,532,550
1,0,1,518,550
1,0,1,574,550
1,0,1,534,550
1,0,1,548,550
1,0,1,574,550
1,0,1,559,550
1,0,1,550,550
1,0,1,574,550
1,0,1,537,550
1,0,1,554,550
1,0,1,576,550
1,0,0,750,550
1,0,0,1002,550
1,0,0,988,550
1,0,0,984,550
1,0,1,984,550
1,0,1,543,550
1,0,1,517,550
1,0,1,533,550
1,0,1,574,550
1,0,1,567,550
1,0,1,534,550
1,0,1,577,550
1,0,1,545,550
1,0,1,535,550
1,0,1,572,550
1,0,1,542,550
1,0,1,534,550
1,0,1,577,550
1,0,1,540,550
1,0,1,518,550
1,0,0,704,550
1,0,0,1006,550
1,0,0,991,550
1,0,0,982,550
1,0,1,979,550
1,0,1,569,550
1,0,1,549,550
1,0,1,541,550
1,0,1,544,550
1,0,1,572,550
1,0,1,545,550
1,0,1,538,550
1,0,1,577,550
1,0,1,546,550
1,0,1,521,550
1,0,1,577,550
1,0,1,545,550
1,0,1,538,550
1,0,1,575,550
1,0,1,565,550
1,0,0,737,550
1,0,0,1005,550
1,0,0,989,550
1,0,0,984,550
1,0,1,982,550
1,0,1,551,550
1,0,1,564,550
1,0,1,562,550
1,0,1,522,550
1,0,1,543,550
1,0,1,562,550
1,0,1,518,550
1,0,1,577,550
1,0,1,564,550
1,0,1,540,550
1,0,1,577,550
1,0,1,562,550
1,0,1,516,550
1,0,1,578,550
1,0,1,576,550
1,0,0,750,550
1,0,0,995,550
1,0,0,988,550
1,0,0,983,550
1,0,1,980,550
1,0,1,532,550
1,0,1,567,550
1,0,1,562,550
1,0,1,515,550
1,0,1,538,550
1,0,1,560,550
1,0,1,517,550
1,0,1,572,550
1,0,1,563,550
1,0,1,541,550
1,0,1,574,550
1,0,1,561,550
1,0,1,514,550
1,0,1,575,550
1,0,1,575,550
1,0,0,746,550
1,0,0,1002,550
1,0,0,988,550
1,0,0,982,550
1,0,1,980,550
1,0,1,515,550
1,0,1,558,550
1,0,1,572,550
1,0,1,558,550
1,0,1,538,550
1,0,1,573,550
1,0,1,560,550
1,0,1,514,550
1,0,1,574,550
1,0,1,574,550
1,0,1,515,550
1,0,1,573,550
1,0,1,559,550
1,0,1,518,550
1,0,1,539,550
1,0,0,744,550
1,0,0,1004,550
1,0,0,987,550
1,0,0,982,550
1,0,1,956,550
1,0,1,564,550
1,0,1,562,550
1,0,1,519,550
1,0,1,572,550
1,0,1,575,550
1,0,1,522,550
1,0,1,569,550
1,0,1,565,550
1,0,1,522,550
1,0,1,530,550
1,0,1,565,550
1,0,1,518,550
1,0,1,570,550
1,0,1,563,550
1,0,1,547,550
1,0,0,724,550
1,0,0,1008,550
1,0,0,987,550
1,0,0,986,550
1,0,1,981,550
1,0,1,524,550
1,0,1,568,550
1,0,1,565,550
1,0,1,523,550
1,0,1,521,550
1,0,1,568,550
1,0,1,525,550
1,0,1,564,550
1,0,1,569,550
1,0,1,551,550
1,0,1,559,550
1,0,1,569,550
1,0,1,527,550
1,0,1,565,550
1,0,1,574,550
1,0,0,747,550
1,0,0,1006,550
1,0,0,989,550
1,0,0,982,550
1,0,1,981,550
1,0,1,527,550
1,0,1,519,550
1,0,1,557,550
1,0,1,564,550
1,0,1,551,550
1,0,1,558,550
1,0,1,570,550
1,0,1,528,550
1,0,1,558,550
1,0,1,574,550
1,0,1,525,550
1,0,1,558,550
1,0,1,566,550
1,0,1,524,550
1,0,1,517,550
1,0,0,717,550
1,0,0,999,550
1,0,0,988,550
1,0,0,982,550
1,0,1,973,550
1,0,1,559,550
1,0,1,516,550
1,0,0,728,550
1,0,0,996,550
1,0,0,984,550
1,0,0,969,550
1,0,0,969,550
1,0,0,964,550
1,0,0,967,550
1,0,0,959,550
1,0,0,967,550
1,0,0,957,550
1,0,0,964,550
1,0,0,958,550
1,0,0,963,550
1,0,0,957,550
1,0,0,964,550
1,0,0,962,550
1,0,0,968,550
1,0,1,979,550
1,0,1,554,550
1,0,1,531,550
1,0,1,531,550
1,0,1,569,550
1,0,1,559,550
1,0,1,533,550
1,0,1,569,550
1,0,1,537,550
1,0,1,532,550
1,0,1,566,550
1,0,1,537,550
1,0,1,531,550
1,0,1,570,550
1,0,1,534,550
1,0,1,518,550
1,0,0,738,550
1,0,0,999,550
1,0,0,982,550
1,0,0,980,550
1,0,1,968,550
1,0,1,551,550
1,0,1,553,550
1,0,1,514,550
1,0,1,571,550
1,0,1,569,550
1,0,1,513,550
1,0,1,571,550
1,0,1,555,550
1,0,1,512,550
1,0,1,535,550
1,0,1,555,550
1,0,1,513,550
1,0,1,568,550
1,0,1,553,550
1,0,1,521,550
1,0,0,722,550
1,0,0,1004,550
1,0,0,989,550
1,0,0,984,550
1,0,1,981,550
1,0,1,555,550
1,0,1,562,550
1,0,1,524,550
1,0,1,561,550
1,0,1,571,550
1,0,1,522,550
1,0,1,557,550
1,0,1,565,550
1,0,1,526,550
1,0,1,517,550
1,0,1,565,550
1,0,1,523,550
1,0,1,555,550
1,0,1,562,550
1,0,1,533,550
1,0,0,707,550
1,0,0,1004,550
1,0,0,986,550
1,0,0,981,550
1,0,1,982,550
1,0,1,559,550
1,0,1,565,550
1,0,1,533,550
1,0,1,536,550
1,0,1,567,550
1,0,1,539,550
1,0,1,532,550
1,0,1,568,550
1,0,1,539,550
1,0,1,511,550
1,0,1,569,550
1,0,1,538,550
1,0,1,532,550
1,0,1,567,550
1,0,1,546,550
1,0,0,745,550
1,0,0,998,550
1,0,0,983,550
1,0,0,983,550
1,0,1,982,550
1,0,1,502,550
1,0,1,566,550
1,0,0,745,550
1,0,0,993,550
1,0,0,983,550
1,0,0,970,550
1,0,0,968,550
1,0,0,961,550
1,0,0,967,550
1,0,0,958,550
1,0,0,963,550
1,0,0,960,550
1,0,0,964,550
1,0,0,958,550
1,0,0,962,550
1,0,0,954,550
1,0,0,963,550
1,0,0,961,550
1,0,0,966,550
1,0,1,972,550
1,0,1,499,550
1,0,1,555,550
1,0,1,554,550
1,0,1,509,550
1,0,1,522,550
1,0,1,556,550
1,0,1,515,550
1,0,1,563,550
1,0,1,558,550
1,0,1,523,550
1,0,1,567,550
1,0,1,533,550
1,0,1,528,550
1,0,1,565,550
1,0,1,554,550
1,0,0,729,550
1,0,0,998,550
1,0,0,985,550
1,0,0,978,550
1,0,1,978,550
1,0,1,497,550
1,0,1,514,550
1,0,1,565,550
1,0,1,536,550
1,0,1,518,550
1,0,1,567,550
1,0,1,543,550
1,0,1,519,550
1,0,1,567,550
1,0,1,550,550
1,0,1,561,550
1,0,1,557,550
1,0,1,516,550
1,0,1,564,550
1,0,1,568,550
1,0,0,741,550
1,0,0,1002,550
1,0,0,985,550
1,0,0,983,550
1,0,1,977,550
1,0,1,515,550
1,0,1,508,550
1,0,1,559,550
1,0,1,553,550
1,0,1,538,550
1,0,1,562,550
1,0,1,558,550
1,0,1,516,550
1,0,1,562,550
1,0,1,561,550
1,0,1,526,550
1,0,1,564,550
1,0,1,534,550
1,0,1,534,550
1,0,1,561,550
1,0,0,744,550
1,0,0,1002,550
1,0,0,984,550
1,0,0,982,550
1,0,1,949,550
1,0,1,540,550
1,0,1,532,550
1,0,1,518,550
1,0,1,564,550
1,0,1,560,550
1,0,1,521,550
1,0,1,568,550
1,0,1,541,550
1,0,1,522,550
1,0,1,565,550
1,0,1,514,550
1,0,1,561,550
1,0,1,555,550
1,0,1,508,550
1,0,1,522,550
1,0,0,707,550
1,0,0,999,550
1,0,0,984,550
1,0,0,980,550
1,0,1,977,550
1,0,1,548,550
1,0,1,506,550
1,0,0,723,550
1,0,0,994,550
1,0,0,981,550
1,0,0,969,550
1,0,0,970,550
1,0,0,963,550
1,0,0,966,550
1,0,0,959,550
1,0,0,964,550
1,0,0,959,550
1,0,0,964,550
1,0,0,958,550
1,0,0,961,550
1,0,0,956,550
1,0,0,965,550
1,0,0,962,550
1,0,0,966,550
1,0,1,972,550
1,0,1,543,550
1,0,1,515,550
1,0,1,546,550
1,0,1,554,550
1,0,1,526,550
1,0,1,547,550
1,0,1,557,550
1,0,1,518,550
1,0,1,547,550
1,0,1,563,550
1,0,1,518,550
1,0,1,546,550
1,0,1,556,550
1,0,1,515,550
1,0,1,510,550
1,0,0,723,550
1,0,0,998,550
1,0,0,989,550
1,0,0,977,550
1,0,1,978,550
1,0,1,522,550
1,0,1,554,550
1,0,1,525,550
1,0,1,542,550
1,0,1,564,550
1,0,1,524,550
1,0,1,538,550
1,0,1,560,550
1,0,1,524,550
1,0,1,509,550
1,0,1,560,550
1,0,1,525,550
1,0,1,534,550
1,0,1,558,550
1,0,1,547,550
1,0,0,725,550
1,0,0,1002,550
1,0,0,984,550
1,0,0,982,550
1,0,1,979,550
1,0,1,505,550
1,0,1,532,550
1,0,1,557,550
1,0,1,520,550
1,0,1,521,550
1,0,1,558,550
1,0,1,522,550
1,0,1,536,550
1,0,1,558,550
1,0,1,547,550
1,0,1,537,550
1,0,1,559,550
1,0,1,523,550
1,0,1,539,550
1,0,1,560,550
1,0,0,741,550
1,0,0,1001,550
1,0,0,984,550
1,0,0,980,550
1,0,1,923,550
1,0,1,546,550
1,0,1,526,550
1,0,1,523,550
1,0,1,559,550
1,0,1,537,550
1,0,1,560,550
1,0,1,549,550
1,0,1,506,550
1,0,1,560,550
1,0,1,561,550
1,0,1,506,550
1,0,1,561,550
1,0,1,546,550
1,0,1,510,550
1,0,1,527,550
1,0,0,700,550
1,0,0,999,550
1,0,0,988,550
1,0,0,981,550
1,0,1,978,550
1,0,1,546,550
1,0,1,503,550
1,0,0,721,550
1,0,0,990,550
1,0,0,982,550
1,0,0,966,550
1,0,0,969,550
1,0,0,961,550
1,0,0,966,550
1,0,0,962,550
1,0,0,962,550
1,0,0,958,550
1,0,0,962,550
1,0,0,959,550
1,0,0,962,550
1,0,0,957,550
1,0,0,963,550
1,0,0,958,550
1,0,0,964,550
1,0,1,961,550
1,0,1,582,550
1,0,1,663,550
1,0,1,677,550
1,0,1,587,550
1,0,1,687,550
1,0,1,686,550
1,0,1,590,550
1,0,1,655,550
1,0,1,690,550
1,0,1,641,550
1,0,1,643,550
1,0,1,688,550
1,0,1,617,550
1,0,1,629,550
1,0,1,636,550
1,0,0,787,550
1,0,0,997,550
1,0,0,985,550
1,0,0,983,550
1,0,1,982,550
1,0,1,672,550
1,0,1,628,550
1,0,1,663,550
1,0,1,688,550
1,0,1,654,550
1,0,1,654,550
1,0,1,690,550
1,0,1,606,550
1,0,1,647,550
1,0,1,680,550
1,0,1,601,550
1,0,1,644,550
1,0,1,690,550
1,0,1,628,550
1,0,1,688,550
1,0,0,767,550
1,0,0,997,550
1,0,0,986,550
1,0,0,982,550
1,0,1,917,550
1,0,1,595,550
1,0,1,672,550
1,0,1,602,550
1,0,1,638,550
1,0,1,680,550
1,0,1,603,550
1,0,1,643,550
1,0,1,691,550
1,0,1,616,550
1,0,1,689,550
1,0,1,689,550
1,0,1,635,550
1,0,1,624,550
1,0,1,682,550
1,0,1,613,550
1,0,0,821,550
1,0,0,1003,550
1,0,0,986,550
1,0,0,981,550
1,0,1,980,550
1,0,1,625,550
1,0,1,620,550
1,0,1,682,550
1,0,1,597,550
1,0,1,693,550
1,0,1,694,550
1,0,1,606,550
1,0,1,647,550
1,0,1,692,550
1,0,1,635,550
1,0,1,592,550
1,0,1,690,550
1,0,1,635,550
1,0,1,619,550
1,0,1,660,550
1,0,0,809,550
1,0,0,997,550
1,0,0,987,550
1,0,0,980,550
1,0,1,983,550
1,0,1,673,550
1,0,1,595,550
1,0,0,764,550
1,0,0,990,550
1,0,0,979,550
1,0,0,970,550
1,0,0,970,550
1,0,0,965,550
1,0,0,969,550
1,0,0,963,550
1,0,0,968,550
1,0,0,962,550
1,0,0,964,550
1,0,0,958,550
1,0,0,963,550
1,0,0,957,550
1,0,0,964,550
1,0,0,963,550
1,0,0,967,550
1,0,0,971,550
1,0,0,974,550
1,0,0,977,550
1,0,0,977,550
1,0,0,977,550
1,0,0,981,550
1,0,0,985,550
1,0,0,983,550
1,0,0,985,550
1,0,0,985,550
1,0,0,989,550
1,0,0,988,550
1,0,0,990,550
1,0,0,988,550
1,0,0,989,550
1,0,0,996,550
1,0,0,989,550
1,0,0,991,550
1,0,0,988,550
1,0,0,993,550
1,0,0,989,550
1,0,0,990,550
1,0,0,1000,550
1,0,0,998,550
1,0,0,997,550
1,0,0,998,550
1,0,0,997,550
1,0,0,997,550
1,0,0,1000,550
1,0,0,997,550
1,0,0,998,550
1,0,0,997,550
1,0,0,998,550
1,0,0,1000,550
1,0,0,998,550
1,0,0,998,550
1,0,0,999,550
1,0,0,993,550
1,0,0,997,550
1,0,0,991,550
1,0,0,1000,550
1,0,0,991,550
1,0,0,994,550
1,0,0,997,550
1,0,0,997,550
1,0,0,997,550
1,0,0,997,550
1,0,0,998,550
1,0,0,996,550
1,0,0,998,550
1,0,0,997,550
1,0,0,998,550
1,0,0,998,550
1,0,0,999,550
1,0,0,997,550
1,0,0,998,550
1,0,0,998,550
1,0,0,993,550
1,0,0,995,550
1,0,0,994,550
1,0,0,1001,550
1,0,0,996,550
1,0,0,1000,550
1,0,0,996,550
1,0,0,997,550
1,0,0,998,550
1,0,0,996,550
1,0,0,997,550
1,0,0,996,550
1,0,0,999,550
1,0,0,997,550
1,0,0,998,550
1,0,0,997,550
1,0,0,998,550
1,0,0,998,550
1,0,0,997,550
1,0,0,998,550
1,0,0,998,550
1,0,0,1007,550
1,0,0,1004,550
1,0,0,992,550
1,0,0,997,550
1,0,0,1000,550
1,0,0,992,550
1,0,0,984,550
1,0,0,986,550
1,0,0,978,550
1,0,0,982,550
1,0,0,971,550
1,0,0,975,550
1,0,0,973,550
1,0,0,970,550
1,0,0,966,550
1,0,0,968,550
1,0,0,964,550
1,0,0,969,550
1,0,0,962,550
1,0,0,967,550
1,0,0,965,550
1,0,0,972,550
1,0,0,976,550
1,0,0,978,550
1,0,0,981,550
1,0,0,982,550
1,0,0,984,550
1,0,0,985,550
1,0,0,987,550
1,0,0,989,550
1,0,0,998,550
1,0,0,997,550
1,0,1,999,550
1,0,1,899,550
1,0,1,896,550
1,0,1,902,550
1,0,1,896,550
1,0,0,945,550
1,0,0,1003,550
1,0,0,996,550
1,0,0,994,550
1,0,0,990,550
1,0,0,991,550
1,0,0,994,550
1,0,0,996,550
1,0,0,1000,550
1,0,0,997,550
1,0,0,999,550
1,0,0,998,550
1,0,0,998,550
1,0,0,997,550
1,0,0,999,550
1,0,0,999,550
1,0,0,998,550
1,0,0,1000,550
1,0,0,1000,550
1,0,0,997,550
1,0,0,998,550
1,0,0,997,550
1,0,0,997,550
1,0,0,998,550
1,0,0,1000,550
1,0,0,992,550
1,0,0,996,550
1,0,0,995,550
1,0,0,1000,550
1,0,0,997,550
1,0,0,998,550
1,0,0,998,550
1,0,0,1000,550
1,0,0,999,550
1,0,0,998,550
1,0,0,999,550
1,0,0,998,550
1,0,0,998,550
1,0,0,997,550
1,0,0,998,550
1,0,0,997,550
1,0,0,998,550
1,0,0,994,550
1,0,0,993,550
1,0,0,994,550
1,0,0,992,550
1,0,0,994,550
1,0,0,999,550
1,0,0,996,550
1,0,0,999,550
1,0,0,997,550
1,0,0,997,550
1,0,0,999,550
1,0,0,999,550
1,0,0,998,550
1,0,0,998,550
1,0,0,997,550
1,0,0,997,550
1,0,0,998,550
1,0,0,998,550
1,0,0,998,550
1,0,0,1000,550
1,0,0,993,550
1,0,0,1012,550
1,0,0,1005,550
1,0,0,1001,550
1,0,0,996,550
1,0,0,998,550
1,0,0,1000,550
1,0,0,986,550
1,0,0,985,550
1,0,0,978,550
1,0,0,979,550
1,0,0,974,550
1,0,0,975,550
1,0,0,970,550
1,0,0,972,550
1,0,0,966,550
1,0,0,969,550
1,0,0,967,550
1,0,0,970,550
1,0,0,963,550
1,0,0,970,550
1,0,0,967,550
1,0,0,977,550
1,0,0,980,550
1,0,0,980,550
1,0,0,981,550
1,0,0,982,550
1,0,0,985,550
1,0,0,986,550
1,0,0,989,550
1,0,0,989,550
1,0,0,1001,550
1,0,0,996,550
1,0,0,998,550
1,0,0,999,550
1,0,0,999,550
1,0,0,998,550
1,0,0,998,550
1,0,0,1000,550
1,0,0,1000,550
1,0,0,999,550
1,0,0,1000,550
1,0,0,995,550
1,0,0,999,550
1,0,0,995,550
1,0,0,999,550
1,0,0,997,550
1,0,0,1000,550
1,0,1,998,550
1,0,1,905,550
1,0,1,893,550
1,0,1,903,550
1,0,1,894,550
1,0,0,945,550
1,0,0,1004,550
1,0,0,1002,550
1,0,0,1000,550
1,0,0,999,550
1,0,0,998,550
1,0,0,999,550
1,0,0,997,550
1,0,0,998,550
1,0,0,999,550
1,0,0,993,550
1,0,0,999,550
1,0,0,996,550
1,0,0,997,550
1,0,0,996,550
1,0,0,1000,550
1,0,0,998,550
1,0,0,998,550
1,0,0,997,550
1,0,0,999,550
1,0,0,998,550
1,0,0,998,550
1,0,0,997,550
1,0,0,996,550
1,0,0,1000,550
1,0,0,997,550
1,0,0,998,550
1,0,0,994,550
1,0,0,999,550
1,0,0,999,550
1,0,0,1000,550
1,0,0,996,550
1,0,0,999,550
1,0,0,998,550
1,0,0,997,550
1,0,0,999,550
1,0,0,999,550
1,0,0,1000,550
1,0,0,998,550
1,0,0,999,550
1,0,0,998,550
1,0,0,999,550
1,0,0,998,550
1,0,0,998,550
1,0,0,999,550
1,0,0,998,550
1,0,0,999,550
1,0,0,996,550
1,0,0,995,550
1,0,0,999,550
1,0,0,995,550
1,0,0,1000,550
1,0,0,997,550
1,0,0,998,550
1,0,0,998,550
1,0,0,997,550
1,0,0,997,550
