header,index,a_x,a_y,a_z,g_x,g_y,g_z,timestamp
DATA,3,37,-15,2076,-3,-5,40,2077
DATA,4,38,-14,2077,-5,-5,8,2702
DATA,5,34,-13,2070,-5,-3,10,3327
DATA,6,35,-16,2074,-5,-4,9,3952
DATA,7,37,-15,2079,-5,-3,9,4577
DATA,8,36,-14,2074,-6,-4,10,5202
DATA,9,36,-15,2071,-5,-4,9,5827
DATA,10,36,-13,2079,-5,-3,10,6452
DATA,11,35,-14,2076,-6,-3,9,7077
DATA,12,38,-16,2069,-5,-3,10,7702
DATA,13,37,-14,2073,-5,-4,10,8327
DATA,14,37,-15,2081,-5,-4,10,8952
DATA,15,35,-13,2072,-6,-4,10,9577
DATA,16,35,-13,2072,-5,-4,10,10202
DATA,17,37,-15,2077,-5,-4,9,10827
DATA,18,36,-15,2078,-5,-4,9,11452
DATA,19,35,-15,2068,-5,-4,9,12077
DATA,20,36,-15,2073,-5,-4,10,12702
DATA,21,37,-14,2080,-5,-4,9,13327
DATA,22,35,-15,2071,-6,-4,10,13952
DATA,23,33,-14,2071,-6,-4,9,14577
DATA,24,35,-14,2079,-4,-4,11,15202
DATA,25,35,-14,2075,-6,-4,10,15827
DATA,26,35,-14,2068,-5,-4,10,16452
DATA,27,35,-13,2074,-5,-4,10,17077
DATA,28,37,-12,2081,-5,-4,11,17702
DATA,29,36,-14,2069,-7,-3,10,18327
DATA,30,37,-15,2073,-6,-3,11,18952
DATA,31,37,-13,2078,-4,-3,11,19577
DATA,32,36,-14,2076,-6,-3,10,20202
DATA,33,35,-14,2069,-5,-4,11,20827
DATA,34,37,-15,2077,-5,-3,10,21452
DATA,35,36,-14,2079,-5,-4,11,22077
DATA,36,36,-13,2072,-6,-4,11,22702
DATA,37,37,-18,2074,-5,-4,9,23327
DATA,38,36,-15,2079,-5,-4,10,23952
DATA,39,38,-15,2074,-7,-3,9,24577
DATA,40,38,-14,2069,-5,-4,10,25202
DATA,41,37,-12,2078,-3,-4,12,25827
DATA,42,40,-12,2080,-6,-3,10,26452
DATA,43,36,-15,2072,-6,-3,8,27077
DATA,44,35,-14,2075,-4,-4,11,27702
DATA,45,37,-15,2081,-5,-4,9,28327
DATA,46,35,-12,2075,-6,-3,9,28952
DATA,47,35,-11,2069,-4,-4,11,29577
DATA,48,38,-13,2077,-4,-4,10,30202
DATA,49,36,-13,2079,-6,-4,10,30827
DATA,50,34,-15,2070,-6,-3,9,31452
DATA,51,37,-14,2073,-5,-4,9,32077
DATA,52,37,-13,2080,-5,-4,10,32702
DATA,53,36,-12,2073,-6,-3,11,33327
DATA,54,36,-12,2071,-6,-4,8,33952
DATA,55,36,-14,2078,-5,-5,11,34577
DATA,56,34,-16,2076,-6,-4,10,35202
DATA,57,36,-12,2070,-6,-4,9,35827
DATA,58,36,-13,2074,-4,-3,10,36452
DATA,59,36,-14,2080,-5,-3,10,37077
DATA,60,37,-15,2073,-6,-3,10,37702
DATA,61,36,-13,2071,-5,-3,11,38327
DATA,62,35,-13,2077,-4,-4,10,38952
DATA,63,37,-11,2076,-5,-4,11,39577
DATA,64,34,-14,2069,-6,-4,10,40202
DATA,65,37,-17,2075,-5,-3,10,40827
DATA,66,38,-13,2080,-5,-3,10,41452
DATA,67,36,-14,2071,-5,-3,8,42077
DATA,68,35,-15,2071,-5,-4,10,42702
DATA,69,36,-15,2079,-5,-4,11,43327
DATA,70,37,-14,2076,-6,-3,10,43952
DATA,71,36,-14,2069,-6,-4,9,44577
DATA,72,36,-15,2075,-5,-4,10,45202
DATA,73,37,-13,2073,-6,-4,11,45827
DATA,74,37,-17,2069,-6,-5,9,46452
DATA,75,35,-15,2075,-5,-5,11,47077
DATA,76,35,-14,2079,-5,-4,11,47702
DATA,77,36,-15,2072,-6,-4,11,48327
DATA,78,36,-15,2070,-5,-4,9,48952
DATA,79,37,-16,2079,-5,-4,10,49577
DATA,80,37,-15,2078,-5,-5,11,50202
DATA,81,37,-15,2069,-6,-3,9,50827
DATA,82,36,-13,2072,-5,-4,11,51452
DATA,83,36,-13,2077,-6,-5,11,52077
DATA,84,37,-16,2072,-6,-5,10,52702
DATA,85,38,-13,2071,-5,-4,11,53327
DATA,86,36,-14,2077,-4,-4,9,53952
DATA,87,38,-14,2075,-7,-3,10,54577
DATA,88,36,-13,2068,-7,-5,11,55202
DATA,89,38,-15,2078,-3,-4,10,55827
DATA,90,37,-14,2080,-5,-4,10,56452
DATA,91,36,-13,2074,-5,-4,11,57077
DATA,92,36,-14,2074,-5,-4,10,57702
DATA,93,37,-13,2078,-6,-4,11,58327
DATA,94,35,-15,2077,-6,-3,10,58952
DATA,95,35,-12,2071,-5,-3,10,59577
DATA,96,37,-16,2080,-4,-4,10,60202
DATA,97,38,-12,2081,-5,-3,12,60827
DATA,98,35,-15,2072,-6,-3,9,61452
DATA,99,37,-12,2075,-6,-4,11,62077
DATA,100,37,-14,2080,-4,-4,10,62702
DATA,101,37,-14,2076,-5,-4,10,63327
DATA,102,38,-15,2072,-6,-5,9,63952
DATA,103,39,-15,2080,-5,-4,10,64577
DATA,104,38,-12,2080,-7,-4,10,65202
DATA,105,38,-15,2072,-7,-4,12,291
DATA,106,37,-14,2077,-5,-4,10,916
DATA,107,37,-14,2081,-5,-4,10,1541
DATA,108,36,-13,2075,-6,-2,10,2166
DATA,109,35,-15,2073,-6,-4,11,2791
DATA,110,38,-13,2080,-6,-4,10,3416
DATA,111,37,-14,2082,-5,-3,10,4041
DATA,112,37,-15,2071,-5,-3,10,4666
DATA,113,37,-13,2076,-4,-5,11,5291
DATA,114,37,-11,2082,-6,-4,11,5916
DATA,115,35,-14,2074,-6,-3,10,6541
DATA,116,36,-14,2075,-5,-4,10,7166
DATA,117,37,-13,2083,-4,-4,10,7791
DATA,118,35,-11,2077,-6,-3,10,8416
DATA,119,35,-14,2070,-6,-3,11,9041
DATA,120,36,-15,2079,-5,-4,10,9666
DATA,121,36,-15,2085,-6,-4,10,10291
DATA,122,37,-13,2074,-5,-3,10,10916
DATA,123,36,-13,2074,-5,-4,10,11541
DATA,124,38,-14,2078,-4,-4,11,12166
DATA,125,36,-13,2079,-6,-4,8,12791
DATA,126,37,-14,2076,-5,-4,9,13416
DATA,127,35,-14,2078,-5,-5,9,14041
DATA,128,37,-16,2080,-5,-4,10,14666
DATA,129,33,-13,2072,-6,-3,10,15291
DATA,130,36,-14,2073,-6,-4,10,15916
DATA,131,38,-14,2082,-4,-3,10,16541
DATA,132,39,-14,2077,-6,-3,9,17166
DATA,133,37,-14,2074,-5,-4,10,17791
DATA,134,37,-14,2079,-5,-4,9,18416
DATA,135,36,-14,2080,-6,-5,10,19041
DATA,136,35,-13,2073,-5,-4,11,19666
DATA,137,38,-14,2075,-5,-3,10,20291
DATA,138,38,-15,2079,-5,-3,11,20916
DATA,139,35,-14,2074,-6,-3,11,21541
DATA,140,34,-16,2072,-6,-3,10,22166
DATA,141,36,-14,2082,-5,-4,12,22791
DATA,142,37,-16,2082,-6,-4,11,23416
DATA,143,35,-14,2074,-6,-4,9,24041
DATA,144,38,-16,2075,-5,-4,12,24666
DATA,145,37,-15,2082,-5,-4,11,25291
DATA,146,38,-16,2076,-6,-3,10,25916
DATA,147,36,-14,2073,-4,-4,10,26541
DATA,148,37,-12,2081,-5,-4,10,27166
DATA,149,37,-14,2079,-6,-4,11,27791
DATA,150,37,-17,2072,-6,-5,10,28416
DATA,151,38,-16,2079,-4,-4,9,29041
DATA,152,36,-14,2079,-5,-4,11,29666
DATA,153,37,-14,2074,-6,-3,9,30291
DATA,154,38,-14,2076,-5,-4,11,30916
DATA,155,38,-14,2081,-5,-3,11,31541
DATA,156,36,-15,2078,-6,-3,9,32166
DATA,157,35,-13,2072,-7,-4,9,32791
DATA,158,40,-15,2080,-5,-4,10,33416
DATA,159,38,-13,2080,-6,-4,9,34041
DATA,160,35,-15,2074,-6,-4,10,34666
DATA,161,36,-15,2074,-4,-5,11,35291
DATA,162,36,-13,2082,-5,-3,9,35916
DATA,163,35,-16,2074,-6,-2,12,36541
DATA,164,34,-15,2072,-5,-4,10,37166
DATA,165,36,-14,2079,-5,-3,11,37791
DATA,166,35,-11,2077,-6,-4,11,38416
DATA,167,37,-14,2070,-6,-3,9,39041
DATA,168,37,-15,2075,-5,-5,9,39666
DATA,169,38,-16,2080,-5,-5,10,40291
DATA,170,37,-14,2073,-6,-3,9,40916
DATA,171,35,-16,2074,-5,-3,9,41541
DATA,172,39,-13,2077,-5,-4,10,42166
DATA,173,38,-12,2077,-6,-3,10,42791
DATA,174,36,-13,2072,-5,-5,11,43416
DATA,175,36,-14,2077,-5,-4,10,44041
DATA,176,37,-14,2080,-7,-4,10,44666
DATA,177,38,-12,2073,-6,-3,10,45291
DATA,178,37,-14,2074,-5,-3,11,45916
DATA,179,39,-15,2080,-5,-4,9,46541
DATA,180,37,-14,2079,-6,-4,12,47166
DATA,181,35,-14,2072,-6,-4,11,47791
DATA,182,36,-16,2076,-4,-3,11,48416
DATA,183,38,-14,2079,-5,-4,10,49041
DATA,184,37,-16,2074,-5,-4,9,49666
DATA,185,36,-16,2074,-6,-4,10,50291
DATA,186,35,-15,2079,-5,-3,11,50916
DATA,187,37,-15,2075,-5,-3,10,51541
DATA,188,37,-14,2072,-5,-4,11,52166
DATA,189,37,-14,2078,-4,-5,10,52791
DATA,190,37,-14,2081,-4,-4,8,53416
DATA,191,34,-12,2074,-5,-4,11,54041
DATA,192,36,-14,2074,-6,-3,9,54666
DATA,193,37,-14,2083,-5,-4,10,55291
DATA,194,38,-17,2078,-5,-3,11,55916
DATA,195,38,-15,2071,-5,-2,9,56541
DATA,196,37,-14,2078,-5,-3,10,57166
DATA,197,35,-15,2080,-5,-4,12,57791
DATA,198,38,-15,2074,-6,-4,9,58416
DATA,199,37,-16,2076,-5,-4,10,59041
DATA,200,38,-16,2080,-5,-5,11,16719
DATA,201,36,-13,2078,-4,-3,10,17344
DATA,202,36,-14,2073,-6,-3,9,17969
DATA,203,37,-15,2079,-5,-4,10,18594
DATA,204,38,-13,2081,-6,-4,11,19219
DATA,205,35,-15,2075,-6,-3,11,19844
DATA,206,35,-17,2074,-5,-3,11,20469
DATA,207,38,-17,2082,-4,-4,9,21094
DATA,208,36,-15,2079,-6,-3,10,21719
DATA,209,36,-14,2072,-5,-3,11,22344
DATA,210,36,-14,2079,-6,-4,10,22969
DATA,211,36,-14,2084,-6,-4,11,23594
DATA,212,36,-14,2073,-5,-4,10,24219
DATA,213,35,-14,2075,-5,-3,11,24844
DATA,214,37,-16,2081,-5,-3,11,25469
DATA,215,38,-13,2076,-6,-3,10,26094
DATA,216,37,-16,2075,-6,-3,11,26719
DATA,217,37,-14,2080,-4,-4,12,27344
DATA,218,37,-14,2080,-6,-4,10,27969
DATA,219,34,-15,2073,-6,-4,11,28594
DATA,220,37,-15,2076,-5,-3,10,29219
DATA,221,39,-14,2080,-6,-3,10,29844
DATA,222,39,-12,2076,-6,-4,10,30469
DATA,223,37,-17,2074,-5,-3,11,31094
DATA,224,39,-14,2079,-4,-3,11,31719
DATA,225,36,-14,2082,-5,-3,11,32344
DATA,226,34,-15,2075,-5,-4,12,32969
DATA,227,35,-14,2075,-5,-4,11,33594
DATA,228,38,-13,2079,-5,-4,10,34219
DATA,229,38,-13,2075,-6,-4,10,34844
DATA,230,36,-15,2075,-4,-4,11,35469
DATA,231,39,-15,2080,-4,-3,10,36094
DATA,232,38,-14,2079,-6,-4,9,36719
DATA,233,37,-16,2074,-6,-4,10,37344
DATA,234,37,-15,2078,-5,-4,10,37969
DATA,235,38,-15,2081,-5,-4,9,38594
DATA,236,36,-13,2078,-5,-4,11,39219
DATA,237,37,-13,2074,-5,-4,9,39844
DATA,238,38,-13,2079,-5,-4,9,40469
DATA,239,38,-16,2076,-5,-4,11,41094
DATA,240,37,-12,2076,-5,-4,9,41719
DATA,241,36,-14,2081,-4,-4,10,42344
DATA,242,37,-14,2079,-6,-3,11,42969
DATA,243,35,-14,2074,-5,-3,10,43594
DATA,244,36,-15,2078,-5,-5,10,44219
DATA,245,38,-16,2080,-5,-3,11,44844
DATA,246,37,-13,2073,-6,-5,10,45469
DATA,247,38,-17,2073,-5,-5,10,46094
DATA,248,40,-16,2076,-5,-3,10,46719
DATA,249,37,-14,2075,-6,-4,10,47344
DATA,250,34,-13,2072,-5,-3,11,47969
DATA,251,37,-17,2076,-5,-4,10,48594
DATA,252,37,-13,2078,-5,-4,11,49219
DATA,253,38,-15,2072,-6,-3,10,49844
DATA,254,37,-14,2070,-5,-4,11,50469
DATA,255,37,-15,2075,-6,-4,10,51094
DATA,256,36,-16,2074,-5,-3,10,51719
DATA,257,35,-16,2068,-6,-4,9,52344
DATA,258,37,-15,2074,-5,-4,9,52969
DATA,259,37,-16,2077,-5,-4,10,53594
DATA,260,36,-18,2068,-6,-4,9,54219
DATA,261,38,-16,2073,-5,-4,11,54844
DATA,262,37,-14,2078,-5,-4,11,55469
DATA,263,38,-14,2076,-6,-3,10,56094
DATA,264,36,-15,2071,-5,-3,10,56719
DATA,265,39,-15,2079,-5,-5,11,57344
DATA,266,38,-14,2080,-5,-4,12,57969
DATA,267,35,-13,2071,-5,-3,11,58594
DATA,268,35,-15,2073,-5,-4,10,59219
DATA,269,38,-17,2081,-5,-2,9,59844
DATA,270,36,-15,2077,-6,-3,10,60469
DATA,271,37,-15,2073,-6,-4,10,61094
DATA,272,36,-16,2079,-5,-4,10,61719
DATA,273,37,-14,2076,-6,-3,11,62344
DATA,274,35,-14,2071,-5,-3,10,62969
DATA,275,36,-15,2078,-5,-4,11,63594
DATA,276,39,-14,2082,-5,-5,10,64219
DATA,277,36,-15,2074,-6,-4,11,64844
DATA,278,36,-16,2071,-5,-4,10,65469
DATA,279,38,-13,2079,-4,-4,10,558
DATA,280,36,-12,2081,-5,-3,10,1183
DATA,281,36,-14,2074,-6,-3,11,1808
DATA,282,37,-15,2078,-5,-5,10,2433
DATA,283,40,-14,2080,-5,-3,11,3058
DATA,284,36,-13,2073,-5,-4,11,3683
DATA,285,38,-15,2074,-4,-4,11,4308
DATA,286,37,-14,2081,-5,-3,12,4933
DATA,287,38,-13,2079,-6,-4,10,5558
DATA,288,36,-15,2073,-6,-3,10,6183
DATA,289,35,-16,2077,-5,-4,10,6808
DATA,290,37,-17,2082,-5,-4,11,7433
DATA,291,36,-15,2076,-5,-3,9,8058
DATA,292,36,-14,2076,-4,-4,11,8683
DATA,293,38,-14,2082,-5,-4,9,9308
DATA,294,38,-15,2078,-6,-3,10,9933
DATA,295,35,-16,2073,-5,-4,9,10558
DATA,296,37,-15,2081,-4,-4,10,11183
DATA,297,38,-14,2081,-5,-5,10,11808
DATA,298,36,-13,2075,-6,-3,9,12433
DATA,299,37,-15,2076,-5,-4,10,13058
DATA,300,36,-16,2080,-4,-4,12,13683
DATA,301,37,-13,2077,-6,-5,11,14308
DATA,302,35,-13,2074,-6,-4,9,14933
DATA,303,36,-14,2080,-4,-4,10,15558
DATA,304,36,-14,2081,-5,-3,9,16183
DATA,305,36,-13,2075,-6,-4,9,16808
DATA,306,36,-14,2074,-5,-4,10,17433
DATA,307,37,-14,2081,-5,-4,10,18058
DATA,308,38,-14,2078,-5,-4,12,18683
DATA,309,35,-15,2073,-5,-4,9,19308
DATA,310,37,-15,2079,-6,-5,9,19933
DATA,311,38,-14,2080,-5,-4,10,20558
DATA,312,37,-13,2074,-5,-4,10,21183
DATA,313,40,-14,2078,-5,-5,10,21808
DATA,314,38,-14,2080,-4,-4,11,22433
DATA,315,34,-15,2076,-6,-4,11,23058
DATA,316,36,-14,2075,-5,-4,11,23683
DATA,317,39,-13,2080,-4,-4,11,24308
DATA,318,36,-15,2078,-5,-4,9,24933
DATA,319,36,-14,2074,-6,-4,10,25558
DATA,320,38,-14,2079,-5,-3,10,26183
DATA,321,38,-15,2079,-6,-4,11,26808
DATA,322,37,-15,2074,-6,-3,9,27433
DATA,323,35,-14,2077,-4,-4,9,28058
DATA,324,40,-14,2079,-6,-4,10,28683
DATA,325,40,-14,2076,-6,-4,11,29308
DATA,326,35,-16,2074,-5,-4,10,29933
DATA,327,36,-16,2078,-5,-4,10,30558
DATA,328,37,-14,2079,-5,-3,11,31183
DATA,329,35,-14,2073,-5,-4,10,31808
DATA,330,37,-14,2074,-5,-4,11,32433
DATA,331,37,-16,2081,-5,-4,11,33058
DATA,332,38,-14,2076,-6,-4,8,33683
DATA,333,35,-13,2073,-5,-4,11,34308
DATA,334,37,-14,2080,-4,-4,10,34933
DATA,335,35,-14,2079,-5,-4,10,35558
DATA,336,36,-13,2074,-5,-4,12,36183
DATA,337,37,-15,2075,-5,-4,9,36808
DATA,338,37,-13,2080,-5,-4,10,37433
DATA,339,37,-13,2076,-5,-3,11,38058
DATA,340,36,-14,2073,-5,-3,9,38683
DATA,341,38,-16,2082,-4,-4,11,39308
DATA,342,37,-15,2080,-4,-3,12,39933
DATA,343,37,-13,2076,-6,-5,9,40558
DATA,344,38,-14,2079,-4,-4,10,41183
DATA,345,38,-13,2079,-5,-4,10,41808
DATA,346,35,-13,2076,-6,-4,10,42433
DATA,347,35,-16,2073,-5,-3,10,43058
DATA,348,37,-15,2081,-4,-3,11,43683
DATA,349,38,-16,2078,-6,-3,10,44308
DATA,350,37,-14,2071,-6,-4,10,44933
DATA,351,38,-15,2078,-5,-3,10,45558
DATA,352,39,-13,2082,-6,-3,10,46183
DATA,353,35,-15,2074,-6,-4,10,46808
DATA,354,35,-15,2072,-6,-3,11,47433
DATA,355,38,-13,2081,-6,-3,10,48058
DATA,356,38,-14,2077,-6,-4,11,48683
DATA,357,37,-16,2074,-6,-5,10,49308
DATA,358,37,-12,2078,-5,-5,11,49933
DATA,359,39,-14,2081,-6,-4,10,50558
DATA,360,37,-14,2073,-6,-4,11,51183
DATA,361,38,-14,2075,-4,-5,10,51808
DATA,362,38,-14,2081,-5,-4,11,52433
DATA,363,36,-12,2076,-7,-4,10,53058
DATA,364,37,-13,2072,-5,-3,11,53683
DATA,365,36,-14,2080,-5,-4,10,54308
DATA,366,36,-15,2079,-4,-3,12,54933
DATA,367,36,-14,2070,-5,-4,11,55558
DATA,368,37,-15,2072,-5,-3,9,56183
DATA,369,38,-16,2080,-6,-4,10,56808
DATA,370,36,-15,2073,-6,-3,10,57433
DATA,371,35,-13,2070,-5,-3,10,58058
DATA,372,38,-14,2078,-5,-3,10,58683
DATA,373,38,-14,2078,-6,-3,10,59308
DATA,374,36,-14,2070,-6,-4,10,59933
DATA,375,35,-16,2073,-4,-5,11,60558
DATA,376,39,-16,2079,-5,-4,11,61183
DATA,377,36,-15,2072,-7,-4,11,61808
DATA,378,37,-16,2073,-6,-4,11,62433
DATA,379,36,-14,2078,-4,-3,10,63058
DATA,380,36,-14,2078,-5,-4,10,63683
DATA,381,35,-14,2071,-5,-3,10,64308
DATA,382,40,-14,2074,-5,-4,10,64933
DATA,383,39,-13,2080,-5,-3,11,22
DATA,384,36,-13,2075,-4,-2,10,647
DATA,385,36,-14,2077,-5,-4,11,1272
DATA,386,38,-14,2079,-5,-3,12,1897
DATA,387,37,-16,2077,-6,-4,9,2522
DATA,388,36,-15,2072,-6,-4,9,3147
DATA,389,37,-15,2076,-4,-4,9,3772
DATA,390,37,-14,2081,-5,-3,9,4397
DATA,391,35,-15,2074,-5,-4,10,5022
DATA,392,36,-15,2077,-5,-5,11,5647
DATA,393,36,-15,2079,-4,-5,10,6272
DATA,394,36,-14,2077,-5,-4,11,6897
DATA,395,35,-16,2075,-5,-3,8,7522
DATA,396,37,-15,2081,-5,-4,10,8147
DATA,397,37,-14,2080,-6,-4,10,8772
DATA,398,35,-15,2074,-5,-4,10,9397
DATA,399,35,-15,2078,-5,-4,10,10022
DATA,400,39,-15,2081,-5,-4,10,10647
DATA,401,38,-12,2079,-5,-3,10,11272
DATA,402,35,-13,2075,-6,-5,11,11897
DATA,403,36,-12,2081,-5,-3,11,12522
DATA,404,38,-14,2078,-7,-3,11,13147
DATA,405,35,-15,2071,-6,-4,10,13772
DATA,406,36,-16,2080,-5,-4,9,14397
DATA,407,37,-14,2083,-4,-3,10,15022
DATA,408,35,-16,2075,-6,-4,10,15647
DATA,409,39,-14,2077,-5,-4,11,16272
DATA,410,37,-15,2081,-5,-3,10,16897
DATA,411,35,-14,2079,-6,-2,10,17522
DATA,412,35,-14,2077,-5,-3,9,18147
DATA,413,37,-13,2078,-5,-3,10,18772
DATA,414,39,-16,2082,-6,-3,11,19397
DATA,415,36,-15,2073,-5,-4,10,20022
DATA,416,37,-13,2075,-5,-3,10,20647
DATA,417,37,-15,2079,-5,-3,11,21272
DATA,418,36,-15,2076,-6,-3,9,21897
DATA,419,35,-14,2071,-5,-4,10,22522
DATA,420,37,-12,2076,-4,-3,9,23147
DATA,421,37,-15,2082,-5,-5,11,23772
DATA,422,35,-14,2074,-5,-5,11,24397
DATA,423,36,-15,2078,-5,-4,10,25022
DATA,424,37,-15,2082,-5,-4,11,25647
DATA,425,37,-14,2077,-5,-4,10,26272
DATA,426,36,-16,2073,-5,-4,9,26897
DATA,427,38,-15,2079,-4,-4,11,27522
DATA,428,35,-14,2084,-5,-4,9,28147
DATA,429,36,-15,2074,-5,-4,11,28772
DATA,430,36,-14,2077,-5,-4,9,29397
DATA,431,37,-15,2082,-5,-3,11,30022
DATA,432,37,-15,2076,-6,-4,10,30647
DATA,433,36,-16,2075,-5,-4,10,31272
DATA,434,39,-12,2081,-4,-4,11,31897
DATA,435,37,-15,2081,-5,-3,10,32522
DATA,436,35,-16,2075,-6,-3,11,33147
DATA,437,37,-15,2079,-5,-4,10,33772
DATA,438,37,-15,2083,-5,-4,11,34397
DATA,439,37,-14,2076,-6,-3,11,35022
DATA,440,34,-16,2074,-6,-4,11,35647
DATA,441,36,-14,2080,-5,-4,10,36272
DATA,442,36,-14,2079,-5,-2,10,36897
DATA,443,37,-14,2073,-5,-4,10,37522
DATA,444,38,-16,2078,-3,-5,11,38147
DATA,445,38,-14,2080,-5,-3,10,38772
DATA,446,38,-13,2075,-7,-4,10,39397
DATA,447,35,-14,2075,-5,-5,11,40022
DATA,448,37,-14,2082,-4,-4,10,40647
DATA,449,36,-15,2078,-6,-3,10,41272
DATA,450,37,-13,2071,-6,-4,10,41897
DATA,451,38,-15,2079,-5,-5,9,42522
DATA,452,37,-15,2082,-6,-3,10,43147
DATA,453,35,-16,2075,-5,-4,10,43772
DATA,454,36,-15,2077,-5,-4,10,44397
DATA,455,37,-13,2082,-5,-3,10,45022
DATA,456,35,-13,2080,-4,-4,10,45647
DATA,457,35,-14,2073,-5,-4,10,46272
DATA,458,36,-15,2080,-4,-4,10,46897
DATA,459,40,-13,2080,-4,-2,10,47522
DATA,460,36,-14,2073,-6,-4,10,48147
DATA,461,38,-15,2075,-5,-4,10,48772
DATA,462,36,-15,2084,-5,-4,11,49397
DATA,463,35,-14,2077,-6,-4,10,50022
DATA,464,36,-13,2071,-6,-4,11,50647
DATA,465,37,-17,2079,-5,-4,10,51272
DATA,466,37,-14,2077,-6,-3,10,51897
DATA,467,35,-16,2073,-6,-4,10,52522
DATA,468,38,-14,2077,-4,-4,10,53147
DATA,469,38,-13,2081,-6,-4,11,53772
DATA,470,35,-14,2075,-6,-4,9,54397
DATA,471,36,-15,2075,-5,-4,9,55022
DATA,472,38,-15,2077,-5,-4,10,55647
DATA,473,35,-12,2075,-5,-4,10,56272
DATA,474,36,-13,2067,-6,-4,10,56897
DATA,475,38,-17,2076,-6,-5,10,57522
DATA,476,36,-15,2078,-5,-4,10,58147
DATA,477,35,-16,2073,-6,-4,10,58772
DATA,478,36,-15,2072,-5,-3,11,59397
DATA,479,38,-16,2080,-5,-4,10,60022
DATA,480,37,-14,2077,-5,-4,10,60647
DATA,481,35,-14,2069,-5,-5,11,61272
DATA,482,37,-13,2078,-4,-3,11,61897
DATA,483,38,-15,2077,-5,-4,12,62522
DATA,484,37,-17,2071,-6,-3,11,63147
DATA,485,37,-15,2073,-4,-4,9,63772
DATA,486,37,-15,2078,-5,-3,10,64397
DATA,487,36,-15,2074,-6,-3,10,65022
DATA,488,37,-15,2071,-5,-4,11,111
DATA,489,37,-15,2079,-5,-4,12,736
DATA,490,35,-14,2077,-6,-3,10,1361
DATA,491,38,-14,2071,-5,-4,10,1986
DATA,492,35,-14,2075,-5,-4,10,2611
DATA,493,37,-14,2082,-5,-3,11,3236
DATA,494,36,-14,2075,-5,-4,11,3861
DATA,495,37,-15,2072,-6,-3,11,4486
DATA,496,36,-15,2082,-5,-4,10,5111
DATA,497,38,-14,2079,-6,-3,11,5736
DATA,498,35,-14,2071,-5,-4,9,6361
DATA,499,37,-12,2078,-5,-4,10,6986
DATA,500,39,-14,2082,-6,-4,10,7611
DATA,501,38,-14,2076,-6,-3,11,8236
DATA,502,35,-16,2076,-6,-3,10,8861
DATA,503,37,-14,2081,-5,-4,12,9486
DATA,504,39,-12,2078,-4,-4,10,10111
DATA,505,35,-14,2074,-6,-4,10,10736
DATA,506,38,-16,2081,-5,-4,10,11361
DATA,507,34,-14,2083,-5,-4,10,11986
DATA,508,34,-13,2073,-6,-4,10,12611
DATA,509,35,-18,2074,-5,-4,10,13236
DATA,510,38,-15,2083,-5,-4,11,13861
DATA,511,36,-15,2080,-6,-4,10,14486
DATA,512,36,-14,2074,-6,-3,10,15111
DATA,513,39,-15,2079,-6,-4,9,15736
DATA,514,37,-17,2082,-6,-4,10,16361
DATA,515,33,-14,2075,-6,-3,10,16986
DATA,516,37,-15,2076,-5,-4,11,17611
DATA,517,37,-13,2083,-5,-3,11,18236
DATA,518,36,-14,2078,-7,-3,10,18861
DATA,519,37,-14,2072,-6,-2,12,19486
DATA,520,37,-15,2081,-4,-4,10,20111
DATA,521,36,-16,2080,-6,-4,10,20736
DATA,522,36,-14,2075,-5,-4,12,21361
DATA,523,39,-16,2076,-5,-4,11,21986
DATA,524,37,-14,2082,-6,-3,11,22611
DATA,525,37,-13,2076,-6,-3,11,23236
DATA,526,35,-16,2074,-4,-4,9,23861
DATA,527,35,-15,2081,-3,-4,10,24486
DATA,528,35,-15,2081,-6,-3,10,25111
DATA,529,35,-14,2074,-6,-4,11,25736
DATA,530,37,-13,2077,-5,-4,9,26361
DATA,531,37,-14,2083,-5,-4,10,26986
DATA,532,36,-14,2076,-6,-3,11,27611
DATA,533,34,-14,2076,-5,-4,9,28236
DATA,534,38,-13,2082,-4,-3,10,28861
DATA,535,36,-14,2080,-5,-4,10,29486
DATA,536,36,-14,2072,-5,-4,11,30111
DATA,537,35,-16,2078,-5,-4,10,30736
DATA,538,38,-15,2084,-5,-4,9,31361
DATA,539,35,-14,2073,-7,-3,10,31986
DATA,540,36,-14,2075,-5,-3,12,32611
DATA,541,39,-14,2083,-5,-4,9,33236
DATA,542,37,-16,2076,-6,-4,10,33861
DATA,543,35,-14,2074,-5,-4,10,34486
DATA,544,36,-15,2077,-5,-5,11,35111
DATA,545,38,-15,2080,-5,-4,11,35736
DATA,546,35,-14,2073,-6,-5,10,36361
DATA,547,38,-16,2076,-5,-4,11,36986
DATA,548,35,-15,2082,-4,-3,9,37611
DATA,549,36,-14,2074,-7,-3,9,38236
DATA,550,35,-17,2073,-5,-3,11,38861
DATA,551,37,-16,2080,-4,-4,11,39486
DATA,552,35,-15,2081,-5,-3,10,40111
DATA,553,35,-14,2073,-6,-5,11,40736
DATA,554,34,-14,2074,-5,-4,9,41361
DATA,555,37,-14,2079,-5,-4,12,41986
DATA,556,36,-16,2074,-6,-4,10,42611
DATA,557,37,-16,2075,-5,-3,11,43236
DATA,558,37,-15,2082,-4,-4,10,43861
DATA,559,36,-14,2079,-5,-4,11,44486
DATA,560,36,-14,2073,-6,-4,11,45111
DATA,561,36,-15,2077,-5,-4,11,45736
DATA,562,39,-15,2082,-5,-4,10,46361
DATA,563,34,-16,2072,-6,-3,11,46986
DATA,564,36,-14,2074,-5,-4,11,47611
DATA,565,38,-11,2081,-4,-4,11,48236
DATA,566,36,-13,2077,-5,-3,9,48861
DATA,567,36,-16,2072,-6,-4,11,49486
DATA,568,36,-17,2076,-5,-4,9,50111
DATA,569,39,-14,2078,-5,-4,10,50736
DATA,570,35,-15,2074,-6,-3,10,51361
DATA,571,37,-14,2074,-5,-4,9,51986
DATA,572,37,-11,2079,-4,-3,10,52611
DATA,573,36,-15,2076,-7,-4,11,53236
DATA,574,34,-14,2069,-6,-4,9,53861
DATA,575,36,-14,2078,-4,-4,10,54486
DATA,576,34,-14,2078,-5,-5,11,55111
DATA,577,36,-13,2071,-6,-4,10,55736
DATA,578,36,-16,2074,-5,-4,12,56361
DATA,579,38,-14,2080,-5,-3,10,56986
DATA,580,37,-15,2071,-6,-3,9,57611
DATA,581,35,-16,2069,-5,-4,12,58236
DATA,582,40,-16,2078,-5,-4,11,58861
DATA,583,35,-15,2079,-7,-4,11,59486
DATA,584,37,-15,2072,-7,-4,9,60111
DATA,585,35,-15,2074,-5,-4,9,60736
DATA,586,35,-16,2079,-5,-4,11,61361
DATA,587,35,-15,2077,-5,-4,9,61986
DATA,588,35,-15,2069,-5,-5,10,62611
DATA,589,36,-14,2080,-5,-3,10,63236
DATA,590,37,-14,2081,-5,-3,9,63861
DATA,591,36,-16,2071,-6,-4,11,64486
DATA,592,39,-15,2077,-5,-4,10,65111
DATA,593,38,-15,2082,-6,-4,10,200
DATA,594,36,-14,2071,-6,-3,10,825
DATA,595,35,-14,2073,-5,-3,11,1450
DATA,596,37,-15,2080,-5,-4,10,2075
DATA,597,35,-13,2079,-5,-4,11,2700
DATA,598,35,-13,2074,-5,-3,11,3325
DATA,599,38,-15,2077,-5,-4,10,3950
DATA,600,39,-12,2082,-5,-4,12,4575
DATA,601,36,-14,2074,-6,-3,9,5200
DATA,602,36,-16,2074,-5,-4,11,5825
DATA,603,37,-14,2082,-5,-2,11,6450
DATA,604,36,-15,2080,-5,-3,9,7075
DATA,605,33,-14,2074,-6,-4,10,7700
DATA,606,36,-14,2079,-5,-3,11,8325
DATA,607,38,-13,2080,-6,-3,10,8950
DATA,608,35,-14,2075,-6,-4,10,9575
DATA,609,35,-15,2076,-4,-4,10,10200
DATA,610,37,-13,2082,-4,-4,10,10825
DATA,611,37,-13,2079,-6,-4,9,11450
DATA,612,35,-17,2073,-5,-5,10,12075
DATA,613,34,-12,2078,-4,-4,9,12700
DATA,614,38,-12,2080,-6,-4,11,13325
DATA,615,37,-14,2075,-6,-3,10,13950
DATA,616,34,-17,2078,-5,-4,10,14575
DATA,617,36,-14,2081,-6,-3,10,15200
DATA,618,38,-15,2077,-6,-4,10,15825
DATA,619,35,-13,2077,-5,-4,10,16450
DATA,620,33,-14,2082,-4,-4,11,17075
DATA,621,36,-15,2082,-6,-4,9,17700
DATA,622,36,-13,2074,-6,-4,10,18325
DATA,623,37,-17,2079,-5,-4,11,18950
DATA,624,37,-17,2081,-5,-3,10,19575
DATA,625,35,-14,2077,-5,-4,11,20200
DATA,626,35,-15,2077,-5,-4,10,20825
DATA,627,36,-12,2081,-5,-4,11,21450
DATA,628,36,-13,2078,-6,-4,11,22075
DATA,629,34,-15,2073,-6,-4,9,22700
DATA,630,36,-14,2080,-4,-3,11,23325
DATA,631,34,-13,2080,-5,-3,12,23950
DATA,632,36,-16,2073,-6,-3,10,24575
DATA,633,36,-12,2076,-5,-4,10,25200
DATA,634,38,-15,2080,-6,-4,10,25825
DATA,635,35,-13,2078,-5,-4,11,26450
DATA,636,37,-13,2072,-5,-3,10,27075
DATA,637,35,-13,2082,-4,-4,11,27700
DATA,638,37,-14,2084,-5,-3,10,28325
DATA,639,36,-12,2073,-6,-3,10,28950
DATA,640,37,-14,2078,-5,-5,10,29575
DATA,641,37,-15,2083,-4,-4,10,30200
DATA,642,35,-15,2078,-6,-4,10,30825
DATA,643,34,-14,2073,-6,-4,9,31450
DATA,644,37,-15,2080,-5,-5,10,32075
DATA,645,36,-13,2080,-5,-4,10,32700
DATA,646,34,-13,2073,-5,-3,10,33325
DATA,647,35,-14,2077,-5,-3,11,33950
DATA,648,36,-14,2083,-5,-5,10,34575
DATA,649,35,-14,2075,-6,-3,9,35200
DATA,650,36,-16,2074,-5,-4,11,35825
DATA,651,36,-15,2082,-5,-5,10,36450
DATA,652,35,-18,2080,-6,-2,9,37075
DATA,653,36,-12,2072,-5,-5,10,37700
DATA,654,36,-15,2080,-5,-5,10,38325
DATA,655,36,-14,2083,-6,-4,10,38950
DATA,656,34,-16,2075,-6,-4,10,39575
DATA,657,36,-15,2076,-5,-4,10,40200
DATA,658,37,-14,2083,-5,-3,12,40825
DATA,659,35,-14,2078,-6,-4,11,41450
DATA,660,37,-16,2071,-6,-4,9,42075
DATA,661,38,-15,2079,-5,-4,12,42700
DATA,662,38,-13,2081,-4,-4,10,43325
DATA,663,34,-16,2072,-5,-4,10,43950
DATA,664,36,-13,2074,-4,-3,10,44575
DATA,665,38,-13,2082,-4,-3,10,45200
DATA,666,37,-13,2075,-6,-4,9,45825
DATA,667,35,-14,2071,-7,-4,10,46450
DATA,668,37,-16,2081,-5,-5,10,47075
DATA,669,37,-15,2082,-6,-3,11,47700
DATA,670,36,-14,2071,-6,-3,11,48325
DATA,671,37,-16,2075,-6,-4,11,48950
DATA,672,38,-14,2081,-6,-3,10,49575
DATA,673,36,-14,2075,-6,-3,11,50200
DATA,674,36,-13,2070,-5,-4,10,50825
DATA,675,36,-12,2075,-5,-5,10,51450
DATA,676,37,-12,2076,-6,-4,11,52075
DATA,677,35,-16,2070,-5,-3,10,52700
DATA,678,38,-14,2075,-5,-4,10,53325
DATA,679,37,-15,2079,-5,-4,10,53950
DATA,680,35,-15,2074,-6,-2,10,54575
DATA,681,35,-16,2070,-4,-3,10,55200
DATA,682,36,-16,2078,-4,-4,11,55825
DATA,683,36,-14,2079,-6,-4,12,56450
DATA,684,36,-16,2069,-5,-3,10,57075
DATA,685,37,-15,2074,-5,-4,10,57700
DATA,686,36,-13,2080,-6,-5,12,58325
DATA,687,34,-14,2073,-6,-3,9,58950
DATA,688,36,-17,2075,-6,-4,10,59575
DATA,689,38,-16,2079,-4,-4,10,60200
DATA,690,37,-16,2077,-6,-4,10,60825
DATA,691,35,-15,2072,-5,-4,10,61450
DATA,692,39,-16,2078,-5,-5,10,62075
DATA,693,37,-14,2081,-6,-3,10,62700
DATA,694,35,-15,2073,-6,-4,9,63325
DATA,695,36,-15,2077,-4,-3,11,63950
DATA,696,36,-12,2082,-4,-3,10,64575
DATA,697,35,-15,2078,-7,-4,10,65200
DATA,698,35,-14,2075,-5,-4,11,289
DATA,699,35,-15,2077,-5,-3,10,914
DATA,700,36,-13,2082,-5,-4,10,1539
DATA,701,36,-14,2075,-5,-4,11,2164
DATA,702,36,-14,2077,-5,-4,10,2789
DATA,703,37,-15,2084,-4,-5,11,3414
DATA,704,37,-15,2079,-6,-4,11,4039
DATA,705,36,-15,2076,-5,-4,12,4664
DATA,706,37,-15,2080,-4,-4,11,5289
DATA,707,35,-14,2084,-6,-4,10,5914
DATA,708,36,-13,2077,-6,-4,10,6539
DATA,709,35,-15,2079,-5,-5,11,7164
DATA,710,38,-14,2082,-5,-3,10,7789
DATA,711,37,-12,2076,-6,-5,11,8414
DATA,712,37,-14,2075,-5,-4,11,9039
DATA,713,36,-15,2084,-5,-3,9,9664
DATA,714,36,-13,2079,-5,-4,11,10289
DATA,715,36,-15,2077,-6,-4,10,10914
DATA,716,37,-15,2080,-5,-4,10,11539
DATA,717,37,-15,2080,-5,-3,11,12164
DATA,718,39,-12,2075,-6,-2,10,12789
DATA,719,37,-13,2074,-6,-4,11,13414
DATA,720,36,-15,2081,-5,-4,11,14039
DATA,721,35,-12,2078,-6,-3,10,14664
DATA,722,37,-16,2074,-5,-4,10,15289
DATA,723,39,-15,2079,-5,-3,11,15914
DATA,724,34,-14,2083,-5,-4,10,16539
DATA,725,34,-14,2073,-6,-4,11,17164
DATA,726,36,-12,2076,-5,-3,9,17789
DATA,727,37,-12,2086,-5,-3,11,18414
DATA,728,36,-14,2081,-5,-4,11,19039
DATA,729,36,-15,2072,-4,-4,9,19664
DATA,730,36,-13,2081,-5,-4,10,20289
DATA,731,37,-15,2082,-5,-4,10,20914
DATA,732,36,-15,2072,-6,-2,10,21539
DATA,733,35,-15,2074,-5,-4,10,22164
DATA,734,37,-16,2085,-5,-3,10,22789
DATA,735,36,-13,2075,-5,-3,10,23414
DATA,736,36,-13,2073,-5,-3,11,24039
DATA,737,38,-14,2083,-4,-4,11,24664
DATA,738,38,-14,2082,-6,-4,9,25289
DATA,739,37,-16,2072,-6,-4,11,25914
DATA,740,37,-14,2078,-5,-3,10,26539
DATA,741,37,-13,2084,-4,-4,12,27164
DATA,742,35,-14,2077,-5,-3,10,27789
DATA,743,37,-15,2072,-6,-4,11,28414
DATA,744,38,-15,2079,-5,-4,10,29039
DATA,745,37,-13,2083,-5,-4,11,29664
DATA,746,35,-15,2072,-7,-4,9,30289
DATA,747,38,-18,2079,-5,-4,10,30914
DATA,748,37,-13,2085,-5,-5,11,31539
DATA,749,37,-12,2077,-6,-3,9,32164
DATA,750,36,-13,2073,-5,-3,11,32789
DATA,751,37,-14,2083,-5,-4,9,33414
DATA,752,37,-14,2079,-5,-3,9,34039
DATA,753,33,-14,2071,-6,-3,10,34664
DATA,754,39,-13,2079,-4,-4,8,35289
DATA,755,39,-13,2083,-5,-3,11,35914
DATA,756,35,-13,2073,-6,-3,9,36539
DATA,757,34,-15,2075,-5,-4,11,37164
DATA,758,37,-14,2082,-5,-4,10,37789
DATA,759,38,-15,2078,-6,-4,11,38414
DATA,760,38,-14,2071,-5,-4,10,39039
DATA,761,39,-15,2077,-5,-3,10,39664
DATA,762,40,-16,2078,-5,-5,10,40289
DATA,763,36,-16,2073,-6,-3,9,40914
DATA,764,37,-15,2075,-5,-5,10,41539
DATA,765,36,-16,2080,-4,-3,9,42164
DATA,766,36,-15,2076,-6,-5,9,42789
DATA,767,35,-14,2071,-5,-4,11,43414
DATA,768,37,-13,2079,-5,-4,11,44039
DATA,769,36,-13,2079,-6,-4,12,44664
DATA,770,35,-15,2071,-5,-3,10,45289
DATA,771,36,-14,2073,-4,-3,10,45914
DATA,772,38,-16,2078,-5,-4,10,46539
DATA,773,35,-16,2077,-5,-4,10,47164
DATA,774,37,-14,2072,-5,-4,10,47789
DATA,775,36,-12,2077,-4,-3,12,48414
DATA,776,36,-15,2077,-6,-4,10,49039
DATA,777,36,-14,2071,-6,-3,8,49664
DATA,778,36,-17,2077,-4,-4,11,50289
DATA,779,36,-13,2075,-5,-4,10,50914
DATA,780,36,-13,2073,-6,-4,10,51539
DATA,781,38,-15,2075,-6,-3,10,52164
DATA,782,37,-15,2077,-5,-4,11,52789
DATA,783,37,-12,2075,-5,-4,10,53414
DATA,784,35,-15,2070,-6,-4,12,54039
DATA,785,37,-17,2078,-5,-4,11,54664
DATA,786,38,-13,2081,-5,-3,11,55289
DATA,787,38,-15,2074,-6,-4,11,55914
DATA,788,38,-16,2076,-6,-4,10,56539
DATA,789,37,-14,2079,-5,-4,12,57164
DATA,790,36,-12,2075,-6,-3,10,57789
DATA,791,34,-14,2075,-6,-4,9,58414
DATA,792,36,-15,2083,-5,-4,11,59039
DATA,793,35,-14,2080,-6,-5,11,59664
DATA,794,37,-13,2072,-6,-4,9,60289
DATA,795,37,-13,2076,-4,-3,11,60914
DATA,796,36,-12,2078,-5,-3,10,61539
DATA,797,36,-12,2077,-6,-4,12,62164
DATA,798,36,-15,2076,-5,-5,10,62789
DATA,799,38,-16,2080,-5,-4,10,63414
DATA,800,38,-14,2080,-5,-3,11,64039
DATA,801,36,-13,2075,-4,-4,11,64664
DATA,802,36,-14,2080,-4,-5,10,65289
DATA,803,36,-11,2082,-6,-4,10,378
DATA,804,38,-13,2076,-6,-3,10,1003
DATA,805,36,-15,2076,-6,-4,11,1628
DATA,806,37,-14,2083,-5,-4,10,2253
DATA,807,38,-15,2080,-6,-5,10,2878
DATA,808,36,-15,2074,-6,-3,11,3503
DATA,809,36,-14,2081,-5,-4,11,4128
DATA,810,39,-14,2083,-5,-3,10,4753
DATA,811,37,-15,2074,-5,-3,9,5378
DATA,812,35,-14,2074,-6,-3,11,6003
DATA,813,35,-12,2083,-5,-5,10,6628
DATA,814,36,-13,2079,-5,-3,10,7253
DATA,815,36,-13,2076,-5,-3,8,7878
DATA,816,37,-13,2079,-5,-3,11,8503
DATA,817,39,-12,2082,-5,-3,11,9128
DATA,818,35,-13,2074,-6,-4,9,9753
DATA,819,35,-16,2075,-5,-5,10,10378
DATA,820,35,-14,2081,-4,-4,11,11003
DATA,821,37,-13,2078,-6,-4,10,11628
DATA,822,35,-15,2075,-5,-4,10,12253
DATA,823,37,-17,2078,-4,-4,9,12878
DATA,824,39,-12,2081,-5,-5,10,13503
DATA,825,36,-14,2076,-5,-4,11,14128
DATA,826,35,-16,2077,-6,-4,11,14753
DATA,827,36,-13,2082,-6,-4,10,15378
DATA,828,37,-14,2077,-6,-3,10,16003
DATA,829,35,-13,2072,-4,-4,10,16628
DATA,830,37,-14,2079,-6,-4,11,17253
DATA,831,37,-14,2079,-6,-3,11,17878
DATA,832,35,-16,2078,-6,-4,12,18503
DATA,833,36,-15,2076,-5,-4,10,19128
DATA,834,38,-14,2083,-4,-4,10,19753
DATA,835,37,-14,2077,-6,-4,10,20378
DATA,836,35,-16,2075,-6,-3,10,21003
DATA,837,38,-14,2081,-5,-4,11,21628
DATA,838,38,-14,2081,-6,-4,9,22253
DATA,839,35,-14,2075,-5,-4,10,22878
DATA,840,37,-12,2079,-5,-4,10,23503
DATA,841,37,-15,2084,-5,-4,11,24128
DATA,842,37,-13,2075,-5,-4,11,24753
DATA,843,36,-15,2076,-5,-4,10,25378
DATA,844,36,-12,2081,-5,-4,10,26003
DATA,845,36,-14,2079,-6,-3,11,26628
DATA,846,35,-15,2075,-5,-3,9,27253
DATA,847,36,-14,2080,-5,-4,11,27878
DATA,848,39,-14,2082,-5,-2,12,28503
DATA,849,37,-12,2074,-6,-2,9,29128
DATA,850,38,-14,2076,-5,-5,11,29753
DATA,851,36,-13,2083,-4,-3,10,30378
DATA,852,35,-14,2077,-6,-4,11,31003
DATA,853,35,-15,2073,-7,-4,11,31628
DATA,854,37,-15,2079,-5,-3,11,32253
DATA,855,35,-15,2082,-5,-3,11,32878
DATA,856,35,-16,2077,-5,-3,11,33503
DATA,857,38,-14,2077,-5,-4,9,34128
DATA,858,37,-13,2080,-5,-5,10,34753
DATA,859,35,-16,2076,-6,-4,9,35378
DATA,860,37,-15,2076,-5,-4,9,36003
DATA,861,37,-14,2083,-4,-4,10,36628
DATA,862,37,-14,2079,-6,-4,10,37253
DATA,863,36,-14,2074,-7,-4,10,37878
DATA,864,36,-14,2078,-6,-4,11,38503
DATA,865,36,-14,2082,-5,-4,10,39128
DATA,866,35,-14,2071,-6,-4,9,39753
DATA,867,35,-14,2074,-5,-5,10,40378
DATA,868,36,-14,2080,-5,-4,10,41003
DATA,869,36,-14,2078,-6,-3,10,41628
DATA,870,34,-13,2074,-6,-4,10,42253
DATA,871,36,-14,2079,-5,-3,9,42878
DATA,872,38,-12,2079,-5,-4,10,43503
DATA,873,37,-14,2074,-5,-3,11,44128
DATA,874,35,-16,2071,-5,-4,9,44753
DATA,875,38,-16,2077,-5,-4,11,45378
DATA,876,36,-11,2076,-5,-3,10,46003
DATA,877,33,-13,2071,-5,-5,11,46628
DATA,878,38,-14,2078,-5,-5,10,47253
DATA,879,36,-12,2078,-5,-4,11,47878
DATA,880,35,-15,2072,-6,-3,10,48503
DATA,881,36,-15,2075,-5,-4,10,49128
DATA,882,36,-15,2080,-5,-4,12,49753
DATA,883,38,-14,2075,-5,-4,10,50378
DATA,884,36,-15,2071,-5,-4,10,51003
DATA,885,38,-14,2078,-5,-4,10,51628
DATA,886,39,-13,2080,-5,-4,11,52253
DATA,887,35,-14,2073,-5,-4,10,52878
DATA,888,35,-16,2074,-5,-4,10,53503
DATA,889,38,-14,2082,-5,-3,11,54128
DATA,890,35,-13,2078,-6,-4,10,54753
DATA,891,35,-16,2074,-5,-4,10,55378
DATA,892,35,-16,2080,-5,-4,11,56003
DATA,893,36,-16,2079,-6,-4,9,56628
DATA,894,35,-15,2070,-5,-3,9,57253
DATA,895,37,-15,2077,-5,-3,10,57878
DATA,896,37,-15,2083,-4,-3,9,58503
DATA,897,36,-16,2075,-6,-2,11,59128
DATA,898,36,-13,2075,-6,-3,10,59753
DATA,899,38,-14,2081,-5,-5,9,60378
DATA,900,35,-15,2081,-5,-4,11,61003
DATA,901,35,-15,2074,-5,-4,11,61628
DATA,902,37,-14,2079,-4,-4,9,62253
DATA,903,38,-14,2081,-6,-3,10,62878
DATA,904,38,-14,2077,-6,-2,9,63503
DATA,905,37,-16,2077,-5,-5,10,64128
DATA,906,38,-16,2081,-4,-5,11,64753
DATA,907,38,-15,2081,-5,-3,10,65378
DATA,908,37,-15,2075,-5,-3,11,467
DATA,909,37,-13,2081,-5,-4,10,1092
DATA,910,36,-13,2082,-5,-3,10,1717
DATA,911,36,-15,2075,-5,-3,12,2342
DATA,912,37,-13,2074,-4,-4,11,2967
DATA,913,36,-13,2083,-5,-4,10,3592
DATA,914,37,-13,2079,-6,-3,10,4217
DATA,915,36,-17,2073,-6,-4,11,4842
DATA,916,36,-15,2080,-5,-3,11,5467
DATA,917,36,-14,2082,-4,-4,10,6092
DATA,918,37,-13,2077,-6,-4,10,6717
DATA,919,34,-14,2080,-6,-4,11,7342
DATA,920,37,-15,2084,-5,-4,10,7967
DATA,921,36,-15,2079,-7,-3,10,8592
DATA,922,37,-15,2076,-6,-4,10,9217
DATA,923,36,-14,2082,-4,-3,11,9842
DATA,924,37,-14,2079,-4,-4,10,10467
DATA,925,35,-15,2075,-6,-4,10,11092
DATA,926,36,-13,2079,-5,-4,10,11717
DATA,927,35,-15,2082,-6,-4,11,12342
DATA,928,35,-15,2076,-6,-4,9,12967
DATA,929,36,-14,2075,-5,-4,10,13592
DATA,930,37,-15,2082,-4,-4,11,14217
DATA,931,38,-15,2080,-5,-5,10,14842
DATA,932,35,-15,2073,-6,-3,11,15467
DATA,933,35,-16,2082,-4,-3,10,16092
DATA,934,37,-14,2082,-5,-3,11,16717
DATA,935,37,-15,2076,-5,-4,10,17342
DATA,936,36,-16,2075,-5,-4,11,17967
DATA,937,38,-14,2081,-5,-5,9,18592
DATA,938,36,-12,2077,-6,-2,10,19217
DATA,939,35,-13,2075,-5,-4,11,19842
DATA,940,37,-13,2081,-4,-4,10,20467
DATA,941,38,-15,2081,-6,-3,10,21092
DATA,942,38,-12,2076,-6,-4,10,21717
DATA,943,35,-14,2078,-4,-4,9,22342
DATA,944,37,-14,2082,-5,-4,10,22967
DATA,945,38,-13,2080,-5,-3,10,23592
DATA,946,33,-14,2073,-5,-5,10,24217
DATA,947,37,-13,2080,-5,-5,11,24842
DATA,948,37,-14,2082,-6,-4,9,25467
DATA,949,37,-14,2073,-6,-4,10,26092
DATA,950,37,-14,2077,-5,-4,11,26717
DATA,951,37,-16,2084,-5,-4,10,27342
DATA,952,38,-16,2075,-5,-4,11,27967
DATA,953,34,-13,2072,-6,-4,11,28592
DATA,954,36,-15,2078,-5,-5,10,29217
DATA,955,36,-14,2080,-5,-4,11,29842
DATA,956,35,-13,2073,-5,-4,9,30467
DATA,957,37,-15,2078,-5,-4,11,31092
DATA,958,37,-14,2081,-5,-4,10,31717
DATA,959,36,-14,2073,-6,-3,11,32342
DATA,960,35,-15,2069,-6,-4,11,32967
DATA,961,37,-15,2079,-4,-4,12,33592
DATA,962,38,-13,2082,-5,-4,10,34217
DATA,963,33,-14,2074,-5,-4,10,34842
DATA,964,34,-15,2077,-5,-2,11,35467
DATA,965,36,-13,2080,-5,-4,9,36092
DATA,966,38,-13,2075,-6,-4,10,36717
DATA,967,37,-12,2071,-5,-4,12,37342
DATA,968,39,-14,2077,-5,-4,10,37967
DATA,969,39,-13,2075,-5,-4,10,38592
DATA,970,36,-17,2071,-6,-5,12,39217
DATA,971,38,-15,2074,-6,-5,11,39842
DATA,972,38,-14,2079,-6,-4,11,40467
DATA,973,36,-13,2072,-5,-2,10,41092
DATA,974,36,-15,2072,-6,-3,11,41717
DATA,975,36,-14,2076,-6,-4,11,42342
DATA,976,38,-15,2075,-6,-3,9,42967
DATA,977,35,-14,2068,-5,-4,9,43592
DATA,978,36,-14,2074,-4,-3,11,44217
DATA,979,35,-14,2077,-5,-3,11,44842
DATA,980,35,-15,2068,-6,-5,10,45467
DATA,981,34,-18,2072,-5,-4,11,46092
DATA,982,35,-17,2079,-5,-3,10,46717
DATA,983,35,-14,2077,-6,-3,11,47342
DATA,984,35,-15,2069,-6,-5,9,47967
DATA,985,38,-14,2078,-6,-3,9,48592
DATA,986,37,-13,2078,-6,-3,11,49217
DATA,987,37,-14,2071,-6,-4,11,49842
DATA,988,37,-15,2074,-4,-3,10,50467
DATA,989,37,-14,2081,-5,-3,11,51092
DATA,990,36,-14,2077,-5,-3,9,51717
DATA,991,36,-13,2073,-5,-3,9,52342
DATA,992,37,-13,2081,-4,-3,10,52967
DATA,993,37,-14,2079,-6,-4,9,53592
DATA,994,37,-15,2073,-6,-3,9,54217
DATA,995,35,-13,2077,-3,-5,10,54842
DATA,996,37,-14,2083,-5,-4,10,55467
DATA,997,36,-14,2076,-6,-4,11,56092
DATA,998,37,-14,2074,-5,-4,11,56717
DATA,999,35,-15,2080,-5,-5,9,57342
DATA,1000,37,-14,2079,-5,-5,12,57967
DATA,1001,37,-12,2074,-5,-4,9,58592
DATA,1002,37,-14,2076,-5,-4,9,59217
DATA,1003,37,-15,2081,-6,-3,9,59842
DATA,1004,36,-15,2075,-6,-3,10,60467
DATA,1005,34,-15,2075,-5,-4,11,61092
DATA,1006,37,-14,2081,-5,-3,10,61717
DATA,1007,38,-15,2076,-4,-3,10,62342
DATA,1008,36,-15,2077,-5,-3,9,62967
DATA,1009,36,-15,2082,-4,-3,10,63592
DATA,1010,38,-13,2079,-5,-3,10,64217
DATA,1011,34,-13,2073,-5,-3,10,64842
DATA,1012,37,-14,2073,-4,-3,10,65467
DATA,1013,36,-13,2081,-5,-3,10,556
DATA,1014,38,-14,2079,-6,-3,11,1181
DATA,1015,36,-14,2076,-5,-4,10,1806
DATA,1016,36,-15,2079,-6,-3,10,2431
DATA,1017,37,-12,2082,-5,-3,10,3056
DATA,1018,35,-13,2073,-6,-2,10,3681
DATA,1019,38,-15,2076,-5,-4,7,4306
DATA,1020,38,-14,2082,-5,-4,9,4931
DATA,1021,35,-15,2077,-5,-3,10,5556
DATA,1022,35,-18,2075,-5,-4,10,6181
DATA,1023,38,-16,2079,-5,-4,11,6806
DATA,1024,36,-13,2082,-5,-3,10,7431
DATA,1025,36,-14,2075,-5,-4,10,8056
DATA,1026,36,-15,2078,-5,-4,9,8681
DATA,1027,38,-14,2083,-5,-4,10,9306
DATA,1028,36,-13,2076,-6,-4,10,9931
DATA,1029,36,-15,2074,-5,-3,11,10556
DATA,1030,39,-15,2082,-5,-4,11,11181
DATA,1031,36,-13,2080,-5,-3,10,11806
DATA,1032,37,-15,2069,-6,-5,11,12431
DATA,1033,35,-16,2078,-5,-3,11,13056
DATA,1034,36,-14,2083,-5,-3,12,13681
DATA,1035,37,-14,2076,-6,-2,10,14306
DATA,1036,37,-15,2079,-4,-4,10,14931
DATA,1037,35,-14,2081,-4,-3,10,15556
DATA,1038,35,-14,2078,-6,-3,11,16181
DATA,1039,34,-13,2072,-6,-4,11,16806
DATA,1040,38,-15,2081,-5,-3,10,17431
DATA,1041,36,-14,2082,-5,-3,10,18056
DATA,1042,34,-16,2074,-5,-4,10,18681
DATA,1043,39,-15,2075,-5,-5,9,19306
DATA,1044,37,-15,2081,-5,-4,9,19931
DATA,1045,36,-15,2079,-5,-4,11,20556
DATA,1046,36,-13,2073,-5,-4,10,21181
DATA,1047,37,-14,2079,-5,-4,9,21806
DATA,1048,36,-14,2081,-5,-4,9,22431
DATA,1049,35,-15,2073,-6,-4,11,23056
DATA,1050,35,-17,2077,-5,-5,11,23681
DATA,1051,38,-14,2081,-5,-4,8,24306
DATA,1052,35,-14,2078,-5,-4,11,24931
DATA,1053,37,-14,2073,-5,-5,11,25556
DATA,1054,36,-17,2079,-5,-4,11,26181
DATA,1055,36,-14,2082,-6,-4,9,26806
DATA,1056,36,-14,2072,-5,-3,10,27431
DATA,1057,36,-15,2075,-5,-4,10,28056
DATA,1058,37,-13,2082,-5,-4,11,28681
DATA,1059,37,-13,2077,-6,-5,10,29306
DATA,1060,38,-14,2075,-4,-4,11,29931
DATA,1061,36,-15,2082,-5,-4,10,30556
DATA,1062,37,-12,2079,-6,-3,10,31181
DATA,1063,35,-16,2072,-6,-4,9,31806
DATA,1064,35,-15,2076,-5,-5,10,32431
DATA,1065,37,-15,2082,-5,-4,11,33056
DATA,1066,38,-13,2073,-6,-4,10,33681
DATA,1067,37,-15,2074,-5,-3,10,34306
DATA,1068,38,-13,2080,-5,-4,11,34931
DATA,1069,36,-16,2076,-5,-3,11,35556
DATA,1070,36,-15,2069,-4,-4,11,36181
DATA,1071,37,-15,2077,-4,-4,10,36806
DATA,1072,36,-13,2079,-5,-4,10,37431
DATA,1073,37,-13,2074,-5,-4,10,38056
DATA,1074,35,-15,2073,-5,-4,8,38681
DATA,1075,36,-13,2079,-5,-3,10,39306
DATA,1076,36,-13,2076,-5,-4,9,39931
DATA,1077,37,-15,2072,-6,-4,10,40556
DATA,1078,38,-13,2076,-5,-4,10,41181
DATA,1079,38,-12,2076,-6,-4,10,41806
DATA,1080,36,-16,2072,-6,-4,11,42431
DATA,1081,37,-16,2075,-5,-4,11,43056
DATA,1082,36,-17,2078,-5,-4,9,43681
DATA,1083,37,-15,2072,-6,-3,11,44306
DATA,1084,36,-14,2074,-5,-4,10,44931
DATA,1085,39,-14,2076,-5,-4,10,45556
DATA,1086,36,-15,2077,-6,-3,11,46181
DATA,1087,37,-15,2074,-5,-3,10,46806
DATA,1088,36,-14,2076,-4,-5,9,47431
DATA,1089,37,-14,2080,-5,-4,10,48056
DATA,1090,39,-14,2076,-6,-3,9,48681
DATA,1091,34,-14,2076,-5,-4,11,49306
DATA,1092,36,-16,2080,-4,-4,12,49931
DATA,1093,35,-16,2076,-5,-2,11,50556
DATA,1094,37,-14,2071,-5,-4,10,51181
DATA,1095,36,-15,2077,-4,-4,11,51806
DATA,1096,36,-15,2081,-5,-4,9,52431
DATA,1097,37,-13,2075,-6,-4,11,53056
DATA,1098,36,-16,2076,-5,-4,10,53681
DATA,1099,37,-13,2083,-4,-4,11,54306
DATA,1100,38,-14,2079,-6,-3,11,54931
DATA,1101,34,-17,2074,-5,-4,10,55556
DATA,1102,36,-16,2082,-6,-3,10,56181
DATA,1103,38,-14,2083,-6,-4,10,56806
DATA,1104,38,-13,2076,-5,-4,11,57431
DATA,1105,35,-13,2079,-5,-4,11,58056
DATA,1106,36,-17,2084,-4,-4,11,58681
DATA,1107,37,-11,2078,-6,-3,11,59306
DATA,1108,33,-15,2074,-5,-5,10,59931
DATA,1109,38,-12,2083,-4,-3,10,60556
DATA,1110,37,-15,2081,-5,-3,9,61181
DATA,1111,35,-13,2073,-6,-2,10,61806
DATA,1112,38,-15,2079,-6,-3,11,62431
DATA,1113,38,-15,2079,-6,-3,10,63056
DATA,1114,34,-14,2075,-6,-4,11,63681
DATA,1115,37,-14,2073,-5,-3,9,64306
DATA,1116,39,-15,2082,-4,-4,9,64931
DATA,1117,37,-14,2080,-6,-4,10,20
DATA,1118,35,-15,2073,-6,-3,10,645
DATA,1119,37,-13,2077,-5,-4,11,1270
DATA,1120,38,-13,2085,-5,-4,10,1895
DATA,1121,35,-12,2076,-6,-3,9,2520
DATA,1122,36,-15,2074,-5,-4,12,3145
DATA,1123,37,-16,2085,-6,-4,10,3770
DATA,1124,38,-15,2079,-6,-3,9,4395
DATA,1125,34,-14,2073,-5,-4,11,5020
DATA,1126,36,-13,2078,-5,-3,11,5645
DATA,1127,36,-14,2081,-6,-3,10,6270
DATA,1128,34,-14,2076,-6,-3,10,6895
DATA,1129,35,-13,2073,-5,-4,11,7520
DATA,1130,36,-14,2083,-6,-4,11,8145
DATA,1131,35,-14,2081,-5,-3,9,8770
DATA,1132,35,-15,2072,-4,-4,10,9395
DATA,1133,36,-14,2079,-4,-4,10,10020
DATA,1134,36,-14,2082,-5,-4,10,10645
DATA,1135,36,-13,2075,-6,-2,9,11270
DATA,1136,35,-15,2075,-5,-4,12,11895
DATA,1137,38,-16,2086,-3,-3,9,12520
DATA,1138,38,-15,2078,-6,-3,11,13145
DATA,1139,35,-13,2072,-6,-3,11,13770
DATA,1140,38,-15,2081,-4,-4,10,14395
DATA,1141,37,-11,2079,-5,-3,10,15020
DATA,1142,36,-13,2075,-5,-3,9,15645
DATA,1143,37,-15,2076,-6,-4,10,16270
DATA,1144,37,-14,2083,-6,-4,10,16895
DATA,1145,36,-13,2081,-6,-4,10,17520
DATA,1146,35,-16,2074,-6,-4,11,18145
DATA,1147,36,-16,2081,-4,-4,11,18770
DATA,1148,35,-12,2081,-6,-3,11,19395
DATA,1149,35,-14,2077,-6,-4,10,20020
DATA,1150,37,-15,2078,-5,-4,11,20645
DATA,1151,37,-14,2080,-6,-4,10,21270
DATA,1152,36,-13,2079,-7,-4,10,21895
DATA,1153,36,-14,2075,-5,-5,10,22520
DATA,1154,39,-14,2082,-5,-3,10,23145
DATA,1155,34,-13,2081,-6,-4,10,23770
DATA,1156,36,-14,2075,-6,-4,12,24395
DATA,1157,37,-14,2080,-5,-3,10,25020
DATA,1158,36,-13,2082,-7,-4,10,25645
DATA,1159,36,-14,2076,-5,-4,10,26270
DATA,1160,37,-15,2073,-5,-3,11,26895
DATA,1161,39,-13,2080,-6,-3,10,27520
DATA,1162,36,-13,2079,-5,-4,10,28145
DATA,1163,33,-12,2074,-6,-4,10,28770
DATA,1164,37,-15,2080,-4,-3,11,29395
DATA,1165,38,-14,2080,-5,-4,10,30020
DATA,1166,35,-13,2074,-7,-2,10,30645
DATA,1167,35,-14,2075,-6,-4,11,31270
DATA,1168,36,-16,2080,-5,-3,11,31895
DATA,1169,36,-14,2075,-6,-4,11,32520
DATA,1170,36,-14,2072,-5,-4,10,33145
DATA,1171,38,-13,2079,-4,-4,10,33770
DATA,1172,38,-14,2079,-6,-4,10,34395
DATA,1173,35,-15,2070,-5,-4,11,35020
DATA,1174,38,-15,2075,-5,-3,11,35645
DATA,1175,37,-14,2079,-5,-3,11,36270
DATA,1176,35,-15,2074,-6,-4,9,36895
DATA,1177,37,-15,2069,-5,-4,9,37520
DATA,1178,37,-12,2077,-6,-3,10,38145
DATA,1179,35,-13,2076,-6,-4,10,38770
DATA,1180,36,-15,2071,-6,-3,9,39395
DATA,1181,38,-16,2078,-3,-3,10,40020
DATA,1182,36,-16,2077,-4,-2,10,40645
DATA,1183,36,-12,2070,-6,-4,9,41270
DATA,1184,35,-16,2069,-4,-4,11,41895
DATA,1185,37,-13,2082,-5,-4,11,42520
DATA,1186,39,-14,2077,-6,-3,10,43145
DATA,1187,37,-13,2070,-6,-4,10,43770
DATA,1188,35,-16,2079,-4,-3,10,44395
DATA,1189,36,-14,2080,-6,-3,11,45020
DATA,1190,35,-15,2074,-6,-4,10,45645
DATA,1191,36,-14,2076,-5,-4,9,46270
DATA,1192,38,-16,2083,-5,-3,9,46895
DATA,1193,36,-13,2078,-6,-4,9,47520
DATA,1194,35,-15,2073,-5,-4,11,48145
DATA,1195,37,-16,2080,-4,-4,10,48770
DATA,1196,38,-16,2082,-5,-4,10,49395
DATA,1197,36,-16,2073,-6,-5,11,50020
DATA,1198,36,-15,2075,-4,-4,10,50645
DATA,1199,39,-15,2085,-4,-4,10,51270
DATA,1200,36,-13,2074,-6,-3,11,51895
DATA,1201,36,-15,2074,-6,-4,10,52520
DATA,1202,37,-16,2083,-4,-3,11,53145
DATA,1203,37,-13,2082,-6,-4,11,53770
DATA,1204,34,-14,2073,-5,-4,11,54395
DATA,1205,37,-16,2076,-5,-4,10,55020
DATA,1206,37,-17,2084,-6,-3,11,55645
DATA,1207,36,-14,2074,-5,-4,9,56270
DATA,1208,35,-14,2075,-4,-4,11,56895
DATA,1209,37,-14,2084,-5,-4,10,57520
DATA,1210,37,-13,2081,-5,-3,10,58145
DATA,1211,35,-13,2073,-7,-3,10,58770
DATA,1212,36,-15,2079,-4,-4,10,59395
DATA,1213,36,-14,2083,-4,-4,9,60020
DATA,1214,36,-14,2075,-4,-3,11,60645
DATA,1215,36,-13,2075,-5,-4,11,61270
DATA,1216,38,-15,2082,-5,-5,11,61895
DATA,1217,37,-13,2081,-5,-4,9,62520
DATA,1218,35,-14,2075,-5,-4,10,63145
DATA,1219,36,-13,2076,-5,-5,10,63770
DATA,1220,38,-14,2084,-5,-4,10,64395
DATA,1221,35,-12,2075,-6,-4,10,65020
DATA,1222,34,-15,2076,-5,-5,11,109
DATA,1223,37,-14,2082,-5,-4,10,734
DATA,1224,37,-14,2078,-6,-4,10,1359
DATA,1225,36,-14,2073,-5,-3,11,1984
DATA,1226,35,-13,2078,-5,-4,9,2609
DATA,1227,37,-15,2082,-5,-3,11,3234
DATA,1228,36,-13,2074,-6,-3,10,3859
DATA,1229,37,-14,2075,-5,-4,9,4484
DATA,1230,38,-14,2080,-5,-4,10,5109
DATA,1231,36,-12,2079,-5,-4,11,5734
DATA,1232,36,-16,2073,-5,-4,10,6359
DATA,1233,37,-13,2080,-5,-4,10,6984
DATA,1234,38,-12,2080,-5,-3,10,7609
DATA,1235,36,-12,2074,-5,-3,9,8234
DATA,1236,36,-14,2078,-5,-3,10,8859
DATA,1237,38,-12,2085,-5,-4,10,9484
DATA,1238,38,-13,2075,-6,-3,11,10109
DATA,1239,37,-13,2073,-6,-4,10,10734
DATA,1240,37,-12,2078,-5,-4,10,11359
DATA,1241,37,-13,2080,-5,-4,10,11984
DATA,1242,36,-12,2071,-6,-3,9,12609
DATA,1243,37,-16,2078,-5,-5,10,13234
DATA,1244,36,-14,2083,-5,-4,11,13859
DATA,1245,35,-16,2074,-6,-4,10,14484
DATA,1246,36,-17,2076,-5,-4,10,15109
DATA,1247,38,-14,2080,-4,-3,11,15734
DATA,1248,35,-13,2079,-5,-3,10,16359
DATA,1249,36,-17,2073,-6,-3,10,16984
DATA,1250,36,-15,2080,-4,-3,10,17609
DATA,1251,37,-12,2080,-5,-5,11,18234
DATA,1252,35,-14,2075,-6,-4,10,18859
DATA,1253,34,-16,2076,-4,-4,10,19484
DATA,1254,37,-15,2082,-4,-3,11,20109
DATA,1255,34,-15,2077,-6,-4,10,20734
DATA,1256,36,-14,2073,-5,-4,11,21359
DATA,1257,38,-16,2080,-5,-4,9,21984
DATA,1258,36,-16,2082,-5,-4,10,22609
DATA,1259,36,-13,2074,-6,-3,11,23234
DATA,1260,36,-15,2076,-5,-4,10,23859
DATA,1261,38,-13,2081,-5,-5,10,24484
DATA,1262,37,-12,2077,-6,-3,11,25109
DATA,1263,35,-14,2073,-5,-4,9,25734
DATA,1264,35,-13,2079,-5,-3,10,26359
DATA,1265,37,-14,2080,-5,-3,10,26984
DATA,1266,34,-14,2073,-5,-4,10,27609
DATA,1267,37,-13,2074,-5,-5,11,28234
DATA,1268,35,-14,2079,-5,-2,10,28859
DATA,1269,34,-13,2076,-6,-4,11,29484
DATA,1270,35,-14,2073,-5,-3,10,30109
DATA,1271,38,-14,2081,-4,-3,9,30734
DATA,1272,37,-14,2078,-5,-4,10,31359
DATA,1273,35,-14,2071,-6,-3,13,31984
DATA,1274,36,-14,2076,-5,-3,9,32609
DATA,1275,36,-12,2081,-5,-3,12,33234
DATA,1276,36,-13,2072,-6,-3,11,33859
DATA,1277,36,-14,2070,-5,-4,10,34484
DATA,1278,36,-15,2079,-4,-4,10,35109
DATA,1279,38,-13,2079,-6,-2,8,35734
DATA,1280,35,-15,2069,-6,-3,9,36359
DATA,1281,39,-16,2077,-5,-4,11,36984
DATA,1282,38,-13,2080,-5,-3,10,37609
DATA,1283,34,-14,2073,-6,-3,11,38234
DATA,1284,36,-14,2070,-5,-4,9,38859
DATA,1285,37,-15,2080,-4,-3,9,39484
DATA,1286,36,-14,2079,-6,-4,10,40109
DATA,1287,34,-13,2071,-5,-4,11,40734
DATA,1288,37,-13,2079,-5,-4,10,41359
DATA,1289,38,-12,2082,-6,-4,10,41984
DATA,1290,33,-14,2073,-6,-4,9,42609
DATA,1291,36,-15,2078,-4,-4,10,43234
DATA,1292,37,-15,2082,-4,-4,10,43859
DATA,1293,36,-14,2077,-6,-3,8,44484
DATA,1294,35,-16,2072,-5,-5,10,45109
DATA,1295,37,-13,2081,-4,-4,11,45734
DATA,1296,37,-14,2081,-5,-3,9,46359
DATA,1297,36,-13,2074,-6,-2,9,46984
DATA,1298,37,-15,2077,-5,-3,10,47609
DATA,1299,38,-13,2082,-6,-4,10,48234
DATA,1300,37,-14,2077,-5,-4,11,48859
DATA,1301,37,-12,2075,-5,-4,8,49484
DATA,1302,36,-13,2081,-5,-5,11,50109
DATA,1303,37,-14,2083,-6,-4,10,50734
DATA,1304,34,-14,2074,-5,-3,10,51359
DATA,1305,35,-15,2080,-4,-3,11,51984
DATA,1306,37,-15,2085,-4,-4,10,52609
DATA,1307,37,-14,2078,-6,-3,10,53234
DATA,1308,37,-14,2075,-5,-4,10,53859
DATA,1309,35,-12,2082,-4,-3,10,54484
DATA,1310,36,-14,2078,-5,-4,11,55109
DATA,1311,36,-14,2075,-5,-4,10,55734
DATA,1312,37,-13,2078,-4,-4,10,56359
DATA,1313,36,-10,2083,-6,-4,10,56984
DATA,1314,37,-16,2075,-6,-4,11,57609
DATA,1315,36,-13,2074,-5,-4,10,58234
DATA,1316,37,-14,2082,-5,-4,10,58859
DATA,1317,37,-14,2078,-5,-3,10,59484
DATA,1318,36,-14,2073,-6,-4,9,60109
DATA,1319,39,-15,2080,-5,-4,10,60734
DATA,1320,37,-14,2082,-7,-4,11,61359
DATA,1321,38,-17,2076,-7,-4,9,61984
DATA,1322,35,-14,2077,-3,-4,10,62609
DATA,1323,37,-14,2081,-4,-4,10,63234
DATA,1324,36,-12,2077,-5,-3,10,63859
DATA,1325,35,-14,2074,-5,-4,10,64484
DATA,1326,37,-14,2082,-4,-3,11,65109
DATA,1327,36,-13,2080,-5,-3,10,198
DATA,1328,35,-15,2073,-5,-4,11,823
DATA,1329,37,-16,2077,-4,-4,10,1448
DATA,1330,37,-14,2082,-4,-4,11,2073
DATA,1331,36,-13,2074,-5,-4,10,2698
DATA,1332,38,-14,2073,-6,-5,10,3323
DATA,1333,39,-14,2081,-4,-4,11,3948
DATA,1334,34,-14,2081,-6,-3,12,4573
DATA,1335,35,-13,2074,-5,-4,9,5198
DATA,1336,37,-16,2076,-5,-5,11,5823
DATA,1337,38,-15,2084,-6,-4,10,6448
DATA,1338,37,-14,2075,-6,-4,9,7073
DATA,1339,37,-14,2075,-5,-4,11,7698
DATA,1340,38,-16,2082,-5,-4,10,8323
DATA,1341,36,-14,2080,-5,-3,9,8948
DATA,1342,35,-14,2073,-6,-4,11,9573
DATA,1343,36,-13,2078,-5,-3,9,10198
DATA,1344,35,-14,2083,-6,-3,11,10823
DATA,1345,35,-13,2072,-6,-3,9,11448
DATA,1346,36,-12,2076,-5,-4,9,12073
DATA,1347,38,-12,2080,-5,-4,10,12698
DATA,1348,38,-13,2078,-6,-4,10,13323
DATA,1349,35,-16,2073,-6,-5,10,13948
DATA,1350,38,-15,2079,-4,-4,10,14573
DATA,1351,37,-14,2080,-5,-3,10,15198
DATA,1352,36,-13,2074,-6,-4,11,15823
DATA,1353,36,-14,2075,-4,-4,11,16448
DATA,1354,37,-14,2082,-5,-3,10,17073
DATA,1355,35,-14,2076,-7,-5,11,17698
DATA,1356,33,-16,2074,-6,-3,10,18323
DATA,1357,36,-14,2079,-5,-4,10,18948
DATA,1358,38,-14,2080,-5,-4,10,19573
DATA,1359,35,-13,2074,-5,-2,10,20198
DATA,1360,37,-14,2076,-5,-3,10,20823
DATA,1361,35,-13,2081,-5,-3,11,21448
DATA,1362,36,-14,2076,-5,-3,10,22073
DATA,1363,33,-14,2075,-6,-4,9,22698
DATA,1364,37,-14,2080,-5,-4,12,23323
DATA,1365,38,-15,2079,-6,-4,10,23948
DATA,1366,35,-14,2073,-6,-3,10,24573
DATA,1367,37,-17,2078,-5,-4,10,25198
DATA,1368,38,-16,2081,-6,-3,10,25823
DATA,1369,35,-15,2072,-6,-3,11,26448
DATA,1370,38,-13,2074,-4,-4,10,27073
DATA,1371,36,-16,2077,-6,-3,10,27698
DATA,1372,35,-15,2077,-6,-3,11,28323
DATA,1373,35,-15,2072,-5,-3,11,28948
DATA,1374,35,-15,2073,-4,-4,11,29573
DATA,1375,37,-14,2079,-5,-4,11,30198
DATA,1376,35,-16,2071,-5,-3,10,30823
DATA,1377,37,-15,2071,-6,-4,10,31448
DATA,1378,38,-14,2075,-5,-4,10,32073
DATA,1379,36,-16,2075,-6,-4,10,32698
DATA,1380,37,-17,2071,-5,-5,10,33323
DATA,1381,39,-15,2076,-4,-4,10,33948
DATA,1382,37,-13,2076,-5,-3,10,34573
DATA,1383,38,-17,2070,-6,-4,10,35198
DATA,1384,36,-16,2073,-5,-4,10,35823
DATA,1385,38,-15,2079,-5,-4,9,36448
DATA,1386,35,-14,2075,-6,-3,11,37073
DATA,1387,34,-16,2073,-5,-3,10,37698
DATA,1388,37,-13,2081,-5,-4,10,38323
DATA,1389,36,-15,2081,-5,-3,11,38948
DATA,1390,36,-15,2075,-5,-3,10,39573
DATA,1391,37,-14,2078,-5,-4,11,40198
DATA,1392,36,-15,2082,-4,-3,10,40823
DATA,1393,34,-12,2075,-6,-3,9,41448
DATA,1394,35,-14,2075,-6,-4,10,42073
DATA,1395,37,-17,2080,-3,-4,10,42698
DATA,1396,35,-13,2079,-5,-3,10,43323
DATA,1397,35,-13,2073,-5,-4,11,43948
DATA,1398,38,-14,2079,-5,-5,11,44573
DATA,1399,37,-13,2081,-5,-3,11,45198
DATA,1400,35,-13,2075,-5,-4,10,45823
DATA,1401,36,-14,2078,-4,-4,10,46448
DATA,1402,37,-14,2082,-4,-4,9,47073
DATA,1403,36,-15,2080,-7,-4,10,47698
DATA,1404,35,-16,2075,-6,-4,10,48323
DATA,1405,36,-16,2078,-5,-4,9,48948
DATA,1406,36,-15,2083,-5,-3,10,49573
DATA,1407,36,-12,2074,-6,-3,9,50198
DATA,1408,38,-14,2077,-5,-5,11,50823
DATA,1409,37,-13,2083,-6,-3,11,51448
DATA,1410,38,-12,2077,-5,-4,10,52073
DATA,1411,35,-16,2075,-5,-4,10,52698
DATA,1412,37,-14,2080,-5,-4,10,53323
DATA,1413,38,-12,2080,-6,-3,10,53948
DATA,1414,37,-10,2073,-6,-4,10,54573
DATA,1415,37,-14,2076,-5,-4,10,55198
DATA,1416,38,-16,2085,-5,-3,9,55823
DATA,1417,37,-15,2078,-5,-3,11,56448
DATA,1418,38,-13,2074,-6,-3,10,57073
DATA,1419,37,-12,2081,-5,-4,12,57698
DATA,1420,36,-12,2078,-5,-3,9,58323
DATA,1421,36,-14,2073,-6,-3,9,58948
DATA,1422,33,-14,2078,-5,-3,11,59573
DATA,1423,37,-13,2085,-5,-4,10,60198
DATA,1424,38,-14,2076,-6,-4,11,60823
DATA,1425,34,-13,2073,-5,-4,11,61448
DATA,1426,37,-15,2082,-6,-3,10,62073
DATA,1427,36,-16,2082,-6,-3,10,62698
DATA,1428,36,-14,2072,-5,-4,10,63323
DATA,1429,36,-14,2081,-5,-4,10,63948
DATA,1430,37,-11,2082,-5,-4,11,64573
DATA,1431,36,-14,2076,-6,-3,10,65198
DATA,1432,36,-13,2074,-5,-3,10,287
DATA,1433,36,-14,2080,-5,-3,10,912
DATA,1434,37,-12,2081,-5,-3,11,1537
DATA,1435,36,-14,2074,-6,-4,10,2162
DATA,1436,37,-14,2080,-6,-3,9,2787
DATA,1437,37,-14,2081,-4,-4,10,3412
DATA,1438,35,-14,2078,-6,-4,9,4037
DATA,1439,35,-14,2076,-5,-3,11,4662
DATA,1440,39,-15,2081,-6,-5,11,5287
DATA,1441,37,-13,2079,-6,-4,9,5912
DATA,1442,37,-12,2075,-7,-4,10,6537
DATA,1443,37,-11,2079,-4,-4,10,7162
DATA,1444,36,-13,2082,-5,-3,10,7787
DATA,1445,36,-15,2073,-5,-3,10,8412
DATA,1446,37,-14,2077,-5,-4,10,9037
DATA,1447,38,-12,2082,-5,-3,11,9662
DATA,1448,39,-12,2077,-6,-3,10,10287
DATA,1449,36,-13,2077,-6,-5,10,10912
DATA,1450,37,-13,2080,-4,-5,10,11537
DATA,1451,37,-14,2081,-5,-4,9,12162
DATA,1452,37,-12,2075,-5,-4,10,12787
DATA,1453,37,-12,2076,-5,-3,9,13412
DATA,1454,38,-13,2082,-5,-4,10,14037
DATA,1455,35,-14,2077,-7,-4,10,14662
DATA,1456,36,-15,2075,-5,-4,10,15287
DATA,1457,37,-13,2079,-5,-4,10,15912
DATA,1458,36,-13,2081,-6,-4,11,16537
DATA,1459,35,-13,2076,-6,-3,10,17162
DATA,1460,37,-13,2079,-5,-3,10,17787
DATA,1461,36,-14,2082,-5,-4,11,18412
DATA,1462,37,-15,2076,-6,-5,10,19037
DATA,1463,34,-13,2076,-5,-4,11,19662
DATA,1464,35,-14,2080,-4,-3,10,20287
DATA,1465,38,-14,2079,-6,-3,10,20912
DATA,1466,36,-15,2075,-5,-4,10,21537
DATA,1467,35,-11,2078,-5,-4,10,22162
DATA,1468,37,-13,2078,-5,-4,9,22787
DATA,1469,36,-14,2072,-7,-4,10,23412
DATA,1470,35,-14,2072,-5,-4,10,24037
DATA,1471,37,-14,2080,-5,-3,10,24662
DATA,1472,36,-14,2075,-5,-3,12,25287
DATA,1473,36,-14,2071,-5,-3,10,25912
DATA,1474,36,-14,2077,-5,-3,10,26537
DATA,1475,36,-14,2076,-5,-3,12,27162
DATA,1476,36,-13,2073,-6,-3,10,27787
DATA,1477,36,-15,2074,-4,-3,10,28412
DATA,1478,37,-13,2076,-4,-4,10,29037
DATA,1479,36,-12,2073,-5,-3,11,29662
DATA,1480,36,-14,2071,-4,-5,11,30287
DATA,1481,37,-15,2079,-4,-4,11,30912
DATA,1482,36,-14,2079,-5,-4,11,31537
DATA,1483,36,-13,2070,-7,-3,10,32162
DATA,1484,39,-16,2074,-4,-4,9,32787
DATA,1485,36,-16,2082,-4,-4,9,33412
DATA,1486,38,-14,2075,-6,-3,11,34037
DATA,1487,36,-15,2075,-5,-3,11,34662
DATA,1488,35,-14,2077,-5,-4,10,35287
DATA,1489,35,-13,2079,-7,-4,9,35912
DATA,1490,36,-13,2073,-5,-5,8,36537
DATA,1491,34,-14,2077,-5,-3,11,37162
DATA,1492,39,-12,2083,-5,-3,10,37787
DATA,1493,34,-14,2073,-6,-5,11,38412
DATA,1494,37,-13,2075,-6,-5,10,39037
DATA,1495,39,-13,2083,-5,-4,11,39662
DATA,1496,35,-15,2082,-5,-4,10,40287
DATA,1497,36,-16,2072,-5,-4,10,40912
DATA,1498,35,-14,2080,-4,-4,11,41537
DATA,1499,38,-13,2084,-5,-6,9,42162
DATA,1500,36,-13,2076,-7,-4,10,42787
DATA,1501,36,-13,2077,-5,-2,10,43412
DATA,1502,37,-15,2083,-6,-4,10,44037
DATA,1503,36,-14,2079,-5,-4,10,44662
DATA,1504,34,-13,2073,-4,-4,11,45287
DATA,1505,37,-12,2079,-5,-4,10,45912
DATA,1506,36,-14,2084,-5,-3,11,46537
DATA,1507,37,-13,2075,-6,-4,10,47162
DATA,1508,36,-15,2075,-6,-3,11,47787
DATA,1509,38,-14,2084,-5,-3,9,48412
DATA,1510,36,-16,2078,-5,-3,9,49037
DATA,1511,36,-16,2074,-6,-4,12,49662
DATA,1512,38,-12,2082,-5,-5,10,50287
DATA,1513,37,-14,2085,-6,-3,9,50912
DATA,1514,37,-14,2078,-5,-4,12,51537
DATA,1515,36,-16,2078,-5,-3,9,52162
DATA,1516,39,-14,2084,-4,-4,10,52787
DATA,1517,35,-14,2081,-5,-3,10,53412
DATA,1518,35,-14,2074,-5,-5,10,54037
DATA,1519,36,-13,2080,-4,-4,11,54662
DATA,1520,36,-14,2081,-5,-3,12,55287
DATA,1521,34,-14,2073,-5,-3,9,55912
DATA,1522,36,-17,2078,-5,-4,11,56537
DATA,1523,37,-14,2083,-4,-3,10,57162
DATA,1524,37,-13,2077,-6,-4,9,57787
DATA,1525,35,-15,2074,-6,-3,10,58412
DATA,1526,37,-14,2080,-5,-4,10,59037
DATA,1527,38,-15,2077,-5,-5,10,59662
DATA,1528,34,-14,2075,-5,-4,11,60287
DATA,1529,37,-15,2078,-4,-4,10,60912
DATA,1530,38,-13,2081,-6,-4,10,61537
DATA,1531,38,-14,2075,-5,-2,9,62162
DATA,1532,35,-13,2077,-6,-3,10,62787
DATA,1533,36,-13,2078,-5,-3,11,63412
DATA,1534,37,-13,2080,-5,-3,10,64037
DATA,1535,35,-15,2076,-6,-3,10,64662
DATA,1536,38,-14,2082,-6,-4,11,65287
DATA,1537,36,-12,2082,-5,-3,11,376
DATA,1538,35,-15,2075,-5,-4,9,1001
DATA,1539,35,-12,2079,-5,-4,10,1626
DATA,1540,36,-13,2080,-5,-4,10,2251
DATA,1541,37,-12,2080,-6,-3,11,2876
DATA,1542,33,-12,2076,-5,-3,10,3501
DATA,1543,37,-13,2080,-5,-3,10,4126
DATA,1544,37,-15,2081,-6,-4,10,4751
DATA,1545,35,-14,2077,-6,-4,10,5376
DATA,1546,34,-12,2078,-5,-4,9,6001
DATA,1547,37,-11,2081,-6,-4,11,6626
DATA,1548,37,-12,2076,-6,-4,9,7251
DATA,1549,35,-16,2077,-5,-5,10,7876
DATA,1550,38,-16,2084,-4,-5,11,8501
DATA,1551,36,-14,2080,-5,-2,10,9126
DATA,1552,37,-15,2076,-6,-3,10,9751
DATA,1553,34,-14,2077,-4,-4,10,10376
DATA,1554,36,-14,2081,-5,-4,10,11001
DATA,1555,37,-14,2076,-6,-3,10,11626
DATA,1556,36,-14,2074,-6,-4,11,12251
DATA,1557,38,-14,2083,-5,-3,9,12876
DATA,1558,36,-14,2079,-5,-4,10,13501
DATA,1559,36,-16,2072,-6,-4,10,14126
DATA,1560,38,-14,2081,-5,-4,9,14751
DATA,1561,37,-14,2081,-5,-3,11,15376
DATA,1562,35,-13,2075,-6,-3,10,16001
DATA,1563,37,-13,2075,-5,-4,10,16626
DATA,1564,38,-14,2082,-5,-4,10,17251
DATA,1565,35,-13,2076,-6,-3,10,17876
DATA,1566,35,-14,2071,-5,-4,10,18501
DATA,1567,36,-15,2080,-5,-3,11,19126
DATA,1568,35,-13,2079,-6,-2,10,19751
DATA,1569,38,-14,2072,-6,-4,11,20376
DATA,1570,35,-12,2076,-4,-5,12,21001
DATA,1571,36,-15,2080,-5,-4,10,21626
DATA,1572,36,-12,2076,-6,-4,11,22251
DATA,1573,35,-14,2071,-4,-4,10,22876
DATA,1574,36,-16,2079,-5,-4,10,23501
DATA,1575,35,-13,2077,-5,-4,11,24126
DATA,1576,35,-15,2069,-5,-4,11,24751
DATA,1577,37,-15,2074,-5,-4,9,25376
DATA,1578,37,-14,2078,-5,-4,12,26001
DATA,1579,35,-15,2076,-5,-4,10,26626
DATA,1580,36,-17,2070,-5,-4,10,27251
DATA,1581,36,-14,2079,-4,-4,10,27876
DATA,1582,37,-13,2076,-6,-3,10,28501
DATA,1583,35,-13,2071,-6,-4,10,29126
DATA,1584,39,-16,2076,-4,-4,10,29751
DATA,1585,37,-15,2079,-5,-3,10,30376
DATA,1586,36,-15,2074,-6,-3,10,31001
DATA,1587,36,-13,2074,-5,-3,10,31626
DATA,1588,37,-16,2080,-5,-5,10,32251
DATA,1589,38,-14,2080,-6,-3,10,32876
DATA,1590,35,-16,2071,-6,-5,10,33501
DATA,1591,37,-17,2077,-5,-4,10,34126
DATA,1592,35,-14,2081,-5,-3,10,34751
DATA,1593,37,-16,2074,-6,-3,10,35376
DATA,1594,36,-13,2076,-4,-3,10,36001
DATA,1595,39,-14,2083,-4,-4,11,36626
DATA,1596,38,-15,2081,-5,-4,9,37251
DATA,1597,35,-14,2075,-5,-3,10,37876
DATA,1598,37,-13,2079,-4,-3,10,38501
DATA,1599,36,-14,2081,-5,-3,11,39126
DATA,1600,36,-13,2075,-5,-3,12,39751
DATA,1601,36,-14,2076,-6,-4,11,40376
DATA,1602,39,-15,2084,-5,-3,10,41001
DATA,1603,35,-13,2080,-5,-4,11,41626
DATA,1604,35,-14,2075,-6,-3,10,42251
DATA,1605,36,-12,2081,-5,-4,11,42876
DATA,1606,36,-11,2081,-5,-4,10,43501
DATA,1607,34,-15,2078,-5,-3,10,44126
DATA,1608,36,-16,2077,-5,-4,10,44751
DATA,1609,38,-15,2082,-6,-4,11,45376
DATA,1610,37,-13,2079,-5,-4,9,46001
DATA,1611,36,-14,2075,-4,-4,11,46626
DATA,1612,39,-14,2082,-4,-4,9,47251
DATA,1613,36,-14,2083,-5,-4,9,47876
DATA,1614,34,-13,2075,-6,-4,9,48501
DATA,1615,37,-14,2078,-6,-4,9,49126
DATA,1616,35,-12,2081,-6,-3,10,49751
DATA,1617,37,-16,2077,-5,-4,10,50376
DATA,1618,36,-15,2077,-5,-3,10,51001
DATA,1619,36,-15,2081,-5,-3,11,51626
DATA,1620,34,-14,2079,-5,-3,10,52251
DATA,1621,35,-14,2075,-5,-4,8,52876
DATA,1622,36,-15,2080,-4,-4,11,53501
DATA,1623,36,-14,2082,-5,-5,10,54126
DATA,1624,37,-12,2075,-6,-4,10,54751
DATA,1625,37,-14,2078,-5,-3,11,55376
DATA,1626,35,-13,2080,-4,-3,10,56001
DATA,1627,37,-13,2078,-5,-4,11,56626
DATA,1628,36,-16,2078,-5,-4,9,57251
DATA,1629,35,-15,2081,-5,-3,10,57876
DATA,1630,37,-14,2081,-7,-4,11,58501
DATA,1631,34,-15,2074,-5,-3,10,59126
DATA,1632,36,-14,2077,-5,-3,10,59751
DATA,1633,37,-14,2081,-5,-5,10,60376
DATA,1634,37,-13,2079,-6,-3,12,61001
DATA,1635,36,-14,2075,-6,-4,10,61626
DATA,1636,38,-14,2082,-5,-3,9,62251
DATA,1637,36,-13,2080,-5,-3,11,62876
DATA,1638,39,-15,2075,-5,-4,9,63501
DATA,1639,36,-16,2078,-5,-4,11,64126
DATA,1640,38,-13,2083,-5,-5,11,64751
DATA,1641,36,-13,2078,-6,-4,10,65376
DATA,1642,35,-14,2075,-5,-4,10,465
DATA,1643,36,-16,2083,-4,-5,11,1090
DATA,1644,35,-13,2081,-5,-4,10,1715
DATA,1645,35,-15,2072,-5,-3,10,2340
DATA,1646,38,-14,2077,-5,-4,11,2965
DATA,1647,37,-14,2085,-6,-4,10,3590
DATA,1648,35,-13,2075,-5,-4,9,4215
DATA,1649,37,-15,2078,-6,-4,9,4840
DATA,1650,38,-13,2083,-6,-4,11,5465
DATA,1651,35,-11,2079,-6,-4,10,6090
DATA,1652,35,-14,2074,-5,-4,9,6715
DATA,1653,38,-14,2080,-4,-3,10,7340
DATA,1654,37,-14,2083,-5,-4,11,7965
DATA,1655,36,-12,2077,-7,-4,10,8590
DATA,1656,35,-13,2075,-6,-4,9,9215
DATA,1657,39,-16,2083,-4,-4,9,9840
DATA,1658,37,-14,2077,-6,-3,10,10465
DATA,1659,33,-12,2072,-6,-4,10,11090
DATA,1660,36,-12,2081,-5,-5,9,11715
DATA,1661,35,-13,2080,-5,-4,10,12340
DATA,1662,36,-12,2073,-6,-4,10,12965
DATA,1663,37,-12,2075,-5,-4,8,13590
DATA,1664,40,-12,2084,-5,-3,11,14215
DATA,1665,38,-12,2078,-5,-3,9,14840
DATA,1666,35,-14,2070,-6,-4,10,15465
DATA,1667,38,-15,2079,-5,-4,10,16090
DATA,1668,36,-13,2079,-5,-3,9,16715
DATA,1669,36,-12,2072,-6,-3,10,17340
DATA,1670,38,-12,2074,-5,-4,10,17965
DATA,1671,36,-15,2082,-5,-4,10,18590
DATA,1672,34,-14,2075,-6,-3,10,19215
DATA,1673,36,-14,2070,-6,-3,9,19840
DATA,1674,39,-14,2077,-4,-3,10,20465
DATA,1675,36,-15,2077,-7,-4,10,21090
DATA,1676,34,-12,2071,-6,-3,10,21715
DATA,1677,38,-16,2073,-5,-4,10,22340
DATA,1678,37,-15,2079,-5,-3,11,22965
DATA,1679,37,-13,2074,-6,-4,9,23590
DATA,1680,36,-15,2071,-5,-5,8,24215
DATA,1681,35,-14,2078,-3,-4,11,24840
DATA,1682,36,-14,2076,-6,-4,10,25465
DATA,1683,37,-13,2071,-6,-5,10,26090
DATA,1684,37,-13,2073,-4,-4,10,26715
DATA,1685,38,-14,2081,-5,-4,9,27340
DATA,1686,37,-13,2073,-6,-3,10,27965
DATA,1687,36,-13,2073,-5,-4,10,28590
DATA,1688,37,-12,2080,-5,-4,9,29215
DATA,1689,37,-14,2077,-6,-3,11,29840
DATA,1690,36,-15,2074,-5,-3,9,30465
DATA,1691,38,-13,2079,-5,-4,9,31090
DATA,1692,35,-16,2079,-5,-4,10,31715
DATA,1693,38,-14,2075,-6,-4,10,32340
DATA,1694,35,-15,2074,-6,-5,11,32965
DATA,1695,36,-15,2080,-6,-3,10,33590
DATA,1696,35,-14,2076,-5,-4,10,34215
DATA,1697,37,-13,2075,-6,-4,10,34840
DATA,1698,37,-13,2080,-5,-4,10,35465
DATA,1699,37,-13,2079,-6,-3,10,36090
DATA,1700,34,-13,2076,-5,-4,11,36715
DATA,1701,36,-14,2078,-5,-5,10,37340
DATA,1702,35,-16,2080,-5,-4,9,37965
DATA,1703,35,-14,2079,-6,-3,11,38590
DATA,1704,35,-16,2075,-6,-3,9,39215
DATA,1705,36,-12,2082,-5,-4,11,39840
DATA,1706,34,-15,2079,-6,-3,11,40465
DATA,1707,35,-15,2076,-6,-4,10,41090
DATA,1708,37,-14,2079,-4,-4,10,41715
DATA,1709,35,-15,2082,-5,-4,11,42340
DATA,1710,37,-13,2079,-6,-4,10,42965
DATA,1711,35,-15,2077,-5,-4,10,43590
DATA,1712,36,-12,2083,-4,-4,10,44215
DATA,1713,36,-15,2080,-6,-4,10,44840
DATA,1714,35,-14,2075,-5,-5,11,45465
DATA,1715,35,-12,2081,-3,-5,11,46090
DATA,1716,36,-14,2082,-6,-4,9,46715
DATA,1717,34,-15,2074,-6,-3,10,47340
DATA,1718,37,-13,2076,-4,-4,11,47965
DATA,1719,38,-13,2083,-5,-5,10,48590
DATA,1720,36,-12,2077,-5,-3,11,49215
DATA,1721,36,-12,2076,-6,-4,9,49840
DATA,1722,36,-14,2082,-5,-4,9,50465
DATA,1723,37,-13,2079,-5,-3,10,51090
DATA,1724,36,-15,2074,-6,-3,10,51715
DATA,1725,36,-13,2073,-4,-4,10,52340
DATA,1726,37,-15,2084,-6,-3,10,52965
DATA,1727,35,-15,2079,-6,-3,11,53590
DATA,1728,35,-14,2073,-6,-3,10,54215
DATA,1729,37,-14,2080,-3,-4,11,54840
DATA,1730,35,-13,2082,-5,-4,10,55465
DATA,1731,37,-13,2074,-5,-4,11,56090
DATA,1732,35,-16,2075,-5,-4,9,56715
DATA,1733,37,-14,2084,-6,-3,11,57340
DATA,1734,35,-15,2077,-6,-2,11,57965
DATA,1735,35,-13,2076,-5,-4,10,58590
DATA,1736,37,-15,2082,-5,-5,12,59215
DATA,1737,35,-13,2081,-5,-4,10,59840
DATA,1738,35,-14,2070,-6,-3,10,60465
DATA,1739,38,-15,2078,-5,-5,11,61090
DATA,1740,36,-14,2084,-5,-4,9,61715
DATA,1741,34,-14,2076,-5,-3,10,62340
DATA,1742,33,-15,2075,-5,-4,11,62965
DATA,1743,39,-14,2083,-5,-4,10,63590
DATA,1744,37,-13,2079,-5,-4,12,64215
DATA,1745,36,-13,2073,-5,-3,10,64840
DATA,1746,37,-13,2076,-4,-4,9,65465
DATA,1747,36,-14,2080,-4,-3,11,554
DATA,1748,36,-14,2077,-5,-4,10,1179
DATA,1749,35,-14,2075,-6,-3,10,1804
DATA,1750,37,-15,2080,-4,-4,11,2429
DATA,1751,37,-16,2081,-6,-4,10,3054
DATA,1752,36,-12,2071,-5,-3,11,3679
DATA,1753,38,-15,2078,-4,-4,11,4304
DATA,1754,38,-14,2083,-5,-4,10,4929
DATA,1755,35,-13,2072,-6,-3,10,5554
DATA,1756,36,-14,2073,-5,-3,12,6179
DATA,1757,37,-15,2081,-5,-4,10,6804
DATA,1758,37,-13,2078,-5,-4,10,7429
DATA,1759,35,-15,2071,-5,-4,12,8054
DATA,1760,38,-15,2078,-5,-5,10,8679
DATA,1761,37,-14,2081,-5,-3,11,9304
DATA,1762,35,-14,2073,-5,-4,10,9929
DATA,1763,37,-14,2076,-5,-3,11,10554
DATA,1764,36,-15,2080,-4,-4,11,11179
DATA,1765,36,-12,2075,-6,-3,10,11804
DATA,1766,37,-15,2071,-5,-4,10,12429
DATA,1767,37,-17,2079,-4,-4,11,13054
DATA,1768,36,-14,2077,-4,-3,11,13679
DATA,1769,35,-13,2069,-6,-4,10,14304
DATA,1770,38,-14,2075,-5,-5,11,14929
DATA,1771,35,-14,2079,-5,-3,8,15554
DATA,1772,36,-16,2072,-7,-4,12,16179
DATA,1773,35,-14,2069,-4,-4,10,16804
DATA,1774,36,-12,2076,-5,-4,10,17429
DATA,1775,36,-13,2073,-5,-2,11,18054
DATA,1776,36,-13,2069,-5,-4,10,18679
DATA,1777,36,-13,2075,-5,-4,11,19304
DATA,1778,37,-14,2077,-5,-4,10,19929
DATA,1779,36,-14,2075,-5,-3,10,20554
DATA,1780,36,-14,2070,-6,-3,9,21179
DATA,1781,35,-14,2078,-3,-3,11,21804
DATA,1782,36,-12,2075,-5,-3,11,22429
DATA,1783,36,-14,2070,-5,-3,10,23054
DATA,1784,36,-14,2077,-5,-3,10,23679
DATA,1785,38,-14,2079,-5,-4,11,24304
DATA,1786,35,-15,2073,-6,-5,10,24929
DATA,1787,36,-15,2073,-5,-4,10,25554
DATA,1788,38,-14,2081,-5,-4,10,26179
DATA,1789,36,-14,2075,-6,-2,10,26804
DATA,1790,35,-15,2070,-5,-3,10,27429
DATA,1791,38,-16,2081,-4,-3,9,28054
DATA,1792,36,-15,2080,-5,-4,9,28679
DATA,1793,36,-16,2072,-5,-3,11,29304
DATA,1794,35,-15,2075,-5,-5,10,29929
DATA,1795,36,-13,2083,-4,-3,11,30554
DATA,1796,34,-15,2079,-6,-4,10,31179
DATA,1797,35,-16,2073,-6,-4,10,31804
DATA,1798,37,-15,2080,-6,-5,11,32429
DATA,1799,36,-15,2082,-5,-4,10,33054
DATA,1800,36,-14,2073,-6,-3,11,33679
DATA,1801,36,-13,2080,-3,-4,11,34304
DATA,1802,37,-13,2083,-5,-4,11,34929
DATA,1803,34,-14,2076,-7,-3,10,35554
DATA,1804,34,-13,2073,-5,-3,11,36179
DATA,1805,38,-14,2085,-5,-4,10,36804
DATA,1806,36,-14,2080,-6,-3,11,37429
DATA,1807,34,-14,2072,-6,-4,10,38054
DATA,1808,36,-14,2079,-5,-4,11,38679
DATA,1809,36,-17,2080,-5,-3,11,39304
DATA,1810,36,-13,2075,-6,-4,10,39929
DATA,1811,35,-13,2074,-4,-4,10,40554
DATA,1812,37,-16,2084,-5,-4,11,41179
DATA,1813,36,-15,2080,-5,-4,10,41804
DATA,1814,35,-11,2071,-6,-3,11,42429
DATA,1815,36,-15,2078,-5,-4,10,43054
DATA,1816,38,-15,2082,-6,-4,11,43679
DATA,1817,36,-14,2074,-5,-3,10,44304
DATA,1818,37,-15,2073,-4,-4,11,44929
DATA,1819,36,-13,2082,-4,-3,12,45554
DATA,1820,37,-12,2078,-5,-3,10,46179
DATA,1821,35,-13,2071,-6,-4,9,46804
DATA,1822,36,-15,2078,-5,-3,11,47429
DATA,1823,38,-15,2081,-4,-3,10,48054
DATA,1824,34,-12,2074,-5,-3,9,48679
DATA,1825,35,-15,2076,-5,-4,9,49304
DATA,1826,37,-14,2080,-5,-5,10,49929
DATA,1827,36,-13,2079,-7,-4,9,50554
DATA,1828,36,-14,2071,-5,-4,9,51179
DATA,1829,35,-15,2078,-5,-4,11,51804
DATA,1830,36,-14,2079,-5,-4,11,52429
DATA,1831,35,-15,2076,-6,-4,11,53054
DATA,1832,36,-14,2080,-5,-4,9,53679
DATA,1833,37,-14,2082,-6,-5,11,54304
DATA,1834,36,-13,2078,-6,-3,12,54929
DATA,1835,36,-13,2075,-5,-4,10,55554
DATA,1836,36,-14,2079,-4,-5,12,56179
DATA,1837,35,-13,2080,-5,-3,11,56804
DATA,1838,36,-15,2071,-5,-4,9,57429
DATA,1839,37,-16,2077,-4,-3,12,58054
DATA,1840,36,-13,2082,-5,-3,10,58679
DATA,1841,36,-12,2078,-5,-3,11,59304
DATA,1842,35,-14,2074,-5,-4,11,59929
DATA,1843,37,-14,2080,-5,-4,10,60554
DATA,1844,35,-12,2079,-7,-2,10,61179
DATA,1845,35,-10,2076,-4,-3,9,61804
DATA,1846,36,-14,2079,-4,-2,10,62429
DATA,1847,37,-13,2081,-5,-3,10,63054
DATA,1848,35,-14,2076,-5,-3,9,63679
DATA,1849,35,-16,2076,-4,-3,10,64304
DATA,1850,36,-15,2080,-6,-3,10,64929
DATA,1851,36,-14,2076,-6,-3,9,18
DATA,1852,36,-16,2074,-5,-2,11,643
DATA,1853,38,-16,2078,-5,-4,10,1268
DATA,1854,37,-15,2080,-5,-3,9,1893
DATA,1855,36,-14,2074,-6,-4,11,2518
DATA,1856,35,-17,2078,-5,-4,11,3143
DATA,1857,38,-15,2081,-5,-3,10,3768
DATA,1858,34,-14,2077,-6,-4,11,4393
DATA,1859,35,-13,2077,-6,-5,9,5018
DATA,1860,37,-14,2082,-5,-2,10,5643
DATA,1861,37,-12,2079,-6,-3,10,6268
DATA,1862,36,-12,2073,-5,-4,10,6893
DATA,1863,36,-14,2078,-4,-4,9,7518
DATA,1864,39,-14,2080,-5,-3,12,8143
DATA,1865,37,-15,2071,-6,-4,10,8768
DATA,1866,36,-13,2073,-5,-4,11,9393
DATA,1867,36,-15,2082,-4,-4,10,10018
DATA,1868,34,-13,2078,-5,-3,10,10643
DATA,1869,35,-16,2071,-5,-4,10,11268
DATA,1870,36,-16,2079,-5,-4,11,11893
DATA,1871,35,-12,2080,-5,-4,9,12518
DATA,1872,38,-13,2072,-5,-3,9,13143
DATA,1873,36,-15,2073,-4,-4,10,13768
DATA,1874,37,-14,2081,-5,-4,10,14393
DATA,1875,36,-14,2076,-6,-3,11,15018
DATA,1876,35,-15,2072,-6,-3,10,15643
DATA,1877,36,-15,2077,-4,-2,12,16268
DATA,1878,36,-14,2078,-4,-4,11,16893
DATA,1879,36,-15,2072,-6,-4,11,17518
DATA,1880,38,-12,2073,-5,-5,11,18143
DATA,1881,36,-14,2082,-4,-3,10,18768
DATA,1882,36,-15,2075,-6,-3,10,19393
DATA,1883,35,-14,2071,-5,-4,11,20018
DATA,1884,36,-15,2077,-5,-3,11,20643
DATA,1885,36,-15,2081,-6,-3,10,21268
DATA,1886,36,-14,2072,-6,-3,10,21893
DATA,1887,36,-16,2072,-6,-4,11,22518
DATA,1888,34,-15,2082,-5,-4,11,23143
DATA,1889,35,-15,2076,-5,-3,10,23768
DATA,1890,36,-14,2072,-5,-4,10,24393
DATA,1891,36,-14,2082,-4,-5,10,25018
DATA,1892,36,-14,2081,-5,-4,10,25643
DATA,1893,36,-14,2072,-6,-3,10,26268
DATA,1894,36,-15,2077,-5,-4,10,26893
DATA,1895,35,-14,2081,-5,-3,10,27518
DATA,1896,35,-15,2077,-5,-3,10,28143
DATA,1897,34,-14,2074,-5,-4,10,28768
DATA,1898,37,-14,2083,-5,-4,10,29393
DATA,1899,38,-14,2082,-6,-4,10,30018
DATA,1900,37,-14,2073,-6,-4,9,30643
DATA,1901,35,-14,2079,-4,-5,9,31268
DATA,1902,37,-14,2083,-5,-3,10,31893
DATA,1903,37,-13,2076,-6,-3,10,32518
DATA,1904,35,-15,2078,-5,-5,9,33143
DATA,1905,38,-15,2084,-4,-3,11,33768
DATA,1906,37,-14,2079,-5,-3,10,34393
DATA,1907,33,-13,2073,-6,-4,10,35018
DATA,1908,36,-16,2079,-5,-3,9,35643
DATA,1909,35,-14,2084,-5,-3,10,36268
DATA,1910,37,-13,2075,-5,-3,10,36893
DATA,1911,36,-13,2076,-5,-4,10,37518
DATA,1912,40,-13,2083,-5,-3,10,38143
DATA,1913,36,-13,2078,-6,-4,10,38768
DATA,1914,34,-12,2073,-5,-3,10,39393
DATA,1915,37,-13,2079,-5,-4,10,40018
DATA,1916,35,-15,2081,-5,-3,9,40643
DATA,1917,36,-14,2073,-6,-3,9,41268
DATA,1918,37,-16,2080,-5,-4,10,41893
DATA,1919,37,-14,2082,-5,-4,9,42518
DATA,1920,37,-13,2075,-6,-4,10,43143
DATA,1921,36,-14,2075,-5,-4,9,43768
DATA,1922,37,-14,2084,-5,-3,10,44393
DATA,1923,35,-13,2077,-5,-3,10,45018
DATA,1924,34,-14,2074,-5,-4,11,45643
DATA,1925,36,-13,2080,-5,-4,10,46268
DATA,1926,36,-13,2084,-6,-3,10,46893
DATA,1927,36,-15,2078,-6,-4,9,47518
DATA,1928,35,-15,2076,-6,-4,9,48143
DATA,1929,37,-12,2080,-5,-3,11,48768
DATA,1930,37,-14,2081,-7,-3,10,49393
DATA,1931,37,-15,2075,-5,-3,10,50018
DATA,1932,37,-13,2080,-4,-4,9,50643
DATA,1933,37,-12,2080,-5,-3,9,51268
DATA,1934,38,-14,2076,-5,-4,12,51893
DATA,1935,35,-16,2074,-6,-4,9,52518
DATA,1936,37,-16,2079,-5,-4,11,53143
DATA,1937,37,-15,2079,-6,-4,11,53768
DATA,1938,35,-14,2074,-6,-4,11,54393
DATA,1939,36,-14,2083,-5,-4,11,55018
DATA,1940,34,-12,2083,-5,-3,9,55643
DATA,1941,33,-13,2074,-5,-5,9,56268
DATA,1942,37,-12,2074,-6,-4,9,56893
DATA,1943,36,-14,2084,-5,-3,9,57518
DATA,1944,35,-12,2078,-6,-4,11,58143
DATA,1945,35,-13,2074,-6,-3,10,58768
DATA,1946,39,-14,2083,-6,-3,11,59393
DATA,1947,36,-15,2079,-6,-4,10,60018
DATA,1948,36,-14,2072,-6,-4,9,60643
DATA,1949,36,-14,2075,-4,-4,9,61268
DATA,1950,37,-14,2080,-4,-3,10,61893
DATA,1951,36,-10,2075,-5,-3,11,62518
DATA,1952,35,-14,2073,-6,-4,10,63143
DATA,1953,36,-13,2084,-5,-5,12,63768
DATA,1954,34,-13,2079,-5,-3,10,64393
DATA,1955,34,-13,2070,-7,-4,10,65018
DATA,1956,35,-13,2079,-5,-4,11,107
DATA,1957,37,-12,2082,-5,-3,10,732
DATA,1958,34,-15,2075,-5,-3,9,1357
DATA,1959,36,-14,2073,-5,-4,9,1982
DATA,1960,37,-13,2083,-5,-4,11,2607
DATA,1961,38,-13,2077,-6,-4,10,3232
DATA,1962,35,-15,2069,-5,-3,9,3857
DATA,1963,37,-13,2080,-4,-4,10,4482
DATA,1964,37,-13,2080,-6,-4,11,5107
DATA,1965,37,-13,2075,-5,-4,11,5732
DATA,1966,37,-14,2071,-5,-4,10,6357
DATA,1967,36,-12,2081,-5,-4,10,6982
DATA,1968,37,-13,2078,-6,-3,10,7607
DATA,1969,36,-13,2069,-6,-4,11,8232
DATA,1970,35,-15,2077,-4,-3,10,8857
DATA,1971,38,-14,2083,-5,-3,10,9482
DATA,1972,37,-14,2071,-5,-3,11,10107
DATA,1973,37,-12,2073,-5,-4,10,10732
DATA,1974,38,-13,2081,-5,-3,8,11357
DATA,1975,37,-14,2075,-5,-4,11,11982
DATA,1976,35,-15,2068,-5,-3,9,12607
DATA,1977,37,-13,2077,-4,-3,11,13232
DATA,1978,36,-14,2078,-5,-2,10,13857
DATA,1979,36,-15,2072,-7,-3,10,14482
DATA,1980,35,-16,2073,-6,-3,9,15107
DATA,1981,38,-13,2082,-4,-2,11,15732
DATA,1982,37,-13,2077,-6,-3,10,16357
DATA,1983,35,-12,2068,-5,-4,11,16982
DATA,1984,36,-15,2078,-4,-4,10,17607
DATA,1985,37,-13,2081,-6,-4,11,18232
DATA,1986,38,-15,2070,-6,-4,10,18857
DATA,1987,37,-14,2077,-4,-4,11,19482
DATA,1988,35,-13,2082,-5,-3,10,20107
DATA,1989,37,-13,2078,-7,-4,10,20732
DATA,1990,37,-14,2072,-5,-4,10,21357
DATA,1991,37,-13,2083,-5,-4,10,21982
DATA,1992,37,-13,2078,-5,-3,10,22607
DATA,1993,34,-14,2073,-5,-3,9,23232
DATA,1994,36,-13,2080,-5,-5,10,23857
DATA,1995,37,-14,2083,-6,-3,10,24482
DATA,1996,36,-14,2075,-6,-4,10,25107
DATA,1997,35,-14,2074,-5,-4,11,25732
DATA,1998,36,-14,2082,-5,-3,9,26357
DATA,1999,36,-13,2079,-6,-3,9,26982
DATA,2000,36,-13,2073,-5,-2,10,27607
DATA,2001,38,-14,2080,-5,-4,10,28232
DATA,2002,36,-12,2084,-5,-4,11,28857
DATA,2003,35,-15,2078,-6,-3,10,29482
DATA,2004,38,-12,2076,-5,-4,10,30107
DATA,2005,38,-12,2084,-5,-4,11,30732
DATA,2006,37,-14,2078,-6,-2,11,31357
DATA,2007,36,-15,2073,-5,-2,10,31982
DATA,2008,37,-13,2081,-5,-5,10,32607
DATA,2009,38,-15,2081,-5,-4,9,33232
DATA,2010,35,-15,2076,-6,-3,10,33857
DATA,2011,36,-17,2077,-4,-4,11,34482
DATA,2012,36,-14,2082,-5,-4,10,35107
DATA,2013,36,-15,2077,-6,-4,9,35732
DATA,2014,33,-16,2075,-5,-3,11,36357
DATA,2015,36,-14,2081,-5,-3,11,36982
DATA,2016,36,-14,2080,-5,-4,10,37607
DATA,2017,35,-13,2074,-6,-4,10,38232
DATA,2018,37,-14,2078,-5,-4,10,38857
DATA,2019,38,-15,2081,-5,-4,11,39482
DATA,2020,38,-12,2072,-6,-3,10,40107
DATA,2021,35,-16,2075,-5,-3,9,40732
DATA,2022,37,-13,2083,-5,-3,12,41357
DATA,2023,37,-12,2076,-6,-4,9,41982
DATA,2024,37,-17,2075,-7,-4,9,42607
DATA,2025,37,-13,2082,-6,-5,10,43232
DATA,2026,38,-15,2083,-5,-4,10,43857
DATA,2027,35,-13,2072,-5,-4,10,44482
DATA,2028,37,-14,2074,-5,-3,10,45107
DATA,2029,36,-14,2081,-5,-3,10,45732
DATA,2030,36,-14,2078,-7,-4,11,46357
DATA,2031,35,-14,2073,-5,-3,10,46982
DATA,2032,38,-14,2080,-4,-3,11,47607
DATA,2033,36,-13,2080,-5,-3,11,48232
DATA,2034,35,-12,2074,-6,-3,10,48857
DATA,2035,36,-12,2077,-6,-5,9,49482
DATA,2036,38,-14,2083,-6,-4,11,50107
DATA,2037,36,-15,2078,-6,-4,9,50732
DATA,2038,35,-14,2074,-6,-4,10,51357
DATA,2039,35,-14,2081,-4,-3,11,51982
DATA,2040,36,-13,2083,-5,-4,11,52607
DATA,2041,34,-14,2073,-5,-4,10,53232
DATA,2042,36,-14,2076,-5,-3,11,53857
DATA,2043,38,-13,2084,-4,-4,9,54482
DATA,2044,36,-13,2077,-6,-3,10,55107
DATA,2045,35,-14,2075,-6,-2,10,55732
DATA,2046,37,-17,2082,-5,-3,8,56357
DATA,2047,37,-14,2080,-6,-5,10,56982
DATA,2048,36,-14,2075,-6,-5,10,57607
DATA,2049,38,-14,2080,-5,-4,10,58232
DATA,2050,36,-13,2083,-4,-5,10,58857
DATA,2051,36,-12,2075,-5,-4,9,59482
DATA,2052,34,-15,2073,-5,-4,10,60107
DATA,2053,37,-13,2079,-5,-4,10,60732
DATA,2054,36,-15,2081,-6,-4,10,61357
DATA,2055,38,-13,2072,-7,-4,10,61982
DATA,2056,37,-15,2075,-4,-3,10,62607
DATA,2057,38,-16,2082,-5,-4,11,63232
DATA,2058,36,-12,2076,-6,-3,9,63857
DATA,2059,34,-14,2073,-5,-3,8,64482
DATA,2060,35,-14,2079,-5,-3,10,65107
DATA,2061,35,-14,2080,-5,-4,11,196
DATA,2062,35,-13,2071,-5,-3,10,821
DATA,2063,35,-15,2077,-5,-4,10,1446
DATA,2064,36,-15,2080,-5,-4,11,2071
DATA,2065,36,-15,2075,-5,-3,10,2696
DATA,2066,37,-14,2075,-5,-5,11,3321
DATA,2067,37,-12,2079,-4,-4,10,3946
DATA,2068,35,-15,2079,-5,-4,9,4571
DATA,2069,36,-15,2072,-6,-5,11,5196
DATA,2070,38,-14,2078,-4,-4,10,5821
DATA,2071,38,-14,2078,-6,-5,11,6446
DATA,2072,35,-13,2070,-6,-4,10,7071
DATA,2073,35,-16,2075,-5,-3,10,7696
DATA,2074,37,-15,2081,-5,-4,10,8321
DATA,2075,38,-14,2076,-5,-3,11,8946
DATA,2076,36,-17,2072,-5,-3,10,9571
DATA,2077,37,-14,2076,-4,-5,9,10196
DATA,2078,37,-14,2077,-6,-4,11,10821
DATA,2079,37,-15,2072,-5,-4,10,11446
DATA,2080,35,-15,2076,-5,-3,10,12071
DATA,2081,37,-14,2078,-6,-3,11,12696
DATA,2082,36,-14,2073,-6,-4,10,13321
DATA,2083,33,-15,2073,-5,-3,10,13946
DATA,2084,36,-15,2079,-5,-4,10,14571
DATA,2085,36,-15,2077,-7,-4,10,15196
DATA,2086,35,-15,2075,-6,-3,9,15821
DATA,2087,36,-15,2079,-6,-3,10,16446
DATA,2088,38,-14,2081,-6,-6,10,17071
DATA,2089,36,-15,2074,-6,-3,10,17696
DATA,2090,37,-15,2075,-5,-4,11,18321
DATA,2091,38,-14,2080,-4,-4,10,18946
DATA,2092,37,-13,2079,-6,-4,11,19571
DATA,2093,35,-15,2077,-6,-4,9,20196
DATA,2094,37,-12,2084,-4,-4,11,20821
DATA,2095,39,-14,2082,-6,-4,10,21446
DATA,2096,36,-14,2073,-6,-3,9,22071
DATA,2097,37,-15,2077,-5,-3,11,22696
DATA,2098,37,-14,2082,-4,-4,9,23321
DATA,2099,37,-14,2077,-6,-2,9,23946
DATA,2100,35,-14,2076,-6,-3,10,24571
DATA,2101,35,-16,2081,-5,-2,9,25196
DATA,2102,38,-15,2083,-5,-3,10,25821
DATA,2103,36,-13,2076,-6,-4,10,26446
DATA,2104,38,-13,2078,-4,-5,11,27071
DATA,2105,38,-13,2084,-5,-3,11,27696
DATA,2106,34,-14,2076,-6,-3,11,28321
DATA,2107,35,-16,2077,-5,-4,10,28946
DATA,2108,36,-14,2081,-4,-4,11,29571
DATA,2109,37,-13,2081,-5,-3,11,30196
DATA,2110,36,-13,2075,-5,-3,10,30821
DATA,2111,35,-13,2080,-4,-3,10,31446
DATA,2112,38,-13,2079,-5,-4,10,32071
DATA,2113,34,-16,2076,-5,-4,10,32696
DATA,2114,37,-13,2076,-5,-4,11,33321
DATA,2115,39,-14,2081,-5,-4,10,33946
DATA,2116,38,-13,2079,-6,-4,10,34571
DATA,2117,35,-14,2073,-5,-4,10,35196
DATA,2118,39,-15,2079,-5,-4,9,35821
DATA,2119,39,-14,2081,-5,-4,10,36446
DATA,2120,35,-13,2076,-4,-4,10,37071
DATA,2121,37,-16,2076,-5,-4,8,37696
DATA,2122,36,-16,2085,-5,-3,9,38321
DATA,2123,35,-15,2080,-6,-2,10,38946
DATA,2124,35,-12,2072,-6,-3,10,39571
DATA,2125,34,-14,2081,-4,-4,11,40196
DATA,2126,37,-14,2083,-5,-4,10,40821
DATA,2127,36,-13,2077,-6,-4,10,41446
DATA,2128,36,-16,2078,-5,-5,10,42071
DATA,2129,37,-14,2083,-6,-5,11,42696
DATA,2130,37,-16,2079,-6,-3,10,43321
DATA,2131,36,-16,2074,-5,-3,11,43946
DATA,2132,36,-17,2080,-5,-4,11,44571
DATA,2133,37,-13,2084,-6,-4,10,45196
DATA,2134,35,-11,2075,-6,-3,10,45821
DATA,2135,36,-14,2076,-4,-5,9,46446
DATA,2136,37,-15,2082,-5,-3,10,47071
DATA,2137,37,-16,2078,-6,-3,9,47696
DATA,2138,34,-16,2076,-6,-4,10,48321
DATA,2139,38,-14,2079,-4,-4,11,48946
DATA,2140,39,-13,2083,-6,-3,10,49571
DATA,2141,35,-17,2073,-6,-4,9,50196
DATA,2142,39,-14,2077,-5,-4,9,50821
DATA,2143,36,-12,2085,-5,-4,10,51446
DATA,2144,38,-13,2077,-6,-4,10,52071
DATA,2145,36,-15,2074,-6,-4,11,52696
DATA,2146,38,-13,2080,-5,-4,9,53321
DATA,2147,38,-13,2082,-4,-2,9,53946
DATA,2148,36,-15,2074,-6,-4,10,54571
DATA,2149,37,-15,2077,-5,-4,10,55196
DATA,2150,39,-13,2083,-5,-3,10,55821
DATA,2151,37,-16,2076,-6,-4,10,56446
DATA,2152,34,-14,2077,-5,-4,10,57071
DATA,2153,37,-11,2081,-5,-4,11,57696
DATA,2154,35,-16,2079,-6,-4,10,58321
DATA,2155,36,-14,2075,-6,-3,11,58946
DATA,2156,37,-14,2078,-5,-4,10,59571
DATA,2157,36,-16,2080,-5,-4,9,60196
DATA,2158,35,-14,2076,-5,-4,10,60821
DATA,2159,34,-14,2076,-5,-4,10,61446
DATA,2160,36,-13,2079,-5,-4,8,62071
DATA,2161,37,-13,2077,-7,-4,10,62696
DATA,2162,35,-15,2074,-6,-4,11,63321
DATA,2163,35,-15,2081,-5,-4,10,63946
DATA,2164,35,-15,2082,-6,-3,11,64571
DATA,2165,36,-16,2074,-5,-4,10,65196
DATA,2166,36,-13,2077,-5,-2,10,285
DATA,2167,36,-14,2080,-5,-4,11,910
DATA,2168,34,-14,2074,-5,-3,10,1535
DATA,2169,34,-12,2072,-5,-4,9,2160
DATA,2170,36,-12,2080,-4,-4,9,2785
DATA,2171,35,-14,2077,-6,-4,9,3410
DATA,2172,36,-13,2069,-7,-3,10,4035
DATA,2173,37,-12,2075,-4,-4,10,4660
DATA,2174,38,-14,2078,-5,-4,10,5285
DATA,2175,35,-13,2073,-6,-4,10,5910
DATA,2176,36,-16,2075,-5,-4,9,6535
DATA,2177,37,-14,2080,-5,-4,9,7160
DATA,2178,37,-14,2076,-6,-3,10,7785
DATA,2179,36,-17,2072,-5,-3,9,8410
DATA,2180,38,-17,2078,-5,-4,10,9035
DATA,2181,37,-13,2081,-5,-4,11,9660
DATA,2182,38,-13,2073,-5,-4,9,10285
DATA,2183,36,-15,2073,-6,-3,11,10910
DATA,2184,37,-14,2081,-4,-2,10,11535
DATA,2185,35,-12,2076,-5,-3,9,12160
DATA,2186,37,-13,2073,-5,-3,11,12785
DATA,2187,36,-15,2080,-5,-4,10,13410
DATA,2188,37,-15,2080,-6,-4,10,14035
DATA,2189,36,-14,2073,-7,-4,11,14660
DATA,2190,36,-15,2075,-5,-5,11,15285
DATA,2191,36,-14,2079,-4,-4,10,15910
DATA,2192,36,-14,2076,-5,-2,10,16535
DATA,2193,36,-16,2073,-5,-4,9,17160
DATA,2194,38,-17,2080,-5,-4,12,17785
DATA,2195,38,-15,2083,-6,-4,10,18410
DATA,2196,38,-14,2074,-5,-3,10,19035
DATA,2197,35,-13,2076,-4,-3,11,19660
DATA,2198,38,-15,2082,-5,-4,10,20285
DATA,2199,37,-14,2077,-6,-3,9,20910
DATA,2200,37,-15,2074,-6,-3,10,21535
DATA,2201,34,-15,2079,-5,-4,10,22160
DATA,2202,36,-14,2081,-6,-3,10,22785
DATA,2203,38,-14,2076,-5,-3,11,23410
DATA,2204,34,-16,2077,-5,-3,10,24035
DATA,2205,38,-14,2082,-6,-4,10,24660
DATA,2206,35,-13,2080,-6,-3,10,25285
DATA,2207,37,-13,2078,-5,-3,10,25910
DATA,2208,36,-14,2081,-4,-5,10,26535
DATA,2209,38,-12,2081,-5,-3,9,27160
DATA,2210,35,-15,2077,-6,-3,10,27785
DATA,2211,36,-13,2079,-6,-4,11,28410
DATA,2212,37,-15,2086,-5,-2,11,29035
DATA,2213,35,-14,2076,-5,-4,10,29660
DATA,2214,36,-16,2077,-5,-3,11,30285
DATA,2215,38,-13,2081,-4,-3,10,30910
DATA,2216,36,-15,2080,-5,-4,10,31535
DATA,2217,38,-14,2074,-6,-4,9,32160
DATA,2218,37,-15,2079,-4,-5,12,32785
DATA,2219,37,-14,2084,-5,-3,11,33410
DATA,2220,34,-14,2077,-5,-4,11,34035
DATA,2221,37,-15,2077,-5,-3,10,34660
DATA,2222,38,-13,2082,-6,-3,11,35285
DATA,2223,36,-16,2079,-5,-4,10,35910
DATA,2224,35,-16,2075,-6,-2,9,36535
DATA,2225,35,-15,2081,-5,-4,10,37160
DATA,2226,35,-14,2083,-5,-3,9,37785
DATA,2227,36,-14,2077,-5,-4,9,38410
DATA,2228,37,-16,2076,-5,-4,10,39035
DATA,2229,37,-13,2081,-4,-3,12,39660
DATA,2230,37,-14,2078,-5,-3,10,40285
DATA,2231,35,-14,2074,-4,-3,10,40910
DATA,2232,38,-14,2082,-5,-4,9,41535
DATA,2233,36,-14,2080,-6,-4,11,42160
DATA,2234,35,-14,2077,-6,-5,10,42785
DATA,2235,37,-15,2081,-5,-5,11,43410
DATA,2236,38,-14,2083,-5,-4,10,44035
DATA,2237,37,-13,2076,-5,-4,10,44660
DATA,2238,36,-15,2075,-6,-4,11,45285
DATA,2239,38,-12,2081,-4,-4,11,45910
DATA,2240,35,-12,2079,-5,-3,11,46535
DATA,2241,35,-13,2076,-5,-5,10,47160
DATA,2242,36,-14,2080,-5,-4,11,47785
DATA,2243,36,-13,2081,-6,-5,8,48410
DATA,2244,35,-15,2078,-6,-4,10,49035
DATA,2245,36,-13,2078,-4,-4,11,49660
DATA,2246,37,-15,2083,-5,-4,10,50285
DATA,2247,36,-14,2078,-6,-4,10,50910
DATA,2248,35,-15,2078,-6,-3,10,51535
DATA,2249,36,-14,2079,-5,-3,9,52160
DATA,2250,36,-14,2081,-5,-4,10,52785
DATA,2251,37,-15,2073,-5,-4,10,53410
DATA,2252,36,-13,2078,-5,-3,11,54035
DATA,2253,36,-15,2085,-5,-4,10,54660
DATA,2254,37,-15,2079,-6,-4,10,55285
DATA,2255,35,-13,2074,-5,-4,10,55910
DATA,2256,39,-13,2080,-5,-3,11,56535
DATA,2257,35,-12,2080,-5,-3,10,57160
DATA,2258,34,-14,2074,-6,-4,9,57785
DATA,2259,35,-15,2079,-5,-4,10,58410
DATA,2260,35,-14,2082,-6,-3,10,59035
DATA,2261,37,-15,2074,-6,-4,10,59660
DATA,2262,34,-15,2073,-5,-4,9,60285
DATA,2263,36,-15,2083,-3,-3,10,60910
DATA,2264,35,-16,2078,-5,-3,10,61535
DATA,2265,36,-15,2073,-5,-3,10,62160
DATA,2266,36,-15,2074,-4,-5,11,62785
DATA,2267,37,-14,2082,-4,-4,9,63410
DATA,2268,34,-13,2076,-5,-4,10,64035
DATA,2269,35,-14,2073,-5,-4,11,64660
DATA,2270,36,-13,2080,-5,-4,11,65285
DATA,2271,35,-14,2076,-7,-3,10,374
DATA,2272,35,-13,2071,-6,-3,10,999
DATA,2273,34,-15,2076,-4,-5,9,1624
DATA,2274,36,-13,2080,-5,-4,11,2249
DATA,2275,36,-14,2073,-5,-3,11,2874
DATA,2276,35,-14,2072,-5,-3,10,3499
DATA,2277,37,-14,2079,-5,-4,11,4124
DATA,2278,35,-15,2075,-5,-3,11,4749
DATA,2279,35,-12,2073,-5,-4,10,5374
DATA,2280,36,-13,2075,-4,-4,10,5999
DATA,2281,39,-12,2081,-6,-4,11,6624
DATA,2282,37,-14,2074,-6,-4,11,7249
DATA,2283,34,-13,2075,-5,-4,10,7874
DATA,2284,37,-15,2079,-4,-3,9,8499
DATA,2285,36,-15,2077,-6,-3,10,9124
DATA,2286,36,-13,2074,-6,-4,12,9749
DATA,2287,36,-16,2082,-5,-4,10,10374
DATA,2288,38,-16,2081,-6,-4,10,10999
DATA,2289,36,-15,2074,-6,-4,11,11624
DATA,2290,34,-15,2074,-4,-5,11,12249
DATA,2291,36,-13,2082,-4,-5,10,12874
DATA,2292,36,-14,2078,-4,-3,10,13499
DATA,2293,36,-15,2073,-5,-5,10,14124
DATA,2294,35,-14,2082,-4,-3,11,14749
DATA,2295,37,-13,2079,-5,-2,9,15374
DATA,2296,36,-13,2075,-6,-4,10,15999
DATA,2297,35,-16,2079,-4,-4,10,16624
DATA,2298,37,-13,2083,-4,-3,11,17249
DATA,2299,37,-13,2078,-6,-3,9,17874
DATA,2300,35,-14,2076,-5,-4,10,18499
DATA,2301,37,-13,2082,-5,-4,10,19124
DATA,2302,36,-12,2079,-6,-3,11,19749
DATA,2303,37,-16,2079,-5,-4,9,20374
DATA,2304,35,-14,2081,-4,-4,11,20999
DATA,2305,36,-13,2082,-6,-5,9,21624
DATA,2306,36,-12,2079,-7,-4,9,22249
DATA,2307,33,-15,2077,-6,-4,9,22874
DATA,2308,35,-15,2080,-5,-3,11,23499
DATA,2309,35,-18,2080,-5,-4,9,24124
DATA,2310,35,-15,2075,-6,-3,9,24749
DATA,2311,36,-14,2082,-5,-4,10,25374
DATA,2312,37,-15,2082,-5,-3,9,25999
DATA,2313,34,-12,2077,-6,-4,9,26624
DATA,2314,36,-13,2077,-4,-4,11,27249
DATA,2315,37,-14,2080,-5,-4,10,27874
DATA,2316,36,-13,2079,-5,-3,9,28499
DATA,2317,36,-13,2077,-5,-4,10,29124
DATA,2318,37,-15,2081,-5,-4,11,29749
DATA,2319,37,-14,2081,-6,-3,10,30374
DATA,2320,37,-14,2075,-6,-3,10,30999
DATA,2321,36,-14,2078,-5,-4,11,31624
DATA,2322,37,-16,2081,-5,-4,10,32249
DATA,2323,37,-12,2080,-5,-4,11,32874
DATA,2324,35,-14,2077,-6,-4,10,33499
DATA,2325,38,-15,2084,-5,-4,10,34124
DATA,2326,37,-13,2080,-5,-4,12,34749
DATA,2327,35,-14,2072,-6,-3,8,35374
DATA,2328,37,-13,2080,-4,-4,10,35999
DATA,2329,36,-14,2082,-5,-4,10,36624
DATA,2330,35,-12,2078,-6,-4,10,37249
DATA,2331,37,-15,2075,-6,-3,10,37874
DATA,2332,37,-15,2081,-5,-4,10,38499
DATA,2333,36,-12,2080,-5,-4,10,39124
DATA,2334,34,-14,2074,-6,-3,9,39749
DATA,2335,36,-13,2079,-6,-4,11,40374
DATA,2336,36,-15,2082,-6,-3,10,40999
DATA,2337,37,-13,2076,-5,-3,11,41624
DATA,2338,35,-16,2076,-4,-3,10,42249
DATA,2339,36,-14,2082,-5,-4,11,42874
DATA,2340,38,-13,2080,-6,-4,10,43499
DATA,2341,38,-13,2071,-5,-3,9,44124
DATA,2342,37,-14,2080,-5,-4,11,44749
DATA,2343,36,-13,2083,-6,-3,9,45374
DATA,2344,35,-13,2075,-5,-4,9,45999
DATA,2345,39,-15,2078,-5,-3,9,46624
DATA,2346,37,-16,2084,-5,-4,10,47249
DATA,2347,37,-13,2077,-6,-3,11,47874
DATA,2348,35,-14,2072,-5,-3,10,48499
DATA,2349,37,-14,2076,-5,-4,10,49124
DATA,2350,36,-16,2083,-5,-4,11,49749
DATA,2351,37,-13,2075,-6,-3,10,50374
DATA,2352,36,-13,2076,-5,-4,11,50999
DATA,2353,36,-13,2083,-5,-4,12,51624
DATA,2354,36,-15,2080,-6,-4,10,52249
DATA,2355,35,-13,2074,-5,-5,12,52874
DATA,2356,38,-13,2081,-4,-4,10,53499
DATA,2357,37,-14,2083,-6,-3,10,54124
DATA,2358,35,-14,2073,-6,-4,10,54749
DATA,2359,35,-15,2077,-5,-3,12,55374
DATA,2360,36,-15,2082,-6,-4,11,55999
DATA,2361,37,-12,2078,-5,-4,11,56624
DATA,2362,36,-15,2074,-5,-4,9,57249
DATA,2363,35,-14,2080,-5,-5,11,57874
DATA,2364,38,-13,2079,-5,-4,10,58499
DATA,2365,35,-15,2072,-6,-4,10,59124
DATA,2366,36,-14,2076,-5,-3,9,59749
DATA,2367,37,-14,2081,-4,-5,11,60374
DATA,2368,36,-13,2075,-6,-3,11,60999
DATA,2369,35,-15,2074,-5,-4,10,61624
DATA,2370,36,-15,2080,-5,-4,10,62249
DATA,2371,37,-15,2079,-5,-3,10,62874
DATA,2372,34,-13,2072,-6,-3,9,63499
DATA,2373,36,-12,2073,-4,-4,12,64124
DATA,2374,35,-16,2077,-5,-4,10,64749
DATA,2375,33,-15,2073,-6,-4,11,65374
DATA,2376,36,-13,2074,-5,-4,10,463
DATA,2377,38,-12,2077,-5,-3,11,1088
DATA,2378,39,-13,2078,-5,-4,11,1713
DATA,2379,37,-16,2071,-4,-4,9,2338
DATA,2380,38,-12,2078,-5,-4,10,2963
DATA,2381,38,-13,2078,-5,-3,10,3588
DATA,2382,35,-14,2071,-5,-3,9,4213
DATA,2383,36,-14,2074,-5,-4,9,4838
DATA,2384,38,-14,2080,-5,-4,9,5463
DATA,2385,36,-14,2075,-6,-3,9,6088
DATA,2386,35,-16,2075,-5,-4,11,6713
DATA,2387,36,-15,2081,-5,-4,11,7338
DATA,2388,36,-14,2079,-5,-4,10,7963
DATA,2389,37,-15,2073,-5,-3,11,8588
DATA,2390,36,-13,2076,-5,-3,9,9213
DATA,2391,38,-13,2081,-6,-4,10,9838
DATA,2392,37,-14,2074,-5,-4,10,10463
DATA,2393,37,-15,2075,-6,-3,10,11088
DATA,2394,38,-16,2079,-5,-3,10,11713
DATA,2395,36,-14,2079,-5,-4,10,12338
DATA,2396,34,-14,2074,-5,-4,10,12963
DATA,2397,36,-15,2078,-5,-3,11,13588
DATA,2398,37,-13,2081,-5,-3,10,14213
DATA,2399,35,-14,2074,-5,-5,10,14838
DATA,2400,35,-15,2078,-5,-4,9,15463
DATA,2401,36,-14,2084,-5,-4,9,16088
DATA,2402,36,-13,2080,-6,-3,10,16713
DATA,2403,36,-15,2074,-6,-3,11,17338
DATA,2404,37,-14,2081,-4,-3,11,17963
DATA,2405,36,-14,2079,-5,-4,10,18588
DATA,2406,33,-13,2075,-6,-4,10,19213
DATA,2407,36,-17,2079,-4,-4,9,19838
DATA,2408,38,-14,2081,-5,-4,9,20463
DATA,2409,35,-15,2076,-5,-4,10,21088
DATA,2410,36,-14,2074,-5,-5,9,21713
DATA,2411,36,-15,2081,-4,-5,10,22338
DATA,2412,36,-14,2083,-5,-3,10,22963
DATA,2413,38,-15,2075,-6,-4,10,23588
DATA,2414,35,-16,2076,-5,-4,10,24213
DATA,2415,36,-12,2083,-5,-4,11,24838
DATA,2416,35,-12,2078,-5,-3,11,25463
DATA,2417,34,-14,2078,-6,-4,10,26088
DATA,2418,39,-13,2082,-5,-4,9,26713
DATA,2419,36,-14,2081,-6,-4,10,27338
DATA,2420,35,-15,2073,-6,-3,11,27963
DATA,2421,37,-13,2078,-5,-4,10,28588
DATA,2422,38,-13,2084,-6,-4,10,29213
DATA,2423,37,-14,2076,-5,-3,10,29838
DATA,2424,36,-14,2075,-5,-3,10,30463
DATA,2425,38,-16,2083,-5,-3,11,31088
DATA,2426,39,-15,2082,-5,-3,10,31713
DATA,2427,35,-12,2075,-5,-4,10,32338
DATA,2428,35,-13,2078,-5,-5,10,32963
DATA,2429,38,-16,2084,-5,-3,11,33588
DATA,2430,35,-12,2074,-5,-3,10,34213
DATA,2431,36,-14,2074,-6,-4,10,34838
DATA,2432,37,-15,2082,-4,-3,10,35463
DATA,2433,38,-13,2081,-5,-3,10,36088
DATA,2434,35,-16,2073,-5,-5,10,36713
DATA,2435,40,-16,2078,-5,-4,9,37338
DATA,2436,36,-13,2083,-5,-3,9,37963
DATA,2437,34,-13,2074,-5,-4,9,38588
DATA,2438,38,-16,2075,-5,-3,10,39213
DATA,2439,37,-14,2082,-4,-4,11,39838
DATA,2440,36,-12,2080,-6,-4,9,40463
DATA,2441,35,-15,2073,-4,-3,9,41088
DATA,2442,35,-15,2078,-4,-4,10,41713
DATA,2443,37,-15,2081,-6,-4,10,42338
DATA,2444,33,-15,2074,-5,-3,11,42963
DATA,2445,37,-14,2076,-4,-3,11,43588
DATA,2446,38,-13,2085,-5,-6,10,44213
DATA,2447,38,-14,2079,-6,-4,10,44838
DATA,2448,36,-14,2074,-5,-4,11,45463
DATA,2449,37,-15,2079,-5,-3,11,46088
DATA,2450,38,-15,2079,-5,-3,10,46713
DATA,2451,35,-15,2075,-6,-3,11,47338
DATA,2452,36,-15,2076,-5,-4,12,47963
DATA,2453,38,-13,2081,-5,-4,10,48588
DATA,2454,36,-15,2077,-7,-4,11,49213
DATA,2455,36,-14,2075,-5,-4,10,49838
DATA,2456,38,-14,2079,-5,-3,9,50463
DATA,2457,37,-14,2081,-6,-4,10,51088
DATA,2458,33,-13,2073,-5,-4,10,51713
DATA,2459,36,-14,2077,-5,-4,10,52338
DATA,2460,37,-15,2079,-5,-4,11,52963
DATA,2461,36,-13,2074,-5,-3,10,53588
DATA,2462,37,-13,2076,-5,-3,11,54213
DATA,2463,37,-14,2078,-6,-3,10,54838
DATA,2464,35,-16,2074,-5,-4,11,55463
DATA,2465,34,-13,2071,-4,-3,10,56088
DATA,2466,35,-16,2076,-4,-5,11,56713
DATA,2467,36,-16,2079,-6,-3,10,57338
DATA,2468,35,-15,2073,-6,-3,9,57963
DATA,2469,35,-15,2072,-5,-4,10,58588
DATA,2470,36,-15,2078,-4,-3,11,59213
DATA,2471,36,-15,2075,-6,-3,10,59838
DATA,2472,35,-16,2073,-5,-4,10,60463
DATA,2473,35,-15,2079,-5,-4,10,61088
DATA,2474,37,-13,2078,-6,-4,9,61713
DATA,2475,35,-13,2071,-6,-3,11,62338
DATA,2476,36,-15,2074,-5,-3,10,62963
DATA,2477,37,-13,2079,-3,-5,10,63588
DATA,2478,34,-12,2074,-6,-5,10,64213
DATA,2479,37,-15,2075,-6,-4,10,64838
DATA,2480,36,-14,2080,-5,-4,10,65463
DATA,2481,37,-15,2076,-5,-2,10,552
DATA,2482,34,-15,2074,-5,-4,11,1177
DATA,2483,38,-15,2074,-5,-4,11,1802
DATA,2484,35,-14,2077,-5,-4,10,2427
DATA,2485,35,-14,2074,-6,-4,10,3052
DATA,2486,37,-15,2073,-5,-4,10,3677
DATA,2487,40,-14,2083,-4,-4,9,4302
DATA,2488,37,-15,2078,-6,-4,10,4927
DATA,2489,34,-15,2073,-6,-4,10,5552
DATA,2490,37,-13,2078,-5,-4,9,6177
DATA,2491,37,-12,2080,-5,-4,10,6802
DATA,2492,36,-12,2074,-5,-4,11,7427
DATA,2493,36,-14,2076,-5,-4,10,8052
DATA,2494,36,-15,2082,-5,-4,11,8677
DATA,2495,37,-14,2078,-6,-3,9,9302
DATA,2496,36,-14,2073,-6,-3,10,9927
DATA,2497,37,-17,2082,-4,-5,10,10552
DATA,2498,38,-15,2082,-4,-4,11,11177
DATA,2499,36,-13,2073,-6,-2,11,11802
DATA,2500,37,-13,2078,-5,-4,10,12427
DATA,2501,37,-15,2083,-5,-3,11,13052
DATA,2502,37,-13,2078,-5,-3,10,13677
DATA,2503,35,-15,2073,-5,-3,11,14302
DATA,2504,38,-15,2084,-4,-3,9,14927
DATA,2505,37,-13,2082,-6,-4,9,15552
DATA,2506,34,-12,2072,-6,-3,10,16177
DATA,2507,35,-17,2075,-6,-3,9,16802
DATA,2508,37,-16,2085,-5,-3,10,17427
DATA,2509,34,-13,2078,-4,-4,10,18052
DATA,2510,35,-14,2074,-5,-3,10,18677
DATA,2511,37,-12,2081,-4,-4,10,19302
DATA,2512,35,-12,2080,-6,-2,9,19927
DATA,2513,35,-15,2072,-6,-4,9,20552
DATA,2514,37,-14,2079,-5,-4,11,21177
DATA,2515,36,-14,2085,-4,-3,11,21802
DATA,2516,37,-12,2077,-6,-3,10,22427
DATA,2517,36,-15,2074,-5,-4,11,23052
DATA,2518,35,-14,2084,-5,-5,10,23677
DATA,2519,39,-14,2079,-5,-3,11,24302
DATA,2520,34,-15,2073,-5,-3,10,24927
DATA,2521,35,-14,2078,-4,-4,10,25552
DATA,2522,39,-12,2085,-5,-4,11,26177
DATA,2523,36,-15,2077,-6,-3,10,26802
DATA,2524,34,-14,2074,-5,-4,9,27427
DATA,2525,36,-14,2082,-4,-4,9,28052
DATA,2526,36,-15,2079,-6,-3,9,28677
DATA,2527,34,-15,2073,-6,-3,9,29302
DATA,2528,35,-14,2079,-5,-3,10,29927
DATA,2529,36,-14,2085,-5,-3,9,30552
DATA,2530,36,-15,2073,-6,-4,10,31177
DATA,2531,37,-15,2076,-6,-2,10,31802
DATA,2532,39,-15,2083,-5,-4,9,32427
DATA,2533,36,-13,2078,-5,-4,11,33052
DATA,2534,32,-15,2072,-5,-4,10,33677
DATA,2535,35,-17,2079,-5,-3,8,34302
DATA,2536,39,-14,2082,-5,-4,11,34927
DATA,2537,35,-15,2074,-6,-4,9,35552
DATA,2538,37,-14,2078,-5,-4,10,36177
DATA,2539,37,-13,2083,-4,-4,11,36802
DATA,2540,37,-12,2078,-5,-4,9,37427
DATA,2541,34,-15,2071,-6,-4,9,38052
DATA,2542,36,-16,2079,-5,-4,10,38677
DATA,2543,37,-13,2079,-5,-2,10,39302
DATA,2544,37,-15,2075,-7,-4,10,39927
DATA,2545,36,-15,2079,-6,-3,10,40552
DATA,2546,35,-14,2082,-5,-3,10,41177
DATA,2547,36,-13,2075,-6,-4,9,41802
DATA,2548,35,-16,2074,-5,-4,11,42427
DATA,2549,39,-14,2080,-5,-5,11,43052
DATA,2550,39,-14,2079,-6,-4,10,43677
DATA,2551,35,-14,2075,-6,-4,10,44302
DATA,2552,37,-15,2079,-5,-4,11,44927
DATA,2553,36,-14,2082,-5,-4,11,45552
DATA,2554,37,-14,2076,-5,-3,10,46177
DATA,2555,35,-15,2074,-6,-4,10,46802
DATA,2556,37,-17,2080,-5,-3,9,47427
DATA,2557,38,-14,2078,-6,-3,10,48052
DATA,2558,37,-14,2074,-4,-4,11,48677
DATA,2559,37,-13,2077,-4,-4,11,49302
DATA,2560,37,-13,2080,-6,-5,9,49927
DATA,2561,35,-13,2072,-6,-3,11,50552
DATA,2562,36,-15,2075,-5,-4,8,51177
DATA,2563,38,-15,2082,-4,-4,10,51802
DATA,2564,35,-14,2078,-5,-3,10,52427
DATA,2565,35,-12,2072,-5,-4,11,53052
DATA,2566,36,-13,2080,-5,-2,9,53677
DATA,2567,37,-16,2078,-6,-3,10,54302
DATA,2568,35,-12,2071,-5,-2,8,54927
DATA,2569,36,-15,2076,-5,-3,11,55552
DATA,2570,38,-14,2080,-5,-3,10,56177
DATA,2571,36,-13,2075,-6,-4,10,56802
DATA,2572,36,-16,2072,-6,-4,10,57427
DATA,2573,37,-15,2081,-4,-4,10,58052
DATA,2574,36,-13,2077,-5,-3,11,58677
DATA,2575,34,-13,2071,-6,-4,10,59302
DATA,2576,36,-16,2075,-5,-4,10,59927
DATA,2577,36,-15,2078,-5,-4,10,60552
DATA,2578,37,-13,2074,-6,-3,10,61177
DATA,2579,35,-16,2071,-4,-4,9,61802
DATA,2580,37,-16,2080,-5,-4,10,62427
DATA,2581,37,-13,2076,-5,-4,10,63052
DATA,2582,36,-16,2070,-5,-3,10,63677
DATA,2583,36,-12,2074,-4,-3,10,64302
DATA,2584,38,-16,2080,-5,-4,11,64927
DATA,2585,36,-13,2074,-5,-3,10,16
DATA,2586,36,-16,2073,-5,-4,10,641
DATA,2587,38,-15,2082,-5,-3,11,1266
DATA,2588,37,-13,2077,-6,-4,9,1891
DATA,2589,36,-17,2070,-6,-4,11,2516
DATA,2590,36,-14,2080,-5,-5,11,3141
DATA,2591,36,-14,2082,-5,-3,9,3766
DATA,2592,36,-13,2073,-5,-3,8,4391
DATA,2593,37,-14,2073,-5,-4,9,5016
DATA,2594,37,-15,2082,-5,-3,11,5641
DATA,2595,37,-13,2079,-6,-4,11,6266
DATA,2596,36,-12,2072,-6,-3,10,6891
DATA,2597,36,-15,2079,-5,-4,10,7516
DATA,2598,37,-15,2083,-5,-3,11,8141
DATA,2599,35,-14,2073,-6,-2,10,8766
DATA,2600,35,-15,2076,-5,-4,10,9391
DATA,2601,36,-15,2085,-5,-3,10,10016
DATA,2602,35,-13,2078,-5,-4,12,10641
DATA,2603,37,-16,2075,-5,-4,10,11266
DATA,2604,38,-14,2080,-6,-4,9,11891
DATA,2605,37,-12,2081,-5,-4,10,12516
DATA,2606,37,-15,2074,-5,-3,11,13141
DATA,2607,36,-16,2080,-5,-4,10,13766
DATA,2608,37,-13,2084,-5,-4,10,14391
DATA,2609,36,-14,2076,-6,-3,9,15016
DATA,2610,35,-14,2073,-6,-4,10,15641
DATA,2611,38,-16,2082,-4,-3,11,16266
DATA,2612,37,-16,2080,-5,-3,10,16891
DATA,2613,38,-15,2073,-5,-3,10,17516
DATA,2614,37,-16,2081,-4,-4,11,18141
DATA,2615,36,-13,2081,-4,-3,10,18766
DATA,2616,34,-15,2073,-6,-3,10,19391
DATA,2617,38,-14,2075,-5,-4,11,20016
DATA,2618,38,-13,2082,-4,-3,11,20641
DATA,2619,35,-13,2080,-5,-4,11,21266
DATA,2620,35,-15,2072,-6,-4,9,21891
DATA,2621,37,-15,2079,-5,-4,9,22516
DATA,2622,37,-13,2082,-5,-4,12,23141
DATA,2623,36,-14,2073,-6,-3,11,23766
DATA,2624,36,-13,2078,-5,-4,10,24391
DATA,2625,37,-14,2082,-5,-4,10,25016
DATA,2626,37,-16,2079,-6,-3,10,25641
DATA,2627,34,-15,2073,-5,-4,11,26266
DATA,2628,37,-12,2078,-4,-4,11,26891
DATA,2629,37,-16,2080,-5,-3,11,27516
DATA,2630,34,-14,2073,-6,-3,10,28141
DATA,2631,35,-15,2076,-5,-3,10,28766
DATA,2632,38,-14,2083,-5,-3,10,29391
DATA,2633,36,-14,2076,-7,-3,10,30016
DATA,2634,36,-15,2072,-5,-4,11,30641
DATA,2635,38,-14,2079,-5,-4,8,31266
DATA,2636,38,-13,2079,-4,-3,10,31891
DATA,2637,35,-13,2073,-5,-4,10,32516
DATA,2638,37,-15,2076,-4,-4,10,33141
DATA,2639,36,-13,2082,-6,-4,10,33766
DATA,2640,35,-13,2077,-5,-3,10,34391
DATA,2641,38,-17,2075,-5,-4,10,35016
DATA,2642,37,-14,2081,-4,-4,10,35641
DATA,2643,37,-12,2080,-5,-3,10,36266
DATA,2644,36,-13,2073,-6,-3,10,36891
DATA,2645,37,-12,2078,-5,-4,10,37516
DATA,2646,36,-13,2081,-5,-3,9,38141
DATA,2647,35,-15,2073,-5,-3,11,38766
DATA,2648,36,-15,2075,-5,-3,10,39391
DATA,2649,39,-15,2084,-5,-3,11,40016
DATA,2650,37,-12,2080,-6,-4,11,40641
DATA,2651,34,-15,2073,-6,-4,9,41266
DATA,2652,38,-14,2081,-5,-4,11,41891
DATA,2653,37,-12,2080,-4,-3,9,42516
DATA,2654,35,-15,2074,-6,-4,10,43141
DATA,2655,35,-14,2076,-5,-4,10,43766
DATA,2656,37,-14,2082,-5,-4,11,44391
DATA,2657,37,-13,2079,-6,-3,10,45016
DATA,2658,34,-14,2072,-6,-4,10,45641
DATA,2659,37,-14,2079,-5,-2,10,46266
DATA,2660,36,-12,2080,-5,-2,9,46891
DATA,2661,35,-13,2070,-7,-3,10,47516
DATA,2662,35,-17,2075,-4,-4,10,48141
DATA,2663,36,-15,2081,-4,-4,9,48766
DATA,2664,35,-16,2077,-5,-5,10,49391
DATA,2665,35,-14,2072,-5,-4,9,50016
DATA,2666,37,-14,2081,-4,-4,10,50641
DATA,2667,35,-16,2077,-6,-4,11,51266
DATA,2668,35,-14,2070,-6,-4,9,51891
DATA,2669,35,-15,2074,-5,-4,10,52516
DATA,2670,37,-15,2081,-4,-3,10,53141
DATA,2671,36,-13,2073,-6,-4,10,53766
DATA,2672,36,-16,2070,-6,-3,10,54391
DATA,2673,36,-15,2078,-5,-3,10,55016
DATA,2674,38,-15,2078,-6,-3,10,55641
DATA,2675,33,-15,2070,-5,-4,9,56266
DATA,2676,36,-15,2077,-5,-4,11,56891
DATA,2677,38,-12,2080,-5,-4,11,57516
DATA,2678,34,-15,2070,-6,-4,10,58141
DATA,2679,35,-12,2070,-5,-4,10,58766
DATA,2680,36,-13,2078,-5,-3,11,59391
DATA,2681,38,-15,2076,-6,-3,11,60016
DATA,2682,35,-14,2068,-6,-5,11,60641
DATA,2683,37,-16,2078,-5,-5,11,61266
DATA,2684,37,-14,2078,-5,-2,11,61891
DATA,2685,35,-16,2074,-6,-4,11,62516
DATA,2686,36,-16,2074,-5,-3,11,63141
DATA,2687,35,-14,2079,-4,-3,11,63766
DATA,2688,37,-14,2076,-5,-3,9,64391
DATA,2689,35,-14,2073,-5,-3,9,65016
DATA,2690,37,-16,2081,-5,-3,10,105
DATA,2691,37,-15,2078,-6,-2,10,730
DATA,2692,36,-14,2073,-4,-3,9,1355
DATA,2693,35,-15,2075,-4,-3,10,1980
DATA,2694,36,-15,2080,-5,-4,10,2605
DATA,2695,35,-15,2077,-5,-2,10,3230
DATA,2696,34,-16,2075,-5,-4,10,3855
DATA,2697,37,-14,2082,-4,-3,11,4480
DATA,2698,38,-15,2077,-5,-3,9,5105
DATA,2699,36,-17,2071,-6,-4,11,5730
DATA,2700,38,-15,2076,-5,-4,9,6355
DATA,2701,36,-14,2084,-4,-3,10,6980
DATA,2702,37,-15,2075,-6,-4,10,7605
DATA,2703,36,-15,2075,-4,-4,10,8230
DATA,2704,39,-12,2083,-5,-4,11,8855
DATA,2705,37,-13,2078,-6,-3,9,9480
DATA,2706,36,-15,2074,-5,-4,11,10105
DATA,2707,36,-16,2079,-5,-4,11,10730
DATA,2708,35,-13,2083,-3,-3,11,11355
DATA,2709,34,-15,2075,-6,-3,10,11980
DATA,2710,34,-14,2077,-6,-4,10,12605
DATA,2711,34,-16,2085,-5,-4,10,13230
DATA,2712,34,-16,2082,-5,-3,9,13855
DATA,2713,35,-13,2075,-5,-3,11,14480
DATA,2714,37,-14,2080,-5,-4,11,15105
DATA,2715,37,-14,2080,-5,-4,10,15730
DATA,2716,36,-13,2075,-5,-4,10,16355
DATA,2717,36,-15,2076,-5,-5,10,16980
DATA,2718,37,-14,2084,-5,-4,12,17605
DATA,2719,36,-12,2077,-6,-4,10,18230
DATA,2720,36,-17,2072,-6,-3,9,18855
DATA,2721,37,-16,2083,-5,-4,11,19480
DATA,2722,38,-16,2081,-5,-2,9,20105
DATA,2723,35,-13,2073,-6,-4,10,20730
DATA,2724,36,-14,2077,-4,-4,11,21355
DATA,2725,37,-13,2085,-5,-3,10,21980
DATA,2726,36,-13,2075,-6,-4,11,22605
DATA,2727,37,-14,2076,-5,-4,10,23230
DATA,2728,36,-14,2082,-5,-4,10,23855
DATA,2729,38,-13,2079,-6,-4,9,24480
DATA,2730,36,-13,2072,-5,-3,10,25105
DATA,2731,38,-14,2079,-4,-4,10,25730
DATA,2732,38,-11,2085,-4,-2,9,26355
DATA,2733,34,-14,2075,-6,-3,11,26980
DATA,2734,35,-12,2076,-5,-3,10,27605
DATA,2735,36,-13,2084,-5,-4,9,28230
DATA,2736,37,-15,2080,-7,-3,11,28855
DATA,2737,36,-13,2071,-5,-5,10,29480
DATA,2738,36,-15,2078,-5,-4,9,30105
DATA,2739,37,-14,2084,-5,-4,11,30730
DATA,2740,36,-13,2074,-6,-3,11,31355
DATA,2741,34,-15,2076,-5,-4,11,31980
DATA,2742,38,-14,2083,-4,-3,9,32605
DATA,2743,34,-15,2080,-6,-4,9,33230
DATA,2744,35,-16,2072,-6,-3,11,33855
DATA,2745,36,-14,2080,-4,-5,10,34480
DATA,2746,37,-14,2083,-5,-5,10,35105
DATA,2747,38,-15,2075,-5,-4,10,35730
DATA,2748,37,-15,2076,-6,-3,9,36355
DATA,2749,38,-13,2082,-5,-3,9,36980
DATA,2750,37,-12,2078,-6,-4,10,37605
DATA,2751,35,-14,2072,-5,-3,10,38230
DATA,2752,36,-15,2080,-5,-4,9,38855
DATA,2753,36,-14,2082,-6,-4,11,39480
DATA,2754,37,-16,2075,-5,-3,10,40105
DATA,2755,37,-14,2076,-4,-4,11,40730
DATA,2756,38,-13,2078,-4,-3,10,41355
DATA,2757,37,-15,2077,-6,-3,11,41980
DATA,2758,35,-15,2074,-5,-4,10,42605
DATA,2759,37,-14,2079,-4,-4,11,43230
DATA,2760,35,-15,2080,-6,-3,10,43855
DATA,2761,36,-15,2074,-6,-3,11,44480
DATA,2762,36,-13,2077,-6,-3,9,45105
DATA,2763,37,-13,2077,-5,-4,8,45730
DATA,2764,36,-16,2075,-5,-4,9,46355
DATA,2765,35,-15,2073,-5,-4,10,46980
DATA,2766,36,-13,2080,-5,-3,10,47605
DATA,2767,35,-13,2079,-5,-4,9,48230
DATA,2768,37,-13,2072,-4,-4,10,48855
DATA,2769,36,-13,2078,-5,-3,10,49480
DATA,2770,36,-13,2080,-5,-3,10,50105
DATA,2771,35,-15,2071,-6,-4,10,50730
DATA,2772,36,-16,2073,-5,-3,10,51355
DATA,2773,36,-15,2080,-4,-3,11,51980
DATA,2774,36,-14,2074,-5,-4,10,52605
DATA,2775,36,-14,2072,-5,-3,10,53230
DATA,2776,36,-15,2079,-5,-4,10,53855
DATA,2777,36,-13,2078,-7,-5,10,54480
DATA,2778,34,-12,2073,-5,-2,10,55105
DATA,2779,35,-13,2075,-4,-4,10,55730
DATA,2780,37,-14,2079,-5,-4,10,56355
DATA,2781,36,-16,2076,-6,-4,10,56980
DATA,2782,35,-16,2073,-6,-4,10,57605
DATA,2783,38,-17,2078,-5,-3,10,58230
DATA,2784,36,-13,2076,-6,-3,10,58855
DATA,2785,35,-13,2073,-6,-3,10,59480
DATA,2786,35,-14,2077,-5,-5,11,60105
DATA,2787,39,-13,2079,-5,-3,10,60730
DATA,2788,36,-14,2072,-5,-3,10,61355
DATA,2789,36,-12,2072,-4,-3,12,61980
DATA,2790,38,-14,2081,-4,-4,11,62605
DATA,2791,35,-15,2077,-6,-4,11,63230
DATA,2792,36,-14,2071,-5,-3,10,63855
DATA,2793,36,-13,2077,-4,-3,9,64480
DATA,2794,36,-12,2081,-6,-4,9,65105
DATA,2795,35,-13,2073,-6,-3,9,194
DATA,2796,35,-13,2077,-5,-4,10,819
DATA,2797,38,-15,2083,-5,-5,10,1444
DATA,2798,36,-16,2077,-6,-4,10,2069
DATA,2799,36,-13,2072,-6,-3,9,2694
DATA,2800,37,-14,2082,-4,-4,12,3319
DATA,2801,37,-12,2084,-5,-3,10,3944
DATA,2802,36,-14,2077,-5,-5,10,4569
DATA,2803,34,-16,2075,-4,-4,10,5194
DATA,2804,38,-15,2083,-5,-4,10,5819
DATA,2805,37,-12,2077,-5,-4,10,6444
DATA,2806,36,-13,2074,-5,-4,10,7069
DATA,2807,37,-17,2083,-6,-3,9,7694
DATA,2808,37,-13,2084,-5,-4,13,8319
DATA,2809,37,-14,2075,-6,-3,9,8944
DATA,2810,35,-16,2076,-5,-3,11,9569
DATA,2811,36,-14,2084,-4,-4,10,10194
DATA,2812,36,-12,2079,-5,-4,10,10819
DATA,2813,37,-13,2073,-6,-2,10,11444
DATA,2814,38,-14,2082,-5,-3,12,12069
DATA,2815,37,-11,2079,-5,-3,12,12694
DATA,2816,37,-15,2076,-5,-4,11,13319
DATA,2817,37,-15,2077,-5,-4,9,13944
DATA,2818,39,-14,2083,-5,-3,11,14569
DATA,2819,37,-14,2079,-5,-4,9,15194
DATA,2820,37,-16,2073,-5,-4,11,15819
DATA,2821,36,-15,2082,-5,-4,9,16444
DATA,2822,37,-12,2080,-6,-4,10,17069
DATA,2823,36,-11,2074,-6,-4,10,17694
DATA,2824,35,-14,2076,-4,-3,10,18319
DATA,2825,37,-14,2083,-6,-3,11,18944
DATA,2826,35,-13,2075,-6,-4,9,19569
DATA,2827,35,-15,2073,-6,-4,9,20194
DATA,2828,37,-13,2083,-4,-3,11,20819
DATA,2829,36,-13,2078,-5,-3,9,21444
DATA,2830,36,-13,2075,-6,-4,10,22069
DATA,2831,37,-13,2079,-5,-4,10,22694
DATA,2832,37,-14,2082,-6,-4,9,23319
DATA,2833,37,-14,2078,-5,-4,9,23944
DATA,2834,36,-15,2072,-5,-3,11,24569
DATA,2835,35,-13,2082,-5,-4,10,25194
DATA,2836,34,-14,2080,-6,-4,11,25819
DATA,2837,35,-16,2074,-6,-4,10,26444
DATA,2838,34,-14,2082,-5,-4,9,27069
DATA,2839,37,-14,2081,-4,-4,11,27694
DATA,2840,37,-15,2076,-5,-4,10,28319
DATA,2841,33,-14,2077,-5,-3,10,28944
DATA,2842,36,-13,2080,-5,-4,11,29569
DATA,2843,37,-15,2077,-7,-2,11,30194
DATA,2844,35,-14,2075,-6,-3,10,30819
DATA,2845,36,-13,2080,-4,-3,10,31444
DATA,2846,35,-11,2081,-5,-3,9,32069
DATA,2847,36,-14,2074,-6,-3,10,32694
DATA,2848,37,-16,2077,-6,-3,10,33319
DATA,2849,39,-15,2080,-6,-4,10,33944
DATA,2850,37,-15,2077,-5,-5,11,34569
DATA,2851,37,-14,2078,-4,-4,11,35194
DATA,2852,36,-13,2083,-5,-5,10,35819
DATA,2853,35,-13,2080,-6,-3,10,36444
DATA,2854,36,-14,2074,-5,-4,10,37069
DATA,2855,38,-13,2076,-5,-4,12,37694
DATA,2856,38,-14,2083,-5,-3,10,38319
DATA,2857,36,-14,2078,-6,-5,9,38944
DATA,2858,35,-15,2076,-5,-3,10,39569
DATA,2859,36,-15,2084,-4,-3,12,40194
DATA,2860,37,-15,2077,-6,-4,10,40819
DATA,2861,35,-13,2073,-5,-4,10,41444
DATA,2862,37,-15,2079,-5,-4,10,42069
DATA,2863,35,-13,2081,-5,-4,10,42694
DATA,2864,36,-13,2073,-6,-4,10,43319
DATA,2865,36,-13,2075,-5,-4,10,43944
DATA,2866,36,-13,2080,-4,-4,12,44569
DATA,2867,35,-14,2077,-5,-4,11,45194
DATA,2868,36,-13,2074,-5,-3,9,45819
DATA,2869,37,-13,2082,-5,-4,10,46444
DATA,2870,38,-16,2079,-5,-4,10,47069
DATA,2871,38,-15,2072,-6,-3,10,47694
DATA,2872,36,-13,2076,-5,-4,9,48319
DATA,2873,37,-16,2080,-4,-4,11,48944
DATA,2874,37,-13,2075,-6,-3,11,49569
DATA,2875,36,-16,2071,-5,-3,11,50194
DATA,2876,36,-16,2077,-6,-4,11,50819
DATA,2877,36,-15,2076,-4,-3,10,51444
DATA,2878,33,-12,2069,-5,-3,10,52069
DATA,2879,36,-13,2074,-4,-4,11,52694
DATA,2880,37,-14,2081,-5,-3,10,53319
DATA,2881,35,-15,2071,-6,-3,10,53944
DATA,2882,37,-14,2070,-6,-3,10,54569
DATA,2883,37,-13,2079,-4,-5,10,55194
DATA,2884,37,-12,2075,-6,-4,12,55819
DATA,2885,35,-14,2072,-6,-5,8,56444
DATA,2886,35,-14,2075,-5,-4,11,57069
DATA,2887,39,-14,2078,-5,-3,10,57694
DATA,2888,35,-16,2075,-6,-3,9,58319
DATA,2889,34,-15,2072,-5,-4,11,58944
DATA,2890,37,-16,2079,-4,-4,8,59569
DATA,2891,38,-15,2079,-6,-3,10,60194
DATA,2892,36,-14,2071,-5,-3,11,60819
DATA,2893,36,-17,2078,-6,-4,9,61444
DATA,2894,37,-15,2080,-6,-4,11,62069
DATA,2895,35,-15,2076,-5,-4,10,62694
DATA,2896,37,-13,2077,-4,-4,10,63319
DATA,2897,37,-12,2083,-5,-3,11,63944
DATA,2898,37,-14,2081,-6,-4,9,64569
DATA,2899,36,-15,2071,-6,-5,11,65194
DATA,2900,38,-15,2079,-4,-3,10,283
DATA,2901,36,-13,2082,-5,-4,9,908
DATA,2902,36,-14,2076,-6,-3,9,1533
DATA,2903,34,-13,2077,-6,-4,10,2158
DATA,2904,37,-14,2081,-5,-3,11,2783
DATA,2905,36,-14,2079,-5,-3,10,3408
DATA,2906,34,-15,2076,-5,-3,10,4033
DATA,2907,35,-14,2079,-5,-3,10,4658
DATA,2908,36,-11,2082,-6,-4,10,5283
DATA,2909,36,-15,2075,-5,-4,10,5908
DATA,2910,36,-13,2077,-6,-4,9,6533
DATA,2911,37,-11,2083,-5,-3,10,7158
DATA,2912,37,-15,2079,-5,-3,9,7783
DATA,2913,35,-14,2074,-6,-3,10,8408
DATA,2914,37,-15,2080,-5,-5,11,9033
DATA,2915,35,-14,2082,-4,-4,10,9658
DATA,2916,37,-16,2076,-6,-4,10,10283
DATA,2917,35,-14,2076,-5,-4,11,10908
DATA,2918,37,-14,2082,-5,-4,11,11533
DATA,2919,38,-14,2079,-6,-2,9,12158
DATA,2920,35,-15,2075,-5,-2,10,12783
DATA,2921,38,-15,2080,-5,-4,11,13408
DATA,2922,37,-13,2078,-5,-4,9,14033
DATA,2923,35,-14,2074,-5,-4,10,14658
DATA,2924,37,-13,2075,-5,-4,10,15283
DATA,2925,38,-12,2079,-6,-3,11,15908
DATA,2926,35,-13,2076,-6,-3,9,16533
DATA,2927,36,-15,2076,-5,-4,9,17158
DATA,2928,35,-14,2082,-5,-4,12,17783
DATA,2929,38,-13,2079,-6,-3,10,18408
DATA,2930,36,-14,2074,-6,-4,10,19033
DATA,2931,34,-15,2081,-4,-4,11,19658
DATA,2932,37,-14,2080,-5,-4,9,20283
DATA,2933,36,-14,2077,-6,-3,11,20908
DATA,2934,36,-10,2076,-5,-3,10,21533
DATA,2935,37,-16,2082,-5,-3,10,22158
DATA,2936,36,-15,2079,-5,-5,11,22783
DATA,2937,35,-12,2074,-5,-3,11,23408
DATA,2938,38,-16,2081,-4,-5,10,24033
DATA,2939,37,-13,2081,-5,-4,11,24658
DATA,2940,37,-15,2075,-6,-4,11,25283
DATA,2941,36,-11,2075,-6,-4,9,25908
DATA,2942,37,-12,2080,-5,-5,10,26533
DATA,2943,36,-13,2078,-5,-4,10,27158
DATA,2944,34,-15,2076,-6,-4,9,27783
DATA,2945,38,-14,2080,-5,-4,10,28408
DATA,2946,38,-10,2080,-7,-4,11,29033
DATA,2947,36,-15,2073,-7,-4,10,29658
DATA,2948,36,-13,2078,-5,-3,9,30283
DATA,2949,37,-13,2079,-4,-3,12,30908
DATA,2950,37,-13,2074,-6,-3,11,31533
DATA,2951,35,-15,2076,-5,-4,10,32158
DATA,2952,35,-15,2084,-4,-3,10,32783
DATA,2953,36,-14,2077,-5,-3,11,33408
DATA,2954,37,-14,2075,-5,-4,10,34033
DATA,2955,38,-15,2083,-5,-5,11,34658
DATA,2956,39,-15,2082,-5,-3,10,35283
DATA,2957,36,-13,2077,-6,-3,10,35908
DATA,2958,37,-14,2076,-6,-4,10,36533
DATA,2959,35,-12,2083,-5,-4,10,37158
DATA,2960,35,-12,2077,-6,-3,10,37783
DATA,2961,34,-13,2073,-6,-3,10,38408
DATA,2962,37,-14,2079,-5,-4,10,39033
DATA,2963,36,-14,2080,-5,-4,9,39658
DATA,2964,35,-12,2074,-6,-4,12,40283
DATA,2965,36,-12,2074,-5,-4,10,40908
DATA,2966,35,-15,2081,-5,-5,11,41533
DATA,2967,34,-15,2076,-5,-3,10,42158
DATA,2968,36,-17,2071,-5,-4,9,42783
DATA,2969,38,-15,2079,-5,-4,9,43408
DATA,2970,36,-13,2081,-5,-4,10,44033
DATA,2971,34,-13,2074,-5,-3,9,44658
DATA,2972,35,-14,2076,-4,-3,11,45283
DATA,2973,37,-14,2083,-5,-3,10,45908
DATA,2974,36,-13,2074,-7,-4,10,46533
DATA,2975,36,-15,2073,-5,-4,10,47158
DATA,2976,36,-16,2078,-4,-4,11,47783
DATA,2977,37,-12,2078,-5,-3,9,48408
DATA,2978,35,-12,2071,-6,-3,11,49033
DATA,2979,36,-13,2077,-5,-5,10,49658
DATA,2980,39,-15,2079,-7,-3,9,50283
DATA,2981,36,-13,2073,-6,-4,11,50908
DATA,2982,36,-14,2071,-5,-3,11,51533
DATA,2983,39,-13,2078,-5,-4,10,52158
DATA,2984,38,-16,2079,-6,-4,10,52783
DATA,2985,35,-14,2071,-6,-3,8,53408
DATA,2986,38,-14,2076,-5,-3,10,54033
DATA,2987,38,-14,2081,-5,-3,11,54658
DATA,2988,34,-17,2073,-6,-3,9,55283
DATA,2989,35,-15,2074,-5,-4,11,55908
DATA,2990,38,-16,2081,-5,-4,8,56533
DATA,2991,37,-15,2079,-6,-3,10,57158
DATA,2992,35,-15,2073,-5,-4,10,57783
DATA,2993,35,-16,2078,-4,-3,10,58408
DATA,2994,36,-13,2081,-5,-4,10,59033
DATA,2995,35,-13,2076,-6,-5,10,59658
DATA,2996,36,-14,2075,-6,-3,10,60283
DATA,2997,36,-16,2083,-5,-4,11,60908
DATA,2998,38,-14,2079,-5,-4,9,61533
DATA,2999,38,-15,2074,-5,-3,9,62158
DATA,3000,37,-14,2082,-4,-4,10,62783
DATA,3001,37,-14,2083,-6,-4,10,63408
DATA,3002,34,-13,2076,-6,-3,9,64033
DATA,3003,37,-15,2079,-4,-3,11,64658
DATA,3004,39,-14,2082,-5,-4,10,65283
DATA,3005,37,-12,2080,-6,-5,10,372
DATA,3006,36,-15,2076,-5,-4,9,997
DATA,3007,37,-13,2081,-4,-3,9,1622
DATA,3008,35,-13,2082,-5,-4,9,2247
DATA,3009,37,-13,2073,-5,-4,11,2872
DATA,3010,37,-12,2078,-5,-3,11,3497
DATA,3011,37,-14,2082,-5,-4,11,4122
DATA,3012,37,-14,2078,-5,-4,12,4747
DATA,3013,37,-15,2076,-4,-5,10,5372
DATA,3014,36,-14,2084,-6,-5,10,5997
DATA,3015,34,-14,2082,-5,-4,9,6622
DATA,3016,36,-14,2074,-5,-4,10,7247
DATA,3017,37,-14,2077,-4,-5,11,7872
DATA,3018,38,-16,2080,-6,-3,11,8497
DATA,3019,36,-15,2075,-6,-3,11,9122
DATA,3020,36,-13,2076,-4,-5,10,9747
DATA,3021,37,-14,2082,-5,-4,10,10372
DATA,3022,35,-12,2079,-6,-4,11,10997
DATA,3023,37,-13,2075,-7,-3,11,11622
DATA,3024,38,-14,2080,-5,-4,9,12247
DATA,3025,38,-12,2081,-5,-4,10,12872
DATA,3026,38,-12,2073,-4,-3,9,13497
DATA,3027,37,-14,2076,-6,-4,11,14122
DATA,3028,38,-14,2083,-5,-4,10,14747
DATA,3029,38,-14,2078,-5,-3,11,15372
DATA,3030,39,-16,2075,-6,-4,10,15997
DATA,3031,38,-13,2082,-6,-4,11,16622
DATA,3032,38,-12,2081,-6,-3,10,17247
DATA,3033,35,-14,2073,-6,-4,10,17872
DATA,3034,34,-12,2078,-5,-4,10,18497
DATA,3035,37,-13,2084,-5,-3,11,19122
DATA,3036,35,-14,2076,-6,-3,11,19747
DATA,3037,36,-16,2075,-5,-4,10,20372
DATA,3038,38,-15,2082,-4,-4,10,20997
DATA,3039,35,-12,2081,-5,-3,11,21622
DATA,3040,34,-14,2073,-6,-3,10,22247
DATA,3041,38,-15,2079,-4,-4,10,22872
DATA,3042,37,-15,2084,-4,-4,11,23497
DATA,3043,36,-14,2075,-5,-3,9,24122
DATA,3044,35,-15,2074,-5,-4,9,24747
DATA,3045,35,-15,2082,-5,-4,10,25372
DATA,3046,38,-12,2080,-5,-3,10,25997
DATA,3047,36,-15,2074,-6,-4,9,26622
DATA,3048,38,-14,2077,-4,-4,9,27247
DATA,3049,38,-13,2081,-4,-3,9,27872
DATA,3050,36,-13,2076,-6,-3,10,28497
DATA,3051,34,-13,2076,-4,-3,11,29122
DATA,3052,39,-14,2084,-4,-4,11,29747
DATA,3053,37,-15,2080,-6,-4,10,30372
DATA,3054,35,-12,2074,-6,-4,11,30997
DATA,3055,38,-15,2081,-4,-4,10,31622
DATA,3056,38,-13,2082,-5,-4,11,32247
DATA,3057,37,-12,2078,-6,-4,10,32872
DATA,3058,35,-14,2075,-5,-4,9,33497
DATA,3059,37,-14,2082,-5,-4,10,34122
DATA,3060,37,-13,2077,-6,-4,10,34747
DATA,3061,36,-16,2072,-6,-4,12,35372
DATA,3062,37,-15,2081,-5,-5,9,35997
DATA,3063,35,-16,2081,-5,-4,9,36622
DATA,3064,36,-16,2075,-6,-3,11,37247
DATA,3065,37,-14,2074,-5,-3,10,37872
DATA,3066,37,-13,2079,-6,-4,9,38497
DATA,3067,37,-14,2077,-5,-4,11,39122
DATA,3068,34,-14,2073,-5,-4,10,39747
DATA,3069,36,-14,2081,-5,-4,10,40372
DATA,3070,38,-14,2079,-6,-4,11,40997
DATA,3071,36,-15,2075,-6,-4,10,41622
DATA,3072,38,-13,2074,-5,-4,12,42247
DATA,3073,36,-12,2078,-5,-3,11,42872
DATA,3074,38,-15,2074,-5,-3,8,43497
DATA,3075,35,-15,2072,-5,-3,11,44122
DATA,3076,37,-15,2077,-5,-4,11,44747
DATA,3077,36,-15,2076,-5,-4,9,45372
DATA,3078,36,-16,2073,-5,-3,11,45997
DATA,3079,35,-17,2076,-5,-4,10,46622
DATA,3080,36,-14,2078,-4,-4,10,47247
DATA,3081,37,-14,2075,-6,-4,10,47872
DATA,3082,36,-14,2073,-5,-4,10,48497
DATA,3083,37,-15,2080,-4,-4,11,49122
DATA,3084,37,-15,2078,-5,-3,11,49747
DATA,3085,35,-14,2071,-5,-4,10,50372
DATA,3086,37,-15,2077,-5,-3,9,50997
DATA,3087,36,-13,2080,-5,-3,11,51622
DATA,3088,33,-13,2075,-6,-4,10,52247
DATA,3089,34,-14,2077,-5,-4,11,52872
DATA,3090,37,-14,2079,-5,-3,10,53497
DATA,3091,37,-12,2080,-6,-3,9,54122
DATA,3092,36,-15,2076,-6,-4,11,54747
DATA,3093,37,-13,2081,-4,-4,10,55372
DATA,3094,35,-13,2080,-6,-5,10,55997
DATA,3095,34,-14,2074,-6,-4,9,56622
DATA,3096,37,-16,2077,-4,-4,10,57247
DATA,3097,35,-15,2081,-5,-4,11,57872
DATA,3098,36,-14,2079,-6,-3,10,58497
DATA,3099,35,-14,2077,-6,-3,10,59122
DATA,3100,36,-15,2081,-5,-4,12,59747
DATA,3101,37,-13,2080,-6,-4,10,60372
DATA,3102,35,-14,2075,-6,-4,9,60997
DATA,3103,37,-13,2079,-4,-3,10,61622
DATA,3104,36,-12,2083,-5,-3,9,62247
DATA,3105,35,-14,2078,-5,-4,10,62872
DATA,3106,37,-14,2077,-5,-3,9,63497
DATA,3107,37,-14,2082,-5,-4,9,64122
DATA,3108,36,-13,2081,-5,-4,10,64747
DATA,3109,34,-15,2075,-6,-4,10,65372
DATA,3110,36,-15,2081,-6,-4,10,461
DATA,3111,38,-14,2082,-5,-3,11,1086
DATA,3112,36,-16,2077,-5,-4,11,1711
DATA,3113,35,-15,2077,-5,-3,9,2336
DATA,3114,37,-13,2085,-5,-5,9,2961
DATA,3115,37,-13,2081,-5,-4,10,3586
DATA,3116,35,-13,2074,-6,-4,10,4211
DATA,3117,37,-12,2078,-5,-4,10,4836
DATA,3118,37,-14,2083,-6,-4,9,5461
DATA,3119,33,-13,2077,-6,-4,10,6086
DATA,3120,37,-14,2077,-6,-4,10,6711
DATA,3121,38,-16,2084,-5,-4,10,7336
DATA,3122,36,-14,2077,-6,-3,12,7961
DATA,3123,37,-14,2072,-5,-4,10,8586
DATA,3124,35,-12,2081,-5,-3,11,9211
DATA,3125,37,-12,2083,-5,-4,10,9836
DATA,3126,35,-12,2075,-6,-4,10,10461
DATA,3127,36,-14,2078,-5,-5,10,11086
DATA,3128,35,-14,2085,-5,-3,11,11711
DATA,3129,34,-14,2076,-6,-4,10,12336
DATA,3130,36,-13,2074,-6,-4,10,12961
DATA,3131,36,-13,2082,-4,-3,11,13586
DATA,3132,36,-14,2082,-5,-4,10,14211
DATA,3133,35,-15,2075,-6,-3,11,14836
DATA,3134,38,-12,2077,-5,-3,11,15461
DATA,3135,37,-16,2084,-5,-3,10,16086
DATA,3136,37,-14,2077,-6,-4,11,16711
DATA,3137,36,-13,2076,-5,-4,11,17336
DATA,3138,37,-13,2081,-5,-4,9,17961
DATA,3139,37,-13,2080,-5,-3,10,18586
DATA,3140,35,-13,2076,-5,-4,10,19211
DATA,3141,36,-14,2079,-4,-4,11,19836
DATA,3142,38,-13,2082,-4,-3,10,20461
DATA,3143,36,-10,2077,-6,-4,10,21086
DATA,3144,36,-15,2076,-6,-4,10,21711
DATA,3145,37,-15,2081,-5,-4,10,22336
DATA,3146,35,-15,2079,-5,-3,9,22961
DATA,3147,35,-14,2075,-5,-3,11,23586
DATA,3148,35,-13,2077,-5,-4,10,24211
DATA,3149,36,-13,2083,-5,-3,10,24836
DATA,3150,35,-14,2076,-5,-2,10,25461
DATA,3151,37,-14,2074,-5,-4,10,26086
DATA,3152,35,-13,2081,-5,-5,9,26711
DATA,3153,36,-14,2080,-5,-3,12,27336
DATA,3154,36,-14,2075,-6,-4,11,27961
DATA,3155,37,-14,2081,-6,-4,11,28586
DATA,3156,36,-13,2080,-5,-3,10,29211
DATA,3157,36,-16,2073,-6,-4,8,29836
DATA,3158,36,-14,2077,-5,-5,11,30461
DATA,3159,37,-13,2081,-4,-3,12,31086
DATA,3160,35,-14,2078,-6,-4,10,31711
DATA,3161,36,-14,2073,-6,-4,11,32336
DATA,3162,38,-15,2081,-5,-4,11,32961
DATA,3163,34,-14,2078,-5,-4,9,33586
DATA,3164,36,-14,2072,-5,-3,10,34211
DATA,3165,35,-14,2075,-4,-3,10,34836
DATA,3166,36,-14,2077,-5,-4,11,35461
DATA,3167,35,-14,2074,-6,-3,11,36086
DATA,3168,36,-15,2073,-4,-3,9,36711
DATA,3169,39,-13,2081,-4,-4,11,37336
DATA,3170,35,-14,2076,-5,-4,10,37961
DATA,3171,35,-12,2069,-6,-4,10,38586
DATA,3172,37,-13,2074,-4,-4,10,39211
DATA,3173,38,-12,2080,-5,-3,11,39836
DATA,3174,38,-14,2072,-6,-4,10,40461
DATA,3175,37,-15,2071,-5,-3,11,41086
DATA,3176,36,-14,2078,-5,-3,9,41711
DATA,3177,36,-11,2074,-6,-5,10,42336
DATA,3178,34,-13,2071,-6,-5,11,42961
DATA,3179,40,-16,2076,-5,-4,10,43586
DATA,3180,36,-12,2078,-5,-4,9,44211
DATA,3181,34,-12,2070,-5,-4,10,44836
DATA,3182,38,-14,2074,-5,-3,10,45461
DATA,3183,37,-14,2081,-5,-4,11,46086
DATA,3184,37,-14,2075,-5,-4,10,46711
DATA,3185,35,-15,2071,-4,-3,9,47336
DATA,3186,39,-15,2078,-5,-4,11,47961
DATA,3187,36,-13,2080,-6,-3,10,48586
DATA,3188,38,-16,2074,-6,-4,10,49211
DATA,3189,36,-15,2075,-5,-4,11,49836
DATA,3190,37,-16,2081,-5,-3,10,50461
DATA,3191,37,-15,2075,-5,-4,9,51086
DATA,3192,36,-15,2072,-5,-3,10,51711
DATA,3193,37,-16,2081,-5,-3,11,52336
DATA,3194,38,-13,2083,-5,-4,11,52961
DATA,3195,34,-14,2073,-5,-4,10,53586
DATA,3196,37,-15,2079,-4,-3,9,54211
DATA,3197,37,-13,2084,-5,-3,11,54836
DATA,3198,36,-13,2080,-6,-4,11,55461
DATA,3199,36,-15,2073,-5,-4,10,56086
DATA,3200,37,-13,2080,-4,-4,11,56711
DATA,3201,36,-14,2082,-6,-3,9,57336
DATA,3202,35,-15,2075,-6,-4,9,57961
DATA,3203,36,-16,2079,-4,-5,11,58586
DATA,3204,37,-11,2086,-5,-3,11,59211
DATA,3205,38,-12,2075,-5,-4,11,59836
DATA,3206,36,-14,2076,-5,-4,11,60461
DATA,3207,36,-16,2084,-5,-4,10,61086
DATA,3208,37,-11,2082,-6,-3,11,61711
DATA,3209,34,-15,2075,-5,-4,10,62336
DATA,3210,36,-15,2081,-5,-3,10,62961
DATA,3211,34,-13,2083,-6,-3,11,63586
DATA,3212,35,-14,2077,-5,-3,11,64211
DATA,3213,37,-17,2075,-5,-4,11,64836
DATA,3214,38,-13,2083,-5,-5,12,65461
DATA,3215,38,-14,2080,-6,-3,10,550
DATA,3216,35,-15,2075,-5,-3,11,1175
DATA,3217,35,-14,2080,-5,-4,11,1800
DATA,3218,38,-13,2084,-5,-4,10,2425
DATA,3219,35,-13,2077,-6,-3,10,3050
DATA,3220,36,-14,2077,-5,-3,12,3675
DATA,3221,37,-13,2081,-6,-4,11,4300
DATA,3222,34,-14,2078,-5,-3,11,4925
DATA,3223,35,-14,2076,-5,-4,12,5550
DATA,3224,37,-14,2078,-5,-4,11,6175
DATA,3225,36,-12,2084,-5,-3,10,6800
DATA,3226,36,-15,2074,-6,-4,10,7425
DATA,3227,36,-12,2077,-6,-4,11,8050
DATA,3228,37,-14,2082,-4,-4,11,8675
DATA,3229,37,-16,2078,-5,-2,10,9300
DATA,3230,36,-14,2076,-6,-4,10,9925
DATA,3231,37,-15,2081,-6,-4,12,10550
DATA,3232,37,-14,2081,-6,-4,10,11175
DATA,3233,34,-13,2073,-6,-3,10,11800
DATA,3234,37,-15,2079,-4,-4,10,12425
DATA,3235,37,-14,2080,-4,-4,10,13050
DATA,3236,35,-15,2079,-6,-4,11,13675
DATA,3237,37,-15,2075,-6,-4,10,14300
DATA,3238,35,-13,2084,-6,-4,10,14925
DATA,3239,36,-13,2081,-4,-4,10,15550
DATA,3240,36,-13,2075,-6,-4,10,16175
DATA,3241,36,-14,2079,-4,-4,10,16800
DATA,3242,37,-13,2081,-6,-3,11,17425
DATA,3243,37,-14,2074,-5,-4,10,18050
DATA,3244,37,-15,2075,-4,-4,12,18675
DATA,3245,38,-13,2081,-5,-3,10,19300
DATA,3246,35,-14,2079,-6,-4,9,19925
DATA,3247,36,-16,2076,-6,-4,10,20550
DATA,3248,37,-14,2083,-4,-4,9,21175
DATA,3249,39,-14,2084,-6,-4,9,21800
DATA,3250,35,-14,2075,-5,-4,11,22425
DATA,3251,36,-14,2078,-5,-4,10,23050
DATA,3252,37,-13,2085,-5,-3,11,23675
DATA,3253,35,-14,2074,-7,-3,10,24300
DATA,3254,35,-14,2077,-5,-4,9,24925
DATA,3255,36,-15,2080,-5,-4,10,25550
DATA,3256,36,-13,2078,-5,-4,12,26175
DATA,3257,36,-14,2073,-5,-3,9,26800
DATA,3258,38,-15,2076,-6,-4,12,27425
DATA,3259,37,-15,2082,-5,-3,10,28050
DATA,3260,37,-13,2074,-6,-5,9,28675
DATA,3261,37,-12,2075,-5,-4,10,29300
DATA,3262,36,-12,2083,-5,-3,12,29925
DATA,3263,35,-15,2080,-5,-5,11,30550
DATA,3264,35,-14,2073,-5,-4,11,31175
DATA,3265,39,-12,2078,-5,-4,10,31800
DATA,3266,35,-13,2082,-6,-4,10,32425
DATA,3267,37,-12,2073,-5,-4,10,33050
DATA,3268,36,-15,2075,-5,-5,11,33675
DATA,3269,39,-16,2082,-5,-2,10,34300
DATA,3270,35,-12,2077,-6,-3,10,34925
DATA,3271,37,-18,2070,-5,-4,9,35550
DATA,3272,37,-16,2080,-5,-4,10,36175
DATA,3273,37,-14,2082,-5,-3,11,36800
DATA,3274,37,-13,2072,-6,-4,10,37425
DATA,3275,37,-15,2072,-4,-5,12,38050
DATA,3276,36,-13,2081,-5,-3,10,38675
DATA,3277,36,-13,2073,-6,-3,11,39300
DATA,3278,37,-14,2071,-5,-4,10,39925
DATA,3279,37,-15,2079,-4,-4,9,40550
DATA,3280,38,-13,2080,-6,-2,11,41175
DATA,3281,35,-12,2069,-6,-3,11,41800
DATA,3282,39,-15,2074,-4,-3,9,42425
DATA,3283,38,-13,2081,-4,-4,11,43050
DATA,3284,34,-16,2073,-6,-2,11,43675
DATA,3285,35,-14,2071,-6,-5,8,44300
DATA,3286,38,-13,2077,-4,-5,11,44925
DATA,3287,37,-13,2083,-4,-3,10,45550
DATA,3288,35,-11,2074,-5,-4,10,46175
DATA,3289,36,-15,2077,-5,-4,11,46800
DATA,3290,39,-12,2083,-6,-3,10,47425
DATA,3291,37,-15,2075,-7,-3,10,48050
DATA,3292,37,-15,2073,-5,-3,9,48675
DATA,3293,37,-14,2082,-4,-5,10,49300
DATA,3294,35,-13,2078,-5,-3,11,49925
DATA,3295,37,-13,2074,-5,-3,10,50550
DATA,3296,37,-16,2079,-4,-4,10,51175
DATA,3297,34,-15,2083,-5,-4,10,51800
DATA,3298,37,-12,2076,-6,-3,10,52425
DATA,3299,36,-15,2075,-5,-3,10,53050
DATA,3300,37,-14,2080,-4,-3,10,53675
DATA,3301,36,-14,2082,-6,-3,8,54300
DATA,3302,38,-13,2075,-6,-3,10,54925
DATA,3303,38,-12,2081,-5,-4,11,55550
DATA,3304,37,-12,2083,-6,-3,11,56175
DATA,3305,36,-15,2077,-6,-4,10,56800
DATA,3306,37,-12,2076,-6,-3,10,57425
DATA,3307,37,-14,2080,-5,-3,10,58050
DATA,3308,35,-13,2080,-6,-3,10,58675
DATA,3309,36,-14,2075,-6,-3,10,59300
DATA,3310,38,-15,2080,-6,-4,9,59925
DATA,3311,37,-13,2082,-5,-4,12,60550
DATA,3312,39,-14,2075,-5,-4,9,61175
DATA,3313,37,-14,2076,-5,-4,9,61800
DATA,3314,37,-15,2084,-5,-4,9,62425
DATA,3315,34,-13,2080,-6,-3,9,63050
DATA,3316,34,-16,2077,-5,-3,11,63675
DATA,3317,36,-12,2082,-5,-4,10,64300
DATA,3318,37,-14,2080,-6,-3,10,64925
DATA,3319,34,-14,2075,-7,-5,9,14
DATA,3320,36,-14,2082,-4,-3,10,639
DATA,3321,37,-14,2080,-4,-4,10,1264
DATA,3322,36,-13,2076,-6,-3,11,1889
DATA,3323,33,-15,2077,-5,-5,10,2514
DATA,3324,35,-15,2083,-5,-4,9,3139
DATA,3325,38,-14,2079,-5,-4,11,3764
DATA,3326,36,-16,2073,-5,-4,9,4389
DATA,3327,37,-13,2080,-4,-5,10,5014
DATA,3328,36,-12,2082,-5,-4,10,5639
DATA,3329,34,-15,2076,-6,-2,10,6264
DATA,3330,37,-13,2077,-6,-4,11,6889
DATA,3331,35,-13,2085,-5,-4,12,7514
DATA,3332,35,-11,2077,-6,-3,11,8139
DATA,3333,35,-15,2072,-4,-4,10,8764
DATA,3334,38,-16,2082,-5,-5,11,9389
DATA,3335,37,-12,2082,-6,-5,9,10014
DATA,3336,35,-15,2074,-5,-3,11,10639
DATA,3337,36,-12,2076,-5,-4,10,11264
DATA,3338,39,-15,2084,-5,-3,10,11889
DATA,3339,37,-12,2079,-6,-5,10,12514
DATA,3340,36,-14,2072,-4,-4,11,13139
DATA,3341,38,-11,2082,-4,-5,11,13764
DATA,3342,37,-12,2079,-6,-3,11,14389
DATA,3343,36,-14,2075,-6,-3,11,15014
DATA,3344,37,-15,2079,-5,-4,10,15639
DATA,3345,37,-16,2084,-4,-4,10,16264
DATA,3346,37,-13,2076,-5,-3,10,16889
DATA,3347,37,-13,2072,-5,-4,10,17514
DATA,3348,37,-16,2085,-4,-3,9,18139
DATA,3349,38,-15,2082,-6,-3,10,18764
DATA,3350,36,-13,2071,-6,-4,10,19389
DATA,3351,35,-15,2078,-5,-5,10,20014
DATA,3352,38,-13,2082,-6,-3,10,20639
DATA,3353,35,-15,2075,-6,-4,11,21264
DATA,3354,34,-13,2073,-5,-4,9,21889
DATA,3355,35,-13,2084,-5,-3,10,22514
DATA,3356,38,-13,2079,-5,-4,10,23139
DATA,3357,37,-14,2073,-6,-4,10,23764
DATA,3358,36,-15,2079,-5,-3,10,24389
DATA,3359,37,-14,2083,-4,-3,10,25014
DATA,3360,36,-14,2075,-6,-3,10,25639
DATA,3361,34,-16,2072,-5,-4,11,26264
DATA,3362,36,-14,2084,-6,-3,11,26889
DATA,3363,34,-14,2081,-6,-3,10,27514
DATA,3364,37,-13,2070,-5,-3,10,28139
DATA,3365,37,-14,2080,-4,-4,10,28764
DATA,3366,38,-12,2082,-5,-5,10,29389
DATA,3367,36,-14,2072,-5,-4,11,30014
DATA,3368,38,-15,2074,-5,-4,12,30639
DATA,3369,36,-15,2082,-5,-5,10,31264
DATA,3370,35,-12,2078,-6,-4,10,31889
DATA,3371,35,-14,2072,-6,-3,9,32514
DATA,3372,37,-14,2078,-5,-5,11,33139
DATA,3373,36,-11,2077,-6,-3,9,33764
DATA,3374,36,-12,2070,-6,-3,10,34389
DATA,3375,36,-16,2075,-5,-5,10,35014
DATA,3376,38,-17,2079,-4,-4,11,35639
DATA,3377,36,-13,2074,-5,-3,10,36264
DATA,3378,35,-15,2069,-4,-3,9,36889
DATA,3379,39,-13,2081,-5,-4,10,37514
DATA,3380,36,-12,2076,-6,-5,10,38139
DATA,3381,36,-13,2073,-6,-4,11,38764
DATA,3382,36,-16,2074,-4,-4,10,39389
DATA,3383,38,-12,2079,-4,-3,11,40014
DATA,3384,37,-14,2074,-6,-4,10,40639
DATA,3385,34,-16,2073,-4,-4,9,41264
DATA,3386,38,-14,2080,-5,-4,11,41889
DATA,3387,36,-14,2078,-6,-3,10,42514
DATA,3388,36,-17,2073,-5,-4,12,43139
DATA,3389,37,-16,2076,-4,-5,11,43764
DATA,3390,37,-13,2079,-6,-4,10,44389
DATA,3391,37,-16,2073,-6,-3,10,45014
DATA,3392,36,-14,2074,-5,-4,9,45639
DATA,3393,37,-14,2080,-4,-4,11,46264
DATA,3394,36,-14,2074,-6,-4,11,46889
DATA,3395,37,-13,2072,-6,-4,9,47514
DATA,3396,38,-15,2080,-4,-3,9,48139
DATA,3397,38,-14,2079,-6,-3,10,48764
DATA,3398,35,-14,2071,-5,-4,9,49389
DATA,3399,35,-13,2077,-4,-3,9,50014
DATA,3400,36,-14,2084,-5,-4,9,50639
DATA,3401,35,-15,2077,-6,-3,10,51264
DATA,3402,35,-15,2075,-5,-4,10,51889
DATA,3403,36,-15,2079,-5,-2,10,52514
DATA,3404,37,-15,2081,-5,-4,9,53139
DATA,3405,35,-15,2074,-6,-3,11,53764
DATA,3406,37,-15,2079,-4,-3,11,54389
DATA,3407,37,-14,2081,-4,-3,9,55014
DATA,3408,36,-14,2072,-6,-5,10,55639
DATA,3409,37,-16,2075,-6,-5,11,56264
DATA,3410,39,-14,2086,-4,-3,10,56889
DATA,3411,35,-12,2078,-5,-4,12,57514
DATA,3412,36,-10,2069,-5,-4,11,58139
DATA,3413,39,-15,2079,-6,-4,10,58764
DATA,3414,36,-15,2085,-6,-3,11,59389
DATA,3415,34,-15,2077,-5,-3,11,60014
DATA,3416,37,-13,2074,-3,-4,11,60639
DATA,3417,38,-12,2081,-5,-3,11,61264
DATA,3418,38,-13,2078,-6,-4,10,61889
DATA,3419,36,-16,2076,-5,-4,11,62514
DATA,3420,36,-15,2082,-3,-3,11,63139
DATA,3421,37,-12,2079,-4,-3,10,63764
DATA,3422,35,-14,2075,-7,-5,11,64389
DATA,3423,36,-14,2078,-6,-5,10,65014
DATA,3424,37,-16,2085,-5,-3,10,103
DATA,3425,35,-13,2078,-4,-4,11,728
DATA,3426,34,-12,2071,-5,-5,9,1353
DATA,3427,37,-15,2080,-6,-5,10,1978
DATA,3428,35,-14,2080,-6,-5,12,2603
DATA,3429,33,-13,2077,-6,-3,10,3228
DATA,3430,36,-16,2074,-6,-3,10,3853
DATA,3431,38,-14,2082,-5,-4,11,4478
DATA,3432,37,-15,2078,-6,-4,9,5103
DATA,3433,34,-14,2076,-5,-3,11,5728
DATA,3434,37,-16,2081,-5,-3,10,6353
DATA,3435,35,-13,2081,-5,-4,10,6978
DATA,3436,35,-13,2072,-6,-3,11,7603
DATA,3437,35,-11,2079,-5,-4,11,8228
DATA,3438,38,-15,2087,-4,-3,11,8853
DATA,3439,38,-14,2077,-6,-4,11,9478
DATA,3440,36,-14,2072,-6,-4,9,10103
DATA,3441,36,-15,2081,-5,-3,13,10728
DATA,3442,38,-15,2082,-5,-4,10,11353
DATA,3443,36,-13,2074,-6,-3,10,11978
DATA,3444,36,-11,2077,-4,-4,10,12603
DATA,3445,37,-14,2080,-5,-2,11,13228
DATA,3446,36,-14,2076,-6,-3,11,13853
DATA,3447,35,-13,2073,-4,-4,12,14478
DATA,3448,35,-15,2080,-4,-4,10,15103
DATA,3449,36,-11,2078,-5,-4,11,15728
DATA,3450,34,-12,2073,-6,-5,10,16353
DATA,3451,36,-15,2077,-5,-4,10,16978
DATA,3452,35,-13,2083,-5,-2,11,17603
DATA,3453,36,-15,2075,-6,-3,9,18228
DATA,3454,37,-14,2075,-5,-4,11,18853
DATA,3455,38,-12,2081,-5,-4,12,19478
DATA,3456,36,-13,2082,-5,-4,10,20103
DATA,3457,35,-13,2074,-6,-3,10,20728
DATA,3458,35,-14,2080,-5,-4,12,21353
DATA,3459,36,-15,2080,-5,-3,11,21978
DATA,3460,34,-16,2075,-6,-4,11,22603
DATA,3461,38,-14,2077,-4,-4,11,23228
DATA,3462,35,-13,2079,-5,-3,10,23853
DATA,3463,38,-15,2076,-6,-3,11,24478
DATA,3464,34,-14,2072,-6,-3,11,25103
DATA,3465,37,-13,2079,-5,-4,10,25728
DATA,3466,36,-14,2081,-7,-4,11,26353
DATA,3467,37,-12,2073,-6,-4,11,26978
DATA,3468,37,-11,2075,-6,-5,9,27603
DATA,3469,38,-13,2078,-5,-4,11,28228
DATA,3470,37,-16,2075,-5,-4,9,28853
DATA,3471,35,-14,2072,-5,-3,9,29478
DATA,3472,36,-14,2078,-4,-3,10,30103
DATA,3473,38,-14,2077,-5,-4,11,30728
DATA,3474,36,-14,2074,-5,-3,9,31353
DATA,3475,35,-17,2077,-4,-4,11,31978
DATA,3476,36,-11,2075,-5,-4,11,32603
DATA,3477,37,-15,2070,-6,-4,9,33228
DATA,3478,36,-15,2072,-5,-4,10,33853
DATA,3479,36,-15,2082,-6,-4,10,34478
DATA,3480,35,-14,2076,-6,-3,9,35103
DATA,3481,35,-14,2071,-5,-4,10,35728
DATA,3482,36,-12,2075,-6,-4,10,36353
DATA,3483,35,-12,2079,-5,-3,11,36978
DATA,3484,35,-13,2073,-6,-4,11,37603
DATA,3485,37,-17,2075,-5,-3,9,38228
DATA,3486,38,-16,2081,-5,-3,11,38853
DATA,3487,38,-14,2075,-6,-3,9,39478
DATA,3488,37,-13,2072,-5,-4,10,40103
DATA,3489,38,-15,2082,-4,-4,10,40728
DATA,3490,36,-12,2078,-5,-3,9,41353
DATA,3491,34,-15,2072,-6,-4,9,41978
DATA,3492,35,-13,2074,-5,-4,11,42603
DATA,3493,37,-13,2082,-5,-4,10,43228
DATA,3494,36,-14,2075,-5,-4,10,43853
DATA,3495,36,-15,2074,-6,-3,10,44478
DATA,3496,39,-17,2080,-6,-5,11,45103
DATA,3497,38,-12,2081,-5,-4,11,45728
DATA,3498,34,-12,2072,-5,-4,10,46353
DATA,3499,35,-13,2077,-5,-4,9,46978
DATA,3500,35,-14,2082,-5,-3,11,47603
DATA,3501,37,-14,2076,-6,-4,10,48228
DATA,3502,36,-13,2075,-6,-4,10,48853
DATA,3503,37,-15,2082,-4,-4,9,49478
DATA,3504,36,-15,2079,-5,-3,12,50103
DATA,3505,36,-15,2074,-7,-4,9,50728
DATA,3506,38,-14,2081,-5,-3,12,51353
DATA,3507,37,-12,2085,-6,-3,10,51978
DATA,3508,36,-12,2076,-5,-4,10,52603
DATA,3509,37,-13,2072,-4,-4,10,53228
DATA,3510,38,-11,2082,-5,-4,11,53853
DATA,3511,38,-13,2079,-6,-3,9,54478
DATA,3512,36,-12,2072,-5,-4,11,55103
DATA,3513,35,-14,2079,-4,-4,10,55728
DATA,3514,38,-14,2084,-5,-3,9,56353
DATA,3515,35,-13,2076,-6,-4,11,56978
DATA,3516,36,-12,2075,-5,-4,11,57603
DATA,3517,38,-13,2083,-5,-4,12,58228
DATA,3518,38,-13,2077,-7,-4,10,58853
DATA,3519,33,-15,2073,-5,-4,11,59478
DATA,3520,36,-13,2081,-5,-3,11,60103
DATA,3521,37,-14,2082,-6,-4,9,60728
DATA,3522,34,-14,2073,-6,-3,10,61353
DATA,3523,35,-14,2077,-4,-5,10,61978
DATA,3524,36,-14,2084,-5,-4,11,62603
DATA,3525,39,-14,2076,-6,-3,10,63228
DATA,3526,35,-15,2077,-6,-4,10,63853
DATA,3527,37,-13,2080,-5,-4,11,64478
DATA,3528,36,-14,2082,-7,-3,9,65103
DATA,3529,34,-13,2072,-6,-3,10,192
DATA,3530,38,-14,2078,-5,-4,11,817
DATA,3531,36,-14,2084,-5,-3,10,1442
DATA,3532,36,-15,2076,-5,-4,10,2067
DATA,3533,36,-15,2076,-5,-4,10,2692
DATA,3534,37,-12,2081,-4,-3,10,3317
DATA,3535,36,-15,2081,-6,-3,10,3942
DATA,3536,36,-16,2074,-5,-3,9,4567
DATA,3537,35,-13,2078,-5,-4,11,5192
DATA,3538,37,-13,2078,-6,-3,9,5817
DATA,3539,35,-14,2076,-5,-4,9,6442
DATA,3540,35,-13,2077,-4,-4,9,7067
DATA,3541,38,-12,2082,-5,-4,10,7692
DATA,3542,35,-16,2078,-6,-4,10,8317
DATA,3543,35,-17,2075,-5,-4,10,8942
DATA,3544,39,-15,2078,-4,-3,11,9567
DATA,3545,39,-13,2080,-4,-4,10,10192
DATA,3546,37,-14,2073,-5,-4,9,10817
DATA,3547,36,-13,2079,-5,-3,11,11442
DATA,3548,38,-14,2084,-5,-4,9,12067
DATA,3549,37,-14,2077,-6,-3,9,12692
DATA,3550,37,-13,2075,-4,-5,10,13317
DATA,3551,36,-13,2077,-5,-4,10,13942
DATA,3552,39,-16,2082,-6,-3,9,14567
DATA,3553,35,-13,2080,-5,-4,11,15192
DATA,3554,34,-11,2077,-4,-3,10,15817
DATA,3555,34,-12,2075,-6,-4,9,16442
DATA,3556,36,-15,2072,-7,-6,10,17067
DATA,3557,34,-17,2078,-7,-4,10,17692
DATA,3558,36,-16,2084,-4,-3,10,18317
DATA,3559,36,-14,2078,-5,-2,10,18942
DATA,3560,37,-14,2069,-7,-5,9,19567
DATA,3561,38,-15,2077,-6,-5,11,20192
DATA,3562,37,-15,2085,-3,-3,11,20817
DATA,3563,36,-13,2079,-3,-3,11,21442
DATA,3564,35,-13,2071,-6,-3,10,22067
DATA,3565,40,-16,2075,-7,-3,10,22692
DATA,3566,37,-17,2080,-6,-4,9,23317
DATA,3567,36,-16,2076,-3,-3,10,23942
DATA,3568,36,-16,2076,-3,-3,10,24567
DATA,3569,36,-12,2076,-6,-4,11,25192
DATA,3570,39,-15,2075,-8,-4,10,25817
DATA,3571,37,-18,2079,-7,-4,9,26442
DATA,3572,36,-16,2083,-1,-4,12,27067
DATA,3573,37,-14,2075,-3,-4,10,27692
DATA,3574,34,-10,2069,-6,-3,10,28317
DATA,3575,35,-11,2076,-6,-3,10,28942
DATA,3576,36,-14,2082,-7,-3,9,29567
DATA,3577,34,-16,2074,-6,-3,10,30192
DATA,3578,37,-14,2072,-4,-3,10,30817
DATA,3579,37,-13,2079,-4,-4,10,31442
DATA,3580,37,-13,2078,-6,-4,10,32067
DATA,3581,35,-14,2072,-6,-4,10,32692
DATA,3582,37,-14,2078,-4,-4,9,33317
DATA,3583,35,-12,2078,-4,-4,10,33942
DATA,3584,37,-14,2072,-6,-4,12,34567
DATA,3585,37,-13,2075,-6,-4,10,35192
DATA,3586,38,-13,2082,-4,-4,11,35817
DATA,3587,36,-11,2075,-6,-4,10,36442
DATA,3588,34,-13,2072,-7,-3,10,37067
DATA,3589,38,-15,2079,-4,-5,11,37692
DATA,3590,35,-14,2081,-5,-3,9,38317
DATA,3591,35,-14,2075,-5,-4,11,38942
DATA,3592,36,-14,2080,-5,-4,11,39567
DATA,3593,37,-14,2079,-6,-5,9,40192
DATA,3594,35,-15,2076,-6,-4,10,40817
DATA,3595,36,-14,2074,-5,-3,9,41442
DATA,3596,38,-11,2083,-4,-4,10,42067
DATA,3597,36,-12,2082,-5,-3,10,42692
DATA,3598,34,-15,2073,-5,-3,9,43317
DATA,3599,36,-15,2078,-5,-5,9,43942
DATA,3600,39,-13,2080,-6,-2,10,44567
DATA,3601,36,-14,2079,-6,-4,10,45192
DATA,3602,35,-12,2075,-5,-2,9,45817
DATA,3603,34,-14,2081,-6,-3,9,46442
DATA,3604,38,-16,2081,-6,-3,10,47067
DATA,3605,35,-13,2076,-6,-4,10,47692
DATA,3606,38,-13,2083,-4,-4,11,48317
DATA,3607,34,-13,2083,-5,-4,9,48942
DATA,3608,36,-14,2077,-6,-4,12,49567
DATA,3609,36,-13,2079,-4,-3,9,50192
DATA,3610,37,-14,2082,-5,-3,8,50817
DATA,3611,36,-14,2079,-6,-3,10,51442
DATA,3612,36,-14,2075,-4,-4,10,52067
DATA,3613,38,-14,2078,-4,-4,10,52692
DATA,3614,38,-14,2084,-6,-3,10,53317
DATA,3615,38,-14,2079,-5,-4,9,53942
DATA,3616,38,-14,2078,-4,-4,9,54567
DATA,3617,36,-12,2078,-5,-4,10,55192
DATA,3618,37,-14,2080,-6,-4,11,55817
DATA,3619,37,-17,2077,-4,-4,10,56442
DATA,3620,39,-13,2084,-5,-5,10,57067
DATA,3621,39,-13,2082,-5,-3,11,57692
DATA,3622,37,-12,2074,-6,-3,9,58317
DATA,3623,38,-14,2077,-5,-5,10,58942
DATA,3624,38,-15,2083,-5,-4,10,59567
DATA,3625,34,-13,2078,-5,-5,12,60192
DATA,3626,35,-13,2075,-4,-4,10,60817
DATA,3627,36,-14,2079,-6,-4,9,61442
DATA,3628,38,-16,2080,-5,-3,11,62067
DATA,3629,35,-15,2074,-5,-4,10,62692
DATA,3630,37,-14,2081,-4,-4,10,63317
DATA,3631,38,-13,2082,-5,-4,10,63942
DATA,3632,36,-18,2076,-7,-3,9,64567
DATA,3633,36,-15,2074,-6,-4,10,65192
DATA,3634,37,-15,2087,-4,-4,12,281
DATA,3635,37,-13,2080,-4,-3,10,906
DATA,3636,36,-12,2074,-5,-4,11,1531
DATA,3637,36,-14,2081,-4,-4,10,2156
DATA,3638,35,-14,2082,-6,-3,10,2781
DATA,3639,34,-15,2076,-5,-3,11,3406
DATA,3640,36,-14,2077,-5,-4,9,4031
DATA,3641,36,-14,2083,-5,-4,10,4656
DATA,3642,39,-13,2075,-6,-3,10,5281
DATA,3643,36,-14,2073,-7,-3,9,5906
DATA,3644,37,-16,2080,-4,-4,9,6531
DATA,3645,36,-14,2080,-5,-3,10,7156
DATA,3646,34,-12,2073,-7,-4,9,7781
DATA,3647,35,-13,2077,-5,-3,9,8406
DATA,3648,38,-16,2083,-5,-3,9,9031
DATA,3649,35,-15,2078,-6,-4,9,9656
DATA,3650,35,-15,2072,-5,-4,11,10281
DATA,3651,39,-13,2082,-5,-4,11,10906
DATA,3652,38,-14,2081,-6,-4,11,11531
DATA,3653,35,-15,2074,-6,-3,10,12156
DATA,3654,35,-15,2079,-4,-4,10,12781
DATA,3655,37,-14,2083,-5,-3,10,13406
DATA,3656,37,-13,2077,-6,-3,11,14031
DATA,3657,37,-12,2074,-4,-4,10,14656
DATA,3658,37,-14,2082,-5,-5,10,15281
DATA,3659,36,-14,2078,-5,-4,9,15906
DATA,3660,35,-15,2072,-5,-4,10,16531
DATA,3661,37,-14,2078,-5,-4,10,17156
DATA,3662,38,-15,2081,-6,-4,11,17781
DATA,3663,36,-13,2075,-7,-3,10,18406
DATA,3664,35,-15,2075,-4,-4,10,19031
DATA,3665,37,-13,2081,-5,-4,11,19656
DATA,3666,37,-16,2078,-6,-4,10,20281
DATA,3667,36,-14,2072,-6,-3,10,20906
DATA,3668,35,-14,2077,-5,-3,10,21531
DATA,3669,36,-12,2080,-5,-4,11,22156
DATA,3670,36,-16,2074,-5,-3,10,22781
DATA,3671,35,-13,2071,-4,-3,9,23406
DATA,3672,37,-14,2078,-5,-3,11,24031
DATA,3673,37,-14,2079,-6,-3,11,24656
DATA,3674,35,-13,2069,-5,-3,10,25281
DATA,3675,36,-15,2075,-5,-3,11,25906
DATA,3676,36,-15,2078,-5,-3,10,26531
DATA,3677,36,-15,2075,-5,-2,10,27156
DATA,3678,34,-14,2071,-4,-3,12,27781
DATA,3679,37,-14,2077,-5,-4,11,28406
DATA,3680,37,-14,2078,-6,-3,9,29031
DATA,3681,35,-15,2072,-6,-3,10,29656
DATA,3682,37,-15,2079,-4,-3,10,30281
DATA,3683,37,-17,2079,-5,-3,10,30906
DATA,3684,35,-13,2073,-7,-3,11,31531
DATA,3685,35,-13,2074,-5,-3,10,32156
DATA,3686,39,-15,2083,-5,-4,9,32781
DATA,3687,37,-13,2078,-5,-4,10,33406
DATA,3688,34,-14,2073,-5,-5,10,34031
DATA,3689,40,-16,2079,-5,-5,10,34656
DATA,3690,35,-15,2078,-6,-4,10,35281
DATA,3691,34,-15,2075,-5,-5,12,35906
DATA,3692,36,-13,2079,-4,-5,11,36531
DATA,3693,36,-14,2082,-5,-4,10,37156
DATA,3694,36,-11,2074,-6,-3,10,37781
DATA,3695,36,-15,2075,-6,-4,9,38406
DATA,3696,35,-17,2083,-5,-4,10,39031
DATA,3697,35,-16,2081,-5,-3,10,39656
DATA,3698,37,-15,2076,-5,-4,10,40281
DATA,3699,36,-14,2077,-5,-4,11,40906
DATA,3700,36,-14,2080,-6,-3,11,41531
DATA,3701,33,-16,2075,-6,-4,11,42156
DATA,3702,36,-13,2077,-5,-4,10,42781
DATA,3703,36,-14,2085,-5,-4,11,43406
DATA,3704,35,-16,2081,-6,-3,11,44031
DATA,3705,36,-16,2077,-6,-4,10,44656
DATA,3706,36,-14,2080,-4,-4,10,45281
DATA,3707,37,-14,2079,-5,-4,11,45906
DATA,3708,34,-14,2075,-5,-4,11,46531
DATA,3709,36,-15,2076,-5,-4,11,47156
DATA,3710,36,-16,2084,-6,-3,10,47781
DATA,3711,37,-15,2076,-6,-2,10,48406
DATA,3712,37,-13,2075,-5,-3,11,49031
DATA,3713,38,-12,2082,-4,-4,11,49656
DATA,3714,36,-13,2080,-5,-3,10,50281
DATA,3715,36,-15,2077,-5,-4,9,50906
DATA,3716,37,-15,2078,-5,-4,11,51531
DATA,3717,36,-12,2082,-4,-4,11,52156
DATA,3718,33,-13,2077,-7,-4,9,52781
DATA,3719,39,-14,2076,-5,-5,11,53406
DATA,3720,36,-16,2083,-4,-3,9,54031
DATA,3721,38,-15,2082,-6,-4,9,54656
DATA,3722,36,-12,2072,-6,-4,10,55281
DATA,3723,35,-14,2076,-5,-4,10,55906
DATA,3724,37,-14,2083,-5,-4,10,56531
DATA,3725,34,-16,2080,-5,-3,11,57156
DATA,3726,36,-13,2076,-5,-3,9,57781
DATA,3727,36,-13,2081,-7,-4,9,58406
DATA,3728,35,-16,2078,-6,-3,10,59031
DATA,3729,36,-15,2077,-5,-3,11,59656
DATA,3730,35,-17,2081,-3,-4,9,60281
DATA,3731,38,-15,2085,-4,-3,10,60906
DATA,3732,34,-12,2068,-7,-4,10,61531
DATA,3733,38,-17,2085,-5,-3,11,62156
DATA,3734,35,-13,2092,-2,-3,11,62781
DATA,3735,35,-12,2067,-5,-4,10,63406
DATA,3736,35,-13,2070,-7,-5,9,64031
DATA,3737,38,-15,2082,-7,-5,10,64656
DATA,3738,38,-18,2087,-7,-4,10,65281
DATA,3739,38,-18,2082,-4,-2,10,370
DATA,3740,35,-11,2074,-2,-4,9,995
DATA,3741,36,-11,2067,-8,-4,9,1620
DATA,3742,37,-17,2079,-8,-4,10,2245
DATA,3743,36,-17,2092,-2,-3,10,2870
DATA,3744,35,-11,2083,-3,-2,10,3495
DATA,3745,38,-13,2073,-8,-3,9,4120
DATA,3746,37,-14,2070,-7,-5,9,4745
DATA,3747,36,-16,2079,-6,-5,10,5370
DATA,3748,37,-17,2088,-3,-3,11,5995
DATA,3749,35,-13,2083,-1,-2,10,6620
DATA,3750,33,-6,2066,-6,-4,10,7245
DATA,3751,37,-11,2070,-12,-4,9,7870
DATA,3752,39,-20,2082,-6,-4,11,8495
DATA,3753,35,-16,2087,0,-2,11,9120
DATA,3754,36,-13,2076,-3,-2,10,9745
DATA,3755,37,-11,2072,-6,-3,10,10370
DATA,3756,36,-12,2073,-9,-4,11,10995
DATA,3757,36,-16,2076,-8,-3,8,11620
DATA,3758,38,-20,2088,-2,-4,11,12245
DATA,3759,37,-11,2084,0,-2,12,12870
DATA,3760,35,-8,2067,-8,-4,9,13495
DATA,3761,40,-16,2072,-10,-4,11,14120
DATA,3762,38,-16,2086,-3,-4,11,14745
DATA,3763,34,-13,2075,-3,-3,9,15370
DATA,3764,34,-17,2061,-5,-4,11,15995
DATA,3765,38,-21,2077,-6,-4,11,16620
DATA,3766,37,-21,2093,-5,-4,13,17245
DATA,3767,32,-12,2080,0,-2,11,17870
DATA,3768,33,-3,2067,3,-4,10,18495
DATA,3769,35,4,2068,-4,-4,8,19120
DATA,3770,38,-5,2081,-13,-4,8,19745
DATA,3771,38,-19,2084,-12,-4,8,20370
DATA,3772,39,-22,2078,-7,-4,11,20995
DATA,3773,42,-21,2067,-7,-5,9,21620
DATA,3774,39,-23,2064,-4,-4,11,22245
DATA,3775,37,-17,2082,2,-3,13,22870
DATA,3776,34,-8,2089,1,-3,11,23495
DATA,3777,32,-7,2071,-6,-4,11,24120
DATA,3778,31,-10,2062,-11,-5,9,24745
DATA,3779,33,-15,2073,-9,-4,10,25370
DATA,3780,38,-20,2083,-3,-5,9,25995
DATA,3781,39,-17,2079,0,-4,11,26620
DATA,3782,42,-14,2075,-4,-4,9,27245
DATA,3783,42,-11,2069,-10,-5,10,27870
DATA,3784,40,-17,2080,-7,-4,10,28495
DATA,3785,33,-13,2081,1,-2,10,29120
DATA,3786,29,-8,2073,-2,-3,9,29745
DATA,3787,33,-11,2072,-8,-4,8,30370
DATA,3788,37,-14,2082,-9,-4,8,30995
DATA,3789,36,-19,2087,-8,-4,10,31620
DATA,3790,36,-19,2078,-6,-3,9,32245
DATA,3791,39,-16,2068,-2,-4,10,32870
DATA,3792,39,-11,2072,-4,-5,11,33495
DATA,3793,40,-16,2081,-6,-4,11,34120
DATA,3794,36,-15,2086,-3,-4,11,34745
DATA,3795,34,-11,2079,-3,-3,12,35370
DATA,3796,35,-9,2073,-5,-3,11,35995
DATA,3797,35,-10,2072,-6,-5,10,36620
DATA,3798,37,-12,2081,-6,-4,10,37245
DATA,3799,35,-15,2090,-8,-5,10,37870
DATA,3800,39,-19,2080,-8,-3,10,38495
DATA,3801,39,-18,2074,-5,-3,10,39120
DATA,3802,40,-16,2074,-6,-4,11,39745
DATA,3803,37,-17,2082,-3,-3,12,40370
DATA,3804,33,-14,2084,-1,-4,10,40995
DATA,3805,33,-8,2078,-4,-4,10,41620
DATA,3806,34,-12,2078,-7,-4,11,42245
DATA,3807,37,-16,2076,-8,-4,9,42870
DATA,3808,32,-13,2074,-5,-3,11,43495
DATA,3809,37,-14,2080,-4,-4,11,44120
DATA,3810,41,-15,2084,-4,-3,9,44745
DATA,3811,37,-13,2076,-7,-3,11,45370
DATA,3812,35,-17,2071,-8,-5,10,45995
DATA,3813,38,-21,2083,-4,-4,10,46620
DATA,3814,36,-14,2083,0,-3,12,47245
DATA,3815,34,-8,2072,-2,-3,9,47870
DATA,3816,35,-8,2074,-6,-5,11,48495
DATA,3817,36,-12,2082,-9,-4,8,49120
DATA,3818,38,-16,2078,-10,-4,9,49745
DATA,3819,38,-20,2073,-6,-4,10,50370
DATA,3820,38,-19,2082,-1,-4,10,50995
DATA,3821,37,-13,2079,-3,-2,9,51620
DATA,3822,38,-13,2070,-7,-3,9,52245
DATA,3823,39,-17,2076,-6,-4,11,52870
DATA,3824,39,-12,2082,-5,-4,10,53495
DATA,3825,36,-14,2078,-5,-3,10,54120
DATA,3826,35,-14,2076,-3,-5,10,54745
DATA,3827,36,-11,2082,-4,-3,10,55370
DATA,3828,36,-10,2077,-8,-4,10,55995
DATA,3829,36,-14,2074,-6,-4,10,56620
DATA,3830,39,-15,2084,-4,-3,9,57245
DATA,3831,38,-13,2083,-5,-3,10,57870
DATA,3832,34,-13,2073,-6,-3,10,58495
DATA,3833,34,-15,2073,-5,-4,12,59120
DATA,3834,38,-15,2082,-5,-5,9,59745
DATA,3835,36,-16,2078,-6,-4,11,60370
DATA,3836,32,-16,2072,-5,-4,10,60995
DATA,3837,36,-13,2078,-5,-3,11,61620
DATA,3838,36,-16,2080,-7,-3,10,62245
DATA,3839,36,-15,2077,-4,-3,10,62870
DATA,3840,37,-13,2076,-2,-4,10,63495
DATA,3841,39,-11,2080,-4,-3,10,64120
DATA,3842,38,-12,2077,-6,-3,10,64745
DATA,3843,37,-13,2076,-6,-4,10,65370
DATA,3844,37,-14,2082,-5,-4,11,459
DATA,3845,36,-16,2078,-6,-3,11,1084
DATA,3846,35,-13,2073,-5,-4,10,1709
DATA,3847,36,-13,2077,-5,-4,9,2334
DATA,3848,36,-15,2082,-5,-4,9,2959
DATA,3849,34,-17,2079,-6,-4,9,3584
DATA,3850,35,-17,2074,-4,-4,11,4209
DATA,3851,36,-16,2078,-4,-3,10,4834
DATA,3852,37,-14,2079,-5,-4,11,5459
DATA,3853,35,-13,2076,-4,-3,13,6084
DATA,3854,34,-12,2080,-6,-4,9,6709
DATA,3855,36,-12,2079,-6,-4,10,7334
DATA,3856,35,-14,2074,-6,-4,10,7959
DATA,3857,35,-16,2073,-5,-4,11,8584
DATA,3858,39,-19,2078,-6,-4,12,9209
DATA,3859,39,-19,2088,-4,-2,13,9834
DATA,3860,35,-16,2068,-4,-4,12,10459
DATA,3861,37,-16,2071,-5,-6,12,11084
DATA,3862,38,-16,2086,-3,-4,11,11709
DATA,3863,33,-7,2082,-3,-3,13,12334
DATA,3864,32,-7,2077,-2,-4,10,12959
DATA,3865,37,-5,2076,-3,-3,9,13584
DATA,3866,38,-4,2080,-7,-4,9,14209
DATA,3867,36,-10,2068,-14,-4,8,14834
DATA,3868,42,-23,2084,-8,-4,9,15459
DATA,3869,43,-20,2087,-3,-3,11,16084
DATA,3870,37,-19,2063,-6,-3,12,16709
DATA,3871,39,-23,2066,-5,-4,11,17334
DATA,3872,36,-17,2083,0,-4,13,17959
DATA,3873,33,-12,2080,-2,-3,11,18584
DATA,3874,29,-11,2069,-5,-4,10,19209
DATA,3875,34,-10,2074,-5,-5,10,19834
DATA,3876,36,-11,2082,-9,-4,9,20459
DATA,3877,38,-15,2071,-8,-4,9,21084
DATA,3878,42,-18,2074,-2,-5,10,21709
DATA,3879,40,-10,2081,-2,-3,10,22334
DATA,3880,41,-9,2072,-8,-4,11,22959
DATA,3881,38,-15,2068,-6,-4,10,23584
DATA,3882,34,-13,2080,-3,-4,11,24209
DATA,3883,31,-13,2073,-7,-4,11,24834
DATA,3884,31,-15,2069,-7,-4,10,25459
DATA,3885,34,-17,2079,-5,-4,9,26084
DATA,3886,37,-15,2085,-7,-3,10,26709
DATA,3887,38,-21,2072,-8,-4,10,27334
DATA,3888,39,-19,2073,-2,-3,10,27959
DATA,3889,40,-14,2082,-1,-4,11,28584
DATA,3890,37,-13,2075,-5,-3,12,29209
DATA,3891,32,-10,2073,-4,-5,10,29834
DATA,3892,37,-9,2079,-5,-3,11,30459
DATA,3893,36,-11,2084,-7,-3,10,31084
DATA,3894,33,-12,2074,-6,-3,11,31709
DATA,3895,33,-14,2075,-5,-4,10,32334
DATA,3896,35,-16,2083,-7,-4,10,32959
DATA,3897,37,-19,2076,-8,-4,8,33584
DATA,3898,35,-18,2073,-5,-3,11,34209
DATA,3899,37,-15,2078,-3,-4,9,34834
DATA,3900,37,-15,2082,-3,-2,11,35459
DATA,3901,35,-16,2074,-5,-3,11,36084
DATA,3902,33,-11,2077,-5,-5,9,36709
DATA,3903,33,-11,2085,-5,-4,12,37334
DATA,3904,36,-11,2078,-6,-4,10,37959
DATA,3905,35,-12,2076,-6,-3,11,38584
DATA,3906,40,-17,2085,-5,-5,11,39209
DATA,3907,39,-18,2084,-5,-3,11,39834
DATA,3908,36,-16,2074,-6,-4,11,40459
DATA,3909,38,-13,2075,-4,-3,11,41084
DATA,3910,38,-15,2083,-4,-3,9,41709
DATA,3911,38,-12,2077,-5,-3,10,42334
DATA,3912,35,-12,2074,-5,-4,10,42959
DATA,3913,36,-11,2082,-5,-3,11,43584
DATA,3914,38,-12,2083,-5,-3,12,44209
DATA,3915,36,-12,2076,-7,-3,8,44834
DATA,3916,37,-16,2079,-6,-3,11,45459
DATA,3917,37,-17,2083,-5,-4,10,46084
DATA,3918,37,-18,2075,-6,-4,9,46709
DATA,3919,36,-17,2076,-5,-4,11,47334
DATA,3920,40,-13,2082,-3,-3,12,47959
DATA,3921,36,-13,2083,-5,-3,11,48584
DATA,3922,34,-11,2072,-5,-5,11,49209
DATA,3923,35,-11,2078,-5,-4,10,49834
DATA,3924,37,-11,2085,-6,-5,10,50459
DATA,3925,36,-13,2074,-6,-4,10,51084
DATA,3926,35,-14,2078,-5,-3,10,51709
DATA,3927,40,-13,2085,-5,-4,10,52334
DATA,3928,37,-13,2079,-6,-3,9,52959
DATA,3929,37,-15,2072,-6,-3,9,53584
DATA,3930,38,-13,2080,-5,-5,10,54209
DATA,3931,36,-15,2078,-6,-3,10,54834
DATA,3932,37,-16,2072,-6,-4,11,55459
DATA,3933,36,-18,2077,-5,-3,9,56084
DATA,3934,37,-14,2085,-4,-5,11,56709
DATA,3935,37,-13,2079,-5,-3,11,57334
DATA,3936,34,-15,2073,-6,-4,10,57959
DATA,3937,38,-12,2080,-4,-4,10,58584
DATA,3938,36,-12,2080,-5,-4,11,59209
DATA,3939,35,-14,2074,-6,-3,11,59834
DATA,3940,37,-13,2078,-5,-4,10,60459
DATA,3941,38,-11,2083,-5,-4,10,61084
DATA,3942,35,-14,2072,-7,-4,9,61709
DATA,3943,37,-22,2060,-9,-5,10,62334
DATA,3944,38,-28,2091,-6,-5,13,62959
DATA,3945,34,-27,2083,-3,-4,12,63584
DATA,3946,31,-19,2061,-3,-5,12,64209
DATA,3947,35,-17,2085,2,-5,13,64834
DATA,3948,35,-2,2095,5,-1,14,65459
DATA,3949,29,9,2070,-4,-3,11,548
DATA,3950,36,3,2068,-9,-5,8,1173
DATA,3951,42,-6,2087,-12,-6,10,1798
DATA,3952,44,-19,2077,-17,-6,7,2423
DATA,3953,44,-33,2076,-10,-7,11,3048
DATA,3954,45,-28,2090,4,-4,13,3673
DATA,3955,40,-10,2073,2,-3,13,4298
DATA,3956,34,-9,2060,-5,-4,11,4923
DATA,3957,30,-7,2086,-2,-2,10,5548
DATA,3958,30,-5,2096,-5,-3,11,6173
DATA,3959,29,-9,2070,-13,-3,7,6798
DATA,3960,35,-20,2062,-12,-4,9,7423
DATA,3961,41,-20,2077,-7,-5,9,8048
DATA,3962,47,-24,2080,-7,-5,11,8673
DATA,3963,44,-27,2074,-2,-4,10,9298
DATA,3964,40,-19,2079,1,-4,13,9923
DATA,3965,35,-9,2081,-2,-4,13,10548
DATA,3966,28,-8,2070,-4,-5,12,11173
DATA,3967,25,-5,2070,-1,-4,13,11798
DATA,3968,29,-4,2083,-4,-5,10,12423
DATA,3969,35,-9,2079,-11,-4,7,13048
DATA,3970,42,-18,2072,-11,-3,8,13673
DATA,3971,41,-22,2078,-9,-5,10,14298
DATA,3972,44,-25,2082,-5,-4,10,14923
DATA,3973,41,-19,2075,1,-2,12,15548
DATA,3974,37,-6,2074,2,-3,12,16173
DATA,3975,36,1,2081,-3,-3,12,16798
DATA,3976,33,-2,2076,-8,-2,9,17423
DATA,3977,31,-7,2069,-11,-4,9,18048
DATA,3978,34,-11,2074,-12,-3,9,18673
DATA,3979,42,-20,2081,-9,-4,7,19298
DATA,3980,42,-23,2070,-8,-3,8,19923
DATA,3981,41,-22,2067,-7,-3,9,20548
DATA,3982,45,-24,2078,-4,-3,10,21173
DATA,3983,40,-20,2076,-2,-3,10,21798
DATA,3984,31,-14,2068,-1,-2,13,22423
DATA,3985,31,-9,2074,-3,-3,12,23048
DATA,3986,31,-8,2081,-4,-4,11,23673
DATA,3987,32,-8,2076,-7,-3,9,24298
DATA,3988,34,-12,2071,-8,-4,9,24923
DATA,3989,39,-15,2081,-6,-4,11,25548
DATA,3990,40,-17,2078,-7,-3,9,26173
DATA,3991,38,-20,2073,-7,-5,11,26798
DATA,3992,35,-20,2081,-3,-4,12,27423
DATA,3993,37,-13,2083,-2,-4,12,28048
DATA,3994,35,-8,2073,-3,-3,11,28673
DATA,3995,36,-9,2075,-3,-4,11,29298
DATA,3996,35,-7,2085,-4,-4,10,29923
DATA,3997,35,-10,2078,-9,-4,10,30548
DATA,3998,34,-15,2074,-9,-4,8,31173
DATA,3999,41,-20,2080,-6,-4,9,31798
DATA,4000,41,-20,2082,-5,-4,10,32423
DATA,4001,40,-18,2075,-5,-5,11,33048
DATA,4002,42,-20,2076,-2,-4,13,33673
DATA,4003,37,-13,2084,-3,-4,12,34298
DATA,4004,36,-10,2077,-4,-3,10,34923
DATA,4005,35,-8,2075,-4,-4,11,35548
DATA,4006,32,-6,2082,-4,-4,12,36173
DATA,4007,33,-7,2081,-8,-4,8,36798
DATA,4008,35,-12,2077,-10,-4,9,37423
DATA,4009,40,-17,2078,-8,-5,8,38048
DATA,4010,40,-27,2076,-9,-4,9,38673
DATA,4011,35,-36,2058,-10,-8,12,39298
DATA,4012,38,-47,2062,-7,-8,15,39923
DATA,4013,35,-51,2073,-2,-10,16,40548
DATA,4014,35,-46,2104,11,-6,22,41173
DATA,4015,25,-14,2099,21,-2,21,41798
DATA,4016,17,25,2063,17,-3,15,42423
DATA,4017,24,41,2067,1,-6,10,43048
DATA,4018,35,35,2100,-8,-6,6,43673
DATA,4019,41,25,2102,-17,-5,3,44298
DATA,4020,47,4,2082,-20,-3,4,44923
DATA,4021,60,-13,2081,-16,-4,8,45548
DATA,4022,63,-20,2079,-10,-4,12,46173
DATA,4023,55,-24,2064,-7,-4,11,46798
DATA,4024,47,-28,2076,-3,-4,13,47423
DATA,4025,34,-20,2093,2,-2,14,48048
DATA,4026,19,-16,2079,-4,-2,12,48673
DATA,4027,14,-22,2064,-12,-5,9,49298
DATA,4028,19,-27,2067,-11,-5,9,49923
DATA,4029,31,-33,2082,-7,-7,9,50548
DATA,4030,38,-34,2083,-3,-4,10,51173
DATA,4031,45,-31,2076,0,-5,11,51798
DATA,4032,51,-22,2071,-2,-7,13,52423
DATA,4033,54,-15,2077,1,-6,14,53048
DATA,4034,43,-5,2087,13,-5,17,53673
DATA,4035,30,18,2092,15,-3,15,54298
DATA,4036,22,32,2079,-2,-4,13,54923
DATA,4037,24,24,2078,-13,-4,9,55548
DATA,4038,27,9,2082,-17,-5,7,56173
DATA,4039,29,-9,2085,-18,-4,6,56798
DATA,4040,40,-27,2084,-15,-4,6,57423
DATA,4041,47,-33,2076,-8,-3,8,58048
DATA,4042,48,-32,2069,-7,-3,10,58673
DATA,4043,45,-35,2077,-4,-4,11,59298
DATA,4044,40,-28,2081,1,-3,12,59923
DATA,4045,33,-11,2075,4,-2,12,60548
DATA,4046,29,-2,2069,0,-3,11,61173
DATA,4047,31,3,2086,-2,-4,11,61798
DATA,4048,36,4,2092,-7,-3,9,62423
DATA,4049,40,-1,2074,-13,-4,7,63048
DATA,4050,47,-11,2071,-12,-4,7,63673
DATA,4051,51,-18,2085,-7,-4,8,64298
DATA,4052,49,-19,2082,-7,-3,9,64923
DATA,4053,42,-22,2068,-6,-4,11,12
DATA,4054,34,-20,2073,-3,-4,11,637
DATA,4055,29,-18,2080,-6,-4,12,1262
DATA,4056,26,-19,2076,-4,-4,12,1887
DATA,4057,25,-17,2072,-1,-3,10,2512
DATA,4058,26,-10,2080,-3,-3,10,3137
DATA,4059,32,-13,2084,-9,-5,9,3762
DATA,4060,37,-16,2070,-8,-3,8,4387
DATA,4061,41,-19,2081,-3,-4,12,5012
DATA,4062,43,-11,2079,-3,-3,11,5637
DATA,4063,42,-10,2074,-1,-4,12,6262
DATA,4064,41,-6,2076,1,-3,13,6887
DATA,4065,37,-1,2082,-3,-4,13,7512
DATA,4066,35,-1,2075,-7,-4,10,8137
DATA,4067,36,-5,2070,-10,-4,10,8762
DATA,4068,38,-16,2081,-11,-5,7,9387
DATA,4069,38,-20,2082,-10,-5,8,10012
DATA,4070,40,-23,2075,-7,-3,10,10637
DATA,4071,40,-24,2070,-5,-4,10,11262
DATA,4072,45,-21,2077,-4,-3,12,11887
DATA,4073,42,-18,2072,-3,-4,10,12512
DATA,4074,41,-14,2072,-1,-3,12,13137
DATA,4075,37,-8,2074,-3,-3,12,13762
DATA,4076,35,-9,2081,-4,-4,11,14387
DATA,4077,34,-6,2076,-5,-4,11,15012
DATA,4078,33,-6,2078,-5,-4,10,15637
DATA,4079,35,-7,2077,-7,-4,9,16262
DATA,4080,36,-15,2074,-7,-4,10,16887
DATA,4081,38,-15,2078,-7,-4,9,17512
DATA,4082,37,-16,2080,-6,-3,9,18137
DATA,4083,36,-14,2074,-5,-3,12,18762
DATA,4084,35,-17,2070,-4,-3,12,19387
DATA,4085,33,-14,2076,-4,-5,11,20012
DATA,4086,34,-12,2079,-3,-3,10,20637
DATA,4087,31,-11,2077,-4,-3,12,21262
DATA,4088,34,-11,2078,-6,-4,10,21887
DATA,4089,37,-10,2079,-7,-3,9,22512
DATA,4090,42,-15,2078,-7,-4,9,23137
DATA,4091,44,-16,2075,-6,-3,8,23762
DATA,4092,43,-16,2081,-3,-3,11,24387
DATA,4093,41,-12,2079,-4,-3,10,25012
DATA,4094,43,-12,2076,-4,-3,11,25637
DATA,4095,40,-11,2076,-4,-3,9,26262
DATA,4096,37,-9,2079,-6,-3,10,26887
DATA,4097,36,-11,2082,-5,-4,9,27512
DATA,4098,36,-13,2080,-6,-3,9,28137
DATA,4099,37,-15,2079,-6,-3,9,28762
DATA,4100,36,-16,2081,-6,-3,9,29387
DATA,4101,35,-15,2076,-5,-3,10,30012
DATA,4102,34,-12,2076,-5,-3,10,30637
DATA,4103,37,-14,2081,-6,-3,9,31262
DATA,4104,34,-14,2074,-6,-4,10,31887
DATA,4105,36,-15,2076,-6,-4,11,32512
DATA,4106,36,-15,2083,-4,-5,12,33137
DATA,4107,32,-11,2085,-4,-3,10,33762
DATA,4108,34,-11,2079,-4,-3,10,34387
DATA,4109,34,-6,2081,-4,-1,9,35012
DATA,4110,34,-6,2087,-4,-2,9,35637
DATA,4111,38,3,2080,-5,-2,8,36262
DATA,4112,42,1,2072,-8,-2,7,36887
DATA,4113,41,-8,2075,-11,-3,7,37512
DATA,4114,41,-14,2085,-13,-3,8,38137
DATA,4115,41,-21,2081,-13,-2,7,38762
DATA,4116,39,-26,2075,-8,-2,9,39387
DATA,4117,37,-25,2076,-3,-2,9,40012
DATA,4118,39,-17,2079,-2,-1,9,40637
DATA,4119,35,-11,2078,-3,-2,9,41262
DATA,4120,33,-10,2082,-5,-2,8,41887
DATA,4121,32,-9,2077,-8,-2,9,42512
DATA,4122,36,-16,2070,-11,-3,7,43137
DATA,4123,41,-17,2075,-7,-4,8,43762
DATA,4124,41,-19,2080,-6,-3,8,44387
DATA,4125,40,-19,2073,-6,-3,9,45012
DATA,4126,39,-23,2076,-7,-3,11,45637
DATA,4127,36,-24,2084,-5,-4,13,46262
DATA,4128,31,-19,2082,-2,-3,13,46887
DATA,4129,24,-13,2073,0,-3,10,47512
DATA,4130,28,-8,2081,1,-4,10,48137
DATA,4131,30,-2,2084,-5,-3,10,48762
DATA,4132,33,-8,2078,-10,-6,8,49387
DATA,4133,39,-14,2078,-10,-5,9,50012
DATA,4134,43,-15,2080,-7,-3,9,50637
DATA,4135,44,-14,2076,-5,-3,10,51262
DATA,4136,44,-14,2076,-4,-4,12,51887
DATA,4137,43,-13,2086,-2,-3,12,52512
DATA,4138,38,-12,2081,-5,-2,12,53137
DATA,4139,33,-12,2073,-7,-4,10,53762
DATA,4140,33,-13,2075,-7,-4,11,54387
DATA,4141,36,-13,2083,-5,-4,9,55012
DATA,4142,35,-17,2078,-7,-3,9,55637
DATA,4143,38,-19,2076,-6,-4,7,56262
DATA,4144,43,-18,2080,-6,-3,10,56887
DATA,4145,42,-22,2078,-6,-4,10,57512
DATA,4146,40,-20,2074,-3,-4,12,58137
DATA,4147,35,-14,2078,0,-4,12,58762
DATA,4148,35,-8,2079,-3,-3,11,59387
DATA,4149,32,-8,2074,-5,-4,11,60012
DATA,4150,33,-8,2076,-3,-4,11,60637
DATA,4151,31,-8,2085,-6,-4,10,61262
DATA,4152,33,-13,2077,-8,-3,8,61887
DATA,4153,37,-17,2072,-7,-3,10,62512
DATA,4154,35,-16,2078,-6,-4,9,63137
DATA,4155,34,-18,2080,-5,-2,10,63762
DATA,4156,36,-18,2074,-4,-4,11,64387
DATA,4157,36,-14,2075,-2,-4,11,65012
DATA,4158,38,-12,2079,-4,-3,11,101
DATA,4159,37,-13,2076,-5,-3,10,726
DATA,4160,35,-14,2078,-3,-3,10,1351
DATA,4161,37,-7,2077,-6,-4,11,1976
DATA,4162,36,-10,2069,-7,-4,10,2601
DATA,4163,40,-17,2069,-9,-4,9,3226
DATA,4164,43,-21,2082,-7,-4,10,3851
DATA,4165,44,-23,2085,-4,-3,10,4476
DATA,4166,40,-17,2078,-2,-3,11,5101
DATA,4167,38,-10,2074,0,-2,12,5726
DATA,4168,36,0,2078,-1,-3,11,6351
DATA,4169,33,2,2077,-5,-3,9,6976
DATA,4170,34,-7,2075,-10,-3,8,7601
DATA,4171,34,-17,2074,-14,-5,7,8226
DATA,4172,36,-27,2070,-15,-5,9,8851
DATA,4173,38,-33,2068,-9,-4,10,9476
DATA,4174,39,-32,2075,-1,-4,11,10101
DATA,4175,36,-23,2078,4,-4,14,10726
DATA,4176,33,-13,2072,2,-2,11,11351
DATA,4177,31,-6,2069,-4,-4,11,11976
DATA,4178,30,-5,2079,-5,-4,11,12601
DATA,4179,28,-5,2079,-4,-3,11,13226
DATA,4180,33,-3,2070,-6,-3,10,13851
DATA,4181,38,-6,2071,-8,-4,9,14476
DATA,4182,43,-11,2081,-8,-4,8,15101
DATA,4183,43,-15,2075,-9,-4,11,15726
DATA,4184,45,-20,2072,-6,-4,10,16351
DATA,4185,42,-18,2080,-4,-4,11,16976
DATA,4186,36,-14,2077,-3,-3,12,17601
DATA,4187,35,-12,2071,-4,-4,11,18226
DATA,4188,34,-12,2076,-4,-4,9,18851
DATA,4189,36,-13,2079,-7,-3,9,19476
DATA,4190,37,-14,2071,-9,-4,9,20101
DATA,4191,39,-19,2071,-8,-5,9,20726
DATA,4192,42,-21,2082,-5,-5,9,21351
DATA,4193,40,-16,2079,-4,-3,10,21976
DATA,4194,39,-14,2071,-3,-4,12,22601
DATA,4195,37,-11,2078,-2,-4,12,23226
DATA,4196,35,-6,2083,-4,-3,12,23851
DATA,4197,31,-8,2076,-6,-4,12,24476
DATA,4198,31,-11,2073,-6,-3,11,25101
DATA,4199,34,-13,2081,-7,-4,11,25726
DATA,4200,35,-15,2074,-7,-4,10,26351
DATA,4201,37,-18,2073,-6,-3,8,26976
DATA,4202,40,-18,2080,-4,-5,10,27601
DATA,4203,39,-15,2081,-3,-3,11,28226
DATA,4204,38,-11,2072,-5,-4,10,28851
DATA,4205,36,-13,2077,-4,-4,11,29476
DATA,4206,36,-9,2082,-3,-3,10,30101
DATA,4207,35,-8,2077,-5,-3,11,30726
DATA,4208,38,-7,2076,-5,-3,10,31351
DATA,4209,38,-12,2081,-7,-4,9,31976
DATA,4210,39,-13,2085,-9,-3,9,32601
DATA,4211,39,-19,2075,-7,-3,10,33226
DATA,4212,40,-20,2075,-3,-3,9,33851
DATA,4213,39,-14,2083,-4,-3,10,34476
DATA,4214,38,-15,2075,-3,-3,11,35101
DATA,4215,36,-11,2075,-2,-4,9,35726
DATA,4216,33,-10,2079,-5,-3,11,36351
DATA,4217,35,-10,2081,-7,-4,10,36976
DATA,4218,34,-14,2077,-7,-2,9,37601
DATA,4219,33,-14,2078,-6,-4,9,38226
DATA,4220,34,-13,2084,-6,-5,10,38851
DATA,4221,36,-13,2076,-7,-3,9,39476
DATA,4222,36,-14,2071,-5,-4,10,40101
DATA,4223,38,-13,2080,-5,-4,10,40726
DATA,4224,38,-14,2084,-6,-3,9,41351
DATA,4225,35,-14,2075,-4,-3,11,41976
DATA,4226,37,-13,2077,-4,-3,11,42601
DATA,4227,37,-13,2079,-5,-3,9,43226
DATA,4228,35,-11,2077,-6,-3,10,43851
DATA,4229,35,-13,2075,-6,-3,10,44476
DATA,4230,38,-16,2081,-5,-4,9,45101
DATA,4231,39,-16,2081,-6,-4,10,45726
DATA,4232,36,-17,2077,-6,-5,10,46351
DATA,4233,37,-17,2077,-4,-4,11,46976
DATA,4234,39,-14,2081,-4,-3,11,47601
DATA,4235,37,-13,2074,-4,-3,10,48226
DATA,4236,35,-13,2076,-5,-4,11,48851
DATA,4237,38,-13,2082,-5,-4,9,49476
DATA,4238,36,-14,2080,-6,-3,8,50101
DATA,4239,33,-13,2072,-6,-4,10,50726
DATA,4240,37,-14,2079,-4,-3,9,51351
DATA,4241,39,-12,2081,-4,-3,9,51976
DATA,4242,37,-12,2079,-6,-2,11,52601
DATA,4243,36,-13,2076,-6,-4,11,53226
DATA,4244,37,-16,2081,-6,-3,10,53851
DATA,4245,35,-14,2075,-6,-4,11,54476
DATA,4246,34,-16,2078,-5,-4,10,55101
DATA,4247,35,-17,2082,-4,-4,11,55726
DATA,4248,34,-12,2079,-5,-3,11,56351
DATA,4249,35,-15,2076,-6,-4,10,56976
DATA,4250,35,-15,2079,-5,-4,10,57601
DATA,4251,37,-15,2081,-4,-4,10,58226
DATA,4252,37,-11,2079,-5,-2,10,58851
DATA,4253,37,-11,2077,-5,-4,10,59476
DATA,4254,38,-8,2080,-6,-4,11,60101
DATA,4255,40,-12,2079,-5,-3,10,60726
DATA,4256,38,-13,2077,-5,-4,10,61351
DATA,4257,36,-15,2078,-5,-4,9,61976
DATA,4258,40,-12,2082,-6,-4,11,62601
DATA,4259,37,-15,2074,-7,-3,9,63226
DATA,4260,37,-15,2076,-5,-3,10,63851
DATA,4261,37,-17,2083,-4,-4,11,64476
DATA,4262,36,-18,2076,-5,-4,10,65101
DATA,4263,38,-15,2075,-5,-3,11,190
DATA,4264,36,-16,2080,-5,-4,12,815
DATA,4265,35,-13,2080,-4,-4,11,1440
DATA,4266,33,-12,2073,-5,-4,9,2065
DATA,4267,35,-10,2074,-4,-3,11,2690
DATA,4268,35,-8,2081,-5,-3,10,3315
DATA,4269,34,-11,2077,-7,-4,9,3940
DATA,4270,35,-15,2074,-7,-4,10,4565
DATA,4271,38,-16,2079,-6,-4,10,5190
DATA,4272,38,-14,2078,-5,-5,10,5815
DATA,4273,37,-15,2069,-5,-3,10,6440
DATA,4274,36,-16,2076,-5,-3,9,7065
DATA,4275,38,-16,2081,-6,-4,11,7690
DATA,4276,34,-15,2071,-6,-4,10,8315
DATA,4277,34,-16,2068,-6,-4,11,8940
DATA,4278,38,-16,2079,-4,-4,10,9565
DATA,4279,36,-15,2081,-4,-4,10,10190
DATA,4280,36,-13,2071,-6,-4,10,10815
DATA,4281,37,-14,2074,-6,-4,11,11440
DATA,4282,40,-13,2079,-6,-4,11,12065
DATA,4283,35,-12,2075,-6,-3,11,12690
DATA,4284,36,-12,2069,-5,-3,9,13315
DATA,4285,36,-12,2081,-5,-4,9,13940
DATA,4286,36,-12,2080,-7,-4,11,14565
DATA,4287,33,-14,2074,-7,-4,9,15190
DATA,4288,35,-15,2078,-5,-3,10,15815
DATA,4289,36,-14,2079,-4,-4,10,16440
DATA,4290,34,-13,2074,-5,-3,9,17065
DATA,4291,34,-15,2072,-6,-4,10,17690
DATA,4292,37,-13,2080,-4,-4,10,18315
DATA,4293,35,-15,2081,-5,-3,10,18940
DATA,4294,36,-13,2072,-6,-4,10,19565
DATA,4295,38,-14,2078,-5,-4,10,20190
DATA,4296,40,-11,2081,-6,-4,9,20815
DATA,4297,37,-11,2076,-6,-4,11,21440
DATA,4298,37,-15,2074,-6,-3,10,22065
DATA,4299,41,-16,2079,-5,-4,9,22690
DATA,4300,39,-15,2081,-5,-3,10,23315
DATA,4301,54,-34,2069,0,2,6,23940
DATA,4302,31,-35,2065,47,12,17,24565
DATA,4303,71,-26,2083,57,18,12,25190
DATA,4304,54,-7,2077,56,87,8,25815
DATA,4305,40,11,2091,65,115,-34,26440
DATA,4306,-37,5,2070,34,53,18,27065
DATA,4307,-9,47,2107,-45,-82,119,27690
DATA,4308,-7,-1,2066,-50,-110,52,28315
DATA,4309,46,15,2097,-87,-102,39,28940
DATA,4310,89,4,2098,-98,-24,-1,29565
DATA,4311,22,-2,2077,-126,-19,-12,30190
DATA,4312,30,-73,2049,-89,-6,-23,30815
DATA,4313,54,-65,2055,-13,-5,12,31440
DATA,4314,38,-39,2069,37,-4,17,32065
DATA,4315,30,3,2084,29,-2,12,32690
DATA,4316,31,8,2091,-4,-4,11,33315
DATA,4317,38,-8,2087,-28,-5,6,33940
DATA,4318,33,-11,2079,-38,-4,5,34565
DATA,4319,34,-36,2068,-26,-7,10,35190
DATA,4320,47,-36,2073,5,-6,13,35815
DATA,4321,41,-19,2075,18,-2,11,36440
DATA,4322,34,-7,2084,13,-3,13,37065
DATA,4323,36,-4,2090,-6,-5,10,37690
DATA,4324,35,-13,2081,-21,-4,8,38315
DATA,4325,38,-25,2073,-20,-6,10,38940
DATA,4326,42,-30,2078,-8,-5,9,39565
DATA,4327,36,-22,2078,4,-4,11,40190
DATA,4328,36,-15,2076,6,-3,12,40815
DATA,4329,34,-10,2083,-2,-3,9,41440
DATA,4330,35,-14,2082,-9,-4,9,42065
DATA,4331,37,-17,2077,-15,-4,8,42690
DATA,4332,35,-23,2070,-12,-5,9,43315
DATA,4333,37,-23,2075,-5,-4,10,43940
DATA,4334,37,-22,2079,0,-3,11,44565
DATA,4335,34,-17,2076,0,-4,10,45190
DATA,4336,36,-14,2083,-5,-4,11,45815
DATA,4337,36,-15,2084,-9,-4,9,46440
DATA,4338,37,-18,2079,-10,-4,10,47065
DATA,4339,39,-17,2073,-7,-4,11,47690
DATA,4340,39,-20,2079,-2,-4,9,48315
DATA,4341,33,-11,2083,-3,-4,9,48940
DATA,4342,35,13,2090,-34,-6,6,49565
DATA,4343,39,1,2089,-73,-8,1,50190
DATA,4344,51,-13,2083,-81,-7,6,50815
DATA,4345,25,-20,2081,-89,-5,9,51440
DATA,4346,39,-21,2078,-95,-5,6,52065
DATA,4347,38,-16,2088,-103,-6,7,52690
DATA,4348,38,-19,2083,-121,-5,8,53315
DATA,4349,39,-59,2061,-110,-4,15,53940
DATA,4350,42,-92,2054,-48,-1,19,54565
DATA,4351,43,-91,2053,38,2,23,55190
DATA,4352,51,-52,2071,80,4,46,55815
DATA,4353,33,-22,2076,82,5,82,56440
DATA,4354,9,8,2093,64,0,30,57065
DATA,4355,34,18,2100,4,-9,6,57690
DATA,4356,32,-11,2083,-38,-11,2,58315
DATA,4357,43,-41,2078,-37,-7,3,58940
DATA,4358,40,-47,2069,-10,-6,7,59565
DATA,4359,39,-37,2070,11,-4,12,60190
DATA,4360,37,-26,2080,14,-3,10,60815
DATA,4361,37,-16,2085,4,-3,11,61440
DATA,4362,38,-28,2076,-6,-4,12,62065
DATA,4363,36,-48,2062,11,-3,15,62690
DATA,4364,48,-61,2066,47,-3,24,63315
DATA,4365,73,-109,2046,111,5,91,63940
DATA,4366,49,-122,2022,241,8,147,64565
DATA,4367,49,-81,2040,365,6,181,65190
DATA,4368,36,-13,2077,412,13,193,279
DATA,4369,42,85,2118,358,9,208,904
DATA,4370,34,192,2154,156,-21,301,1529
DATA,4371,-34,195,2154,-93,-21,200,2154
DATA,4372,-7,139,2142,-284,-24,-21,2779
DATA,4373,60,103,2121,-442,-14,-23,3404
DATA,4374,47,-15,2073,-522,-11,1,4029
DATA,4375,40,-143,2019,-435,-9,16,4654
DATA,4376,37,-179,2001,-238,-7,7,5279
DATA,4377,38,-143,2018,-54,-3,6,5904
DATA,4378,41,-73,2059,52,-3,13,6529
DATA,4379,33,-11,2086,59,-4,15,7154
DATA,4380,34,6,2090,11,-4,14,7779
DATA,4381,31,-6,2089,-36,-4,12,8404
DATA,4382,31,-10,2092,-69,-8,6,9029
DATA,4383,35,-12,2083,-100,-11,3,9654
DATA,4384,41,-22,2077,-122,-11,5,10279
DATA,4385,39,-18,2088,-143,-12,8,10904
DATA,4386,39,-1,2096,-186,-12,9,11529
DATA,4387,35,21,2108,-263,-12,13,12154
DATA,4388,34,44,2126,-385,-14,16,12779
DATA,4389,41,27,2123,-528,-16,19,13404
DATA,4390,44,-33,2091,-617,-17,23,14029
DATA,4391,33,-92,2070,-640,-17,17,14654
DATA,4392,40,-125,2064,-621,-16,17,15279
DATA,4393,30,-150,2067,-605,-8,4,15904
DATA,4394,29,-185,2049,-583,-6,-41,16529
DATA,4395,53,-192,2038,-492,-6,-14,17154
DATA,4396,35,-207,2052,-413,-6,-9,17779
DATA,4397,40,-189,2052,-372,-3,-27,18404
DATA,4398,47,-189,2053,-332,-1,-22,19029
DATA,4399,45,-202,2055,-284,-2,-5,19654
DATA,4400,45,-203,2057,-240,-1,6,20279
DATA,4401,40,-191,2065,-220,-1,10,20904
DATA,4402,40,-170,2079,-225,-1,16,21529
DATA,4403,39,-157,2088,-267,-3,20,22154
DATA,4404,32,-161,2087,-323,-3,18,22779
DATA,4405,33,-193,2076,-368,-9,10,23404
DATA,4406,39,-226,2063,-376,-7,6,24029
DATA,4407,32,-225,2066,-372,-9,4,24654
DATA,4408,37,-246,2056,-367,-10,4,25279
DATA,4409,43,-260,2055,-349,-8,7,25904
DATA,4410,39,-284,2044,-314,-6,8,26529
DATA,4411,39,-300,2035,-254,-8,10,27154
DATA,4412,47,-261,2063,-219,-9,1,27779
DATA,4413,38,-295,2049,-207,-3,15,28404
DATA,4414,44,-289,2049,-163,-3,13,29029
DATA,4415,43,-258,2063,-160,-3,19,29654
DATA,4416,42,-244,2077,-199,-3,20,30279
DATA,4417,40,-229,2085,-257,-3,21,30904
DATA,4418,44,-223,2086,-347,-2,23,31529
DATA,4419,42,-268,2071,-414,-3,29,32154
DATA,4420,54,-300,2057,-432,-2,33,32779
DATA,4421,43,-325,2047,-436,-5,64,33404
DATA,4422,48,-331,2049,-425,-6,94,34029
DATA,4423,31,-265,2086,-459,-1,98,34654
DATA,4424,29,-251,2091,-579,14,40,35279
DATA,4425,69,-335,2061,-651,71,-20,35904
DATA,4426,86,-387,2043,-652,129,-9,36529
DATA,4427,44,-459,2005,-586,166,19,37154
DATA,4428,-15,-494,1974,-451,154,-20,37779
DATA,4429,-27,-490,1980,-307,98,-44,38404
DATA,4430,-12,-491,1991,-189,17,-7,39029
DATA,4431,3,-476,1999,-85,-31,8,39654
DATA,4432,29,-435,2021,-24,-44,11,40279
DATA,4433,23,-419,2036,-14,-40,24,40904
DATA,4434,13,-407,2040,-12,-47,15,41529
DATA,4435,-13,-410,2025,-21,-81,5,42154
DATA,4436,-19,-390,2040,-33,-134,-9,42779
DATA,4437,25,-389,2052,-70,-180,-13,43404
DATA,4438,78,-409,2062,-111,-166,23,44029
DATA,4439,92,-408,2035,-123,-10,-20,44654
DATA,4440,61,-429,2031,-120,-14,-16,45279
DATA,4441,49,-447,2024,-93,-8,-3,45904
DATA,4442,43,-443,2018,-64,-6,0,46529
DATA,4443,45,-441,2027,-44,-4,-1,47154
DATA,4444,43,-432,2034,-36,-1,-3,47779
DATA,4445,43,-428,2028,-34,1,-1,48404
DATA,4446,42,-428,2026,-24,1,5,49029
DATA,4447,41,-416,2037,-24,0,11,49654
DATA,4448,41,-410,2042,-44,1,14,50279
DATA,4449,41,-402,2038,-71,4,20,50904
DATA,4450,33,-373,2060,-130,3,17,51529
DATA,4451,31,-373,2063,-225,-3,12,52154
DATA,4452,34,-409,2043,-288,-8,11,52779
DATA,4453,36,-428,2035,-326,-7,16,53404
DATA,4454,39,-468,2022,-327,-5,11,54029
DATA,4455,39,-498,2009,-288,-4,7,54654
DATA,4456,39,-485,2004,-248,4,-3,55279
DATA,4457,22,-505,2002,-186,37,-95,55904
DATA,4458,33,-494,2012,-140,40,-134,56529
DATA,4459,39,-505,2006,-115,20,-88,57154
DATA,4460,43,-499,2007,-84,8,-44,57779
DATA,4461,42,-503,2009,-57,0,-28,58404
DATA,4462,40,-502,2009,-18,8,-41,59029
DATA,4463,38,-496,2009,0,0,-19,59654
DATA,4464,40,-498,2010,25,-7,5,60279
DATA,4465,42,-490,2013,43,-8,5,60904
DATA,4466,40,-487,2011,58,-6,9,61529
DATA,4467,39,-487,2011,74,-6,9,62154
DATA,4468,41,-479,2019,89,-6,7,62779
DATA,4469,39,-455,2031,81,-6,9,63404
DATA,4470,38,-437,2037,39,-6,8,64029
DATA,4471,40,-438,2036,-10,-6,8,64654
DATA,4472,36,-442,2037,-54,-6,5,65279
DATA,4473,41,-448,2027,-95,-5,0,368
DATA,4474,39,-471,2022,-113,-5,-1,993
DATA,4475,36,-488,2017,-110,-4,-2,1618
DATA,4476,32,-480,2025,-113,-1,-20,2243
DATA,4477,33,-448,2040,-174,4,-56,2868
DATA,4478,37,-470,2035,-248,11,-83,3493
DATA,4479,39,-486,2018,-290,21,-108,4118
DATA,4480,35,-496,2009,-309,31,-128,4743
DATA,4481,44,-515,2001,-295,33,-125,5368
DATA,4482,51,-518,1998,-247,21,-87,5993
DATA,4483,41,-537,1993,-204,20,-68,6618
DATA,4484,7,-534,2003,-197,25,-76,7243
DATA,4485,-377,-435,2060,-97,-137,284,7868
DATA,4486,62,-458,1913,29,43,-36,8493
DATA,4487,51,-451,2035,-7,1,4,9118
DATA,4488,33,-520,2008,-65,-4,3,9743
DATA,4489,42,-589,1977,-11,-10,14,10368
DATA,4490,43,-524,2002,42,-3,3,10993
DATA,4491,40,-492,2022,6,-3,5,11618
DATA,4492,41,-534,2002,-4,-6,5,12243
DATA,4493,39,-528,2001,10,-2,-1,12868
DATA,4494,38,-530,2002,16,-4,2,13493
DATA,4495,40,-532,2006,33,-4,1,14118
DATA,4496,38,-513,2013,26,-2,-9,14743
DATA,4497,42,-513,2007,8,1,-18,15368
DATA,4498,43,-519,2006,10,3,-19,15993
DATA,4499,44,-528,2004,31,1,-5,16618
DATA,4500,43,-541,1995,70,0,7,17243
DATA,4501,40,-525,2002,103,-2,9,17868
DATA,4502,41,-516,2014,116,-2,8,18493
DATA,4503,41,-504,2017,113,-3,10,19118
DATA,4504,37,-495,2016,100,-3,10,19743
DATA,4505,42,-486,2025,78,-4,10,20368
DATA,4506,41,-495,2024,55,-4,12,20993
DATA,4507,43,-514,2005,58,-5,10,21618
DATA,4508,43,-532,1998,92,-4,11,22243
DATA,4509,45,-526,2005,135,-3,11,22868
DATA,4510,40,-503,2009,162,-2,9,23493
DATA,4511,40,-478,2018,159,-2,11,24118
DATA,4512,39,-465,2032,130,-4,10,24743
DATA,4513,43,-476,2029,104,-4,13,25368
DATA,4514,42,-493,2012,104,-4,14,25993
DATA,4515,40,-501,2006,128,-4,13,26618
DATA,4516,44,-489,2020,150,-2,12,27243
DATA,4517,42,-471,2019,154,-2,13,27868
DATA,4518,37,-450,2029,138,-2,12,28493
DATA,4519,41,-444,2034,102,-2,14,29118
DATA,4520,41,-444,2038,70,-3,12,29743
DATA,4521,36,-437,2035,33,-5,12,30368
DATA,4522,37,-449,2031,-2,-7,10,30993
DATA,4523,43,-469,2027,-10,-6,8,31618
DATA,4524,43,-477,2015,2,-5,9,32243
DATA,4525,41,-482,2009,27,-3,10,32868
DATA,4526,41,-472,2024,49,-4,11,33493
DATA,4527,42,-467,2026,52,-4,7,34118
DATA,4528,43,-458,2020,54,-4,8,34743
DATA,4529,40,-457,2025,52,-3,10,35368
DATA,4530,44,-457,2032,44,-3,8,35993
DATA,4531,42,-451,2029,39,-4,11,36618
DATA,4532,42,-438,2035,17,-4,11,37243
DATA,4533,43,-441,2039,-11,-4,13,37868
DATA,4534,42,-443,2033,-33,-4,13,38493
DATA,4535,41,-452,2025,-52,-2,12,39118
DATA,4536,41,-476,2016,-43,-2,14,39743
DATA,4537,43,-481,2019,-14,-1,13,40368
DATA,4538,38,-463,2021,3,-2,11,40993
DATA,4539,40,-450,2026,-2,-1,12,41618
DATA,4540,39,-452,2034,-19,-2,10,42243
DATA,4541,38,-456,2025,-29,-3,10,42868
DATA,4542,38,-462,2019,-30,-4,10,43493
DATA,4543,39,-480,2014,-16,-3,7,44118
DATA,4544,41,-483,2018,15,-4,8,44743
DATA,4545,39,-468,2018,37,-3,9,45368
DATA,4546,38,-445,2028,33,-5,8,45993
DATA,4547,40,-441,2039,10,-6,10,46618
DATA,4548,39,-441,2034,-16,-5,9,47243
DATA,4549,40,-464,2020,-31,-7,11,47868
DATA,4550,43,-482,2017,-9,-5,13,48493
DATA,4551,42,-480,2015,22,-5,11,49118
DATA,4552,40,-468,2015,47,-2,11,49743
DATA,4553,41,-454,2024,55,-2,14,50368
DATA,4554,42,-443,2039,42,-2,12,50993
DATA,4555,38,-427,2037,9,-3,12,51618
DATA,4556,40,-428,2035,-36,-4,13,52243
DATA,4557,41,-450,2030,-62,-5,13,52868
DATA,4558,41,-466,2023,-64,-4,11,53493
DATA,4559,39,-473,2015,-48,-2,12,54118
DATA,4560,39,-477,2013,-22,-4,12,54743
DATA,4561,44,-463,2030,-8,-1,14,55368
DATA,4562,40,-450,2025,-17,-1,14,55993
DATA,4563,38,-456,2024,-32,-2,14,56618
DATA,4564,41,-475,2021,-27,-2,14,57243
DATA,4565,38,-477,2016,-6,-2,12,57868
DATA,4566,37,-469,2015,8,-4,11,58493
DATA,4567,38,-465,2020,17,-4,9,59118
DATA,4568,39,-460,2027,18,-4,10,59743
DATA,4569,37,-455,2024,13,-3,10,60368
DATA,4570,38,-453,2025,4,-6,10,60993
DATA,4571,39,-461,2026,-1,-6,8,61618
DATA,4572,41,-466,2017,6,-5,9,62243
DATA,4573,39,-465,2015,17,-5,9,62868
DATA,4574,41,-458,2021,22,-4,11,63493
DATA,4575,45,-457,2027,20,-5,11,64118
DATA,4576,39,-448,2021,14,-4,12,64743
DATA,4577,39,-435,2032,-9,-4,10,65368
DATA,4578,41,-450,2035,-34,-4,10,457
DATA,4579,42,-462,2019,-39,-4,11,1082
DATA,4580,41,-477,2007,-28,-4,8,1707
DATA,4581,43,-488,2011,10,-5,10,2332
DATA,4582,42,-467,2021,35,-4,8,2957
DATA,4583,40,-454,2021,36,-4,10,3582
DATA,4584,41,-449,2027,24,-4,10,4207
DATA,4585,41,-449,2033,10,-4,10,4832
DATA,4586,42,-453,2023,2,-4,12,5457
DATA,4587,39,-454,2022,-2,-3,14,6082
DATA,4588,37,-463,2022,4,-4,11,6707
DATA,4589,42,-461,2028,10,-5,11,7332
DATA,4590,38,-459,2019,16,-3,10,7957
DATA,4591,41,-456,2024,19,-4,10,8582
DATA,4592,39,-458,2028,17,-5,10,9207
DATA,4593,39,-457,2020,19,-4,11,9832
DATA,4594,39,-447,2021,17,-4,10,10457
DATA,4595,42,-448,2031,8,-5,9,11082
DATA,4596,42,-454,2026,2,-4,8,11707
DATA,4597,37,-457,2018,6,-5,8,12332
DATA,4598,45,-455,2025,12,-5,7,12957
DATA,4599,42,-457,2028,17,-3,9,13582
DATA,4600,45,-452,2022,19,-3,11,14207
DATA,4601,39,-454,2020,23,-2,13,14832
DATA,4602,43,-452,2029,30,-2,11,15457
DATA,4603,40,-442,2036,25,-3,13,16082
DATA,4604,38,-441,2030,10,-3,9,16707
DATA,4605,42,-444,2031,0,-5,9,17332
DATA,4606,43,-450,2034,-1,-5,9,17957
DATA,4607,40,-449,2025,1,-5,9,18582
DATA,4608,41,-451,2025,5,-5,11,19207
DATA,4609,42,-462,2025,17,-4,10,19832
DATA,4610,44,-458,2025,33,-3,10,20457
DATA,4611,37,-450,2022,43,-3,11,21082
DATA,4612,40,-452,2025,50,-5,10,21707
DATA,4613,41,-445,2034,52,-4,10,22332
DATA,4614,41,-431,2033,43,-2,11,22957
DATA,4615,39,-425,2038,22,-4,14,23582
DATA,4616,41,-434,2038,0,-3,11,24207
DATA,4617,41,-441,2031,-9,-3,13,24832
DATA,4618,39,-443,2026,-7,-1,14,25457
DATA,4619,40,-444,2030,-5,-2,12,26082
DATA,4620,42,-437,2033,-7,-2,12,26707
DATA,4621,40,-430,2033,-19,-4,12,27332
DATA,4622,40,-440,2030,-32,-4,12,27957
DATA,4623,40,-454,2028,-25,-2,12,28582
DATA,4624,41,-446,2027,-16,-3,10,29207
DATA,4625,39,-446,2023,-17,-3,11,29832
DATA,4626,43,-456,2025,-9,-3,9,30457
DATA,4627,40,-450,2029,-1,-3,8,31082
DATA,4628,36,-446,2024,3,-3,9,31707
DATA,4629,39,-449,2027,8,-3,7,32332
DATA,4630,41,-446,2030,10,-4,7,32957
DATA,4631,40,-443,2029,11,-4,8,33582
DATA,4632,38,-438,2027,7,-4,7,34207
DATA,4633,42,-442,2029,4,-5,9,34832
DATA,4634,42,-441,2029,4,-4,11,35457
DATA,4635,40,-434,2031,-1,-4,10,36082
DATA,4636,39,-434,2035,-13,-5,10,36707
DATA,4637,39,-447,2030,-20,-5,8,37332
DATA,4638,43,-454,2020,-8,-5,9,37957
DATA,4639,42,-451,2021,7,-4,10,38582
DATA,4640,44,-447,2031,15,-5,10,39207
DATA,4641,43,-447,2025,21,-3,11,39832
DATA,4642,40,-444,2024,25,-3,11,40457
DATA,4643,41,-438,2031,23,-3,11,41082
DATA,4644,39,-436,2034,17,-3,12,41707
DATA,4645,39,-436,2029,11,-4,12,42332
DATA,4646,40,-433,2029,7,-5,10,42957
DATA,4647,42,-432,2035,-1,-3,12,43582
DATA,4648,39,-441,2028,-7,-4,11,44207
DATA,4649,42,-446,2022,0,-3,12,44832
DATA,4650,41,-443,2030,7,-2,14,45457
DATA,4651,40,-442,2028,10,-2,13,46082
DATA,4652,37,-436,2023,9,-2,10,46707
DATA,4653,39,-431,2032,5,-3,10,47332
DATA,4654,38,-428,2040,-11,-3,10,47957
DATA,4655,38,-437,2027,-24,-4,8,48582
DATA,4656,39,-440,2024,-20,-3,8,49207
DATA,4657,40,-445,2029,-16,-5,8,49832
DATA,4658,38,-446,2026,-7,-5,9,50457
DATA,4659,38,-445,2019,4,-5,9,51082
DATA,4660,43,-446,2024,15,-5,7,51707
DATA,4661,42,-443,2031,23,-4,9,52332
DATA,4662,39,-433,2028,22,-3,10,52957
DATA,4663,41,-428,2028,13,-4,9,53582
DATA,4664,43,-431,2036,3,-4,10,54207
DATA,4665,42,-440,2026,-1,-3,10,54832
DATA,4666,41,-443,2021,5,-5,9,55457
DATA,4667,42,-444,2025,17,-4,10,56082
DATA,4668,42,-439,2030,24,-2,12,56707
DATA,4669,44,-435,2025,27,-3,12,57332
DATA,4670,42,-435,2024,28,-2,11,57957
DATA,4671,41,-431,2036,25,-2,12,58582
DATA,4672,38,-427,2032,19,-1,13,59207
DATA,4673,39,-434,2022,16,-2,11,59832
DATA,4674,40,-437,2028,23,-2,11,60457
DATA,4675,39,-426,2035,22,-1,12,61082
DATA,4676,40,-420,2030,8,-2,12,61707
DATA,4677,38,-429,2027,-3,-3,11,62332
DATA,4678,41,-431,2032,-2,-3,13,62957
DATA,4679,41,-427,2033,-7,-3,12,63582
DATA,4680,40,-438,2022,-7,-3,13,64207
DATA,4681,40,-440,2028,8,-2,14,64832
DATA,4682,40,-443,2027,19,-2,13,65457
DATA,4683,35,-456,2015,47,-2,12,546
DATA,4684,41,-438,2022,75,-2,9,1171
DATA,4685,42,-424,2034,79,-2,7,1796
DATA,4686,39,-414,2034,70,-3,9,2421
DATA,4687,38,-407,2034,52,-4,10,3046
DATA,4688,39,-408,2042,26,-5,10,3671
DATA,4689,43,-412,2037,3,-5,12,4296
DATA,4690,39,-436,2019,8,-6,10,4921
DATA,4691,45,-441,2021,34,-5,7,5546
DATA,4692,42,-431,2029,53,-3,9,6171
DATA,4693,40,-419,2033,57,-4,7,6796
DATA,4694,35,-413,2036,52,-4,6,7421
DATA,4695,39,-407,2038,45,-5,7,8046
DATA,4696,40,-403,2038,30,-5,5,8671
DATA,4697,40,-405,2035,18,-5,8,9296
DATA,4698,43,-417,2033,14,-5,9,9921
DATA,4699,42,-425,2033,25,-4,10,10546
DATA,4700,39,-416,2027,37,-2,11,11171
DATA,4701,39,-408,2035,35,-3,9,11796
DATA,4702,41,-414,2037,34,-3,10,12421
DATA,4703,41,-420,2032,44,-3,10,13046
DATA,4704,39,-408,2035,53,-3,11,13671
DATA,4705,39,-401,2041,45,-4,10,14296
DATA,4706,42,-397,2047,32,-3,10,14921
DATA,4707,40,-390,2045,9,-4,10,15546
DATA,4708,41,-399,2039,-10,-4,10,16171
DATA,4709,42,-411,2036,-13,-4,9,16796
DATA,4710,41,-413,2031,-8,-5,11,17421
DATA,4711,40,-411,2032,1,-5,10,18046
DATA,4712,41,-407,2040,1,-4,9,18671
DATA,4713,38,-413,2031,1,-5,7,19296
DATA,4714,40,-419,2030,16,-5,9,19921
DATA,4715,40,-423,2028,37,-4,9,20546
DATA,4716,42,-423,2030,60,-4,7,21171
DATA,4717,40,-416,2027,79,-4,7,21796
DATA,4718,40,-410,2031,95,-4,6,22421
DATA,4719,37,-404,2037,104,-3,5,23046
DATA,4720,37,-402,2036,112,-4,8,23671
DATA,4721,39,-395,2032,119,-3,8,24296
DATA,4722,39,-392,2040,123,-5,8,24921
DATA,4723,42,-384,2045,121,-6,11,25546
DATA,4724,42,-380,2039,113,-6,12,26171
DATA,4725,41,-382,2038,110,-4,12,26796
DATA,4726,42,-389,2042,117,-3,10,27421
DATA,4727,42,-375,2040,121,-3,13,28046
DATA,4728,42,-365,2041,113,-4,13,28671
DATA,4729,45,-373,2049,106,-3,13,29296
DATA,4730,40,-359,2055,96,-2,15,29921
DATA,4731,41,-343,2053,65,-2,16,30546
DATA,4732,38,-343,2055,27,-2,14,31171
DATA,4733,42,-362,2052,4,-4,14,31796
DATA,4734,40,-373,2040,2,-4,13,32421
DATA,4735,40,-383,2033,19,-3,12,33046
DATA,4736,38,-387,2038,38,-4,13,33671
DATA,4737,39,-382,2039,61,-4,11,34296
DATA,4738,34,-376,2033,84,-4,9,34921
DATA,4739,40,-372,2039,97,-5,8,35546
DATA,4740,40,-377,2041,116,-3,5,36171
DATA,4741,39,-376,2032,144,-4,5,36796
DATA,4742,37,-369,2033,171,-3,3,37421
DATA,4743,39,-361,2045,193,-4,4,38046
DATA,4744,41,-345,2051,199,-4,4,38671
DATA,4745,45,-356,2032,214,-3,4,39296
DATA,4746,44,-351,2041,241,-4,5,39921
DATA,4747,41,-325,2057,249,-1,4,40546
DATA,4748,37,-313,2054,238,-1,3,41171
DATA,4749,42,-307,2057,221,-3,3,41796
DATA,4750,40,-307,2060,210,-3,6,42421
DATA,4751,43,-303,2061,200,-4,12,43046
DATA,4752,39,-329,2037,210,-3,10,43671
DATA,4753,44,-329,2040,247,-3,11,44296
DATA,4754,44,-304,2056,277,-2,10,44921
DATA,4755,44,-270,2062,269,-2,10,45546
DATA,4756,42,-260,2064,237,0,8,46171
DATA,4757,41,-258,2075,208,-2,11,46796
DATA,4758,42,-252,2070,174,-2,10,47421
DATA,4759,39,-264,2059,153,-2,9,48046
DATA,4760,43,-266,2061,149,-2,11,48671
DATA,4761,38,-266,2065,150,-3,8,49296
DATA,4762,40,-255,2057,145,-1,9,49921
DATA,4763,38,-257,2058,141,-3,12,50546
DATA,4764,39,-264,2060,148,-3,11,51171
DATA,4765,38,-269,2052,167,-2,11,51796
DATA,4766,42,-248,2056,182,-1,5,52421
DATA,4767,42,-231,2073,175,1,8,53046
DATA,4768,39,-218,2076,151,-1,10,53671
DATA,4769,40,-209,2073,114,-2,13,54296
DATA,4770,40,-225,2065,84,-2,11,54921
DATA,4771,40,-249,2060,91,-1,10,55546
DATA,4772,37,-255,2048,123,-1,7,56171
DATA,4773,40,-242,2051,153,-1,6,56796
DATA,4774,40,-220,2068,161,-1,7,57421
DATA,4775,42,-211,2072,152,-1,9,58046
DATA,4776,36,-216,2062,142,-2,6,58671
DATA,4777,39,-221,2059,148,-3,7,59296
DATA,4778,41,-220,2062,160,-2,5,59921
DATA,4779,36,-215,2059,171,-3,3,60546
DATA,4780,41,-206,2061,179,-3,3,61171
DATA,4781,43,-193,2069,179,-3,5,61796
DATA,4782,37,-201,2066,177,-3,8,62421
DATA,4783,39,-189,2063,181,-2,11,63046
DATA,4784,43,-162,2078,168,-4,12,63671
DATA,4785,40,-175,2073,150,-2,10,64296
DATA,4786,43,-176,2067,145,-1,16,64921
DATA,4787,40,-166,2068,142,-1,12,10
DATA,4788,40,-163,2074,134,0,13,635
DATA,4789,35,-134,2085,108,-3,13,1260
DATA,4790,36,-131,2084,54,-4,12,1885
DATA,4791,44,-154,2074,20,-3,13,2510
DATA,4792,43,-180,2064,27,-1,15,3135
DATA,4793,42,-163,2067,42,-1,17,3760
DATA,4794,41,-136,2083,20,-1,18,4385
DATA,4795,38,-146,2080,-10,-1,15,5010
DATA,4796,38,-162,2069,-22,-3,13,5635
DATA,4797,40,-171,2064,-15,-3,13,6260
DATA,4798,41,-170,2068,-3,-1,13,6885
DATA,4799,38,-160,2073,0,-2,13,7510
DATA,4800,36,-154,2069,-11,-2,11,8135
DATA,4801,39,-157,2073,-23,-5,9,8760
DATA,4802,39,-165,2076,-27,-4,7,9385
DATA,4803,37,-179,2061,-14,-5,7,10010
DATA,4804,41,-184,2060,11,-4,9,10635
DATA,4805,40,-176,2069,35,-3,13,11260
DATA,4806,36,-166,2071,41,-3,12,11885
DATA,4807,34,-158,2070,39,-5,10,12510
DATA,4808,38,-159,2074,37,-6,11,13135
DATA,4809,28,-178,2072,44,-6,7,13760
DATA,4810,43,-182,2056,73,-6,3,14385
DATA,4811,43,-168,2062,103,-5,5,15010
DATA,4812,44,-142,2081,107,-2,6,15635
DATA,4813,42,-121,2086,74,-2,10,16260
DATA,4814,42,-130,2078,44,-3,13,16885
DATA,4815,42,-131,2082,19,-3,11,17510
DATA,4816,41,-131,2087,-7,-4,10,18135
DATA,4817,40,-126,2078,-35,-3,7,18760
DATA,4818,39,-131,2076,-63,-5,5,19385
DATA,4819,47,-156,2073,-72,-5,6,20010
DATA,4820,50,-183,2056,-43,-3,13,20635
DATA,4821,39,-194,2052,4,-2,13,21260
DATA,4822,44,-181,2063,49,-1,14,21885
DATA,4823,41,-157,2072,73,0,15,22510
DATA,4824,34,-129,2082,59,-1,13,23135
DATA,4825,34,-129,2080,24,-3,11,23760
DATA,4826,36,-145,2081,11,-5,10,24385
DATA,4827,35,-142,2073,7,-4,8,25010
DATA,4828,35,-151,2065,7,-5,8,25635
DATA,4829,38,-169,2068,27,-4,5,26260
DATA,4830,37,-173,2063,59,-4,1,26885
DATA,4831,38,-165,2058,95,-2,0,27510
DATA,4832,39,-144,2070,114,-3,-2,28135
DATA,4833,40,-114,2091,99,-3,2,28760
DATA,4834,38,-103,2088,54,-4,0,29385
DATA,4835,40,-109,2083,10,-5,2,30010
DATA,4836,41,-115,2085,-21,-6,5,30635
DATA,4837,43,-127,2079,-43,-5,4,31260
DATA,4838,41,-144,2066,-47,-5,6,31885
DATA,4839,46,-150,2065,-28,-4,7,32510
DATA,4840,46,-143,2074,-14,-3,11,33135
DATA,4841,44,-140,2071,-9,-2,14,33760
DATA,4842,41,-133,2072,-15,-3,11,34385
DATA,4843,45,-146,2075,-13,-3,13,35010
DATA,4844,42,-143,2071,-4,-2,15,35635
DATA,4845,38,-138,2072,-3,-3,14,36260
DATA,4846,38,-143,2072,-5,-5,14,36885
DATA,4847,43,-146,2074,8,-4,15,37510
DATA,4848,37,-138,2072,13,-2,16,38135
DATA,4849,39,-143,2068,14,-2,17,38760
DATA,4850,39,-141,2073,21,-3,17,39385
DATA,4851,39,-144,2071,27,-2,17,40010
DATA,4852,37,-145,2067,40,-3,19,40635
DATA,4853,37,-141,2068,56,-3,26,41260
DATA,4854,41,-132,2070,81,-6,51,41885
DATA,4855,40,-149,2071,90,-3,40,42510
DATA,4856,40,-133,2070,92,0,34,43135
DATA,4857,42,-125,2084,87,2,40,43760
DATA,4858,62,-114,2092,31,4,132,44385
DATA,4859,17,-123,2063,35,-4,99,45010
DATA,4860,40,-123,2077,47,1,49,45635
DATA,4861,31,-110,2081,36,-1,56,46260
DATA,4862,30,-103,2076,21,-3,14,46885
DATA,4863,39,-114,2076,-2,-8,9,47510
DATA,4864,41,-138,2069,5,-11,10,48135
DATA,4865,40,-135,2068,24,-8,11,48760
DATA,4866,37,-129,2067,38,-10,12,49385
DATA,4867,42,-134,2068,54,-10,17,50010
DATA,4868,41,-126,2071,70,-7,16,50635
DATA,4869,32,-104,2079,69,-7,22,51260
DATA,4870,35,-98,2084,46,-10,26,51885
DATA,4871,41,-93,2088,12,-6,20,52510
DATA,4872,42,-109,2071,-14,-5,12,53135
DATA,4873,40,-110,2074,-19,-1,11,53760
DATA,4874,38,-109,2078,-29,0,10,54385
DATA,4875,37,-111,2074,-39,1,7,55010
DATA,4876,42,-124,2065,-34,0,9,55635
DATA,4877,38,-121,2069,-23,0,9,56260
DATA,4878,36,-108,2078,-28,0,10,56885
DATA,4879,41,-110,2070,-45,-1,11,57510
DATA,4880,38,-131,2064,-39,-2,15,58135
DATA,4881,37,-134,2070,-21,-4,10,58760
DATA,4882,39,-125,2070,-10,-5,5,59385
DATA,4883,40,-121,2070,-8,-5,3,60010
DATA,4884,43,-132,2068,-2,-4,4,60635
DATA,4885,42,-139,2063,17,-4,9,61260
DATA,4886,41,-132,2061,42,-3,12,61885
DATA,4887,41,-128,2066,55,-4,17,62510
DATA,4888,43,-142,2065,77,-2,18,63135
DATA,4889,30,-145,2058,110,-1,16,63760
DATA,4890,43,-150,2051,156,-1,4,64385
DATA,4891,37,-114,2070,190,3,7,65010
DATA,4892,41,-77,2088,170,6,4,99
DATA,4893,43,-87,2077,138,14,12,724
DATA,4894,75,-103,2071,131,47,27,1349
DATA,4895,35,-113,2069,150,55,50,1974
DATA,4896,35,-104,2063,170,39,73,2599
DATA,4897,44,-104,2065,182,33,108,3224
DATA,4898,26,-101,2071,199,21,152,3849
DATA,4899,-1,-63,2076,210,-9,142,4474
DATA,4900,-3,-25,2090,164,-62,147,5099
DATA,4901,3,-28,2094,98,-114,146,5724
DATA,4902,107,-75,2090,98,-37,64,6349
DATA,4903,33,-78,2068,102,-12,61,6974
DATA,4904,39,-58,2077,112,-3,43,7599
DATA,4905,42,-49,2092,97,-2,54,8224
DATA,4906,36,-32,2093,61,-2,69,8849
DATA,4907,25,-18,2090,20,-5,51,9474
DATA,4908,28,-30,2092,-24,-8,22,10099
DATA,4909,39,-53,2085,-46,-10,10,10724
DATA,4910,43,-58,2076,-48,-7,13,11349
DATA,4911,38,-60,2073,-49,-7,18,11974
DATA,4912,35,-74,2076,-41,-6,29,12599
DATA,4913,37,-68,2076,-25,-5,35,13224
DATA,4914,33,-57,2075,-30,-6,50,13849
DATA,4915,35,-63,2077,-31,-9,41,14474
DATA,4916,41,-69,2079,-26,-8,28,15099
DATA,4917,35,-66,2074,-21,-7,33,15724
DATA,4918,30,-53,2080,-32,-8,42,16349
DATA,4919,36,-67,2081,-37,-9,40,16974
DATA,4920,45,-76,2072,-25,-8,29,17599
DATA,4921,42,-70,2072,-11,-5,20,18224
DATA,4922,39,-62,2081,-12,-3,18,18849
DATA,4923,42,-66,2080,-18,-1,19,19474
DATA,4924,36,-53,2081,-27,0,12,20099
DATA,4925,36,-39,2091,-57,-3,8,20724
DATA,4926,33,-32,2100,-104,-5,3,21349
DATA,4927,62,-24,2093,-154,-10,9,21974
DATA,4928,18,-59,2090,-208,-5,31,22599
DATA,4929,53,-86,2075,-222,-9,25,23224
DATA,4930,47,-94,2079,-212,-8,40,23849
DATA,4931,69,-55,2095,-240,-3,88,24474
DATA,4932,52,-36,2101,-324,-8,162,25099
DATA,4933,-8,-108,2074,-357,-11,112,25724
DATA,4934,23,-180,2040,-290,-13,23,26349
DATA,4935,38,-202,2032,-181,-6,15,26974
DATA,4936,37,-186,2047,-78,-4,10,27599
DATA,4937,41,-160,2055,-4,-1,11,28224
DATA,4938,37,-130,2063,34,2,17,28849
DATA,4939,36,-103,2084,35,2,19,29474
DATA,4940,26,-78,2094,-9,2,8,30099
DATA,4941,25,-91,2085,-60,-6,-1,30724
DATA,4942,45,-123,2072,-74,-9,-2,31349
DATA,4943,44,-140,2068,-55,-6,9,31974
DATA,4944,36,-138,2066,-30,-2,11,32599
DATA,4945,38,-132,2066,-11,-6,13,33224
DATA,4946,35,-127,2074,-3,-6,15,33849
DATA,4947,47,-159,2060,29,-10,25,34474
DATA,4948,41,-130,2067,65,-7,30,35099
DATA,4949,39,-91,2089,43,-5,40,35724
DATA,4950,31,-88,2091,2,-8,26,36349
DATA,4951,47,-110,2077,-31,-5,7,36974
DATA,4952,35,-132,2062,-24,-6,9,37599
DATA,4953,39,-124,2075,-5,-6,12,38224
DATA,4954,35,-95,2088,-22,-6,8,38849
DATA,4955,35,-98,2082,-61,-8,3,39474
DATA,4956,41,-123,2072,-74,-6,5,40099
DATA,4957,48,-133,2071,-63,-4,7,40724
DATA,4958,36,-124,2073,-56,-1,12,41349
DATA,4959,36,-123,2073,-59,-2,8,41974
DATA,4960,35,-128,2075,-56,-2,8,42599
DATA,4961,38,-136,2071,-49,-3,10,43224
DATA,4962,36,-137,2063,-38,-3,11,43849
DATA,4963,36,-138,2068,-25,-4,10,44474
DATA,4964,36,-135,2071,-14,-3,12,45099
DATA,4965,39,-130,2067,-10,-3,10,45724
DATA,4966,35,-129,2070,-10,-3,9,46349
DATA,4967,40,-132,2076,-11,-3,11,46974
DATA,4968,37,-130,2072,-12,-3,10,47599
DATA,4969,37,-123,2072,-17,-4,9,48224
DATA,4970,39,-117,2084,-33,-5,10,48849
DATA,4971,43,-109,2086,-57,-4,12,49474
DATA,4972,39,-99,2085,-93,-4,15,50099
DATA,4973,38,-97,2089,-146,-6,15,50724
DATA,4974,39,-106,2089,-198,-7,17,51349
DATA,4975,39,-134,2076,-228,-7,17,51974
DATA,4976,39,-169,2057,-219,-7,13,52599
DATA,4977,44,-207,2046,-173,-3,15,53224
DATA,4978,42,-246,2029,-76,0,15,53849
DATA,4979,50,-224,2036,28,6,19,54474
DATA,4980,65,-171,2067,69,21,58,55099
DATA,4981,68,-135,2087,63,59,67,55724
DATA,4982,48,-136,2074,34,81,89,56349
DATA,4983,11,-128,2072,8,61,122,56974
DATA,4984,-24,-106,2084,-33,22,82,57599
DATA,4985,-22,-106,2088,-92,-34,24,58224
DATA,4986,10,-120,2078,-145,-82,18,58849
DATA,4987,16,-131,2076,-185,-107,16,59474
DATA,4988,113,-188,2076,-196,-87,5,60099
DATA,4989,20,-217,2043,-145,-11,14,60724
DATA,4990,51,-209,2044,-81,-14,3,61349
DATA,4991,40,-199,2060,-38,-8,7,61974
DATA,4992,44,-187,2064,-15,-5,8,62599
DATA,4993,41,-179,2062,-4,-1,12,63224
DATA,4994,41,-178,2064,4,0,11,63849
DATA,4995,41,-172,2070,9,1,11,64474
DATA,4996,38,-146,2076,-8,2,8,65099
DATA,4997,43,-128,2083,-51,2,8,188
DATA,4998,42,-120,2099,-113,4,17,813
DATA,4999,53,-116,2103,-193,1,30,1438
DATA,5000,50,-114,2098,-293,-1,87,2063
DATA,5001,10,-150,2084,-361,-16,92,2688
DATA,5002,40,-163,2085,-401,-26,64,3313
DATA,5003,43,-207,2065,-426,-14,50,3938
DATA,5004,28,-259,2044,-390,-13,32,4563
DATA,5005,37,-248,2058,-341,-11,17,5188
DATA,5006,38,-224,2067,-336,-8,17,5813
DATA,5007,37,-226,2067,-352,-7,18,6438
DATA,5008,37,-234,2070,-374,-8,17,7063
DATA,5009,39,-264,2059,-380,-7,19,7688
DATA,5010,35,-307,2034,-341,-6,19,8313
DATA,5011,35,-313,2038,-272,-5,17,8938
DATA,5012,37,-299,2050,-226,-6,13,9563
DATA,5013,37,-296,2049,-199,-5,14,10188
DATA,5014,36,-278,2059,-194,-7,16,10813
DATA,5015,37,-280,2060,-201,-8,17,11438
DATA,5016,39,-286,2059,-210,-8,21,12063
DATA,5017,41,-299,2051,-212,-9,27,12688
DATA,5018,59,-290,2062,-223,-13,62,13313
DATA,5019,70,-273,2078,-279,-34,186,13938
DATA,5020,28,-320,2044,-311,-45,240,14563
DATA,5021,34,-360,2028,-256,-29,166,15188
DATA,5022,39,-383,2025,-184,-26,158,15813
DATA,5023,25,-390,2016,-82,-14,89,16438
DATA,5024,35,-338,2041,-18,-3,41,17063
DATA,5025,37,-312,2057,-25,-3,29,17688
DATA,5026,34,-304,2065,-52,-2,15,18313
DATA,5027,35,-314,2056,-82,-5,10,18938
DATA,5028,41,-329,2051,-94,-5,17,19563
DATA,5029,41,-336,2050,-97,-6,28,20188
DATA,5030,52,-339,2052,-103,-10,57,20813
DATA,5031,44,-338,2045,-112,-15,82,21438
DATA,5032,56,-345,2050,-121,-20,70,22063
DATA,5033,54,-370,2042,-113,-16,40,22688
DATA,5034,29,-378,2026,-75,-11,18,23313
DATA,5035,2,-346,2038,-24,-5,4,23938
DATA,5036,25,-322,2060,-21,-4,6,24563
DATA,5037,31,-297,2070,-68,-5,3,25188
DATA,5038,32,-282,2079,-152,-9,1,25813
DATA,5039,34,-298,2075,-240,-11,3,26438
DATA,5040,45,-330,2063,-299,-10,6,27063
DATA,5041,40,-350,2048,-330,-11,9,27688
DATA,5042,39,-379,2039,-340,-11,8,28313
DATA,5043,44,-427,2019,-304,-9,9,28938
DATA,5044,41,-455,2006,-216,-7,9,29563
DATA,5045,42,-451,2004,-120,-4,5,30188
DATA,5046,44,-417,2028,-58,-2,2,30813
DATA,5047,42,-387,2044,-43,0,5,31438
DATA,5048,39,-362,2050,-67,-1,3,32063
DATA,5049,39,-353,2061,-112,-2,6,32688
DATA,5050,39,-337,2071,-186,-3,5,33313
DATA,5051,38,-355,2057,-268,-7,5,33938
DATA,5052,41,-390,2038,-309,-7,9,34563
DATA,5053,43,-418,2032,-315,-7,11,35188
DATA,5054,39,-434,2026,-299,-7,14,35813
DATA,5055,43,-462,2005,-268,-3,12,36438
DATA,5056,42,-468,2012,-216,-2,17,37063
DATA,5057,44,-455,2023,-170,-2,20,37688
DATA,5058,35,-442,2021,-153,-1,19,38313
DATA,5059,36,-432,2029,-157,-3,18,38938
DATA,5060,38,-430,2037,-181,-4,18,39563
DATA,5061,33,-438,2033,-193,-5,14,40188
DATA,5062,39,-424,2034,-226,-8,10,40813
DATA,5063,36,-453,2027,-255,-7,9,41438
DATA,5064,43,-466,2026,-258,-9,11,42063
DATA,5065,38,-490,2006,-245,-6,10,42688
DATA,5066,38,-520,1994,-201,-8,9,43313
DATA,5067,40,-529,1994,-134,-7,9,43938
DATA,5068,37,-519,1999,-65,-8,5,44563
DATA,5069,40,-495,2004,-31,-7,4,45188
DATA,5070,40,-507,2004,-2,-8,3,45813
DATA,5071,44,-511,2003,44,-8,3,46438
DATA,5072,42,-496,2003,84,-7,6,47063
DATA,5073,39,-452,2029,81,-6,2,47688
DATA,5074,43,-425,2052,11,-7,0,48313
DATA,5075,-2,-526,2039,-81,4,-62,48938
DATA,5076,66,-470,2003,-143,26,-189,49563
DATA,5077,77,-413,2014,-92,16,-63,50188
DATA,5078,46,-484,2014,-60,1,11,50813
DATA,5079,39,-475,2014,-56,2,15,51438
DATA,5080,42,-456,2030,-87,2,13,52063
DATA,5081,40,-487,2018,-106,1,16,52688
DATA,5082,41,-487,2016,-106,0,13,53313
DATA,5083,40,-497,2007,-103,-2,17,53938
DATA,5084,41,-511,2004,-82,-2,14,54563
DATA,5085,41,-508,2007,-60,-2,12,55188
DATA,5086,41,-505,2003,-40,-4,14,55813
DATA,5087,41,-500,2009,-28,-3,14,56438
DATA,5088,42,-501,2015,-23,-5,12,57063
DATA,5089,38,-494,2010,-18,-4,15,57688
DATA,5090,39,-475,2023,-36,-4,12,58313
DATA,5091,38,-491,2018,-61,-5,13,58938
DATA,5092,42,-505,2007,-57,-5,15,59563
DATA,5093,40,-485,2014,-60,-5,11,60188
DATA,5094,40,-492,2015,-73,-5,10,60813
DATA,5095,44,-495,2017,-82,-5,12,61438
DATA,5096,43,-504,2006,-86,-5,13,62063
DATA,5097,43,-522,1999,-73,-4,13,62688
DATA,5098,45,-521,2006,-47,-4,13,63313
DATA,5099,43,-517,2005,-32,-3,13,63938
DATA,5100,43,-513,2005,-21,-3,14,64563
DATA,5101,43,-508,2015,-18,-2,17,65188
DATA,5102,42,-505,2016,-21,-1,15,277
DATA,5103,39,-498,2014,-32,-3,14,902
DATA,5104,41,-499,2014,-45,-2,15,1527
DATA,5105,42,-497,2024,-63,-3,15,2152
DATA,5106,41,-499,2017,-81,-3,14,2777
DATA,5107,42,-500,2013,-97,-4,13,3402
DATA,5108,39,-514,2010,-106,-4,15,4027
DATA,5109,42,-524,2008,-97,-4,15,4652
DATA,5110,41,-520,2003,-91,-4,16,5277
DATA,5111,38,-527,2007,-83,-3,17,5902
DATA,5112,40,-543,2002,-68,-4,16,6527
DATA,5113,39,-553,1991,-33,-3,16,7152
DATA,5114,37,-557,1986,14,-3,18,7777
DATA,5115,43,-556,1995,61,-3,17,8402
DATA,5116,42,-549,1997,104,-2,16,9027
DATA,5117,37,-524,2003,128,-4,16,9652
DATA,5118,39,-509,2012,127,-5,14,10277
DATA,5119,40,-509,2016,118,-7,13,10902
DATA,5120,40,-501,2013,107,-5,10,11527
DATA,5121,41,-506,2010,98,-7,12,12152
DATA,5122,42,-509,2013,101,-6,13,12777
DATA,5123,42,-496,2018,96,-4,11,13402
DATA,5124,41,-492,2013,85,-4,10,14027
DATA,5125,44,-506,2013,85,-3,12,14652
DATA,5126,44,-504,2016,94,-3,12,15277
DATA,5127,40,-498,2009,98,-2,10,15902
DATA,5128,42,-510,2004,114,-1,10,16527
DATA,5129,44,-524,2006,154,0,11,17152
DATA,5130,41,-505,2007,191,0,10,17777
DATA,5131,36,-499,2004,213,1,11,18402
DATA,5132,42,-499,2008,242,-1,10,19027
DATA,5133,42,-505,2008,277,-1,12,19652
DATA,5134,38,-510,1995,330,-1,10,20277
DATA,5135,41,-511,1993,402,-2,12,20902
DATA,5136,41,-492,2006,473,-2,14,21527
DATA,5137,38,-470,2010,525,-2,13,22152
DATA,5138,35,-451,2013,565,-2,14,22777
DATA,5139,32,-422,2028,588,-4,10,23402
DATA,5140,40,-380,2050,572,-4,5,24027
DATA,5141,39,-357,2049,529,-4,8,24652
DATA,5142,37,-358,2048,487,-5,5,25277
DATA,5143,37,-354,2052,471,-5,4,25902
DATA,5144,44,-355,2045,462,-6,5,26527
DATA,5145,34,-348,2040,458,-6,4,27152
DATA,5146,45,-324,2057,443,-4,3,27777
DATA,5147,44,-319,2057,423,-2,7,28402
DATA,5148,45,-314,2050,414,-1,7,29027
DATA,5149,43,-296,2056,403,-1,7,29652
DATA,5150,40,-293,2064,382,1,10,30277
DATA,5151,37,-290,2056,372,-1,8,30902
DATA,5152,41,-279,2057,365,0,8,31527
DATA,5153,40,-272,2064,349,-1,7,32152
DATA,5154,42,-273,2061,342,0,9,32777
DATA,5155,39,-271,2055,343,-2,7,33402
DATA,5156,35,-296,2041,371,-1,7,34027
DATA,5157,44,-345,2018,464,-4,7,34652
DATA,5158,35,-366,1996,629,-2,4,35277
DATA,5159,44,-301,2017,786,3,3,35902
DATA,5160,50,-200,2061,846,5,1,36527
DATA,5161,44,-96,2112,774,3,22,37152
DATA,5162,87,-37,2134,591,-5,165,37777
DATA,5163,15,-90,2095,450,-13,216,38402
DATA,5164,27,-76,2111,372,-10,144,39027
DATA,5165,33,-97,2089,288,-12,127,39652
DATA,5166,29,-90,2091,240,-9,98,40277
DATA,5167,26,-96,2091,193,-6,62,40902
DATA,5168,37,-134,2068,176,-7,48,41527
DATA,5169,31,-181,2038,235,-7,33,42152
DATA,5170,39,-167,2048,318,-3,26,42777
DATA,5171,38,-152,2052,385,-4,26,43402
DATA,5172,43,-111,2065,427,-2,28,44027
DATA,5173,49,-64,2085,416,2,48,44652
DATA,5174,37,-28,2108,354,4,115,45277
DATA,5175,40,-38,2098,270,-3,202,45902
DATA,5176,55,-46,2081,225,-3,182,46527
DATA,5177,35,-32,2085,203,1,103,47152
DATA,5178,36,1,2108,152,2,58,47777
DATA,5179,28,0,2099,62,8,47,48402
DATA,5180,38,-45,2084,19,5,32,49027
DATA,5181,51,-73,2074,25,21,26,49652
DATA,5182,52,-76,2063,56,52,16,50277
DATA,5183,47,-84,2058,95,76,10,50902
DATA,5184,42,-78,2064,139,87,9,51527
DATA,5185,37,-55,2074,159,95,9,52152
DATA,5186,29,-27,2083,151,99,16,52777
DATA,5187,25,-15,2090,119,102,20,53402
DATA,5188,4,-31,2075,93,86,31,54027
DATA,5189,4,-42,2067,100,54,31,54652
DATA,5190,19,-40,2070,115,40,32,55277
DATA,5191,28,-36,2079,122,43,31,55902
DATA,5192,31,-31,2077,128,61,19,56527
DATA,5193,16,-21,2075,130,68,16,57152
DATA,5194,18,-11,2088,118,62,25,57777
DATA,5195,13,-4,2090,96,61,28,58402
DATA,5196,19,-1,2080,70,65,34,59027
DATA,5197,42,11,2096,31,59,85,59652
DATA,5198,32,-10,2090,-4,65,158,60277
DATA,5199,-2,-32,2067,3,70,160,60902
DATA,5200,14,-15,2078,23,74,131,61527
DATA,5201,44,-20,2082,25,131,90,62152
DATA,5202,18,-40,2073,45,153,123,62777
DATA,5203,-36,-38,2053,85,140,135,63402
DATA,5204,-41,-1,2076,107,116,63,64027
DATA,5205,-19,26,2097,77,91,41,64652
DATA,5206,4,32,2097,24,86,64,65277
DATA,5207,-16,25,2090,-31,85,93,366
DATA,5208,-46,12,2088,-65,66,78,991
DATA,5209,-28,15,2091,-85,41,52,1616
DATA,5210,-17,10,2085,-120,29,72,2241
DATA,5211,-27,4,2086,-146,14,88,2866
DATA,5212,-26,6,2093,-177,-2,88,3491
DATA,5213,-25,2,2086,-212,-20,90,4116
DATA,5214,-31,-10,2082,-243,-44,109,4741
DATA,5215,-16,-35,2081,-251,-68,123,5366
DATA,5216,-24,-31,2081,-258,-72,114,5991
DATA,5217,-76,-42,2066,-235,-75,25,6616
DATA,5218,-70,26,2099,-271,-140,-74,7241
DATA,5219,-3,-8,2105,-376,-188,-17,7866
DATA,5220,10,-60,2078,-404,-167,-44,8491
DATA,5221,22,-108,2059,-373,-141,-47,9116
DATA,5222,17,-124,2061,-315,-121,-43,9741
DATA,5223,19,-133,2057,-254,-105,-26,10366
DATA,5224,-52,-114,2045,-217,-186,50,10991
DATA,5225,30,-92,2078,-193,-189,-10,11616
DATA,5226,58,-90,2093,-190,-113,-90,12241
DATA,5227,37,-114,2070,-211,-101,2,12866
DATA,5228,14,-132,2054,-176,-106,-5,13491
DATA,5229,43,-135,2071,-148,-100,12,14116
DATA,5230,37,-134,2067,-116,-78,15,14741
DATA,5231,41,-128,2065,-94,-54,3,15366
DATA,5232,27,-128,2068,-81,-43,6,15991
DATA,5233,25,-130,2071,-68,-55,16,16616
DATA,5234,43,-124,2070,-59,-44,16,17241
DATA,5235,31,-130,2067,-53,-34,11,17866
DATA,5236,33,-134,2072,-42,-37,19,18491
DATA,5237,42,-125,2074,-33,-28,12,19116
DATA,5238,39,-119,2073,-35,-13,0,19741
DATA,5239,30,-123,2076,-39,-10,-3,20366
DATA,5240,27,-123,2077,-46,-20,2,20991
DATA,5241,26,-121,2069,-52,-33,7,21616
DATA,5242,37,-126,2073,-55,-34,8,22241
DATA,5243,40,-135,2077,-51,-28,5,22866
DATA,5244,41,-138,2069,-42,-22,7,23491
DATA,5245,37,-139,2065,-29,-17,8,24116
DATA,5246,40,-139,2076,-19,-14,9,24741
DATA,5247,37,-130,2076,-16,-10,9,25366
DATA,5248,32,-130,2070,-20,-6,10,25991
DATA,5249,32,-133,2073,-18,-13,7,26616
DATA,5250,38,-131,2078,-17,-13,11,27241
DATA,5251,38,-132,2072,-15,-7,8,27866
DATA,5252,34,-134,2070,-14,-6,9,28491
DATA,5253,34,-134,2075,-11,-10,10,29116
DATA,5254,38,-130,2073,-13,-8,10,29741
DATA,5255,35,-132,2068,-14,-5,7,30366
DATA,5256,33,-131,2074,-13,-8,9,30991
DATA,5257,37,-132,2075,-14,-10,10,31616
DATA,5258,39,-133,2069,-15,-7,9,32241
DATA,5259,37,-135,2070,-13,-7,9,32866
DATA,5260,38,-136,2075,-11,-8,9,33491
DATA,5261,41,-137,2072,-11,-4,10,34116
DATA,5262,36,-133,2067,-9,-4,10,34741
DATA,5263,37,-135,2074,-8,-6,10,35366
DATA,5264,38,-135,2074,-7,-4,10,35991
DATA,5265,36,-133,2068,-8,-4,10,36616
DATA,5266,36,-135,2070,-7,-5,10,37241
DATA,5267,39,-135,2072,-8,-5,11,37866
DATA,5268,38,-133,2069,-8,-3,9,38491
DATA,5269,37,-134,2068,-7,-4,8,39116
DATA,5270,37,-137,2075,-7,-5,11,39741
DATA,5271,36,-133,2072,-7,-3,10,40366
DATA,5272,37,-133,2065,-8,-4,11,40991
DATA,5273,37,-135,2069,-7,-5,11,41616
DATA,5274,37,-135,2075,-7,-4,10,42241
DATA,5275,35,-132,2067,-7,-5,11,42866
DATA,5276,35,-136,2065,-7,-3,9,43491
DATA,5277,38,-135,2071,-7,-3,11,44116
DATA,5278,36,-136,2068,-6,-4,10,44741
DATA,5279,36,-134,2066,-7,-4,9,45366
DATA,5280,38,-133,2070,-7,-5,10,45991
DATA,5281,39,-135,2073,-7,-3,9,46616
DATA,5282,37,-135,2069,-7,-4,10,47241
DATA,5283,37,-135,2066,-7,-4,9,47866
DATA,5284,40,-136,2072,-6,-5,12,48491
DATA,5285,36,-135,2071,-6,-5,9,49116
DATA,5286,36,-135,2068,-7,-5,10,49741
DATA,5287,39,-136,2073,-6,-5,10,50366
DATA,5288,37,-136,2075,-6,-3,10,50991
DATA,5289,36,-136,2066,-6,-3,10,51616
DATA,5290,37,-135,2068,-6,-4,10,52241
DATA,5291,40,-137,2075,-6,-4,8,52866
DATA,5292,38,-136,2072,-6,-3,11,53491
DATA,5293,36,-133,2068,-7,-4,9,54116
DATA,5294,38,-134,2074,-6,-5,11,54741
DATA,5295,39,-137,2075,-6,-4,10,55366
DATA,5296,35,-135,2069,-6,-4,10,55991
DATA,5297,37,-135,2069,-6,-4,11,56616
DATA,5298,40,-136,2076,-6,-3,10,57241
DATA,5299,37,-136,2074,-7,-3,10,57866
DATA,5300,35,-134,2068,-7,-4,10,58491
DATA,5301,38,-137,2078,-6,-4,10,59116
DATA,5302,39,-135,2079,-6,-3,12,59741
DATA,5303,37,-135,2070,-6,-3,11,60366
DATA,5304,37,-135,2075,-6,-4,10,60991
DATA,5305,39,-137,2078,-6,-3,11,61616
DATA,5306,38,-134,2072,-6,-3,11,62241
DATA,5307,37,-135,2067,-7,-5,11,62866
DATA,5308,38,-137,2076,-6,-6,9,63491
DATA,5309,40,-136,2076,-5,-3,10,64116
DATA,5310,36,-135,2071,-5,-3,10,64741
DATA,5311,38,-135,2074,-6,-5,11,65366
DATA,5312,39,-137,2076,-6,-4,8,455
DATA,5313,37,-135,2072,-6,-3,9,1080
DATA,5314,35,-133,2069,-6,-5,9,1705
DATA,5315,40,-135,2078,-6,-5,10,2330
DATA,5316,40,-136,2076,-7,-3,10,2955
DATA,5317,37,-134,2069,-5,-5,9,3580
DATA,5318,38,-134,2073,-5,-4,11,4205
DATA,5319,37,-137,2075,-6,-5,10,4830
DATA,5320,35,-135,2072,-6,-4,9,5455
DATA,5321,38,-134,2069,-6,-5,10,6080
DATA,5322,38,-134,2076,-6,-3,11,6705
DATA,5323,36,-136,2075,-5,-4,10,7330
DATA,5324,38,-138,2072,-6,-4,10,7955
DATA,5325,40,-139,2075,-7,-4,10,8580
DATA,5326,37,-137,2076,-6,-4,11,9205
DATA,5327,37,-133,2071,-5,-3,9,9830
DATA,5328,36,-136,2075,-6,-4,11,10455
DATA,5329,40,-137,2075,-6,-4,9,11080
DATA,5330,39,-137,2073,-6,-5,9,11705
DATA,5331,36,-137,2071,-5,-3,10,12330
DATA,5332,38,-137,2076,-6,-4,9,12955
DATA,5333,38,-137,2075,-6,-3,10,13580
DATA,5334,39,-137,2071,-6,-3,11,14205
DATA,5335,37,-136,2075,-6,-4,10,14830
DATA,5336,38,-137,2075,-5,-4,10,15455
DATA,5337,39,-135,2072,-5,-4,9,16080
DATA,5338,36,-133,2068,-5,-4,11,16705
DATA,5339,39,-136,2075,-6,-4,11,17330
DATA,5340,38,-132,2075,-5,-4,8,17955
DATA,5341,36,-133,2068,-6,-4,10,18580
DATA,5342,39,-138,2073,-6,-5,11,19205
DATA,5343,39,-137,2075,-6,-3,9,19830
DATA,5344,37,-138,2069,-6,-4,10,20455
DATA,5345,38,-137,2072,-6,-4,9,21080
DATA,5346,40,-137,2076,-5,-4,10,21705
DATA,5347,36,-136,2073,-6,-4,10,22330
DATA,5348,36,-135,2070,-7,-3,10,22955
DATA,5349,39,-137,2076,-7,-5,11,23580
DATA,5350,38,-136,2078,-6,-4,11,24205
DATA,5351,37,-134,2071,-5,-3,11,24830
DATA,5352,39,-135,2074,-5,-5,10,25455
DATA,5353,39,-137,2077,-5,-4,12,26080
DATA,5354,39,-134,2071,-7,-4,9,26705
DATA,5355,39,-135,2069,-7,-4,9,27330
DATA,5356,38,-135,2076,-5,-4,10,27955
DATA,5357,38,-136,2075,-5,-4,12,28580
DATA,5358,44,-139,2067,-4,-2,12,29205
DATA,5359,39,-152,2065,11,7,12,29830
DATA,5360,49,-139,2074,28,17,9,30455
DATA,5361,33,-134,2070,25,20,15,31080
DATA,5362,33,-149,2061,29,5,43,31705
DATA,5363,21,-149,2062,59,-16,41,32330
DATA,5364,48,-101,2090,48,-12,39,32955
DATA,5365,15,-92,2082,0,-4,8,33580
DATA,5366,22,-108,2083,-41,-29,1,34205
DATA,5367,59,-146,2071,-54,-17,5,34830
DATA,5368,39,-169,2047,-11,-5,4,35455
DATA,5369,44,-155,2057,36,-5,16,36080
DATA,5370,39,-133,2076,54,1,15,36705
DATA,5371,31,-110,2082,39,0,11,37330
DATA,5372,26,-95,2079,0,-1,3,37955
DATA,5373,28,-97,2084,-42,-9,-12,38580
DATA,5374,32,-108,2085,-81,-12,-22,39205
DATA,5375,40,-129,2071,-96,-9,-30,39830
DATA,5376,43,-161,2054,-83,-9,-24,40455
DATA,5377,51,-186,2053,-33,-7,-3,41080
DATA,5378,51,-161,2059,15,8,5,41705
DATA,5379,44,-137,2067,38,22,-9,42330
DATA,5380,45,-133,2073,33,41,-10,42955
DATA,5381,28,-144,2066,38,29,-2,43580
DATA,5382,39,-132,2069,44,23,5,44205
DATA,5383,43,-132,2071,45,36,-2,44830
DATA,5384,49,-129,2080,44,53,-2,45455
DATA,5385,37,-119,2073,34,67,-5,46080
DATA,5386,28,-108,2075,17,67,-13,46705
DATA,5387,28,-103,2088,-15,66,-19,47330
DATA,5388,43,-109,2087,-49,83,-30,47955
DATA,5389,71,-104,2087,-75,120,-39,48580
DATA,5390,52,-124,2078,-107,174,-16,49205
DATA,5391,-21,-192,2043,-68,185,-57,49830
DATA,5392,-66,-250,2005,63,106,-86,50455
DATA,5393,34,-198,2042,194,58,-65,51080
DATA,5394,114,-109,2104,211,135,-12,51705
DATA,5395,108,-67,2118,143,268,17,52330
DATA,5396,32,24,2065,135,395,-2,52955
DATA,5397,-13,257,1861,725,570,259,53580
DATA,5398,-111,-157,2143,953,467,279,54205
DATA,5399,-183,-294,2187,857,254,71,54830
DATA,5400,-73,-264,2171,553,108,-48,55455
DATA,5401,-20,-85,2192,246,-30,-95,56080
DATA,5402,9,11,2140,101,-95,-70,56705
DATA,5403,27,3,2176,115,-86,-28,57330
DATA,5404,68,-34,2216,203,-139,1,57955
DATA,5405,75,-49,2213,244,-161,-29,58580
DATA,5406,66,4,2202,224,-226,-7,59205
DATA,5407,2,1,2112,191,-319,9,59830
DATA,5408,-31,-18,2028,205,-357,-13,60455
DATA,5409,-52,-19,2037,234,-335,-16,61080
DATA,5410,-37,-15,2047,256,-259,-47,61705
DATA,5411,-44,39,2062,282,-233,-100,62330
DATA,5412,-24,52,2058,300,-223,-181,62955
DATA,5413,-13,57,2089,291,-187,-228,63580
DATA,5414,17,72,2056,344,-125,-241,64205
DATA,5415,18,67,2055,410,-41,-250,64830
DATA,5416,29,68,2055,450,7,-255,65455
DATA,5417,37,68,2034,585,0,-216,544
DATA,5418,14,53,2052,769,-5,-204,1169
DATA,5419,12,55,2075,896,-52,-256,1794
DATA,5420,4,91,2062,924,-83,-284,2419
DATA,5421,-18,111,2059,852,-88,-285,3044
DATA,5422,-31,126,2048,720,-69,-271,3669
DATA,5423,-15,118,2038,520,-2,-217,4294
DATA,5424,-3,138,2085,330,8,-144,4919
DATA,5425,20,163,2096,192,62,-58,5544
DATA,5426,30,159,2124,164,54,-4,6169
DATA,5427,40,168,2139,233,50,-43,6794
DATA,5428,31,191,2161,364,28,-108,7419
DATA,5429,38,200,2187,487,-29,-162,8044
DATA,5430,73,225,2164,641,-98,-178,8669
DATA,5431,146,223,2195,810,-113,-149,9294
DATA,5432,75,204,2172,835,-172,-72,9919
DATA,5433,24,165,2127,773,-220,-106,10544
DATA,5434,-22,173,2042,585,-198,-122,11169
DATA,5435,-35,201,1999,400,-126,-177,11794
DATA,5436,-6,268,1914,264,18,-201,12419
DATA,5437,15,315,1932,265,132,-164,13044
DATA,5438,22,324,1957,305,174,-101,13669
DATA,5439,30,290,2009,321,185,-86,14294
DATA,5440,57,283,2012,346,161,-86,14919
DATA,5441,45,293,1995,440,101,-87,15544
DATA,5442,17,292,2015,539,48,-117,16169
DATA,5443,18,309,2010,630,7,-134,16794
DATA,5444,34,300,2025,616,1,-128,17419
DATA,5445,14,310,2036,481,1,-73,18044
DATA,5446,-3,350,1980,358,38,21,18669
DATA,5447,0,381,1955,348,99,152,19294
DATA,5448,-41,397,1955,401,137,158,19919
DATA,5449,-50,435,1934,541,181,145,20544
DATA,5450,-49,441,1955,649,236,131,21169
DATA,5451,-53,468,2000,693,239,116,21794
DATA,5452,-39,472,2000,674,204,150,22419
DATA,5453,-48,430,2044,610,113,146,23044
DATA,5454,-15,432,2105,495,-32,82,23669
DATA,5455,20,480,2110,351,-168,33,24294
DATA,5456,39,505,2063,286,-215,41,24919
DATA,5457,26,482,2041,247,-186,92,25544
DATA,5458,-5,441,2056,240,-128,124,26169
DATA,5459,-10,417,2071,254,-79,134,26794
DATA,5460,-37,404,2078,291,-84,136,27419
DATA,5461,-25,437,2114,354,-80,135,28044
DATA,5462,-8,489,2106,396,-42,128,28669
DATA,5463,-61,513,2058,402,-13,91,29294
DATA,5464,-32,602,1999,352,53,118,29919
DATA,5465,2,658,1966,281,118,222,30544
DATA,5466,28,664,1958,205,119,184,31169
DATA,5467,36,659,1979,151,104,139,31794
DATA,5468,-4,584,1993,168,89,158,32419
DATA,5469,-18,531,1990,224,64,128,33044
DATA,5470,0,527,1977,264,101,111,33669
DATA,5471,8,533,1977,338,180,122,34294
DATA,5472,-21,557,2017,430,218,154,34919
DATA,5473,19,564,2065,467,230,166,35544
DATA,5474,34,595,2081,446,229,161,36169
DATA,5475,74,667,2035,435,204,146,36794
DATA,5476,72,707,2046,444,178,155,37419
DATA,5477,52,678,2056,463,122,126,38044
DATA,5478,31,672,2048,542,48,57,38669
DATA,5479,18,672,2050,591,4,58,39294
DATA,5480,19,687,2039,615,0,67,39919
DATA,5481,21,706,1980,658,56,89,40544
DATA,5482,-5,672,1968,680,128,135,41169
DATA,5483,-52,633,1979,674,132,152,41794
DATA,5484,-78,659,1970,668,100,129,42419
DATA,5485,-48,716,1918,658,83,104,43044
DATA,5486,4,798,1842,652,109,97,43669
DATA,5487,13,820,1837,685,152,117,44294
DATA,5488,18,789,1849,634,194,155,44919
DATA,5489,17,771,1825,536,217,159,45544
DATA,5490,-26,767,1823,440,240,156,46169
DATA,5491,-45,756,1796,450,296,182,46794
DATA,5492,-34,768,1783,560,340,187,47419
DATA,5493,-35,761,1812,676,346,193,48044
DATA,5494,-63,738,1878,729,287,197,48669
DATA,5495,-50,783,1928,730,175,149,49294
DATA,5496,-11,864,1926,679,85,101,49919
DATA,5497,-37,950,1926,585,38,72,50544
DATA,5498,-36,1001,1905,525,18,89,51169
DATA,5499,-54,1034,1886,509,36,110,51794
DATA,5500,-49,1000,1870,491,88,137,52419
DATA,5501,-45,961,1840,494,158,157,53044
DATA,5502,-53,947,1798,586,253,206,53669
DATA,5503,-106,931,1818,658,320,256,54294
DATA,5504,-117,946,1873,694,351,231,54919
DATA,5505,-79,990,1894,786,426,207,55544
DATA,5506,-50,1000,1874,835,510,222,56169
DATA,5507,-59,972,1876,783,484,160,56794
DATA,5508,-95,1002,1863,706,418,90,57419
DATA,5509,-88,1030,1845,597,400,61,58044
DATA,5510,-69,1053,1815,590,387,68,58669
DATA,5511,-92,1043,1809,563,340,107,59294
DATA,5512,-102,1014,1751,487,244,121,59919
DATA,5513,-96,1009,1683,445,178,114,60544
DATA,5514,-111,1005,1686,433,168,131,61169
DATA,5515,-134,1021,1715,440,160,129,61794
DATA,5516,-129,1054,1766,483,129,112,62419
DATA,5517,-102,1108,1772,531,109,115,63044
DATA,5518,-119,1134,1759,505,75,106,63669
DATA,5519,-149,1183,1742,444,43,88,64294
DATA,5520,-163,1189,1695,339,30,84,64919
DATA,5521,-177,1187,1657,194,63,68,8
DATA,5522,-175,1205,1636,116,92,31,633
DATA,5523,-161,1224,1646,122,141,-2,1258
DATA,5524,-160,1215,1689,118,187,-17,1883
DATA,5525,-159,1195,1714,68,225,-29,2508
DATA,5526,-136,1185,1712,27,243,-37,3133
DATA,5527,-139,1177,1696,13,226,-35,3758
DATA,5528,-134,1182,1694,11,195,-3,4383
DATA,5529,-130,1187,1713,-18,152,30,5008
DATA,5530,-127,1179,1699,-72,131,74,5633
DATA,5531,-178,1151,1656,-108,150,98,6258
DATA,5532,-177,1125,1635,-93,191,109,6883
DATA,5533,-163,1097,1630,13,233,122,7508
DATA,5534,-176,1086,1664,136,249,134,8133
DATA,5535,-186,1091,1708,205,227,115,8758
DATA,5536,-181,1130,1759,256,192,100,9383
DATA,5537,-197,1143,1758,248,163,105,10008
DATA,5538,-215,1152,1696,243,192,48,10633
DATA,5539,-180,1220,1676,266,291,-38,11258
DATA,5540,-148,1246,1707,281,367,-66,11883
DATA,5541,-140,1228,1760,243,298,-30,12508
DATA,5542,-172,1177,1745,179,214,35,13133
DATA,5543,-193,1158,1717,134,137,83,13758
DATA,5544,-177,1170,1687,168,102,131,14383
DATA,5545,-196,1167,1688,281,95,158,15008
DATA,5546,-228,1180,1684,388,87,156,15633
DATA,5547,-218,1207,1685,433,95,125,16258
DATA,5548,-214,1229,1679,419,116,90,16883
DATA,5549,-201,1260,1685,393,157,59,17508
DATA,5550,-214,1237,1724,359,190,68,18133
DATA,5551,-194,1240,1740,300,180,74,18758
DATA,5552,-170,1262,1684,305,160,76,19383
DATA,5553,-187,1244,1670,336,153,90,20008
DATA,5554,-196,1237,1689,340,127,117,20633
DATA,5555,-201,1221,1685,366,83,134,21258
DATA,5556,-210,1209,1684,438,-1,103,21883
DATA,5557,-163,1232,1641,528,-94,71,22508
DATA,5558,-161,1250,1596,692,-137,106,23133
DATA,5559,-220,1215,1611,768,-177,139,23758
DATA,5560,-224,1223,1593,770,-192,123,24383
DATA,5561,-203,1255,1544,694,-116,91,25008
DATA,5562,-205,1267,1529,542,-12,65,25633
DATA,5563,-226,1305,1539,401,80,40,26258
DATA,5564,-213,1360,1629,316,128,60,26883
DATA,5565,-196,1408,1668,287,116,81,27508
DATA,5566,-156,1429,1650,303,102,112,28133
DATA,5567,-152,1419,1632,344,73,165,28758
DATA,5568,-173,1371,1600,437,37,191,29383
DATA,5569,-181,1302,1570,548,30,223,30008
DATA,5570,-207,1254,1539,577,17,209,30633
DATA,5571,-220,1279,1490,644,25,119,31258
DATA,5572,-210,1348,1468,640,69,31,31883
DATA,5573,-216,1430,1441,655,100,-33,32508
DATA,5574,-216,1496,1423,672,164,-39,33133
DATA,5575,-206,1517,1423,674,208,-13,33758
DATA,5576,-188,1539,1418,609,212,-7,34383
DATA,5577,-177,1549,1414,512,199,-4,35008
DATA,5578,-197,1539,1416,381,190,55,35633
DATA,5579,-201,1515,1423,322,160,91,36258
DATA,5580,-218,1497,1412,309,133,119,36883
DATA,5581,-225,1471,1407,337,130,131,37508
DATA,5582,-235,1431,1386,356,125,133,38133
DATA,5583,-248,1420,1355,332,117,113,38758
DATA,5584,-251,1445,1358,267,124,87,39383
DATA,5585,-244,1494,1354,191,127,52,40008
DATA,5586,-225,1530,1339,132,120,43,40633
DATA,5587,-205,1573,1350,204,137,80,41258
DATA,5588,-234,1535,1413,366,150,119,41883
DATA,5589,-228,1511,1445,459,151,96,42508
DATA,5590,-215,1523,1467,485,154,41,43133
DATA,5591,-196,1557,1488,442,146,-16,43758
DATA,5592,-187,1590,1501,325,134,-22,44383
DATA,5593,-178,1596,1512,187,102,22,45008
DATA,5594,-174,1592,1497,62,65,96,45633
DATA,5595,-187,1537,1426,31,31,132,46258
DATA,5596,-213,1483,1338,153,34,160,46883
DATA,5597,-231,1394,1346,364,57,126,47508
DATA,5598,-245,1381,1376,547,81,13,48133
DATA,5599,-224,1464,1390,674,109,-87,48758
DATA,5600,-220,1533,1386,715,102,-147,49383
DATA,5601,-230,1638,1367,685,64,-165,50008
DATA,5602,-211,1720,1323,665,-6,-143,50633
DATA,5603,-244,1684,1295,622,-59,-102,51258
DATA,5604,-262,1635,1297,461,-18,3,51883
DATA,5605,-252,1603,1269,211,13,81,52508
DATA,5606,-246,1607,1253,33,10,93,53133
DATA,5607,-252,1588,1229,23,-2,90,53758
DATA,5608,-241,1589,1171,141,10,86,54383
DATA,5609,-263,1588,1148,359,30,103,55008
DATA,5610,-268,1564,1173,538,70,111,55633
DATA,5611,-276,1586,1184,605,90,79,56258
DATA,5612,-252,1646,1175,661,125,25,56883
DATA,5613,-245,1647,1207,694,172,8,57508
DATA,5614,-234,1643,1238,636,161,10,58133
DATA,5615,-221,1652,1232,498,119,39,58758
DATA,5616,-216,1678,1197,366,82,81,59383
DATA,5617,-239,1701,1180,333,61,126,60008
DATA,5618,-262,1723,1143,342,60,146,60633
DATA,5619,-262,1726,1089,359,89,125,61258
DATA,5620,-255,1719,1086,358,124,90,61883
DATA,5621,-243,1725,1069,380,136,81,62508
DATA,5622,-238,1720,1148,446,168,134,63133
DATA,5623,-234,1686,1232,480,183,132,63758
DATA,5624,-214,1671,1246,554,185,78,64383
DATA,5625,-189,1710,1289,603,178,47,65008
DATA,5626,-192,1655,1264,575,145,23,97
DATA,5627,-180,1737,1234,442,43,24,722
DATA,5628,-186,1808,1140,327,-21,127,1347
DATA,5629,-210,1793,1073,298,-46,175,1972
DATA,5630,-189,1785,1053,320,-74,216,2597
DATA,5631,-222,1759,1019,403,-104,311,3222
DATA,5632,-253,1696,1029,538,-128,365,3847
DATA,5633,-261,1667,1044,608,-102,318,4472
DATA,5634,-249,1692,1045,617,-65,201,5097
DATA,5635,-246,1739,1013,641,-44,56,5722
DATA,5636,-216,1796,991,755,-128,-48,6347
DATA,5637,-243,1833,968,826,-86,-67,6972
DATA,5638,-183,1857,1014,827,-57,-72,7597
DATA,5639,-213,1849,981,829,-31,-55,8222
DATA,5640,-262,1789,899,847,17,-25,8847
DATA,5641,-236,1783,872,846,58,-28,9472
DATA,5642,-198,1818,871,863,77,-38,10097
DATA,5643,-204,1861,916,914,72,-23,10722
DATA,5644,-208,1863,914,926,51,-36,11347
DATA,5645,-176,1914,895,871,46,-67,11972
DATA,5646,-173,1924,882,769,56,-29,12597
DATA,5647,-200,1912,850,623,90,39,13222
DATA,5648,-182,1888,830,415,133,122,13847
DATA,5649,-194,1872,828,239,130,164,14472
DATA,5650,-214,1855,787,184,81,192,15097
DATA,5651,-196,1843,816,244,111,222,15722
DATA,5652,-208,1845,833,339,112,212,16347
DATA,5653,-214,1861,788,383,119,166,16972
DATA,5654,-191,1869,765,376,172,129,17597
DATA,5655,-181,1893,788,343,194,99,18222
DATA,5656,-168,1902,760,291,144,37,18847
DATA,5657,-147,1949,777,238,107,13,19472
DATA,5658,-177,1941,798,202,115,86,20097
DATA,5659,-160,1918,784,150,78,131,20722
DATA,5660,-178,1903,724,124,39,146,21347
DATA,5661,-214,1880,696,151,64,150,21972
DATA,5662,-216,1893,732,202,90,128,22597
DATA,5663,-227,1950,719,270,96,80,23222
DATA,5664,-186,1997,694,343,122,55,23847
DATA,5665,-205,1986,738,401,178,80,24472
DATA,5666,-207,1940,746,422,190,71,25097
DATA,5667,-174,1977,802,427,216,69,25722
DATA,5668,-179,1934,821,412,240,32,26347
DATA,5669,-121,1944,832,349,206,16,26972
DATA,5670,-132,1946,790,274,141,56,27597
DATA,5671,-181,1948,737,217,70,91,28222
DATA,5672,-215,1956,660,232,56,99,28847
DATA,5673,-222,1938,639,299,80,84,29472
DATA,5674,-210,1918,699,332,106,56,30097
DATA,5675,-191,1924,751,308,106,-10,30722
DATA,5676,-134,1965,770,288,90,-77,31347
DATA,5677,-136,1980,768,294,53,-73,31972
DATA,5678,-184,1968,718,313,-5,9,32597
DATA,5679,-215,1943,628,308,-38,91,33222
DATA,5680,-252,1945,513,309,-40,112,33847
DATA,5681,-268,1956,493,366,30,107,34472
DATA,5682,-264,1967,532,418,102,100,35097
DATA,5683,-250,1960,549,451,129,81,35722
DATA,5684,-208,1971,581,456,154,58,36347
DATA,5685,-167,2035,613,435,146,58,36972
DATA,5686,-155,2076,641,472,80,95,37597
DATA,5687,-198,2023,580,543,-3,124,38222
DATA,5688,-218,1971,547,509,99,188,38847
DATA,5689,-201,1931,567,449,136,226,39472
DATA,5690,-202,1901,562,462,133,257,40097
DATA,5691,-254,1839,559,582,133,248,40722
DATA,5692,-207,1826,578,703,149,219,41347
DATA,5693,-157,1841,587,744,132,204,41972
DATA,5694,-132,1864,594,787,66,213,42597
DATA,5695,-92,1895,611,833,-1,218,43222
DATA,5696,-64,1983,597,811,-89,196,43847
DATA,5697,-59,2046,534,774,-146,164,44472
DATA,5698,-73,2081,490,740,-157,160,45097
DATA,5699,-88,2076,431,677,-164,172,45722
DATA,5700,-115,2066,343,609,-177,195,46347
DATA,5701,-133,2039,276,545,-158,188,46972
DATA,5702,-144,2055,262,487,-120,162,47597
DATA,5703,-142,2086,259,451,-64,126,48222
DATA,5704,-128,2092,291,419,6,106,48847
DATA,5705,-112,2091,305,414,47,111,49472
DATA,5706,-65,2107,317,469,41,114,50097
DATA,5707,-63,2139,318,504,24,138,50722
DATA,5708,-93,2119,282,501,33,205,51347
DATA,5709,-97,2086,235,485,42,243,51972
DATA,5710,-105,2060,202,493,56,229,52597
DATA,5711,-120,2035,220,533,100,211,53222
DATA,5712,-121,2025,199,551,133,191,53847
DATA,5713,-117,2018,149,526,164,160,54472
DATA,5714,-136,2019,125,485,190,119,55097
DATA,5715,-117,2035,135,455,224,90,55722
DATA,5716,-84,2041,167,443,245,91,56347
DATA,5717,-59,2042,186,454,227,112,56972
DATA,5718,-60,2034,220,485,192,145,57597
DATA,5719,-77,2033,226,483,157,157,58222
DATA,5720,-78,2075,149,465,132,149,58847
DATA,5721,-80,2105,127,528,117,168,59472
DATA,5722,-121,2058,91,705,32,206,60097
DATA,5723,-163,2002,66,790,94,272,60722
DATA,5724,-118,1961,69,805,106,295,61347
DATA,5725,-95,1929,101,774,120,255,61972
DATA,5726,-24,1952,121,728,104,170,62597
DATA,5727,2,1946,184,686,70,95,63222
DATA,5728,28,1974,214,565,26,21,63847
DATA,5729,68,2053,168,446,-52,0,64472
DATA,5730,32,2076,130,357,-45,42,65097
DATA,5731,2,2085,119,300,-43,108,186
DATA,5732,-32,2066,88,338,-82,170,811
DATA,5733,-44,2073,17,395,-114,199,1436
DATA,5734,-37,2074,-59,454,-107,219,2061
DATA,5735,-53,2052,-81,472,-79,213,2686
DATA,5736,-29,2087,-134,470,-57,194,3311
DATA,5737,-53,2063,-110,487,-9,205,3936
DATA,5738,-33,2051,-70,472,30,190,4561
DATA,5739,35,2051,-62,424,45,178,5186
DATA,5740,35,2033,-20,375,15,149,5811
DATA,5741,33,2041,-12,314,-27,98,6436
DATA,5742,27,2074,-21,264,-28,54,7061
DATA,5743,33,2090,-82,258,-27,35,7686
DATA,5744,19,2115,-116,278,-30,44,8311
DATA,5745,3,2082,-99,281,5,55,8936
DATA,5746,17,2115,-107,290,35,86,9561
DATA,5747,2,2157,-174,347,44,129,10186
DATA,5748,-28,2117,-200,429,91,171,10811
DATA,5749,-16,2055,-165,441,129,187,11436
DATA,5750,26,2026,-123,442,104,191,12061
DATA,5751,61,2024,-74,655,-209,202,12686
DATA,5752,-12,2037,-111,840,-282,221,13311
DATA,5753,55,1988,-137,830,-313,146,13936
DATA,5754,73,2055,-218,745,-273,86,14561
DATA,5755,61,2088,-223,619,-218,76,15186
DATA,5756,60,2107,-273,495,-165,128,15811
DATA,5757,42,2083,-293,438,-92,185,16436
DATA,5758,11,2055,-240,430,-36,234,17061
DATA,5759,25,2010,-229,412,5,248,17686
DATA,5760,66,1946,-197,313,104,225,18311
DATA,5761,111,1953,-152,203,68,165,18936
DATA,5762,96,2016,-182,227,-64,138,19561
DATA,5763,36,2021,-239,307,-102,169,20186
DATA,5764,34,2012,-334,334,-103,185,20811
DATA,5765,8,2010,-398,375,-86,179,21436
DATA,5766,-6,2009,-421,407,-34,160,22061
DATA,5767,34,2024,-456,392,7,120,22686
DATA,5768,64,2024,-411,311,43,85,23311
DATA,5769,131,2059,-268,248,45,76,23936
DATA,5770,118,2045,-202,373,-211,146,24561
DATA,5771,92,2006,-234,368,-110,222,25186
DATA,5772,206,1971,-232,260,-98,208,25811
DATA,5773,154,1986,-255,171,-96,168,26436
DATA,5774,157,2009,-274,106,-148,141,27061
DATA,5775,146,2041,-371,48,-225,122,27686
DATA,5776,91,2053,-465,-15,-241,108,28311
DATA,5777,78,2040,-528,-128,-168,87,28936
DATA,5778,84,2035,-517,-263,-94,72,29561
DATA,5779,83,2059,-450,-408,-59,68,30186
DATA,5780,136,2121,-376,-550,-18,71,30811
DATA,5781,197,2133,-326,-659,47,120,31436
DATA,5782,202,2074,-237,-771,57,186,32061
DATA,5783,225,2035,-230,-924,-4,199,32686
DATA,5784,235,2019,-273,-1127,-72,133,33311
DATA,5785,207,1997,-335,-1348,-51,4,33936
DATA,5786,137,1987,-308,-1576,35,-73,34561
DATA,5787,48,1985,-314,-1764,144,-106,35186
DATA,5788,8,2000,-335,-1855,258,-148,35811
DATA,5789,36,1996,-308,-1892,300,-203,36436
DATA,5790,55,1960,-256,-1955,276,-266,37061
DATA,5791,74,2000,-148,-1994,222,-296,37686
DATA,5792,114,2017,-36,-1881,155,-225,38311
DATA,5793,97,2019,129,-1656,36,-109,38936
DATA,5794,108,1991,209,-1468,-109,-42,39561
DATA,5795,165,1978,240,-1348,-232,-22,40186
DATA,5796,170,1982,271,-1308,-336,-37,40811
DATA,5797,119,2004,251,-1352,-417,-83,41436
DATA,5798,68,2047,183,-1420,-470,-161,42061
DATA,5799,47,2088,123,-1471,-467,-236,42686
DATA,5800,40,2103,112,-1476,-459,-266,43311
DATA,5801,-2,2106,178,-1441,-408,-230,43936
DATA,5802,-13,2085,199,-1309,-290,-110,44561
DATA,5803,-49,2037,318,-1056,-189,34,45186
DATA,5804,-22,1972,404,-820,-145,90,45811
DATA,5805,33,1932,447,-653,-131,56,46436
DATA,5806,35,1949,471,-613,-124,-55,47061
DATA,5807,59,2035,449,-673,-101,-192,47686
DATA,5808,86,2096,442,-790,-41,-272,48311
DATA,5809,74,2108,447,-917,22,-273,48936
DATA,5810,61,2080,458,-1036,53,-212,49561
DATA,5811,40,2008,510,-1139,43,-142,50186
DATA,5812,62,1924,552,-1201,-7,-93,50811
DATA,5813,64,1874,664,-1198,-57,-82,51436
DATA,5814,63,1843,753,-1213,-78,-100,52061
DATA,5815,43,1817,796,-1254,-79,-120,52686
DATA,5816,55,1835,808,-1244,-86,-137,53311
DATA,5817,35,1913,784,-1131,-150,-176,53936
DATA,5818,7,1976,730,-965,-195,-205,54561
DATA,5819,-17,2012,687,-790,-187,-215,55186
DATA,5820,-14,1989,700,-677,-142,-199,55811
DATA,5821,7,1966,724,-698,-114,-177,56436
DATA,5822,28,1951,762,-776,-130,-145,57061
DATA,5823,34,1922,808,-838,-134,-77,57686
DATA,5824,18,1890,848,-827,-148,-12,58311
DATA,5825,6,1857,896,-760,-215,14,58936
DATA,5826,30,1839,888,-708,-259,16,59561
DATA,5827,11,1860,849,-629,-260,18,60186
DATA,5828,-38,1866,822,-506,-254,12,60811
DATA,5829,-50,1860,795,-405,-214,-15,61436
DATA,5830,-26,1891,803,-333,-132,-59,62061
DATA,5831,-1,1915,843,-323,-46,-113,62686
DATA,5832,31,1952,899,-393,6,-152,63311
DATA,5833,65,1978,919,-494,9,-145,63936
DATA,5834,64,1974,930,-539,-13,-71,64561
DATA,5835,38,1943,983,-554,-65,14,65186
DATA,5836,41,1913,976,-589,-122,98,275
DATA,5837,26,1843,935,-628,-159,125,900
DATA,5838,6,1790,926,-619,-153,104,1525
DATA,5839,-33,1787,939,-513,-115,126,2150
DATA,5840,-39,1780,952,-313,-59,97,2775
DATA,5841,-7,1799,975,-158,-8,45,3400
DATA,5842,31,1807,995,-134,25,-17,4025
DATA,5843,46,1843,1010,-210,30,-53,4650
DATA,5844,53,1883,1033,-302,30,-47,5275
DATA,5845,63,1879,1035,-364,20,-17,5900
DATA,5846,63,1862,1041,-395,2,19,6525
DATA,5847,47,1822,1044,-415,-43,33,7150
DATA,5848,28,1794,991,-494,-92,15,7775
DATA,5849,22,1770,958,-705,94,137,8400
DATA,5850,9,1752,1027,-912,204,219,9025
DATA,5851,-4,1764,1030,-910,146,185,9650
DATA,5852,-4,1777,1041,-752,144,129,10275
DATA,5853,33,1763,1082,-584,135,87,10900
DATA,5854,17,1749,1110,-437,86,29,11525
DATA,5855,-3,1745,1130,-338,31,14,12150
DATA,5856,0,1738,1103,-322,32,13,12775
DATA,5857,11,1752,1080,-341,60,17,13400
DATA,5858,18,1739,1063,-346,74,16,14025
DATA,5859,8,1714,1087,-290,56,20,14650
DATA,5860,1,1703,1098,-227,4,14,15275
DATA,5861,18,1727,1113,-199,-71,-14,15900
DATA,5862,16,1770,1106,-169,-120,-50,16525
DATA,5863,31,1800,1112,-170,-89,-41,17150
DATA,5864,-16,1805,1079,-199,-91,-45,17775
DATA,5865,-33,1814,1055,-214,-85,-63,18400
DATA,5866,39,1802,1123,-280,-53,-63,19025
DATA,5867,46,1771,1149,-353,-37,-57,19650
DATA,5868,28,1720,1156,-354,-33,-32,20275
DATA,5869,15,1689,1175,-291,-38,-11,20900
DATA,5870,23,1688,1174,-218,-52,-20,21525
DATA,5871,10,1692,1151,-179,-17,-25,22150
DATA,5872,8,1681,1166,-275,125,-3,22775
DATA,5873,36,1708,1180,-433,180,-52,23400
DATA,5874,17,1768,1131,-470,160,-88,24025
DATA,5875,5,1774,1143,-426,152,-62,24650
DATA,5876,-21,1709,1166,-312,89,-38,25275
DATA,5877,-16,1628,1204,-200,28,-64,25900
DATA,5878,-5,1599,1227,-162,5,-95,26525
DATA,5879,9,1604,1231,-183,8,-127,27150
DATA,5880,60,1646,1226,-201,-12,-124,27775
DATA,5881,112,1706,1317,-227,-30,-3,28400
DATA,5882,17,1697,1310,-190,-142,71,29025
DATA,5883,-11,1675,1212,-110,-174,62,29650
DATA,5884,3,1679,1192,-92,-115,28,30275
DATA,5885,-4,1701,1185,-134,-57,-8,30900
DATA,5886,6,1732,1193,-171,-25,-4,31525
DATA,5887,7,1734,1210,-195,-11,21,32150
DATA,5888,-1,1681,1223,-244,4,50,32775
DATA,5889,3,1641,1245,-284,-24,60,33400
DATA,5890,-3,1651,1229,-272,-66,43,34025
DATA,5891,-8,1662,1221,-242,-76,47,34650
DATA,5892,-13,1645,1207,-314,35,101,35275
DATA,5893,25,1608,1260,-505,152,118,35900
DATA,5894,34,1621,1290,-643,133,54,36525
DATA,5895,7,1643,1284,-635,75,28,37150
DATA,5896,-14,1628,1279,-558,33,63,37775
DATA,5897,-17,1574,1271,-463,-8,45,38400
DATA,5898,-35,1558,1251,-383,12,19,39025
DATA,5899,-14,1548,1283,-329,70,-5,39650
DATA,5900,7,1539,1316,-280,32,-91,40275
DATA,5901,16,1598,1304,-159,-9,-124,40900
DATA,5902,6,1616,1332,-85,-22,-77,41525
DATA,5903,23,1610,1354,-92,-61,-34,42150
DATA,5904,38,1614,1350,-165,-94,-35,42775
DATA,5905,35,1620,1344,-242,-91,3,43400
DATA,5906,32,1610,1348,-308,-100,24,44025
DATA,5907,10,1600,1342,-370,-121,35,44650
DATA,5908,-22,1585,1313,-443,-53,68,45275
DATA,5909,4,1575,1302,-587,131,139,45900
DATA,5910,36,1552,1350,-670,190,107,46525
DATA,5911,12,1537,1369,-614,155,54,47150
DATA,5912,8,1515,1391,-509,116,28,47775
DATA,5913,24,1525,1399,-418,39,6,48400
DATA,5914,31,1551,1399,-360,-62,-3,49025
DATA,5915,17,1561,1381,-348,-144,-2,49650
DATA,5916,9,1549,1351,-400,-140,19,50275
DATA,5917,14,1531,1351,-481,-127,10,50900
DATA,5918,8,1515,1380,-524,-109,11,51525
DATA,5919,-6,1481,1416,-506,-96,15,52150
DATA,5920,8,1446,1416,-460,-101,-13,52775
DATA,5921,16,1436,1418,-444,-105,-33,53400
DATA,5922,22,1454,1433,-467,-98,-42,54025
DATA,5923,30,1481,1453,-526,-100,-43,54650
DATA,5924,32,1492,1447,-605,-118,-42,55275
DATA,5925,28,1491,1428,-701,-157,-26,55900
DATA,5926,12,1484,1409,-804,-190,1,56525
DATA,5927,-14,1477,1390,-886,-235,13,57150
DATA,5928,-26,1453,1407,-941,-241,24,57775
DATA,5929,1,1427,1476,-954,-196,6,58400
DATA,5930,23,1421,1542,-934,-134,-17,59025
DATA,5931,76,1373,1591,-908,-69,-6,59650
DATA,5932,81,1304,1654,-866,-17,-9,60275
DATA,5933,82,1233,1691,-822,-25,-48,60900
DATA,5934,103,1218,1698,-807,-90,-68,61525
DATA,5935,81,1210,1667,-800,-122,-63,62150
DATA,5936,63,1242,1623,-820,-89,-16,62775
DATA,5937,45,1250,1600,-837,-74,36,63400
DATA,5938,4,1231,1600,-823,-104,14,64025
DATA,5939,-3,1242,1616,-747,-128,-14,64650
DATA,5940,14,1239,1642,-612,-113,-58,65275
DATA,5941,22,1227,1684,-494,-79,-82,364
DATA,5942,53,1232,1743,-433,-52,-90,989
DATA,5943,81,1259,1770,-432,-60,-94,1614
DATA,5944,96,1264,1775,-463,-67,-72,2239
DATA,5945,97,1261,1771,-517,-84,-15,2864
DATA,5946,81,1228,1720,-581,-124,32,3489
DATA,5947,52,1183,1678,-630,-130,70,4114
DATA,5948,44,1172,1641,-659,-114,76,4739
DATA,5949,42,1147,1619,-647,-63,67,5364
DATA,5950,34,1094,1632,-595,24,32,5989
DATA,5951,21,1106,1666,-560,86,-17,6614
DATA,5952,23,1157,1701,-543,88,-61,7239
DATA,5953,41,1193,1730,-539,86,-92,7864
DATA,5954,22,1200,1733,-614,165,-54,8489
DATA,5955,81,1200,1788,-818,288,70,9114
DATA,5956,120,1149,1837,-1035,258,65,9739
DATA,5957,76,1104,1824,-1133,164,15,10364
DATA,5958,29,1068,1793,-1137,91,1,10989
DATA,5959,15,1027,1754,-1155,37,38,11614
DATA,5960,-7,965,1734,-1196,-26,49,12239
DATA,5961,-33,920,1748,-1212,-70,53,12864
DATA,5962,-34,866,1734,-1139,-47,34,13489
DATA,5963,-29,834,1760,-1060,33,1,14114
DATA,5964,-2,843,1839,-1008,106,-64,14739
DATA,5965,35,877,1920,-976,116,-124,15364
DATA,5966,62,916,1952,-965,95,-146,15989
DATA,5967,88,921,1992,-975,46,-121,16614
DATA,5968,80,887,2014,-1010,-11,-105,17239
DATA,5969,74,865,2019,-1069,-52,-93,17864
DATA,5970,80,885,2013,-1142,-94,-63,18489
DATA,5971,65,845,1930,-1175,-126,-14,19114
DATA,5972,11,817,1898,-1180,-120,72,19739
DATA,5973,-30,715,1799,-1226,-72,210,20364
DATA,5974,-25,626,1770,-1277,11,222,20989
DATA,5975,-31,558,1755,-1271,77,141,21614
DATA,5976,-56,558,1777,-1192,128,27,22239
DATA,5977,-49,583,1882,-1055,162,-70,22864
DATA,5978,-14,573,1990,-930,201,-132,23489
DATA,5979,36,555,2027,-877,237,-133,24114
DATA,5980,44,529,2066,-951,240,-90,24739
DATA,5981,37,478,2082,-1085,203,-78,25364
DATA,5982,23,492,2058,-1231,187,-30,25989
DATA,5983,29,484,2107,-1400,155,79,26614
DATA,5984,4,443,2074,-1498,129,118,27239
DATA,5985,-12,361,2023,-1652,238,122,27864
DATA,5986,-49,363,2002,-1827,244,164,28489
DATA,5987,-56,305,2030,-1917,204,243,29114
DATA,5988,-86,282,1985,-1937,210,254,29739
DATA,5989,-97,159,1986,-1808,242,200,30364
DATA,5990,-72,147,2038,-1668,276,154,30989
DATA,5991,-45,161,2084,-1414,286,86,31614
DATA,5992,-32,166,2150,-1122,298,24,32239
DATA,5993,-33,132,2179,-916,323,37,32864
DATA,5994,-15,93,2219,-821,284,33,33489
DATA,5995,-7,63,2207,-801,217,6,34114
DATA,5996,-2,5,2196,-827,161,-49,34739
DATA,5997,-44,72,2369,-926,2,-48,35364
DATA,5998,-7,-30,2093,-950,39,1,35989
DATA,5999,-107,-8,2028,-868,-4,33,36614
DATA,6000,-194,250,2394,-521,-159,232,37239
DATA,6001,-22,-17,2108,-250,-159,388,37864
DATA,6002,-21,-53,2055,-143,-41,259,38489
DATA,6003,-29,67,2127,-181,26,216,39114
DATA,6004,7,-99,2104,-217,81,57,39739
DATA,6005,-45,-84,2126,-271,79,-96,40364
DATA,6006,-38,-113,2109,-405,63,-202,40989
DATA,6007,-46,-71,2076,-498,64,-179,41614
DATA,6008,-51,-11,2096,-509,96,-117,42239
DATA,6009,-41,-35,2088,-518,138,-74,42864
DATA,6010,-63,-32,2068,-541,157,-94,43489
DATA,6011,-81,22,2067,-498,152,-64,44114
DATA,6012,-93,-36,2002,-388,157,-50,44739
DATA,6013,-164,-29,2022,-242,134,-36,45364
DATA,6014,-206,-91,2012,-85,74,-3,45989
DATA,6015,-160,-111,2036,3,-29,8,46614
DATA,6016,-183,-153,2054,76,-84,-11,47239
DATA,6017,-120,-123,2059,93,-108,27,47864
DATA,6018,-125,-119,2061,137,-171,40,48489
DATA,6019,-129,-117,2055,169,-208,46,49114
DATA,6020,-130,-78,2047,206,-326,47,49739
DATA,6021,-82,-43,2049,231,-577,13,50364
DATA,6022,-31,-3,1999,298,-900,-54,50989
DATA,6023,-247,-163,2075,384,-944,-154,51614
DATA,6024,36,-93,2099,352,-759,-82,52239
DATA,6025,50,-68,2131,292,-451,-21,52864
DATA,6026,123,-32,2099,288,-231,-79,53489
DATA,6027,98,-18,2101,263,-105,-28,54114
DATA,6028,50,-22,2096,239,-27,16,54739
DATA,6029,18,-20,2078,239,16,0,55364
DATA,6030,-25,-47,2053,254,-10,23,55989
DATA,6031,-60,-82,2031,326,-108,58,56614
DATA,6032,-33,-61,2042,421,-185,39,57239
DATA,6033,31,-19,2077,487,-196,6,57864
DATA,6034,45,440,2230,100,-209,102,58489
DATA,6035,56,-64,2091,-22,-148,16,59114
DATA,6036,35,18,2079,20,-130,54,59739
DATA,6037,42,46,2074,7,-114,38,60364
DATA,6038,97,8,2095,11,-63,12,60989
DATA,6039,-13,-1,2084,22,-38,27,61614
DATA,6040,2,-11,2082,44,-59,113,62239
DATA,6041,43,14,2079,61,-46,178,62864
DATA,6042,32,28,2077,24,-14,280,63489
DATA,6043,27,3,2082,27,-10,334,64114
DATA,6044,43,29,2066,29,-5,381,64739
DATA,6045,40,35,2073,-2,0,395,65364
DATA,6046,112,-2,2092,37,-2,270,453
DATA,6047,51,10,2083,70,6,178,1078
DATA,6048,48,10,2087,102,9,155,1703
DATA,6049,51,32,2082,118,13,120,2328
DATA,6050,60,54,2068,102,18,73,2953
DATA,6051,41,25,2083,87,38,76,3578
DATA,6052,47,-25,2108,131,68,106,4203
DATA,6053,43,-29,2110,234,73,93,4828
DATA,6054,67,-9,2103,323,87,46,5453
DATA,6055,71,-18,2119,416,132,54,6078
DATA,6056,44,-16,2121,518,187,85,6703
DATA,6057,-13,-40,2114,655,169,70,7328
DATA,6058,34,-11,2113,827,123,16,7953
DATA,6059,41,43,2106,940,140,-56,8578
DATA,6060,21,84,2080,1012,145,-48,9203
DATA,6061,24,158,2056,1037,140,-60,9828
DATA,6062,-6,232,2039,986,132,-67,10453
DATA,6063,-22,316,2009,852,112,-40,11078
DATA,6064,-26,345,2002,667,105,8,11703
DATA,6065,-27,312,2023,507,105,59,12328
DATA,6066,-26,249,2060,446,72,69,12953
DATA,6067,6,207,2081,480,55,53,13578
DATA,6068,-6,213,2072,545,54,38,14203
DATA,6069,-8,219,2080,608,51,50,14828
DATA,6070,-7,340,2124,754,69,26,15453
DATA,6071,23,446,2068,1082,156,189,16078
DATA,6072,49,358,2082,1306,169,245,16703
DATA,6073,8,376,2178,1526,167,203,17328
DATA,6074,5,393,2242,1683,149,155,17953
DATA,6075,31,442,2217,1776,77,84,18578
DATA,6076,62,515,2212,1878,-30,96,19203
DATA,6077,25,485,2191,1895,-163,176,19828
DATA,6078,19,475,2155,1832,-274,206,20453
DATA,6079,7,533,2139,1761,-349,201,21078
DATA,6080,-15,590,2069,1682,-344,184,21703
DATA,6081,-56,670,1966,1637,-267,172,22328
DATA,6082,-113,717,1868,1614,-95,202,22953
DATA,6083,-168,715,1789,1598,80,274,23578
DATA,6084,-196,741,1737,1631,201,367,24203
DATA,6085,-201,800,1724,1732,309,544,24828
DATA,6086,-163,853,1774,1914,392,713,25453
DATA,6087,-109,902,1898,2133,383,805,26078
DATA,6088,-45,901,1946,2262,283,850,26703
DATA,6089,-24,907,1929,2305,158,817,27328
DATA,6090,51,923,1953,2244,-6,719,27953
DATA,6091,98,932,1943,2045,-121,619,28578
DATA,6092,173,970,1964,1745,-196,459,29203
DATA,6093,242,1028,1863,1495,-232,268,29828
DATA,6094,250,1044,1817,1381,-183,111,30453
DATA,6095,179,1098,1820,1362,-147,43,31078
DATA,6096,104,1109,1753,1379,-105,26,31703
DATA,6097,56,1171,1686,1350,-83,37,32328
DATA,6098,43,1238,1600,1305,-79,77,32953
DATA,6099,31,1270,1524,1263,-106,138,33578
DATA,6100,14,1282,1483,1249,-104,212,34203
DATA,6101,30,1275,1503,1263,-78,273,34828
DATA,6102,37,1273,1498,1285,-35,285,35453
DATA,6103,42,1259,1512,1307,-9,273,36078
DATA,6104,38,1277,1517,1296,-36,252,36703
DATA,6105,57,1336,1486,1312,-71,235,37328
DATA,6106,77,1416,1496,1358,-100,232,37953
DATA,6107,91,1492,1510,1416,-154,229,38578
DATA,6108,122,1548,1483,1437,-147,232,39203
DATA,6109,174,1570,1480,1367,-100,239,39828
DATA,6110,189,1572,1467,1260,-56,228,40453
DATA,6111,175,1570,1459,1188,10,191,41078
DATA,6112,160,1585,1428,1162,66,131,41703
DATA,6113,133,1580,1394,1173,82,109,42328
DATA,6114,115,1557,1366,1232,56,131,42953
DATA,6115,122,1549,1381,1261,48,157,43578
DATA,6116,147,1523,1409,1235,28,138,44203
DATA,6117,153,1511,1432,1154,-24,94,44828
DATA,6118,170,1565,1425,1056,-105,67,45453
DATA,6119,180,1636,1385,986,-193,59,46078
DATA,6120,165,1667,1305,970,-242,65,46703
DATA,6121,173,1687,1204,999,-246,46,47328
DATA,6122,171,1741,1143,1116,-228,-12,47953
DATA,6123,121,1703,1107,1230,-176,5,48578
DATA,6124,73,1647,1091,1252,-157,64,49203
DATA,6125,45,1591,1061,1231,-181,103,49828
DATA,6126,75,1572,1088,1208,-170,122,50453
DATA,6127,87,1645,1099,1211,-166,116,51078
DATA,6128,119,1713,1082,1238,-153,144,51703
DATA,6129,182,1728,1091,1244,-162,212,52328
DATA,6130,216,1737,1081,1193,-195,285,52953
DATA,6131,227,1715,1037,1118,-238,324,53578
DATA,6132,232,1703,989,1062,-254,314,54203
DATA,6133,221,1700,916,1053,-239,286,54828
DATA,6134,208,1709,884,1038,-225,248,55453
DATA,6135,221,1780,826,978,-218,206,56078
DATA,6136,251,1836,748,948,-169,177,56703
DATA,6137,251,1831,733,955,-93,190,57328
DATA,6138,232,1796,805,973,-46,232,57953
DATA,6139,229,1747,872,1010,-68,264,58578
DATA,6140,248,1753,885,1003,-137,247,59203
DATA,6141,281,1798,794,949,-205,200,59828
DATA,6142,277,1809,715,874,-203,151,60453
DATA,6143,279,1852,707,785,-156,108,61078
DATA,6144,319,1904,731,696,-129,70,61703
DATA,6145,356,1957,730,622,-88,37,62328
DATA,6146,368,2014,685,567,-86,-4,62953
DATA,6147,355,2106,627,544,-64,-55,63578
DATA,6148,305,2151,567,597,33,-90,64203
DATA,6149,296,2142,588,669,198,-66,64828
DATA,6150,308,2134,627,718,348,-24,65453
DATA,6151,279,2100,654,785,484,63,542
DATA,6152,275,2035,732,844,535,186,1167
DATA,6153,282,1959,765,874,423,251,1792
DATA,6154,265,1904,708,854,317,268,2417
DATA,6155,255,1876,650,756,259,237,3042
DATA,6156,262,1843,567,653,227,191,3667
DATA,6157,243,1889,536,580,204,111,4292
DATA,6158,210,1951,436,602,178,47,4917
DATA,6159,179,1924,389,700,179,18,5542
DATA,6160,178,1917,413,769,188,-23,6167
DATA,6161,215,1933,442,810,198,-56,6792
DATA,6162,234,1935,500,826,205,-77,7417
DATA,6163,222,1943,519,845,202,-63,8042
DATA,6164,243,1910,542,855,177,6,8667
DATA,6165,249,1906,570,813,107,49,9292
DATA,6166,265,1959,504,737,16,58,9917
DATA,6167,274,1991,455,693,-10,42,10542
DATA,6168,267,2072,431,683,-23,11,11167
DATA,6169,251,2136,348,705,-21,-17,11792
DATA,6170,217,2113,317,708,30,-25,12417
DATA,6171,182,2072,316,702,77,-31,13042
DATA,6172,172,2074,315,764,84,-28,13667
DATA,6173,187,2022,351,878,38,-26,14292
DATA,6174,200,1986,384,949,-36,-59,14917
DATA,6175,220,1990,315,924,-89,-103,15542
DATA,6176,270,2024,273,825,-120,-104,16167
DATA,6177,252,2037,223,717,-132,-43,16792
DATA,6178,230,1998,233,626,-76,47,17417
DATA,6179,221,1961,262,565,-70,98,18042
DATA,6180,205,1999,218,569,-127,100,18667
DATA,6181,190,1975,145,629,-127,82,19292
DATA,6182,198,1951,158,658,-121,45,19917
DATA,6183,208,2034,152,672,-143,3,20542
DATA,6184,225,2118,126,770,-135,9,21167
DATA,6185,262,2111,164,923,-127,51,21792
DATA,6186,268,2112,163,1013,-171,90,22417
DATA,6187,291,2103,95,1033,-195,132,23042
DATA,6188,281,2076,91,1012,-187,173,23667
DATA,6189,259,2101,49,961,-184,192,24292
DATA,6190,282,2079,13,930,-150,216,24917
DATA,6191,273,2029,28,874,-141,219,25542
DATA,6192,274,2055,11,818,-150,179,26167
DATA,6193,278,2076,-8,861,-139,137,26792
DATA,6194,276,2091,-20,962,-140,93,27417
DATA,6195,297,2080,-17,1044,-158,66,28042
DATA,6196,335,2063,8,1083,-190,66,28667
DATA,6197,329,2012,-22,1090,-271,103,29292
DATA,6198,330,1988,-14,1009,-310,196,29917
DATA,6199,316,1967,-78,948,-332,255,30542
DATA,6200,303,1947,-163,898,-319,279,31167
DATA,6201,320,1931,-230,824,-326,264,31792
DATA,6202,302,1945,-291,783,-401,275,32417
DATA,6203,246,1911,-321,763,-414,297,33042
DATA,6204,286,1882,-281,750,-399,269,33667
DATA,6205,287,1851,-316,766,-426,224,34292
DATA,6206,310,1883,-323,802,-428,173,34917
DATA,6207,319,1910,-377,830,-493,157,35542
DATA,6208,304,1986,-413,859,-606,189,36167
DATA,6209,270,2034,-533,908,-678,246,36792
DATA,6210,300,2008,-516,860,-624,294,37417
DATA,6211,319,2023,-532,726,-553,306,38042
DATA,6212,309,2030,-561,550,-429,287,38667
DATA,6213,292,2056,-619,346,-241,230,39292
DATA,6214,319,2046,-606,260,-103,180,39917
DATA,6215,284,1996,-571,296,-61,172,40542
DATA,6216,270,1975,-567,354,-66,162,41167
DATA,6217,289,1975,-600,416,-81,108,41792
DATA,6218,316,1999,-614,451,-57,36,42417
DATA,6219,355,1998,-576,471,-9,-1,43042
DATA,6220,391,1995,-508,480,9,-13,43667
DATA,6221,424,1961,-408,453,3,8,44292
DATA,6222,454,1922,-325,396,-19,42,44917
DATA,6223,448,1905,-330,324,-54,91,45542
DATA,6224,405,1927,-393,287,-93,134,46167
DATA,6225,381,1971,-501,311,-112,161,46792
DATA,6226,387,1972,-537,397,-92,172,47417
DATA,6227,395,1948,-488,480,-82,144,48042
DATA,6228,399,1931,-481,582,-88,85,48667
DATA,6229,384,1899,-466,678,-106,42,49292
DATA,6230,387,1885,-468,709,-136,11,49917
DATA,6231,417,1860,-498,667,-147,19,50542
DATA,6232,421,1845,-480,602,-212,49,51167
DATA,6233,397,1831,-568,536,-260,80,51792
DATA,6234,393,1848,-614,453,-225,80,52417
DATA,6235,385,1888,-706,399,-235,61,53042
DATA,6236,376,1906,-802,372,-204,44,53667
DATA,6237,367,1913,-820,355,-155,13,54292
DATA,6238,361,1905,-791,362,-88,-37,54917
DATA,6239,383,1914,-740,437,-69,-62,55542
DATA,6240,366,1910,-731,542,-77,-38,56167
DATA,6241,374,1859,-712,569,-79,20,56792
DATA,6242,383,1811,-711,478,-82,44,57417
DATA,6243,374,1813,-737,339,-64,48,58042
DATA,6244,371,1871,-799,259,-60,30,58667
DATA,6245,350,1909,-856,223,-44,3,59292
DATA,6246,350,1947,-899,204,-12,-37,59917
DATA,6247,360,1963,-877,204,33,-63,60542
DATA,6248,369,1969,-800,263,65,-93,61167
DATA,6249,378,1954,-737,342,60,-134,61792
DATA,6250,410,1968,-702,419,-20,-152,62417
DATA,6251,367,1951,-758,505,-231,-78,63042
DATA,6252,357,1943,-766,530,-241,-2,63667
DATA,6253,352,1922,-751,468,-323,112,64292
DATA,6254,343,1924,-833,456,-279,183,64917
DATA,6255,299,1824,-824,441,-203,193,6
DATA,6256,315,1816,-809,433,-196,109,631
DATA,6257,307,1818,-804,523,-208,54,1256
DATA,6258,277,1748,-762,602,-256,6,1881
DATA,6259,314,1764,-761,627,-294,4,2506
DATA,6260,297,1780,-800,566,-287,-12,3131
DATA,6261,338,1785,-868,475,-200,-14,3756
DATA,6262,322,1772,-872,380,-122,-29,4381
DATA,6263,306,1747,-903,260,-56,-31,5006
DATA,6264,324,1759,-893,152,-33,-31,5631
DATA,6265,297,1771,-940,82,-49,-5,6256
DATA,6266,289,1765,-948,70,-47,-7,6881
DATA,6267,296,1826,-963,76,-55,-53,7506
DATA,6268,316,1859,-989,120,-22,-91,8131
DATA,6269,340,1871,-943,187,-11,-111,8756
DATA,6270,348,1851,-925,212,-6,-90,9381
DATA,6271,355,1809,-912,153,-2,-42,10006
DATA,6272,323,1787,-947,43,-7,20,10631
DATA,6273,281,1778,-987,-16,1,68,11256
DATA,6274,280,1783,-1008,5,13,81,11881
DATA,6275,283,1764,-987,94,4,64,12506
DATA,6276,315,1757,-947,127,-9,9,13131
DATA,6277,347,1766,-928,104,-12,-19,13756
DATA,6278,350,1793,-932,38,-21,-20,14381
DATA,6279,361,1832,-966,-69,-13,-4,15006
DATA,6280,352,1858,-1005,-147,9,25,15631
DATA,6281,317,1847,-996,-185,37,52,16256
DATA,6282,318,1831,-969,-257,72,49,16881
DATA,6283,341,1823,-975,-398,112,34,17506
DATA,6284,353,1822,-974,-551,149,23,18131
DATA,6285,339,1813,-980,-699,182,3,18756
DATA,6286,322,1830,-1011,-823,197,-46,19381
DATA,6287,327,1861,-1044,-888,200,-119,20006
DATA,6288,325,1874,-1039,-908,182,-192,20631
DATA,6289,304,1874,-968,-893,174,-226,21256
DATA,6290,314,1840,-826,-937,173,-234,21881
DATA,6291,388,1771,-718,-1042,143,-224,22506
DATA,6292,411,1708,-618,-1226,56,-231,23131
DATA,6293,393,1681,-570,-1490,-73,-270,23756
DATA,6294,356,1753,-553,-1716,-164,-325,24381
DATA,6295,298,1842,-671,-1764,-159,-319,25006
DATA,6296,205,1936,-719,-1645,-105,-268,25631
DATA,6297,179,2017,-746,-1501,-103,-235,26256
DATA,6298,211,2055,-774,-1366,-59,-226,26881
DATA,6299,243,2037,-671,-1264,16,-186,27506
DATA,6300,281,1957,-546,-1200,27,-88,28131
DATA,6301,319,1851,-489,-1194,-27,-15,28756
DATA,6302,310,1804,-427,-1173,-97,16,29381
DATA,6303,266,1795,-404,-1045,-162,49,30006
DATA,6304,158,1831,-357,-855,-229,64,30631
DATA,6305,141,1876,-422,-828,-310,28,31256
DATA,6306,199,1941,-573,-953,-345,-60,31881
DATA,6307,419,2200,-457,-1073,-331,-21,32506
DATA,6308,150,2335,-494,-1039,-464,8,33131
DATA,6309,183,2267,-568,-798,-367,118,33756
DATA,6310,242,2207,-376,-654,-332,149,34381
DATA,6311,307,2140,-217,-642,-344,203,35006
DATA,6312,350,2067,-106,-669,-373,238,35631
DATA,6313,366,2030,-115,-737,-381,243,36256
DATA,6314,298,1977,-142,-813,-416,231,36881
DATA,6315,192,1956,-211,-847,-410,185,37506
DATA,6316,179,1922,-284,-817,-337,77,38131
DATA,6317,182,1917,-288,-838,-260,-62,38756
DATA,6318,258,1935,-218,-1020,-180,-182,39381
DATA,6319,337,1986,-143,-1323,-126,-256,40006
DATA,6320,388,2102,-72,-1647,-54,-310,40631
DATA,6321,442,2214,50,-1771,16,-286,41256
DATA,6322,443,2185,134,-1751,-52,-154,41881
DATA,6323,350,2097,176,-1766,-179,11,42506
DATA,6324,295,2002,125,-1844,-298,114,43131
DATA,6325,269,2022,127,-1865,-369,121,43756
DATA,6326,220,2030,135,-1734,-490,104,44381
DATA,6327,184,2051,67,-1569,-483,74,45006
DATA,6328,205,2084,59,-1523,-471,15,45631
DATA,6329,248,2095,48,-1596,-418,-31,46256
DATA,6330,267,2095,117,-1719,-325,-44,46881
DATA,6331,216,2043,106,-1834,-219,-11,47506
DATA,6332,197,1963,110,-1967,-98,37,48131
DATA,6333,203,1883,150,-2079,-33,22,48756
DATA,6334,258,1935,260,-2139,-64,-10,49381
DATA,6335,280,2032,328,-2053,-100,-30,50006
DATA,6336,268,1963,310,-2005,-60,2,50631
DATA,6337,246,1912,396,-2005,-103,-12,51256
DATA,6338,184,1879,447,-1960,-279,-54,51881
DATA,6339,150,1872,495,-1860,-263,-65,52506
DATA,6340,191,1860,573,-1735,-232,-87,53131
DATA,6341,235,1810,622,-1657,-171,-100,53756
DATA,6342,259,1763,694,-1684,-138,-123,54381
DATA,6343,254,1710,732,-1837,-116,-125,55006
DATA,6344,241,1686,759,-2075,-64,-100,55631
DATA,6345,274,1719,822,-2329,-44,-79,56256
DATA,6346,237,1716,877,-2527,-100,-87,56881
DATA,6347,206,1714,904,-2649,-108,-82,57506
DATA,6348,227,1732,947,-2633,-78,-95,58131
DATA,6349,251,1791,1036,-2423,-37,-126,58756
DATA,6350,282,1819,1047,-2126,-38,-208,59381
DATA,6351,264,1766,1024,-1888,-63,-284,60006
DATA,6352,211,1705,1090,-1768,-27,-292,60631
DATA,6353,199,1703,1145,-1717,44,-252,61256
DATA,6354,214,1703,1167,-1667,97,-219,61881
DATA,6355,214,1626,1210,-1686,126,-168,62506
DATA,6356,190,1563,1288,-1813,139,-107,63131
DATA,6357,180,1506,1357,-2000,89,-60,63756
DATA,6358,111,1470,1360,-2210,55,-54,64381
DATA,6359,140,1482,1380,-2459,156,1,65006
DATA,6360,185,1499,1480,-2609,164,-43,95
DATA,6361,222,1564,1566,-2550,218,-130,720
DATA,6362,266,1581,1656,-2332,304,-181,1345
DATA,6363,267,1500,1726,-2120,364,-208,1970
DATA,6364,238,1376,1798,-2055,373,-207,2595
DATA,6365,183,1251,1760,-2135,383,-176,3220
DATA,6366,116,1140,1663,-2291,462,-115,3845
DATA,6367,75,1018,1547,-2410,547,-66,4470
DATA,6368,-6,996,1556,-2454,604,-52,5095
DATA,6369,-16,1124,1619,-2320,580,-195,5720
DATA,6370,20,1264,1659,-2049,449,-436,6345
DATA,6371,59,1321,1743,-1791,304,-564,6970
DATA,6372,65,1318,1819,-1565,161,-529,7595
DATA,6373,58,1284,1872,-1366,98,-468,8220
DATA,6374,127,1219,1877,-1303,94,-402,8845
DATA,6375,161,1165,1876,-1357,113,-307,9470
DATA,6376,153,1093,1836,-1397,152,-178,10095
DATA,6377,101,1017,1748,-1391,197,-58,10720
DATA,6378,64,904,1687,-1244,267,29,11345
DATA,6379,16,798,1723,-975,342,26,11970
DATA,6380,-21,739,1750,-750,329,-64,12595
DATA,6381,-64,750,1763,-586,312,-157,13220
DATA,6382,-56,763,1876,-543,275,-245,13845
DATA,6383,27,781,1999,-609,196,-347,14470
DATA,6384,97,774,2075,-746,106,-432,15095
DATA,6385,134,754,2107,-888,27,-420,15720
DATA,6386,165,718,2122,-1041,-70,-359,16345
DATA,6387,145,713,2088,-1221,-180,-230,16970
DATA,6388,75,696,2052,-1419,-264,-93,17595
DATA,6389,26,687,1940,-1600,-256,48,18220
DATA,6390,-54,677,1806,-1694,-193,122,18845
DATA,6391,-114,664,1736,-1669,-117,115,19470
DATA,6392,-169,662,1752,-1488,7,148,20095
DATA,6393,-151,599,1855,-1175,140,121,20720
DATA,6394,-60,531,1948,-918,182,-38,21345
DATA,6395,13,440,2033,-804,188,-190,21970
DATA,6396,71,376,2127,-814,203,-255,22595
DATA,6397,105,347,2175,-868,218,-264,23220
DATA,6398,124,356,2172,-965,226,-211,23845
DATA,6399,89,360,2151,-1098,210,-93,24470
DATA,6400,35,352,2115,-1218,165,-43,25095
DATA,6401,-44,359,2025,-1363,84,-31,25720
DATA,6402,-127,381,1985,-1572,-59,76,26345
DATA,6403,-241,366,1901,-1697,-65,210,26970
DATA,6404,-220,307,1824,-1870,270,249,27595
DATA,6405,-187,320,1792,-1901,431,276,28220
DATA,6406,-224,309,1814,-1866,610,294,28845
DATA,6407,-179,264,1863,-1675,742,355,29470
DATA,6408,-21,609,3427,-1688,41,594,30095
DATA,6409,79,376,2075,-1811,-256,609,30720
DATA,6410,128,81,2066,-1733,-102,400,31345
DATA,6411,-79,73,2087,-1645,-108,115,31970
DATA,6412,-217,-372,2666,-914,-492,-56,32595
DATA,6413,-116,-282,2021,-339,-387,-166,33220
DATA,6414,4,-20,2073,-252,-315,-121,33845
DATA,6415,-26,-29,2077,-202,-283,-190,34470
DATA,6416,15,-68,2054,-178,-229,-145,35095
DATA,6417,-1,-73,2073,-93,-152,-141,35720
DATA,6418,11,-61,2076,-78,-52,-28,36345
DATA,6419,-5,-59,2057,-13,10,-13,36970
DATA,6420,-26,-38,2070,39,21,-2,37595
DATA,6421,-46,6,2088,34,6,31,38220
DATA,6422,-39,-18,2062,28,-44,39,38845
DATA,6423,-1,-46,2061,62,-31,40,39470
DATA,6424,-5,-58,2057,129,3,26,40095
DATA,6425,-17,-66,2046,214,26,6,40720
DATA,6426,12,-61,2044,306,49,-9,41345
DATA,6427,208,-171,2025,482,249,14,41970
DATA,6428,-141,550,2321,248,452,276,42595
DATA,6429,-158,-29,2010,-7,221,109,43220
DATA,6430,-180,-9,2049,-30,-55,16,43845
DATA,6431,-22,33,2083,-7,-130,27,44470
DATA,6432,40,1,2089,-7,-54,9,45095
DATA,6433,-8,35,2082,1,39,12,45720
DATA,6434,-78,15,2073,-6,17,6,46345
DATA,6435,-43,23,2081,-4,-31,13,46970
DATA,6436,-6,18,2079,-3,-1,9,47595
DATA,6437,-49,27,2075,-4,18,8,48220
DATA,6438,-63,21,2074,-6,-18,12,48845
DATA,6439,-20,24,2079,-5,-20,13,49470
DATA,6440,-26,25,2077,-4,11,8,50095
DATA,6441,-56,27,2078,-4,4,9,50720
DATA,6442,-44,24,2080,-6,-15,13,51345
DATA,6443,-29,22,2074,-7,-6,10,51970
DATA,6444,-40,21,2076,-4,4,10,52595
DATA,6445,-45,21,2080,-4,-2,8,53220
DATA,6446,-42,25,2075,-3,-6,11,53845
DATA,6447,-40,26,2074,-5,-4,10,54470
DATA,6448,-39,23,2080,-6,-5,10,55095
DATA,6449,-38,25,2078,-5,-4,10,55720
DATA,6450,-38,23,2076,-5,-3,9,56345
DATA,6451,-41,25,2079,-5,-2,10,56970
DATA,6452,-39,23,2080,-6,-6,10,57595
DATA,6453,-40,25,2076,-6,-6,11,58220
DATA,6454,-38,22,2075,-6,-6,11,58845
DATA,6455,-37,24,2086,-6,-3,10,59470
DATA,6456,-39,22,2077,-5,-3,10,60095
DATA,6457,-39,22,2072,-5,-5,9,60720
DATA,6458,-35,23,2077,-5,-5,11,61345
DATA,6459,-36,23,2078,-6,-4,11,61970
DATA,6460,-39,21,2076,-5,-2,10,62595
DATA,6461,-40,23,2073,-5,-4,11,63220
DATA,6462,-39,24,2081,-4,-5,11,63845
DATA,6463,-36,23,2079,-5,-3,11,64470
DATA,6464,-40,22,2071,-5,-1,12,65095
DATA,6465,-42,25,2077,-4,-5,10,184
DATA,6466,-39,23,2080,-5,-4,11,809
DATA,6467,-40,25,2073,-5,-3,10,1434
DATA,6468,-43,26,2073,-5,-6,10,2059
DATA,6469,-38,22,2079,-5,-6,11,2684
DATA,6470,-37,26,2080,-7,-3,11,3309
DATA,6471,-41,24,2072,-5,-3,10,3934
DATA,6472,-41,25,2077,-5,-7,12,4559
DATA,6473,-36,22,2076,-6,-5,10,5184
DATA,6474,-39,23,2071,-5,-2,11,5809
DATA,6475,-41,21,2073,-5,-5,10,6434
DATA,6476,-37,22,2079,-5,-6,11,7059
DATA,6477,-38,23,2075,-6,-2,11,7684
DATA,6478,-40,24,2070,-5,-3,11,8309
DATA,6479,-36,21,2078,-5,-5,11,8934
DATA,6480,-34,23,2079,-5,-4,10,9559
DATA,6481,-41,21,2072,-4,-1,10,10184
DATA,6482,-43,20,2073,-6,-5,9,10809
DATA,6483,-36,22,2078,-5,-6,11,11434
DATA,6484,-35,24,2075,-5,-2,10,12059
DATA,6485,-43,25,2074,-5,-3,10,12684
DATA,6486,-38,25,2077,-6,-5,11,13309
DATA,6487,-36,23,2080,-6,-4,10,13934
DATA,6488,-42,25,2074,-5,-2,9,14559
DATA,6489,-42,24,2076,-4,-5,10,15184
DATA,6490,-39,22,2079,-4,-4,11,15809
DATA,6491,-39,23,2075,-6,-3,10,16434
DATA,6492,-41,24,2074,-5,-4,11,17059
DATA,6493,-38,25,2081,-5,-5,10,17684
DATA,6494,-38,24,2077,-5,-3,12,18309
DATA,6495,-41,24,2070,-4,-2,10,18934
DATA,6496,-40,26,2078,-5,-6,11,19559
DATA,6497,-34,23,2080,-5,-5,11,20184
DATA,6498,-38,25,2078,-5,-1,10,20809
DATA,6499,-37,23,2077,-5,-5,10,21434
DATA,6500,-35,22,2083,-6,-6,11,22059
DATA,6501,-37,23,2076,-5,-2,10,22684
DATA,6502,-41,24,2075,-5,-4,11,23309
DATA,6503,-38,23,2081,-5,-5,11,23934
DATA,6504,-37,21,2081,-5,-3,10,24559
DATA,6505,-40,21,2075,-6,-1,11,25184
DATA,6506,-40,25,2079,-5,-5,11,25809
DATA,6507,-37,23,2082,-5,-5,11,26434
DATA,6508,-38,21,2074,-5,0,10,27059
DATA,6509,-43,21,2076,-4,-3,10,27684
DATA,6510,-38,24,2083,-5,-6,10,28309
DATA,6511,-36,23,2082,-6,-3,10,28934
DATA,6512,-42,22,2073,-5,-1,10,29559
DATA,6513,-42,24,2077,-4,-6,12,30184
DATA,6514,-36,24,2082,-5,-4,13,30809
DATA,6515,-37,26,2077,-5,-1,9,31434
DATA,6516,-41,25,2075,-5,-2,11,32059
DATA,6517,-39,25,2081,-5,-7,11,32684
DATA,6518,-35,25,2080,-5,-2,10,33309
DATA,6519,-41,23,2074,-5,-1,10,33934
DATA,6520,-40,22,2079,-4,-6,11,34559
DATA,6521,-35,23,2080,-5,-4,11,35184
DATA,6522,-39,24,2073,-6,-2,11,35809
DATA,6523,-40,21,2073,-4,-5,12,36434
DATA,6524,-36,20,2081,-6,-6,11,37059
DATA,6525,-40,16,2077,-5,-2,12,37684
DATA,6526,-43,15,2069,-4,-4,11,38309
DATA,6527,-41,13,2073,-5,-7,13,38934
DATA,6528,-40,9,2080,-3,-9,14,39559
DATA,6529,-42,18,2084,-5,-6,14,40184
DATA,6530,-43,23,2082,-4,-4,14,40809
DATA,6531,-41,33,2079,-4,-5,14,41434
DATA,6532,-38,41,2073,-4,-6,12,42059
DATA,6533,-37,39,2072,-4,-6,12,42684
DATA,6534,-36,28,2079,-5,-8,12,43309
DATA,6535,-32,18,2082,-5,-8,12,43934
DATA,6536,-33,11,2074,-5,-4,13,44559
DATA,6537,-38,9,2072,-4,-6,15,45184
DATA,6538,-39,14,2086,-3,-9,13,45809
DATA,6539,-35,26,2087,-4,-4,14,46434
DATA,6540,-43,35,2078,-5,1,11,47059
DATA,6541,-45,40,2075,-4,-4,10,47684
DATA,6542,-40,42,2080,-4,-5,9,48309
DATA,6543,-37,40,2081,-7,-4,6,48934
DATA,6544,-35,31,2084,-6,-5,9,49559
DATA,6545,-26,24,2086,-7,-5,9,50184
DATA,6546,-21,22,2074,-7,0,8,50809
DATA,6547,-30,19,2072,-5,-1,8,51434
DATA,6548,-31,20,2082,-5,-5,11,52059
DATA,6549,-35,19,2083,-6,-2,11,52684
DATA,6550,-48,16,2071,-5,1,10,53309
DATA,6551,-54,18,2070,-5,-1,11,53934
DATA,6552,-52,18,2079,-5,-6,9,54559
DATA,6553,-46,14,2073,-7,-5,9,55184
DATA,6554,-44,13,2071,-5,-5,10,55809
DATA,6555,-36,16,2082,-5,-8,11,56434
DATA,6556,-31,18,2084,-4,-3,11,57059
DATA,6557,-35,25,2070,-5,-1,11,57684
DATA,6558,-39,32,2075,-4,-6,13,58309
DATA,6559,-36,37,2083,-5,-6,12,58934
DATA,6560,-37,38,2079,-5,-2,10,59559
DATA,6561,-44,33,2073,-5,-2,11,60184
DATA,6562,-42,29,2079,-5,-5,11,60809
DATA,6563,-37,20,2080,-6,-5,11,61434
DATA,6564,-38,16,2073,-5,-3,10,62059
DATA,6565,-37,11,2073,-5,-5,10,62684
DATA,6566,-34,12,2078,-5,-5,11,63309
DATA,6567,-35,14,2076,-5,-2,11,63934
DATA,6568,-42,19,2074,-5,-3,12,64559
DATA,6569,-41,26,2075,-4,-7,11,65184
DATA,6570,-39,28,2074,-4,-4,12,273
DATA,6571,-41,31,2075,-6,-5,11,898
DATA,6572,-34,33,2079,-5,-6,12,1523
DATA,6573,-33,30,2078,-5,-3,9,2148
DATA,6574,-33,26,2071,-6,-1,8,2773
DATA,6575,-38,21,2074,-5,-3,10,3398
DATA,6576,-36,19,2079,-5,-5,9,4023
DATA,6577,-38,17,2076,-6,-2,10,4648
DATA,6578,-43,17,2072,-4,-2,10,5273
DATA,6579,-41,19,2070,-6,-5,10,5898
DATA,6580,-43,18,2072,-5,-4,11,6523
DATA,6581,-48,19,2073,-5,-4,11,7148
DATA,6582,-46,16,2072,-5,-5,12,7773
DATA,6583,-46,18,2074,-4,-6,12,8398
DATA,6584,-40,22,2079,-4,-6,12,9023
DATA,6585,-39,23,2076,-5,-4,13,9648
DATA,6586,-37,29,2078,-5,-6,14,10273
DATA,6587,-31,34,2079,-5,-5,12,10898
DATA,6588,-32,33,2078,-5,-3,10,11523
DATA,6589,-35,28,2080,-5,-4,11,12148
DATA,6590,-33,28,2081,-6,-3,11,12773
DATA,6591,-36,24,2074,-6,-2,9,13398
DATA,6592,-40,22,2077,-4,-4,10,14023
DATA,6593,-36,20,2081,-5,-5,11,14648
DATA,6594,-36,19,2077,-6,-2,10,15273
DATA,6595,-42,20,2070,-5,-1,11,15898
DATA,6596,-39,19,2080,-4,-7,11,16523
DATA,6597,-36,18,2079,-4,-4,11,17148
DATA,6598,-39,21,2076,-5,-1,10,17773
DATA,6599,-39,23,2075,-5,-6,10,18398
DATA,6600,-33,22,2074,-5,-5,10,19023
DATA,6601,-36,19,2071,-3,-2,11,19648
DATA,6602,-43,14,2066,-4,-6,11,20273
DATA,6603,-41,7,2077,-2,-11,16,20898
DATA,6604,-38,12,2108,-4,-10,15,21523
DATA,6605,-38,26,2090,-5,1,15,22148
DATA,6606,-52,46,2069,-3,1,12,22773
DATA,6607,-42,54,2075,-5,-9,10,23398
DATA,6608,-32,53,2068,-5,-3,8,24023
DATA,6609,-43,45,2096,-5,-4,8,24648
DATA,6610,-27,39,2113,-8,-7,6,25273
DATA,6611,-20,34,2087,-8,7,4,25898
DATA,6612,-32,27,2057,-7,6,4,26523
DATA,6613,-28,25,2066,-7,-11,5,27148
DATA,6614,-19,11,2084,-7,-5,8,27773
DATA,6615,-36,-2,2078,-7,4,7,28398
DATA,6616,-49,-7,2071,-6,0,11,29023
DATA,6617,-50,-5,2072,-5,-2,14,29648
DATA,6618,-56,3,2066,-5,-2,13,30273
DATA,6619,-56,14,2066,-5,-9,12,30898
DATA,6620,-42,21,2083,-4,-12,13,31523
DATA,6621,-36,24,2084,-5,-2,9,32148
DATA,6622,-40,30,2078,-5,-1,9,32773
DATA,6623,-33,40,2080,-4,-7,11,33398
DATA,6624,-29,40,2078,-6,-6,11,34023
DATA,6625,-32,45,2082,-5,-4,11,34648
DATA,6626,-28,42,2086,-7,-3,9,35273
DATA,6627,-30,36,2083,-6,-2,10,35898
DATA,6628,-37,27,2071,-6,0,10,36523
DATA,6629,-46,23,2077,-6,-2,10,37148
DATA,6630,-49,18,2079,-6,-4,9,37773
DATA,6631,-50,8,2077,-6,-2,8,38398
DATA,6632,-47,7,2071,-6,-3,8,39023
DATA,6633,-46,4,2066,-6,-4,9,39648
DATA,6634,-43,6,2079,-4,-6,12,40273
DATA,6635,-34,11,2085,-5,-6,12,40898
DATA,6636,-34,22,2074,-4,0,13,41523
DATA,6637,-37,32,2072,-3,-5,14,42148
DATA,6638,-30,37,2083,-4,-9,12,42773
DATA,6639,-27,42,2086,-5,-3,10,43398
DATA,6640,-32,43,2079,-5,-1,7,44023
DATA,6641,-32,37,2077,-6,-3,8,44648
DATA,6642,-33,29,2080,-6,-2,8,45273
DATA,6643,-41,18,2077,-6,-2,8,45898
DATA,6644,-41,12,2080,-5,-4,11,46523
DATA,6645,-39,11,2080,-5,-3,10,47148
DATA,6646,-41,14,2070,-5,0,10,47773
DATA,6647,-47,14,2073,-6,-3,9,48398
DATA,6648,-46,16,2077,-4,-5,11,49023
DATA,6649,-45,20,2078,-5,-4,11,49648
DATA,6650,-48,27,2071,-5,-4,12,50273
DATA,6651,-42,29,2078,-6,-8,11,50898
DATA,6652,-32,32,2086,-6,-5,11,51523
DATA,6653,-28,33,2074,-5,-3,11,52148
DATA,6654,-33,34,2076,-5,-5,11,52773
DATA,6655,-30,29,2087,-5,-5,10,53398
DATA,6656,-32,25,2079,-5,1,10,54023
DATA,6657,-42,23,2066,-5,-1,10,54648
DATA,6658,-39,22,2077,-5,-6,10,55273
DATA,6659,-38,16,2081,-6,-3,11,55898
DATA,6660,-41,15,2070,-6,0,9,56523
DATA,6661,-46,14,2071,-5,-3,10,57148
DATA,6662,-38,16,2081,-5,-7,10,57773
DATA,6663,-40,15,2075,-5,-2,11,58398
DATA,6664,-43,21,2073,-5,-5,11,59023
DATA,6665,-35,27,2083,-4,-7,12,59648
DATA,6666,-30,30,2080,-6,-3,11,60273
DATA,6667,-38,34,2071,-6,-1,10,60898
DATA,6668,-36,36,2076,-4,-6,10,61523
DATA,6669,-32,36,2086,-6,-6,11,62148
DATA,6670,-33,31,2074,-6,1,8,62773
DATA,6671,-41,22,2064,-5,-2,7,63398
DATA,6672,-38,16,2085,-6,-8,11,64023
DATA,6673,-34,13,2080,-6,-3,10,64648
DATA,6674,-47,10,2065,-5,2,9,65273
DATA,6675,-49,16,2080,-4,-7,12,362
DATA,6676,-35,27,2092,-6,-5,10,987
DATA,6677,-41,33,2062,-6,7,8,1612
DATA,6678,-51,41,2058,-5,-5,8,2237
DATA,6679,-30,36,2090,-6,-11,8,2862
DATA,6680,-26,32,2083,-8,3,5,3487
DATA,6681,-40,21,2063,-6,2,8,4112
DATA,6682,-31,15,2072,-5,-9,9,4737
DATA,6683,-23,11,2076,-6,-4,9,5362
DATA,6684,-38,9,2067,-5,3,10,5987
DATA,6685,-45,13,2079,-5,-6,12,6612
DATA,6686,-40,16,2086,-5,-4,12,7237
DATA,6687,-50,22,2067,-5,3,10,7862
DATA,6688,-57,26,2066,-5,-5,10,8487
DATA,6689,-46,24,2076,-4,-9,12,9112
DATA,6690,-40,26,2085,-6,-6,10,9737
DATA,6691,-36,22,2079,-6,-4,8,10362
DATA,6692,-30,25,2077,-6,-5,10,10987
DATA,6693,-30,24,2079,-5,-6,10,11612
DATA,6694,-29,30,2079,-5,-4,12,12237
DATA,6695,-34,32,2077,-5,-2,12,12862
DATA,6696,-40,28,2079,-6,-3,11,13487
DATA,6697,-41,27,2074,-5,-2,11,14112
DATA,6698,-43,26,2073,-5,-3,9,14737
DATA,6699,-49,23,2079,-5,-5,9,15362
DATA,6700,-39,16,2086,-6,-6,10,15987
DATA,6701,-37,11,2075,-6,-1,9,16612
DATA,6702,-39,13,2070,-5,-3,10,17237
DATA,6703,-37,16,2081,-5,-6,13,17862
DATA,6704,-35,22,2082,-5,-4,12,18487
DATA,6705,-39,25,2074,-5,-1,12,19112
DATA,6706,-38,29,2074,-5,-4,11,19737
DATA,6707,-35,31,2083,-5,-4,10,20362
DATA,6708,-38,30,2080,-5,-2,10,20987
DATA,6709,-41,28,2079,-5,-4,10,21612
DATA,6710,-33,27,2084,-5,-5,7,22237
DATA,6711,-35,24,2077,-5,-1,10,22862
DATA,6712,-40,19,2075,-6,-2,9,23487
DATA,6713,-41,18,2080,-5,-7,9,24112
DATA,6714,-38,17,2079,-6,-3,12,24737
DATA,6715,-41,18,2073,-5,-1,11,25362
DATA,6716,-47,24,2072,-5,-4,12,25987
DATA,6717,-40,25,2082,-5,-7,12,26612
DATA,6718,-40,26,2080,-5,-3,11,27237
DATA,6719,-44,27,2077,-5,-3,10,27862
DATA,6720,-38,23,2085,-5,-6,10,28487
DATA,6721,-32,23,2082,-5,-5,10,29112
DATA,6722,-36,23,2073,-5,-3,9,29737
DATA,6723,-37,23,2078,-4,-6,10,30362
DATA,6724,-29,26,2084,-5,-5,9,30987
DATA,6725,-33,27,2077,-5,0,11,31612
DATA,6726,-42,24,2072,-5,-3,10,32237
DATA,6727,-40,23,2083,-4,-6,10,32862
DATA,6728,-37,24,2082,-6,-2,9,33487
DATA,6729,-44,22,2074,-5,-1,9,34112
DATA,6730,-43,21,2074,-5,-6,10,34737
DATA,6731,-35,18,2081,-5,-5,11,35362
DATA,6732,-38,21,2076,-5,-2,11,35987
DATA,6733,-39,21,2074,-6,-4,11,36612
DATA,6734,-37,24,2080,-4,-6,11,37237
DATA,6735,-37,25,2075,-5,-3,12,37862
DATA,6736,-40,26,2070,-7,-2,10,38487
DATA,6737,-42,24,2076,-5,-6,11,39112
DATA,6738,-38,25,2095,-5,-7,11,39737
DATA,6739,-34,32,2087,-6,1,9,40362
DATA,6740,-44,30,2061,-5,1,7,40987
DATA,6741,-41,28,2073,-5,-9,10,41612
DATA,6742,-29,23,2086,-7,-7,10,42237
DATA,6743,-38,17,2074,-7,3,7,42862
DATA,6744,-45,15,2082,-5,-6,11,43487
DATA,6745,-31,17,2091,-6,-7,11,44112
DATA,6746,-36,19,2064,-7,6,11,44737
DATA,6747,-53,22,2060,-5,-3,11,45362
DATA,6748,-37,22,2086,-5,-13,12,45987
DATA,6749,-31,18,2086,-6,0,9,46612
DATA,6750,-49,16,2074,-5,1,10,47237
DATA,6751,-41,23,2082,-5,-9,12,47862
DATA,6752,-32,26,2080,-5,-5,12,48487
DATA,6753,-36,29,2068,-5,-1,10,49112
DATA,6754,-36,32,2076,-5,-7,9,49737
DATA,6755,-33,30,2087,-6,-4,10,50362
DATA,6756,-37,23,2080,-6,0,10,50987
DATA,6757,-44,23,2069,-5,-1,10,51612
DATA,6758,-43,24,2078,-4,-6,11,52237
DATA,6759,-39,22,2085,-5,-5,10,52862
DATA,6760,-38,20,2075,-6,-2,10,53487
DATA,6761,-43,21,2073,-6,-2,9,54112
DATA,6762,-40,17,2080,-5,-6,11,54737
DATA,6763,-39,19,2075,-6,-2,10,55362
DATA,6764,-43,23,2072,-5,-2,11,55987
DATA,6765,-40,24,2081,-5,-7,11,56612
DATA,6766,-30,27,2080,-6,-4,11,57237
DATA,6767,-37,28,2069,-5,-1,11,57862
DATA,6768,-37,29,2075,-5,-5,11,58487
DATA,6769,-34,24,2083,-6,-6,11,59112
DATA,6770,-35,24,2077,-6,0,10,59737
DATA,6771,-42,22,2071,-4,-3,11,60362
DATA,6772,-35,22,2078,-4,-6,10,60987
DATA,6773,-35,21,2075,-5,-3,9,61612
DATA,6774,-41,22,2070,-5,-2,9,62237
DATA,6775,-45,20,2077,-4,-5,11,62862
DATA,6776,-42,19,2080,-5,-4,11,63487
DATA,6777,-41,21,2069,-6,-1,11,64112
DATA,6778,-43,23,2068,-5,-5,11,64737
DATA,6779,-38,26,2080,-5,-7,10,65362
DATA,6780,-34,25,2076,-6,-3,9,451
DATA,6781,-38,26,2069,-5,-1,10,1076
DATA,6782,-40,24,2075,-5,-6,10,1701
DATA,6783,-35,22,2081,-5,-5,11,2326
DATA,6784,-39,23,2072,-6,-1,10,2951
DATA,6785,-39,24,2073,-5,-4,10,3576
DATA,6786,-34,23,2079,-5,-6,11,4201
DATA,6787,-35,21,2078,-6,-1,9,4826
DATA,6788,-42,23,2071,-6,-3,10,5451
DATA,6789,-41,21,2081,-4,-6,10,6076
DATA,6790,-38,21,2081,-5,-3,10,6701
DATA,6791,-41,23,2072,-5,-3,11,7326
DATA,6792,-40,23,2076,-4,-5,10,7951
DATA,6793,-34,22,2080,-6,-5,10,8576
DATA,6794,-36,21,2078,-5,-2,9,9201
DATA,6795,-40,22,2076,-5,-4,10,9826
DATA,6796,-40,19,2083,-5,-5,11,10451
DATA,6797,-37,22,2076,-5,-3,11,11076
DATA,6798,-43,24,2070,-5,-2,10,11701
DATA,6799,-39,25,2078,-6,-6,10,12326
DATA,6800,-33,25,2083,-5,-5,9,12951
DATA,6801,-39,21,2078,-6,-1,10,13576
DATA,6802,-40,24,2074,-5,-2,10,14201
DATA,6803,-41,22,2078,-5,-5,11,14826
DATA,6804,-38,22,2079,-5,-4,11,15451
DATA,6805,-40,26,2079,-5,-3,11,16076
DATA,6806,-38,24,2083,-6,-5,12,16701
DATA,6807,-35,23,2084,-5,-3,10,17326
DATA,6808,-41,20,2073,-5,-1,10,17951
DATA,6809,-42,25,2076,-4,-5,9,18576
DATA,6810,-35,24,2086,-4,-8,10,19201
DATA,6811,-35,25,2081,-6,-2,9,19826
DATA,6812,-39,23,2072,-5,-2,10,20451
DATA,6813,-34,24,2079,-5,-6,9,21076
DATA,6814,-36,23,2082,-5,-4,11,21701
DATA,6815,-39,23,2077,-5,-2,11,22326
DATA,6816,-43,22,2081,-6,-5,11,22951
DATA,6817,-37,22,2080,-5,-3,11,23576
DATA,6818,-40,24,2071,-6,-2,9,24201
DATA,6819,-41,24,2077,-5,-4,9,24826
DATA,6820,-37,24,2084,-5,-6,10,25451
DATA,6821,-37,21,2078,-6,-1,10,26076
DATA,6822,-43,20,2073,-5,-2,11,26701
DATA,6823,-41,23,2080,-5,-6,11,27326
DATA,6824,-39,23,2080,-5,-4,11,27951
DATA,6825,-40,24,2074,-5,-3,12,28576
DATA,6826,-39,25,2078,-5,-5,10,29201
DATA,6827,-37,24,2082,-4,-5,11,29826
DATA,6828,-39,26,2081,-5,-1,8,30451
DATA,6829,-42,27,2076,-5,-2,10,31076
DATA,6830,-40,23,2075,-5,-6,10,31701
DATA,6831,-33,22,2079,-5,-6,10,32326
DATA,6832,-37,21,2079,-6,-2,11,32951
DATA,6833,-40,19,2080,-4,-4,10,33576
DATA,6834,-37,23,2085,-5,-5,12,34201
DATA,6835,-37,22,2075,-5,-2,10,34826
DATA,6836,-43,23,2068,-4,-2,10,35451
DATA,6837,-39,24,2082,-5,-8,10,36076
DATA,6838,-35,22,2087,-5,-4,9,36701
DATA,6839,-36,22,2076,-5,0,11,37326
DATA,6840,-41,25,2074,-4,-4,11,37951
DATA,6841,-37,23,2084,-4,-6,12,38576
DATA,6842,-37,24,2080,-5,-1,11,39201
DATA,6843,-43,24,2073,-5,-2,10,39826
DATA,6844,-39,22,2080,-5,-7,11,40451
DATA,6845,-34,23,2083,-5,-3,10,41076
DATA,6846,-41,23,2073,-6,0,11,41701
DATA,6847,-44,23,2076,-4,-5,11,42326
DATA,6848,-38,22,2085,-4,-6,10,42951
DATA,6849,-36,21,2073,-6,0,9,43576
DATA,6850,-43,20,2071,-4,-3,12,44201
DATA,6851,-37,22,2081,-4,-8,11,44826
DATA,6852,-34,22,2083,-5,-4,10,45451
DATA,6853,-37,23,2071,-5,-1,9,46076
DATA,6854,-41,25,2076,-4,-6,10,46701
DATA,6855,-36,26,2082,-4,-6,11,47326
DATA,6856,-35,23,2075,-5,-2,11,47951
DATA,6857,-42,24,2074,-5,-4,10,48576
DATA,6858,-36,25,2083,-5,-8,11,49201
DATA,6859,-35,23,2080,-5,-2,10,49826
DATA,6860,-42,22,2071,-5,-1,9,50451
DATA,6861,-40,23,2077,-4,-6,10,51076
DATA,6862,-35,21,2082,-5,-5,12,51701
DATA,6863,-37,21,2075,-5,-1,10,52326
DATA,6864,-43,22,2072,-5,-3,11,52951
DATA,6865,-38,24,2079,-5,-6,10,53576
DATA,6866,-35,24,2079,-5,-4,11,54201
DATA,6867,-41,24,2072,-5,-1,10,54826
DATA,6868,-41,23,2076,-5,-6,11,55451
DATA,6869,-38,23,2080,-5,-5,9,56076
DATA,6870,-37,23,2073,-5,-2,11,56701
DATA,6871,-42,24,2072,-4,-4,10,57326
DATA,6872,-35,22,2079,-5,-7,12,57951
DATA,6873,-37,22,2077,-5,-2,9,58576
DATA,6874,-40,24,2073,-5,-2,10,59201
DATA,6875,-40,23,2076,-5,-5,12,59826
DATA,6876,-36,22,2077,-5,-5,10,60451
DATA,6877,-39,23,2070,-6,-1,9,61076
DATA,6878,-39,22,2074,-4,-4,12,61701
DATA,6879,-37,23,2081,-5,-6,10,62326
DATA,6880,-37,23,2077,-7,-3,10,62951
DATA,6881,-40,23,2070,-5,-1,11,63576
DATA,6882,-40,23,2074,-4,-6,10,64201
DATA,6883,-38,22,2079,-5,-4,10,64826
DATA,6884,-39,23,2073,-5,-2,10,65451
DATA,6885,-41,24,2073,-4,-5,12,540
DATA,6886,-37,25,2079,-5,-5,10,1165
DATA,6887,-36,25,2076,-5,-3,11,1790
DATA,6888,-42,24,2074,-5,-3,11,2415
DATA,6889,-39,22,2082,-5,-6,11,3040
DATA,6890,-35,20,2081,-5,-3,12,3665
DATA,6891,-40,24,2069,-5,-1,9,4290
DATA,6892,-42,23,2075,-6,-5,11,4915
DATA,6893,-35,21,2082,-6,-6,12,5540
DATA,6894,-38,23,2078,-6,-1,11,6165
DATA,6895,-42,24,2074,-4,-2,10,6790
DATA,6896,-37,22,2080,-5,-6,10,7415
DATA,6897,-35,23,2078,-6,-1,11,8040
DATA,6898,-40,24,2074,-5,-3,11,8665
DATA,6899,-37,26,2082,-6,-6,9,9290
DATA,6900,-34,23,2082,-6,-3,10,9915
DATA,6901,-38,22,2075,-5,-2,10,10540
DATA,6902,-41,24,2077,-4,-5,10,11165
DATA,6903,-39,24,2084,-6,-7,12,11790
DATA,6904,-37,22,2077,-6,-1,10,12415
DATA,6905,-42,23,2074,-5,-4,9,13040
DATA,6906,-41,24,2085,-5,-5,11,13665
DATA,6907,-36,21,2081,-6,-3,11,14290
DATA,6908,-40,22,2075,-5,-4,10,14915
DATA,6909,-40,22,2077,-4,-5,11,15540
DATA,6910,-37,23,2080,-5,-4,11,16165
DATA,6911,-38,23,2073,-5,-2,12,16790
DATA,6912,-44,25,2077,-5,-4,10,17415
DATA,6913,-37,23,2083,-5,-6,11,18040
DATA,6914,-37,22,2077,-5,-3,11,18665
DATA,6915,-39,24,2075,-5,-2,9,19290
DATA,6916,-41,25,2078,-5,-5,10,19915
DATA,6917,-37,23,2084,-6,-6,11,20540
DATA,6918,-37,26,2074,-5,-1,10,21165
DATA,6919,-39,22,2074,-5,-3,10,21790
DATA,6920,-38,23,2082,-4,-6,12,22415
DATA,6921,-35,21,2080,-5,-3,11,23040
DATA,6922,-41,22,2075,-6,-2,11,23665
DATA,6923,-39,24,2079,-4,-6,9,24290
DATA,6924,-35,23,2082,-5,-5,9,24915
DATA,6925,-38,23,2074,-5,-1,10,25540
DATA,6926,-42,25,2073,-5,-5,10,26165
DATA,6927,-36,27,2082,-5,-6,12,26790
DATA,6928,-35,21,2075,-6,-1,10,27415
DATA,6929,-42,22,2072,-5,-2,11,28040
DATA,6930,-41,21,2076,-5,-6,10,28665
DATA,6931,-35,24,2082,-6,-3,11,29290
DATA,6932,-39,24,2074,-5,-1,10,29915
DATA,6933,-41,24,2077,-5,-4,11,30540
DATA,6934,-36,24,2082,-4,-5,11,31165
DATA,6935,-39,23,2076,-6,-1,9,31790
DATA,6936,-41,22,2072,-4,-2,9,32415
DATA,6937,-40,22,2080,-4,-6,10,33040
DATA,6938,-35,23,2080,-5,-4,10,33665
DATA,6939,-40,22,2074,-5,-1,11,34290
DATA,6940,-41,22,2077,-4,-4,11,34915
DATA,6941,-35,22,2081,-5,-5,10,35540
DATA,6942,-36,24,2077,-5,-2,9,36165
DATA,6943,-40,23,2076,-6,-3,9,36790
DATA,6944,-39,24,2080,-5,-6,11,37415
DATA,6945,-34,26,2077,-5,-4,11,38040
DATA,6946,-38,25,2073,-6,-3,11,38665
DATA,6947,-39,24,2077,-5,-4,11,39290
DATA,6948,-38,23,2080,-5,-5,10,39915
DATA,6949,-37,21,2078,-5,-1,10,40540
DATA,6950,-40,24,2074,-4,-3,11,41165
DATA,6951,-40,21,2078,-5,-5,10,41790
DATA,6952,-38,24,2081,-6,-4,10,42415
DATA,6953,-39,25,2074,-5,-2,10,43040
DATA,6954,-40,23,2077,-5,-5,11,43665
DATA,6955,-38,23,2079,-5,-4,9,44290
DATA,6956,-38,24,2079,-5,-1,10,44915
DATA,6957,-41,22,2070,-5,-3,11,45540
DATA,6958,-38,22,2079,-5,-7,10,46165
DATA,6959,-34,23,2078,-5,-3,11,46790
DATA,6960,-38,25,2073,-5,-1,10,47415
DATA,6961,-39,24,2078,-5,-5,11,48040
DATA,6962,-36,24,2083,-5,-5,11,48665
DATA,6963,-39,23,2075,-6,-2,10,49290
DATA,6964,-42,24,2071,-5,-4,10,49915
DATA,6965,-35,22,2079,-5,-6,12,50540
DATA,6966,-35,24,2078,-5,-3,10,51165
DATA,6967,-38,22,2071,-5,-1,11,51790
DATA,6968,-39,22,2078,-6,-5,11,52415
DATA,6969,-36,25,2078,-5,-3,9,53040
DATA,6970,-40,25,2071,-5,-1,11,53665
DATA,6971,-41,22,2073,-5,-5,10,54290
DATA,6972,-38,23,2081,-6,-6,11,54915
DATA,6973,-37,21,2073,-6,-1,10,55540
DATA,6974,-42,24,2069,-5,-4,8,56165
DATA,6975,-38,24,2079,-5,-6,10,56790
DATA,6976,-35,22,2077,-5,-3,10,57415
DATA,6977,-39,22,2068,-4,-1,10,58040
DATA,6978,-43,24,2075,-5,-6,10,58665
DATA,6979,-38,21,2079,-6,-5,10,59290
DATA,6980,-38,24,2072,-5,-2,10,59915
DATA,6981,-40,24,2074,-5,-4,11,60540
DATA,6982,-38,24,2078,-5,-6,10,61165
DATA,6983,-37,23,2076,-5,-2,11,61790
DATA,6984,-40,25,2071,-4,-3,10,62415
DATA,6985,-42,24,2078,-4,-5,9,63040
DATA,6986,-35,23,2082,-6,-4,12,63665
DATA,6987,-38,25,2073,-4,-1,10,64290
DATA,6988,-41,22,2074,-4,-3,11,64915
DATA,6989,-38,22,2079,-5,-5,11,4
DATA,6990,-34,23,2076,-5,-3,11,629
DATA,6991,-41,21,2073,-6,-2,11,1254
DATA,6992,-40,22,2081,-4,-7,11,1879
DATA,6993,-36,23,2079,-5,-4,10,2504
DATA,6994,-40,21,2072,-6,-1,9,3129
DATA,6995,-41,25,2078,-5,-4,11,3754
DATA,6996,-36,23,2081,-6,-6,10,4379
DATA,6997,-37,24,2076,-5,-1,9,5004
DATA,6998,-40,24,2070,-5,-3,11,5629
DATA,6999,-37,22,2079,-5,-6,12,6254
DATA,7000,-35,26,2081,-5,-5,11,6879
DATA,7001,-39,23,2073,-6,-2,10,7504
DATA,7002,-41,24,2077,-5,-4,9,8129
DATA,7003,-34,24,2081,-5,-6,11,8754
DATA,7004,-38,23,2078,-5,-2,10,9379
DATA,7005,-41,23,2076,-5,-4,11,10004
DATA,7006,-40,21,2081,-5,-6,11,10629
DATA,7007,-37,22,2079,-6,-4,9,11254
DATA,7008,-41,24,2072,-6,-2,10,11879
DATA,7009,-42,23,2078,-5,-5,10,12504
DATA,7010,-36,23,2083,-6,-6,9,13129
DATA,7011,-38,23,2075,-6,-1,10,13754
DATA,7012,-40,24,2073,-6,-4,11,14379
DATA,7013,-38,25,2083,-5,-7,10,15004
DATA,7014,-35,25,2080,-5,-3,11,15629
DATA,7015,-40,25,2074,-6,-2,10,16254
DATA,7016,-39,25,2078,-5,-6,11,16879
DATA,7017,-35,24,2080,-5,-6,11,17504
DATA,7018,-36,24,2074,-5,-2,9,18129
DATA,7019,-41,22,2078,-5,-5,11,18754
DATA,7020,-36,23,2080,-5,-6,10,19379
DATA,7021,-38,23,2078,-6,-2,10,20004
DATA,7022,-42,25,2072,-5,-2,10,20629
DATA,7023,-41,25,2079,-5,-6,11,21254
DATA,7024,-36,22,2083,-5,-5,11,21879
DATA,7025,-40,23,2077,-5,-2,10,22504
DATA,7026,-43,23,2072,-5,-3,10,23129
DATA,7027,-35,24,2080,-5,-6,10,23754
DATA,7028,-33,23,2080,-5,-3,11,24379
DATA,7029,-41,22,2075,-5,-1,10,25004
DATA,7030,-40,26,2080,-5,-5,10,25629
DATA,7031,-34,24,2080,-6,-3,11,26254
DATA,7032,-39,22,2071,-5,-2,10,26879
DATA,7033,-41,23,2078,-5,-5,10,27504
DATA,7034,-36,23,2083,-5,-6,10,28129
DATA,7035,-36,24,2078,-6,0,8,28754
DATA,7036,-43,24,2071,-5,-3,11,29379
DATA,7037,-39,25,2080,-4,-6,10,30004
DATA,7038,-37,20,2079,-5,-4,10,30629
DATA,7039,-38,19,2077,-5,0,11,31254
DATA,7040,-41,22,2079,-5,-5,10,31879
DATA,7041,-35,25,2081,-6,-5,12,32504
DATA,7042,-38,22,2072,-5,-2,11,33129
DATA,7043,-43,25,2079,-4,-4,11,33754
DATA,7044,-36,24,2085,-5,-5,12,34379
DATA,7045,-37,23,2076,-5,-1,10,35004
DATA,7046,-42,23,2070,-5,-3,10,35629
DATA,7047,-38,23,2077,-5,-8,12,36254
DATA,7048,-36,24,2080,-5,-5,10,36879
DATA,7049,-38,22,2078,-5,-3,10,37504
DATA,7050,-40,23,2074,-4,-2,11,38129
DATA,7051,-39,23,2075,-5,-5,10,38754
DATA,7052,-39,22,2076,-6,-4,10,39379
DATA,7053,-41,23,2078,-5,-3,11,40004
DATA,7054,-40,24,2085,-6,-5,10,40629
DATA,7055,-37,23,2077,-6,-3,9,41254
DATA,7056,-39,24,2072,-6,-2,10,41879
DATA,7057,-42,24,2073,-5,-5,10,42504
DATA,7058,-35,22,2087,-6,-8,12,43129
DATA,7059,-35,24,2078,-6,-2,9,43754
DATA,7060,-41,24,2071,-6,-3,10,44379
DATA,7061,-39,22,2076,-5,-6,12,45004
DATA,7062,-35,21,2081,-5,-3,10,45629
DATA,7063,-39,23,2074,-5,-2,10,46254
DATA,7064,-40,23,2074,-4,-5,11,46879
DATA,7065,-36,26,2077,-5,-4,12,47504
DATA,7066,-40,24,2073,-6,-2,10,48129
DATA,7067,-42,23,2076,-5,-5,10,48754
DATA,7068,-38,23,2080,-5,-5,11,49379
DATA,7069,-36,22,2076,-6,-3,10,50004
DATA,7070,-41,25,2069,-5,-2,10,50629
DATA,7071,-41,21,2074,-4,-6,11,51254
DATA,7072,-34,25,2083,-6,-7,11,51879
DATA,7073,-35,23,2075,-5,-1,9,52504
DATA,7074,-42,23,2067,-5,-1,10,53129
DATA,7075,-39,25,2076,-5,-6,11,53754
DATA,7076,-36,20,2073,-5,-4,10,54379
DATA,7077,-41,24,2069,-6,-2,10,55004
DATA,7078,-42,22,2076,-4,-7,13,55629
DATA,7079,-33,23,2079,-5,-5,9,56254
DATA,7080,-39,24,2073,-6,0,11,56879
DATA,7081,-44,22,2070,-5,-4,12,57504
DATA,7082,-38,22,2078,-5,-7,10,58129
DATA,7083,-35,21,2078,-6,-2,11,58754
DATA,7084,-42,23,2068,-5,-2,9,59379
DATA,7085,-42,23,2075,-5,-5,10,60004
DATA,7086,-36,23,2081,-5,-5,11,60629
DATA,7087,-37,24,2075,-6,-1,11,61254
DATA,7088,-42,23,2074,-4,-3,9,61879
DATA,7089,-38,23,2081,-5,-5,11,62504
DATA,7090,-37,26,2078,-5,-3,10,63129
DATA,7091,-41,24,2072,-5,-2,9,63754
DATA,7092,-40,24,2077,-5,-6,12,64379
DATA,7093,-36,23,2082,-5,-4,9,65004
DATA,7094,-39,23,2074,-5,-1,10,93
DATA,7095,-42,22,2074,-4,-5,10,718
DATA,7096,-35,23,2081,-5,-6,11,1343
DATA,7097,-35,23,2078,-6,-2,10,1968
DATA,7098,-42,22,2071,-4,-1,9,2593
DATA,7099,-39,23,2078,-5,-6,10,3218
DATA,7100,-34,23,2083,-5,-4,10,3843
DATA,7101,-40,25,2073,-6,0,8,4468
DATA,7102,-43,22,2076,-5,-4,11,5093
DATA,7103,-36,20,2083,-5,-6,11,5718
DATA,7104,-37,22,2078,-5,-1,10,6343
DATA,7105,-40,24,2075,-5,-3,10,6968
DATA,7106,-39,23,2079,-5,-7,11,7593
DATA,7107,-35,24,2081,-5,-4,10,8218
DATA,7108,-39,23,2076,-5,-2,11,8843
DATA,7109,-41,26,2079,-5,-6,11,9468
DATA,7110,-35,22,2081,-6,-4,9,10093
DATA,7111,-37,25,2076,-5,-1,12,10718
DATA,7112,-42,23,2078,-5,-4,10,11343
DATA,7113,-37,22,2083,-6,-5,10,11968
DATA,7114,-35,21,2079,-5,-2,11,12593
DATA,7115,-41,22,2073,-5,-2,10,13218
DATA,7116,-40,22,2082,-5,-6,13,13843
DATA,7117,-37,23,2087,-4,-5,12,14468
DATA,7118,-38,21,2074,-5,-1,11,15093
DATA,7119,-41,23,2075,-5,-4,10,15718
DATA,7120,-36,23,2081,-5,-7,10,16343
DATA,7121,-36,23,2080,-5,-2,10,16968
DATA,7122,-41,25,2073,-5,-2,11,17593
DATA,7123,-39,24,2079,-5,-6,10,18218
DATA,7124,-33,22,2081,-5,-5,10,18843
DATA,7125,-38,24,2075,-5,-1,11,19468
DATA,7126,-39,24,2077,-6,-6,10,20093
DATA,7127,-35,22,2081,-5,-5,11,20718
DATA,7128,-37,22,2077,-5,-2,11,21343
DATA,7129,-41,23,2074,-5,-2,9,21968
DATA,7130,-37,24,2081,-5,-6,12,22593
DATA,7131,-36,22,2079,-5,-3,10,23218
DATA,7132,-38,22,2071,-5,-2,10,23843
DATA,7133,-41,25,2080,-4,-6,11,24468
DATA,7134,-34,22,2083,-6,-6,10,25093
DATA,7135,-34,21,2075,-5,-3,10,25718
DATA,7136,-40,23,2073,-5,-4,12,26343
DATA,7137,-39,23,2081,-4,-6,10,26968
DATA,7138,-36,23,2080,-5,-3,11,27593
DATA,7139,-42,24,2075,-5,-2,11,28218
DATA,7140,-39,25,2080,-6,-7,10,28843
DATA,7141,-35,22,2080,-7,-5,11,29468
DATA,7142,-37,22,2074,-5,-2,11,30093
DATA,7143,-43,22,2076,-5,-4,10,30718
DATA,7144,-37,22,2084,-5,-5,11,31343
DATA,7145,-35,24,2077,-5,-3,11,31968
DATA,7146,-40,21,2072,-5,-3,10,32593
DATA,7147,-38,23,2079,-5,-7,10,33218
DATA,7148,-36,23,2081,-4,-5,10,33843
DATA,7149,-41,24,2074,-5,-1,9,34468
DATA,7150,-43,22,2074,-6,-5,10,35093
DATA,7151,-38,22,2080,-5,-6,11,35718
DATA,7152,-35,20,2081,-5,-3,10,36343
DATA,7153,-41,22,2072,-5,-3,10,36968
DATA,7154,-38,24,2079,-5,-7,10,37593
DATA,7155,-34,22,2081,-4,-4,10,38218
DATA,7156,-40,24,2071,-5,0,9,38843
DATA,7157,-44,22,2073,-4,-5,11,39468
DATA,7158,-35,23,2086,-6,-6,11,40093
DATA,7159,-35,20,2079,-5,-1,9,40718
DATA,7160,-44,22,2072,-5,-2,10,41343
DATA,7161,-40,23,2079,-5,-8,11,41968
DATA,7162,-36,23,2078,-5,-3,11,42593
DATA,7163,-41,24,2074,-6,0,8,43218
DATA,7164,-44,22,2073,-4,-6,11,43843
DATA,7165,-36,23,2083,-4,-5,10,44468
DATA,7166,-37,22,2078,-5,-2,10,45093
DATA,7167,-43,23,2071,-4,-3,11,45718
DATA,7168,-39,23,2079,-5,-6,10,46343
DATA,7169,-34,22,2079,-5,-3,9,46968
DATA,7170,-41,21,2072,-5,0,9,47593
DATA,7171,-42,22,2075,-4,-6,10,48218
DATA,7172,-34,22,2081,-5,-6,11,48843
DATA,7173,-38,24,2071,-5,0,10,49468
DATA,7174,-43,24,2067,-5,-4,9,50093
DATA,7175,-36,24,2081,-6,-8,12,50718
DATA,7176,-35,22,2078,-6,-3,11,51343
DATA,7177,-43,21,2069,-5,-1,9,51968
DATA,7178,-40,23,2077,-5,-5,11,52593
DATA,7179,-34,23,2078,-6,-4,10,53218
DATA,7180,-37,25,2072,-5,-2,10,53843
DATA,7181,-40,25,2074,-5,-3,10,54468
DATA,7182,-38,21,2078,-4,-5,10,55093
DATA,7183,-35,21,2072,-5,-3,11,55718
DATA,7184,-41,25,2071,-4,-2,9,56343
DATA,7185,-41,24,2079,-4,-7,10,56968
DATA,7186,-34,23,2079,-5,-4,11,57593
DATA,7187,-39,23,2074,-5,-1,11,58218
DATA,7188,-40,24,2076,-5,-4,9,58843
DATA,7189,-39,23,2081,-5,-6,12,59468
DATA,7190,-37,23,2077,-6,-3,9,60093
DATA,7191,-42,22,2072,-5,-2,10,60718
DATA,7192,-39,26,2080,-4,-6,11,61343
DATA,7193,-33,23,2081,-5,-4,10,61968
DATA,7194,-39,23,2076,-5,-2,10,62593
DATA,7195,-40,24,2078,-4,-5,12,63218
DATA,7196,-37,20,2083,-5,-5,10,63843
DATA,7197,-37,22,2077,-5,-3,11,64468
DATA,7198,-38,23,2073,-5,-3,11,65093
DATA,7199,-37,23,2078,-6,-7,12,182
DATA,7200,-37,21,2080,-6,-4,10,807
DATA,7201,-38,22,2074,-5,-1,11,1432
DATA,7202,-40,25,2077,-5,-5,11,2057
DATA,7203,-36,22,2081,-5,-4,11,2682
DATA,7204,-40,22,2078,-6,-1,10,3307
DATA,7205,-43,22,2076,-5,-3,12,3932
DATA,7206,-39,21,2083,-6,-7,10,4557
DATA,7207,-37,21,2079,-5,-2,11,5182
DATA,7208,-43,24,2075,-5,-1,12,5807
DATA,7209,-41,23,2082,-5,-6,10,6432
DATA,7210,-33,23,2081,-5,-3,10,7057
DATA,7211,-39,24,2075,-5,-2,10,7682
DATA,7212,-41,23,2075,-4,-6,10,8307
DATA,7213,-36,24,2081,-6,-7,11,8932
DATA,7214,-35,23,2077,-4,-1,10,9557
DATA,7215,-42,21,2077,-4,-3,10,10182
DATA,7216,-39,23,2080,-5,-5,11,10807
DATA,7217,-36,25,2081,-4,-4,11,11432
DATA,7218,-39,22,2073,-5,-1,10,12057
DATA,7219,-43,23,2075,-5,-5,11,12682
DATA,7220,-38,23,2083,-5,-6,10,13307
DATA,7221,-36,24,2080,-6,-1,9,13932
DATA,7222,-43,22,2075,-5,-3,11,14557
DATA,7223,-39,21,2081,-4,-5,11,15182
DATA,7224,-35,24,2083,-5,-4,10,15807
DATA,7225,-42,24,2072,-6,-2,11,16432
DATA,7226,-40,23,2077,-5,-5,11,17057
DATA,7227,-33,22,2085,-5,-6,10,17682
DATA,7228,-38,24,2075,-5,0,10,18307
DATA,7229,-44,22,2070,-4,-3,10,18932
DATA,7230,-36,22,2082,-5,-8,12,19557
DATA,7231,-34,22,2081,-5,-3,12,20182
DATA,7232,-42,24,2072,-5,0,10,20807
DATA,7233,-42,23,2075,-4,-6,11,21432
DATA,7234,-36,23,2082,-5,-6,11,22057
DATA,7235,-41,23,2075,-6,-1,9,22682
DATA,7236,-44,23,2074,-5,-5,10,23307
DATA,7237,-37,23,2082,-4,-6,12,23932
DATA,7238,-36,23,2079,-5,-3,10,24557
DATA,7239,-40,23,2072,-5,-3,11,25182
DATA,7240,-40,24,2079,-5,-6,10,25807
DATA,7241,-36,23,2082,-5,-5,11,26432
DATA,7242,-40,22,2074,-4,-1,10,27057
DATA,7243,-43,24,2074,-4,-5,11,27682
DATA,7244,-37,23,2083,-4,-7,11,28307
DATA,7245,-35,24,2077,-6,-2,10,28932
DATA,7246,-44,24,2071,-5,-1,12,29557
DATA,7247,-42,25,2077,-4,-6,12,30182
DATA,7248,-35,22,2081,-4,-5,11,30807
DATA,7249,-38,21,2075,-6,-1,10,31432
DATA,7250,-42,21,2076,-5,-4,11,32057
DATA,7251,-36,20,2081,-5,-6,11,32682
DATA,7252,-37,24,2079,-6,-2,10,33307
DATA,7253,-40,24,2073,-5,-3,11,33932
DATA,7254,-38,25,2080,-5,-6,12,34557
DATA,7255,-36,26,2081,-5,-3,12,35182
DATA,7256,-39,25,2075,-5,-2,11,35807
DATA,7257,-42,23,2074,-5,-4,10,36432
DATA,7258,-36,23,2079,-5,-6,10,37057
DATA,7259,-36,22,2076,-5,-3,11,37682
DATA,7260,-40,22,2073,-5,-4,11,38307
DATA,7261,-39,24,2078,-4,-5,11,38932
DATA,7262,-35,23,2080,-5,-3,9,39557
DATA,7263,-38,24,2073,-5,-2,10,40182
DATA,7264,-39,25,2075,-5,-5,12,40807
DATA,7265,-38,23,2080,-5,-6,11,41432
DATA,7266,-38,22,2076,-5,-2,10,42057
DATA,7267,-41,23,2072,-5,-3,11,42682
DATA,7268,-38,24,2078,-6,-5,11,43307
DATA,7269,-36,22,2077,-5,-3,11,43932
DATA,7270,-39,23,2074,-5,-2,10,44557
DATA,7271,-41,23,2076,-5,-5,10,45182
DATA,7272,-36,24,2080,-5,-6,11,45807
DATA,7273,-40,24,2072,-5,-3,11,46432
DATA,7274,-40,24,2072,-5,-5,10,47057
DATA,7275,-39,24,2075,-5,-5,11,47682
DATA,7276,-36,22,2073,-5,-2,11,48307
DATA,7277,-40,22,2072,-5,-2,10,48932
DATA,7278,-39,22,2075,-3,-5,12,49557
DATA,7279,-36,21,2077,-6,-4,10,50182
DATA,7280,-39,22,2074,-6,-2,12,50807
DATA,7281,-41,24,2074,-5,-5,12,51432
DATA,7282,-38,25,2077,-6,-5,10,52057
DATA,7283,-38,21,2072,-5,-2,12,52682
DATA,7284,-41,23,2073,-5,-3,9,53307
DATA,7285,-37,21,2082,-5,-5,10,53932
DATA,7286,-37,24,2080,-5,-2,12,54557
DATA,7287,-43,24,2072,-4,-2,10,55182
DATA,7288,-38,24,2076,-5,-5,10,55807
DATA,7289,-34,22,2079,-6,-3,11,56432
DATA,7290,-38,24,2076,-5,-2,11,57057
DATA,7291,-40,22,2075,-4,-4,10,57682
DATA,7292,-37,24,2077,-5,-5,11,58307
DATA,7293,-35,24,2075,-5,-3,8,58932
DATA,7294,-42,24,2072,-5,-4,11,59557
DATA,7295,-40,26,2079,-5,-6,11,60182
DATA,7296,-34,22,2079,-5,-5,10,60807
DATA,7297,-38,23,2072,-5,-2,10,61432
DATA,7298,-41,24,2079,-5,-5,11,62057
DATA,7299,-37,23,2085,-6,-7,11,62682
DATA,7300,-35,21,2079,-5,-3,11,63307
DATA,7301,-42,22,2074,-5,-2,9,63932
DATA,7302,-37,22,2081,-5,-8,11,64557
DATA,7303,-35,23,2082,-5,-3,11,65182
DATA,7304,-40,21,2077,-5,-2,10,271
DATA,7305,-42,23,2077,-5,-5,10,896
DATA,7306,-36,23,2085,-5,-5,11,1521
DATA,7307,-38,22,2079,-6,-1,10,2146
DATA,7308,-44,23,2073,-5,-4,12,2771
DATA,7309,-40,22,2082,-5,-7,12,3396
DATA,7310,-34,21,2082,-6,-3,10,4021
DATA,7311,-42,21,2073,-5,-1,10,4646
DATA,7312,-38,23,2075,-5,-6,11,5271
DATA,7313,-34,22,2082,-5,-6,11,5896
DATA,7314,-34,24,2077,-6,-1,11,6521
DATA,7315,-42,21,2071,-4,-2,11,7146
DATA,7316,-39,22,2084,-5,-8,11,7771
DATA,7317,-33,22,2082,-5,-3,10,8396
DATA,7318,-39,24,2072,-5,-2,9,9021
DATA,7319,-41,22,2077,-4,-5,11,9646
DATA,7320,-35,22,2081,-5,-4,11,10271
DATA,7321,-37,24,2076,-5,-1,10,10896
DATA,7322,-40,22,2074,-4,-4,11,11521
DATA,7323,-38,23,2083,-5,-7,10,12146
DATA,7324,-38,23,2082,-7,-3,10,12771
DATA,7325,-39,26,2071,-5,-2,10,13396
DATA,7326,-40,24,2078,-5,-6,12,14021
DATA,7327,-36,24,2088,-5,-6,11,14646
DATA,7328,-39,24,2079,-5,0,11,15271
DATA,7329,-43,24,2073,-5,-4,11,15896
DATA,7330,-36,21,2078,-4,-7,10,16521
DATA,7331,-34,23,2081,-5,-3,10,17146
DATA,7332,-40,24,2075,-5,-1,11,17771
DATA,7333,-38,22,2078,-5,-6,12,18396
DATA,7334,-35,23,2082,-4,-4,12,19021
DATA,7335,-38,24,2075,-6,0,9,19646
DATA,7336,-42,23,2076,-4,-4,10,20271
DATA,7337,-36,25,2084,-6,-6,12,20896
DATA,7338,-35,24,2074,-5,-2,10,21521
DATA,7339,-44,24,2070,-5,-2,10,22146
DATA,7340,-39,23,2081,-5,-7,11,22771
DATA,7341,-34,23,2083,-6,-5,11,23396
DATA,7342,-39,22,2074,-6,-2,10,24021
DATA,7343,-43,23,2073,-5,-5,10,24646
DATA,7344,-36,25,2081,-5,-6,12,25271
DATA,7345,-37,23,2076,-6,-2,11,25896
DATA,7346,-42,25,2073,-4,-3,10,26521
DATA,7347,-40,23,2076,-5,-7,12,27146
DATA,7348,-36,26,2077,-5,-2,10,27771
DATA,7349,-39,24,2072,-6,-2,10,28396
DATA,7350,-43,22,2077,-5,-6,12,29021
DATA,7351,-37,23,2082,-4,-6,10,29646
DATA,7352,-36,21,2073,-4,-1,12,30271
DATA,7353,-42,23,2071,-5,-3,10,30896
DATA,7354,-39,24,2080,-5,-6,11,31521
DATA,7355,-38,23,2077,-5,-2,10,32146
DATA,7356,-44,22,2072,-6,-3,10,32771
DATA,7357,-39,22,2076,-5,-5,10,33396
DATA,7358,-34,25,2077,-5,-5,10,34021
DATA,7359,-37,24,2070,-6,-1,12,34646
DATA,7360,-42,24,2073,-5,-5,11,35271
DATA,7361,-34,24,2084,-5,-6,10,35896
DATA,7362,-35,24,2075,-6,-2,11,36521
DATA,7363,-43,24,2070,-5,-2,10,37146
DATA,7364,-41,24,2075,-5,-7,12,37771
DATA,7365,-35,23,2076,-6,-5,11,38396
DATA,7366,-38,24,2072,-5,-1,11,39021
DATA,7367,-41,24,2075,-4,-4,12,39646
DATA,7368,-36,21,2081,-5,-6,12,40271
DATA,7369,-36,21,2075,-5,0,11,40896
DATA,7370,-42,24,2071,-4,-3,11,41521
DATA,7371,-38,25,2080,-5,-8,12,42146
DATA,7372,-35,24,2078,-5,-3,11,42771
DATA,7373,-41,23,2069,-4,-1,10,43396
DATA,7374,-41,24,2073,-4,-6,10,44021
DATA,7375,-36,23,2082,-6,-5,11,44646
DATA,7376,-37,23,2074,-5,1,9,45271
DATA,7377,-43,22,2071,-4,-4,11,45896
DATA,7378,-35,23,2079,-5,-7,12,46521
DATA,7379,-35,23,2078,-6,-3,10,47146
DATA,7380,-40,22,2072,-4,-1,11,47771
DATA,7381,-41,23,2078,-5,-6,12,48396
DATA,7382,-35,22,2083,-5,-6,11,49021
DATA,7383,-38,22,2069,-6,0,10,49646
DATA,7384,-43,24,2068,-4,-4,12,50271
DATA,7385,-35,25,2082,-5,-8,10,50896
DATA,7386,-33,20,2078,-6,-3,10,51521
DATA,7387,-41,23,2069,-5,-2,10,52146
DATA,7388,-40,23,2077,-5,-7,11,52771
DATA,7389,-32,22,2079,-6,-4,12,53396
DATA,7390,-40,23,2068,-5,-1,10,54021
DATA,7391,-43,25,2074,-6,-5,11,54646
DATA,7392,-36,24,2083,-6,-6,11,55271
DATA,7393,-35,22,2075,-6,-1,10,55896
DATA,7394,-42,24,2071,-5,-2,11,56521
DATA,7395,-40,25,2075,-4,-7,11,57146
DATA,7396,-32,24,2081,-6,-3,10,57771
DATA,7397,-38,24,2072,-5,0,11,58396
DATA,7398,-42,24,2074,-4,-4,11,59021
DATA,7399,-35,23,2082,-5,-8,11,59646
DATA,7400,-36,22,2075,-6,-1,12,60271
DATA,7401,-42,24,2070,-5,-1,10,60896
DATA,7402,-39,25,2077,-5,-7,11,61521
DATA,7403,-34,26,2076,-5,-3,11,62146
DATA,7404,-39,25,2069,-5,0,9,62771
DATA,7405,-42,24,2073,-5,-6,11,63396
DATA,7406,-35,24,2082,-4,-7,11,64021
DATA,7407,-38,21,2073,-6,-2,10,64646
DATA,7408,-43,22,2067,-5,-3,11,65271
DATA,7409,-40,23,2077,-5,-7,11,360
DATA,7410,-34,23,2079,-6,-4,11,985
DATA,7411,-40,23,2069,-5,-1,11,1610
DATA,7412,-41,20,2074,-4,-5,10,2235
DATA,7413,-34,22,2079,-5,-6,10,2860
DATA,7414,-37,22,2072,-4,-2,11,3485
DATA,7415,-43,21,2072,-5,-4,9,4110
DATA,7416,-37,23,2081,-5,-7,11,4735
DATA,7417,-34,25,2079,-5,-3,11,5360
DATA,7418,-41,21,2072,-5,0,10,5985
DATA,7419,-42,23,2076,-5,-6,11,6610
DATA,7420,-34,25,2081,-5,-5,10,7235
DATA,7421,-38,23,2075,-6,-1,9,7860
DATA,7422,-43,26,2073,-4,-3,10,8485
DATA,7423,-37,25,2078,-4,-7,11,9110
DATA,7424,-34,24,2077,-6,-4,10,9735
DATA,7425,-42,24,2074,-5,-1,10,10360
DATA,7426,-39,22,2078,-6,-6,11,10985
DATA,7427,-35,23,2078,-7,-5,11,11610
DATA,7428,-38,23,2072,-6,-1,10,12235
DATA,7429,-40,23,2076,-5,-5,10,12860
DATA,7430,-37,23,2080,-5,-6,11,13485
DATA,7431,-37,23,2075,-5,-2,10,14110
DATA,7432,-42,23,2071,-5,-2,9,14735
DATA,7433,-40,24,2078,-5,-6,11,15360
DATA,7434,-35,21,2078,-5,-6,11,15985
DATA,7435,-38,20,2072,-5,-2,10,16610
DATA,7436,-42,23,2074,-5,-5,10,17235
DATA,7437,-36,24,2079,-5,-5,11,17860
DATA,7438,-37,21,2074,-5,-1,8,18485
DATA,7439,-41,25,2072,-5,-3,11,19110
DATA,7440,-40,24,2080,-4,-6,10,19735
DATA,7441,-35,22,2076,-5,-4,10,20360
DATA,7442,-39,24,2070,-5,-2,11,20985
DATA,7443,-39,23,2075,-6,-3,11,21610
DATA,7444,-35,22,2082,-5,-4,11,22235
DATA,7445,-38,23,2072,-5,-1,11,22860
DATA,7446,-40,22,2071,-5,-4,10,23485
DATA,7447,-40,24,2080,-5,-6,11,24110
DATA,7448,-35,23,2077,-6,-3,11,24735
DATA,7449,-39,24,2071,-6,-1,11,25360
DATA,7450,-40,24,2078,-5,-6,11,25985
DATA,7451,-36,24,2079,-5,-5,10,26610
DATA,7452,-38,25,2071,-6,-1,12,27235
DATA,7453,-41,24,2072,-5,-3,11,27860
DATA,7454,-36,24,2082,-5,-6,12,28485
DATA,7455,-37,23,2078,-6,-2,11,29110
DATA,7456,-40,24,2073,-4,-2,10,29735
DATA,7457,-40,23,2079,-5,-6,11,30360
DATA,7458,-35,23,2076,-5,-3,11,30985
DATA,7459,-41,24,2073,-4,0,10,31610
DATA,7460,-41,23,2073,-4,-5,11,32235
DATA,7461,-37,22,2080,-5,-6,11,32860
DATA,7462,-37,21,2074,-5,-1,10,33485
DATA,7463,-41,22,2070,-4,-3,9,34110
DATA,7464,-37,23,2079,-4,-7,12,34735
DATA,7465,-34,23,2078,-5,-3,11,35360
DATA,7466,-40,23,2069,-5,-3,11,35985
DATA,7467,-39,26,2072,-5,-5,10,36610
DATA,7468,-35,23,2081,-5,-5,10,37235
DATA,7469,-37,22,2072,-6,-2,10,37860
DATA,7470,-40,25,2068,-5,-3,9,38485
DATA,7471,-38,20,2077,-6,-6,10,39110
DATA,7472,-36,22,2075,-6,-4,10,39735
DATA,7473,-41,25,2066,-5,-1,10,40360
DATA,7474,-38,25,2073,-5,-5,11,40985
DATA,7475,-33,24,2078,-5,-5,10,41610
DATA,7476,-37,23,2069,-5,-1,11,42235
DATA,7477,-43,24,2067,-5,-3,10,42860
DATA,7478,-37,23,2076,-5,-6,11,43485
DATA,7479,-35,22,2075,-6,-2,11,44110
DATA,7480,-42,23,2067,-5,-2,9,44735
DATA,7481,-40,23,2073,-5,-6,11,45360
DATA,7482,-34,21,2080,-5,-5,10,45985
DATA,7483,-37,21,2071,-6,-1,11,46610
DATA,7484,-41,23,2069,-4,-4,11,47235
DATA,7485,-37,22,2080,-6,-5,11,47860
DATA,7486,-36,23,2076,-5,-2,12,48485
DATA,7487,-40,23,2070,-5,-2,11,49110
DATA,7488,-40,24,2080,-5,-7,11,49735
DATA,7489,-34,23,2076,-5,-5,10,50360
DATA,7490,-40,25,2069,-5,-2,11,50985
DATA,7491,-42,22,2072,-4,-5,11,51610
DATA,7492,-36,23,2080,-5,-7,12,52235
DATA,7493,-34,23,2076,-5,-1,10,52860
DATA,7494,-43,25,2072,-5,-3,10,53485
DATA,7495,-40,22,2077,-4,-6,11,54110
DATA,7496,-39,25,2077,-6,-4,10,54735
DATA,7497,-38,24,2072,-5,-1,10,55360
DATA,7498,-42,25,2073,-4,-5,11,55985
DATA,7499,-36,23,2081,-6,-6,10,56610
DATA,7500,-35,22,2076,-5,-1,10,57235
DATA,7501,-40,23,2073,-5,-3,10,57860
DATA,7502,-38,23,2077,-5,-7,12,58485
DATA,7503,-38,24,2078,-5,-4,12,59110
DATA,7504,-41,23,2072,-5,-2,10,59735
DATA,7505,-38,23,2076,-5,-6,12,60360
DATA,7506,-36,22,2080,-5,-4,11,60985
DATA,7507,-37,22,2075,-5,-1,12,61610
DATA,7508,-43,26,2073,-4,-4,12,62235
DATA,7509,-35,23,2080,-5,-6,12,62860
DATA,7510,-35,23,2077,-6,-3,11,63485
DATA,7511,-39,25,2073,-4,-3,10,64110
DATA,7512,-39,22,2081,-5,-6,10,64735
DATA,7513,-36,24,2082,-5,-5,11,65360
DATA,7514,-38,24,2074,-5,-3,10,449
DATA,7515,-40,27,2075,-5,-5,12,1074
DATA,7516,-38,22,2079,-5,-5,11,1699
DATA,7517,-36,22,2074,-6,-2,10,2324
DATA,7518,-40,23,2073,-5,-3,11,2949
DATA,7519,-40,23,2079,-4,-6,11,3574
DATA,7520,-36,22,2078,-4,-4,11,4199
DATA,7521,-39,22,2071,-5,-1,10,4824
DATA,7522,-38,26,2076,-5,-5,11,5449
DATA,7523,-37,24,2079,-5,-5,10,6074
DATA,7524,-38,23,2075,-6,-2,10,6699
DATA,7525,-42,25,2073,-4,-5,10,7324
DATA,7526,-38,21,2079,-5,-6,10,7949
DATA,7527,-36,21,2079,-5,-2,10,8574
DATA,7528,-40,23,2071,-5,0,9,9199
DATA,7529,-40,24,2076,-5,-5,10,9824
DATA,7530,-37,24,2080,-5,-5,10,10449
DATA,7531,-37,22,2074,-5,-1,10,11074
DATA,7532,-42,23,2074,-5,-3,11,11699
DATA,7533,-37,22,2078,-5,-7,11,12324
DATA,7534,-36,24,2076,-5,-2,11,12949
DATA,7535,-40,23,2069,-5,-2,10,13574
DATA,7536,-39,24,2078,-5,-7,12,14199
DATA,7537,-35,23,2081,-5,-5,9,14824
DATA,7538,-39,22,2072,-5,-1,11,15449
DATA,7539,-43,24,2075,-5,-4,11,16074
DATA,7540,-37,24,2080,-5,-7,10,16699
DATA,7541,-38,25,2075,-5,-2,11,17324
DATA,7542,-42,22,2069,-5,-2,10,17949
DATA,7543,-40,23,2076,-4,-7,10,18574
DATA,7544,-35,23,2082,-5,-5,10,19199
DATA,7545,-36,21,2072,-4,0,10,19824
DATA,7546,-43,24,2072,-5,-4,12,20449
DATA,7547,-34,23,2081,-4,-6,11,21074
DATA,7548,-35,24,2077,-5,-1,11,21699
DATA,7549,-43,26,2070,-6,-2,9,22324
DATA,7550,-39,24,2077,-4,-7,10,22949
DATA,7551,-34,24,2079,-5,-5,12,23574
DATA,7552,-42,22,2072,-6,-1,10,24199
DATA,7553,-43,24,2072,-5,-6,11,24824
DATA,7554,-34,23,2080,-6,-7,10,25449
DATA,7555,-34,23,2075,-5,0,10,26074
DATA,7556,-41,25,2073,-4,-2,11,26699
DATA,7557,-38,23,2081,-6,-7,10,27324
DATA,7558,-35,25,2079,-6,-4,10,27949
DATA,7559,-40,25,2068,-4,-1,10,28574
DATA,7560,-42,23,2071,-5,-5,10,29199
DATA,7561,-35,22,2077,-6,-6,12,29824
DATA,7562,-37,22,2071,-5,-2,11,30449
DATA,7563,-42,23,2072,-4,-4,10,31074
DATA,7564,-36,25,2077,-5,-7,11,31699
DATA,7565,-34,21,2078,-5,-3,10,32324
DATA,7566,-42,23,2071,-6,0,10,32949
DATA,7567,-41,25,2072,-4,-5,11,33574
DATA,7568,-38,22,2078,-5,-5,12,34199
DATA,7569,-37,23,2071,-5,-1,11,34824
DATA,7570,-42,23,2067,-5,-4,10,35449
DATA,7571,-35,21,2076,-5,-6,11,36074
DATA,7572,-35,22,2075,-6,-3,11,36699
DATA,7573,-41,23,2068,-5,-1,10,37324
DATA,7574,-39,23,2074,-5,-6,10,37949
DATA,7575,-36,25,2075,-6,-5,12,38574
DATA,7576,-38,22,2068,-5,-1,11,39199
DATA,7577,-41,23,2069,-5,-3,10,39824
DATA,7578,-37,24,2076,-6,-7,11,40449
DATA,7579,-36,25,2076,-6,-3,9,41074
DATA,7580,-41,22,2068,-4,-3,9,41699
DATA,7581,-38,23,2074,-5,-7,10,42324
DATA,7582,-34,24,2079,-5,-4,10,42949
DATA,7583,-38,24,2070,-5,-1,10,43574
DATA,7584,-43,23,2074,-4,-4,12,44199
DATA,7585,-34,23,2078,-6,-5,10,44824
DATA,7586,-36,23,2074,-5,-2,11,45449
DATA,7587,-43,25,2070,-4,-2,11,46074
DATA,7588,-40,25,2076,-6,-7,11,46699
DATA,7589,-36,22,2078,-6,-3,10,47324
DATA,7590,-41,21,2072,-6,-1,10,47949
DATA,7591,-39,21,2074,-5,-5,11,48574
DATA,7592,-37,23,2082,-5,-6,10,49199
DATA,7593,-39,24,2074,-6,-2,10,49824
DATA,7594,-41,23,2073,-4,-4,11,50449
DATA,7595,-36,24,2080,-4,-6,11,51074
DATA,7596,-36,21,2078,-6,-3,11,51699
DATA,7597,-39,26,2069,-5,-2,10,52324
DATA,7598,-42,24,2078,-5,-6,11,52949
DATA,7599,-36,25,2081,-6,-5,11,53574
DATA,7600,-35,21,2076,-5,-2,12,54199
DATA,7601,-41,23,2075,-4,-2,10,54824
DATA,7602,-38,26,2083,-5,-6,11,55449
DATA,7603,-35,23,2079,-6,-2,10,56074
DATA,7604,-41,25,2070,-5,0,10,56699
DATA,7605,-42,23,2078,-5,-6,11,57324
DATA,7606,-35,26,2082,-4,-5,11,57949
DATA,7607,-39,21,2072,-5,-1,10,58574
DATA,7608,-41,22,2077,-5,-4,11,59199
DATA,7609,-37,23,2081,-5,-6,11,59824
DATA,7610,-36,22,2078,-5,-2,11,60449
DATA,7611,-40,24,2070,-5,-2,11,61074
DATA,7612,-41,24,2078,-4,-6,11,61699
DATA,7613,-34,24,2081,-6,-4,10,62324
DATA,7614,-40,24,2075,-5,-1,10,62949
DATA,7615,-43,24,2078,-5,-5,10,63574
DATA,7616,-35,22,2083,-5,-8,11,64199
DATA,7617,-36,23,2074,-6,-1,9,64824
DATA,7618,-42,24,2071,-6,-2,10,65449
DATA,7619,-39,22,2078,-5,-7,12,538
DATA,7620,-32,23,2082,-5,-4,10,1163
DATA,7621,-38,24,2070,-6,-1,9,1788
DATA,7622,-40,23,2076,-5,-4,11,2413
DATA,7623,-37,25,2082,-5,-7,11,3038
DATA,7624,-37,24,2073,-6,-1,11,3663
DATA,7625,-43,23,2072,-4,-2,11,4288
DATA,7626,-38,25,2078,-4,-8,11,4913
DATA,7627,-34,22,2082,-5,-4,11,5538
DATA,7628,-40,23,2068,-5,1,10,6163
DATA,7629,-42,22,2077,-5,-6,10,6788
DATA,7630,-34,23,2080,-6,-6,11,7413
DATA,7631,-36,22,2075,-6,-2,11,8038
DATA,7632,-42,23,2072,-5,-4,10,8663
DATA,7633,-37,23,2081,-6,-7,11,9288
DATA,7634,-35,23,2078,-5,-3,11,9913
DATA,7635,-42,22,2070,-5,-1,9,10538
DATA,7636,-42,23,2075,-5,-6,11,11163
DATA,7637,-36,22,2081,-5,-6,9,11788
DATA,7638,-38,22,2072,-5,-1,10,12413
DATA,7639,-42,22,2071,-5,-4,10,13038
DATA,7640,-37,24,2080,-5,-7,11,13663
DATA,7641,-35,20,2078,-6,-3,10,14288
DATA,7642,-40,24,2069,-4,-1,11,14913
DATA,7643,-41,24,2076,-5,-5,11,15538
DATA,7644,-36,24,2077,-6,-4,10,16163
DATA,7645,-38,22,2075,-5,-2,10,16788
DATA,7646,-40,23,2073,-5,-5,10,17413
DATA,7647,-38,22,2077,-5,-7,11,18038
DATA,7648,-34,23,2076,-5,-3,11,18663
DATA,7649,-41,24,2071,-5,-2,9,19288
DATA,7650,-42,24,2078,-4,-6,11,19913
DATA,7651,-35,22,2080,-6,-5,10,20538
DATA,7652,-37,26,2074,-6,-2,11,21163
DATA,7653,-42,25,2074,-4,-4,10,21788
DATA,7654,-36,24,2079,-4,-6,11,22413
DATA,7655,-34,23,2075,-6,-2,10,23038
DATA,7656,-41,22,2074,-5,-2,9,23663
DATA,7657,-39,22,2079,-5,-7,9,24288
DATA,7658,-36,25,2076,-6,-4,11,24913
DATA,7659,-40,25,2071,-5,-3,11,25538
DATA,7660,-41,23,2075,-5,-6,10,26163
DATA,7661,-35,25,2080,-5,-6,11,26788
DATA,7662,-38,21,2075,-5,-1,10,27413
DATA,7663,-42,24,2074,-5,-3,11,28038
DATA,7664,-39,24,2077,-5,-6,12,28663
DATA,7665,-35,20,2074,-6,-3,8,29288
DATA,7666,-41,24,2070,-5,-3,11,29913
DATA,7667,-40,24,2073,-4,-5,10,30538
DATA,7668,-36,22,2078,-4,-4,10,31163
DATA,7669,-38,22,2073,-5,-2,10,31788
DATA,7670,-43,24,2075,-5,-3,11,32413
DATA,7671,-36,25,2080,-5,-6,11,33038
DATA,7672,-37,23,2073,-5,-1,11,33663
DATA,7673,-42,25,2072,-5,-2,11,34288
DATA,7674,-39,25,2074,-5,-6,11,34913
DATA,7675,-37,21,2074,-5,-4,11,35538
DATA,7676,-36,22,2073,-5,-2,10,36163
DATA,7677,-41,24,2074,-6,-5,11,36788
DATA,7678,-37,21,2077,-4,-5,11,37413
DATA,7679,-36,23,2074,-6,-2,10,38038
DATA,7680,-39,25,2074,-5,-4,10,38663
DATA,7681,-38,24,2079,-5,-6,11,39288
DATA,7682,-36,24,2078,-6,-4,9,39913
DATA,7683,-41,24,2069,-5,-3,11,40538
DATA,7684,-40,24,2073,-5,-5,11,41163
DATA,7685,-35,22,2079,-5,-5,11,41788
DATA,7686,-38,20,2076,-5,-2,10,42413
DATA,7687,-39,23,2074,-4,-2,11,43038
DATA,7688,-37,23,2078,-5,-6,11,43663
DATA,7689,-36,24,2077,-5,-3,12,44288
DATA,7690,-41,23,2071,-5,-2,10,44913
DATA,7691,-41,24,2075,-5,-6,11,45538
DATA,7692,-36,23,2080,-5,-5,11,46163
DATA,7693,-37,22,2072,-5,-1,9,46788
DATA,7694,-42,20,2072,-5,-4,10,47413
DATA,7695,-37,22,2080,-5,-7,11,48038
DATA,7696,-35,22,2078,-6,-2,9,48663
DATA,7697,-42,21,2074,-6,-2,10,49288
DATA,7698,-40,25,2075,-5,-7,12,49913
DATA,7699,-35,24,2079,-5,-4,12,50538
DATA,7700,-38,23,2070,-4,-1,10,51163
DATA,7701,-41,24,2071,-4,-4,10,51788
DATA,7702,-35,23,2078,-5,-7,10,52413
DATA,7703,-35,22,2075,-4,-2,10,53038
DATA,7704,-40,21,2069,-5,-2,8,53663
DATA,7705,-41,23,2076,-5,-7,11,54288
DATA,7706,-35,23,2080,-5,-3,10,54913
DATA,7707,-40,24,2072,-5,-1,9,55538
DATA,7708,-42,22,2073,-4,-4,12,56163
DATA,7709,-38,24,2078,-5,-7,11,56788
DATA,7710,-36,23,2078,-6,-3,9,57413
DATA,7711,-42,22,2073,-5,-3,10,58038
DATA,7712,-39,25,2077,-5,-6,10,58663
DATA,7713,-36,23,2080,-6,-5,11,59288
DATA,7714,-36,22,2073,-4,0,10,59913
DATA,7715,-43,21,2074,-5,-5,10,60538
DATA,7716,-35,24,2082,-6,-6,10,61163
DATA,7717,-37,24,2078,-6,-2,11,61788
DATA,7718,-40,23,2074,-5,-3,9,62413
DATA,7719,-40,23,2078,-5,-7,12,63038
DATA,7720,-36,21,2075,-5,-3,10,63663
DATA,7721,-40,24,2069,-5,-1,10,64288
DATA,7722,-40,24,2075,-3,-5,12,64913
DATA,7723,-37,22,2080,-5,-6,10,2
DATA,7724,-38,22,2074,-6,-1,9,627
DATA,7725,-41,23,2071,-5,-3,11,1252
DATA,7726,-37,24,2078,-5,-6,11,1877
DATA,7727,-36,24,2079,-6,-3,10,2502
DATA,7728,-40,24,2075,-4,-2,10,3127
DATA,7729,-40,25,2076,-5,-5,9,3752
DATA,7730,-36,21,2079,-5,-4,10,4377
DATA,7731,-37,24,2071,-5,-1,12,5002
DATA,7732,-41,23,2073,-5,-5,10,5627
DATA,7733,-39,23,2077,-5,-6,12,6252
DATA,7734,-35,21,2079,-5,-4,12,6877
DATA,7735,-43,24,2076,-5,-2,10,7502
DATA,7736,-41,25,2076,-5,-6,10,8127
DATA,7737,-36,21,2078,-5,-4,10,8752
DATA,7738,-39,23,2072,-5,-2,11,9377
DATA,7739,-42,24,2075,-4,-5,11,10002
DATA,7740,-38,23,2077,-5,-5,10,10627
DATA,7741,-35,22,2075,-4,-3,11,11252
DATA,7742,-40,23,2073,-4,-3,10,11877
DATA,7743,-39,24,2079,-5,-6,10,12502
DATA,7744,-36,19,2078,-4,-4,10,13127
DATA,7745,-38,22,2072,-4,-2,11,13752
DATA,7746,-40,23,2076,-5,-5,10,14377
DATA,7747,-38,23,2077,-4,-5,11,15002
DATA,7748,-40,22,2074,-5,-1,11,15627
DATA,7749,-41,22,2071,-6,-4,9,16252
DATA,7750,-36,21,2077,-6,-6,13,16877
DATA,7751,-36,20,2078,-6,-3,10,17502
DATA,7752,-40,20,2073,-6,-1,9,18127
DATA,7753,-40,22,2077,-5,-6,12,18752
DATA,7754,-35,24,2078,-5,-4,12,19377
DATA,7755,-39,24,2072,-5,-2,9,20002
DATA,7756,-42,24,2074,-5,-4,10,20627
DATA,7757,-35,26,2077,-6,-6,11,21252
DATA,7758,-36,23,2073,-6,-3,10,21877
DATA,7759,-41,23,2071,-5,-2,10,22502
DATA,7760,-39,20,2076,-5,-8,11,23127
DATA,7761,-34,22,2080,-5,-5,12,23752
DATA,7762,-38,23,2073,-5,-1,10,24377
DATA,7763,-40,22,2071,-5,-4,10,25002
DATA,7764,-36,25,2080,-4,-7,11,25627
DATA,7765,-36,22,2075,-5,-2,11,26252
DATA,7766,-42,25,2069,-5,-2,10,26877
DATA,7767,-41,21,2077,-5,-7,12,27502
DATA,7768,-34,21,2076,-6,-2,9,28127
DATA,7769,-39,23,2068,-6,0,10,28752
DATA,7770,-43,22,2073,-5,-5,11,29377
DATA,7771,-34,22,2082,-5,-5,10,30002
DATA,7772,-37,23,2075,-6,-1,11,30627
DATA,7773,-43,25,2067,-6,-2,10,31252
DATA,7774,-41,23,2069,-5,-7,12,31877
DATA,7775,-35,23,2075,-6,-4,11,32502
DATA,7776,-41,23,2067,-5,-1,10,33127
DATA,7777,-43,21,2073,-4,-5,11,33752
DATA,7778,-35,21,2075,-5,-6,11,34377
DATA,7779,-36,23,2070,-6,-1,9,35002
DATA,7780,-42,24,2065,-5,-2,10,35627
DATA,7781,-38,24,2074,-5,-6,11,36252
DATA,7782,-36,22,2077,-5,-3,9,36877
DATA,7783,-40,24,2069,-4,-1,11,37502
DATA,7784,-44,22,2071,-5,-5,11,38127
DATA,7785,-34,22,2078,-5,-5,10,38752
DATA,7786,-35,24,2068,-5,0,9,39377
DATA,7787,-42,24,2066,-4,-3,11,40002
DATA,7788,-38,24,2079,-5,-8,11,40627
DATA,7789,-33,22,2077,-5,-4,11,41252
DATA,7790,-40,23,2072,-5,0,10,41877
DATA,7791,-42,20,2075,-5,-6,11,42502
DATA,7792,-34,22,2076,-5,-5,12,43127
DATA,7793,-36,23,2073,-5,-1,11,43752
DATA,7794,-41,26,2070,-4,-3,11,44377
DATA,7795,-38,23,2079,-4,-7,11,45002
DATA,7796,-34,24,2075,-6,-2,11,45627
DATA,7797,-40,24,2068,-5,-1,9,46252
DATA,7798,-42,23,2073,-5,-6,9,46877
DATA,7799,-37,23,2079,-5,-6,11,47502
DATA,7800,-39,23,2074,-5,-2,11,48127
DATA,7801,-41,24,2071,-5,-4,9,48752
DATA,7802,-37,23,2081,-5,-8,11,49377
DATA,7803,-36,23,2077,-5,-2,11,50002
DATA,7804,-41,24,2072,-5,-2,11,50627
DATA,7805,-42,26,2076,-5,-8,12,51252
DATA,7806,-32,22,2079,-5,-5,10,51877
DATA,7807,-39,24,2072,-5,-2,9,52502
DATA,7808,-41,25,2072,-5,-5,12,53127
DATA,7809,-36,19,2078,-5,-6,10,53752
DATA,7810,-37,23,2076,-5,-4,10,54377
DATA,7811,-41,24,2074,-5,-2,11,55002
DATA,7812,-41,24,2078,-4,-5,9,55627
DATA,7813,-35,24,2078,-6,-3,9,56252
DATA,7814,-40,24,2074,-5,-2,9,56877
DATA,7815,-40,24,2074,-5,-4,10,57502
DATA,7816,-35,23,2077,-5,-5,10,58127
DATA,7817,-36,21,2076,-5,-3,10,58752
DATA,7818,-41,23,2070,-5,-3,11,59377
DATA,7819,-37,24,2078,-6,-6,11,60002
DATA,7820,-35,22,2078,-5,-3,10,60627
DATA,7821,-37,24,2072,-5,-2,11,61252
DATA,7822,-38,24,2076,-5,-4,11,61877
DATA,7823,-36,24,2080,-5,-4,10,62502
DATA,7824,-40,22,2073,-5,-1,10,63127
DATA,7825,-41,23,2071,-5,-3,10,63752
DATA,7826,-38,22,2080,-5,-6,10,64377
DATA,7827,-35,23,2075,-5,-4,10,65002
DATA,7828,-40,24,2074,-5,-2,10,91
DATA,7829,-40,25,2076,-5,-5,11,716
DATA,7830,-37,24,2079,-5,-4,11,1341
DATA,7831,-38,26,2071,-5,-2,10,1966
DATA,7832,-41,23,2073,-5,-4,10,2591
DATA,7833,-37,23,2079,-5,-6,11,3216
DATA,7834,-37,23,2074,-6,-2,11,3841
DATA,7835,-41,23,2071,-5,-1,9,4466
DATA,7836,-39,25,2081,-6,-6,11,5091
DATA,7837,-35,22,2080,-5,-4,10,5716
DATA,7838,-38,23,2071,-5,0,10,6341
DATA,7839,-42,24,2073,-5,-5,11,6966
DATA,7840,-36,26,2079,-5,-5,10,7591
DATA,7841,-37,24,2074,-5,-1,10,8216
DATA,7842,-42,22,2070,-5,-2,10,8841
DATA,7843,-40,25,2081,-5,-7,9,9466
DATA,7844,-34,22,2077,-5,-4,11,10091
DATA,7845,-40,23,2071,-5,-1,11,10716
DATA,7846,-40,24,2075,-5,-5,11,11341
DATA,7847,-35,24,2079,-6,-6,11,11966
DATA,7848,-37,24,2071,-6,0,11,12591
DATA,7849,-44,24,2072,-5,-3,10,13216
DATA,7850,-37,26,2079,-5,-7,11,13841
DATA,7851,-35,25,2076,-6,-3,11,14466
DATA,7852,-41,24,2069,-5,-1,10,15091
DATA,7853,-39,21,2075,-5,-5,11,15716
DATA,7854,-35,24,2078,-5,-4,10,16341
DATA,7855,-38,24,2075,-5,-1,10,16966
DATA,7856,-42,26,2071,-5,-4,10,17591
DATA,7857,-39,24,2079,-5,-7,10,18216
DATA,7858,-35,21,2075,-5,-2,10,18841
DATA,7859,-41,22,2068,-5,0,10,19466
DATA,7860,-41,23,2075,-6,-7,10,20091
DATA,7861,-33,23,2083,-5,-5,12,20716
DATA,7862,-40,24,2072,-5,-1,9,21341
DATA,7863,-44,26,2071,-5,-4,10,21966
DATA,7864,-36,23,2078,-5,-8,12,22591
DATA,7865,-35,23,2076,-5,-2,10,23216
DATA,7866,-42,24,2069,-5,-2,12,23841
DATA,7867,-38,24,2073,-5,-7,12,24466
DATA,7868,-33,23,2078,-6,-6,12,25091
DATA,7869,-38,23,2066,-5,-1,11,25716
DATA,7870,-42,23,2069,-5,-3,11,26341
DATA,7871,-37,23,2075,-5,-6,11,26966
DATA,7872,-36,22,2074,-5,-2,10,27591
DATA,7873,-43,22,2065,-5,-1,11,28216
DATA,7874,-39,22,2074,-4,-6,10,28841
DATA,7875,-35,20,2077,-5,-5,11,29466
DATA,7876,-38,21,2064,-4,1,9,30091
DATA,7877,-42,25,2070,-5,-5,11,30716
DATA,7878,-34,23,2078,-5,-5,12,31341
DATA,7879,-36,23,2072,-5,-2,11,31966
DATA,7880,-40,26,2067,-4,-2,12,32591
DATA,7881,-39,24,2075,-5,-7,11,33216
DATA,7882,-35,22,2079,-6,-3,12,33841
DATA,7883,-39,23,2069,-5,-2,11,34466
DATA,7884,-42,22,2071,-6,-5,11,35091
DATA,7885,-37,21,2078,-5,-6,11,35716
DATA,7886,-34,23,2073,-5,-2,10,36341
DATA,7887,-43,24,2071,-5,-2,10,36966
DATA,7888,-40,22,2076,-5,-6,11,37591
DATA,7889,-36,24,2078,-6,-4,11,38216
DATA,7890,-40,27,2071,-5,-1,10,38841
DATA,7891,-42,26,2074,-6,-5,11,39466
DATA,7892,-35,20,2081,-5,-5,12,40091
DATA,7893,-37,21,2074,-5,-2,10,40716
DATA,7894,-43,25,2073,-4,-3,10,41341
DATA,7895,-39,22,2078,-5,-6,11,41966
DATA,7896,-35,24,2075,-6,-3,10,42591
DATA,7897,-41,25,2070,-6,-2,11,43216
DATA,7898,-41,22,2075,-5,-6,9,43841
DATA,7899,-38,26,2078,-6,-5,9,44466
DATA,7900,-38,22,2073,-5,-1,10,45091
DATA,7901,-43,22,2076,-5,-4,11,45716
DATA,7902,-37,24,2081,-6,-6,10,46341
DATA,7903,-39,24,2075,-5,-2,11,46966
DATA,7904,-41,25,2073,-5,-3,11,47591
DATA,7905,-37,23,2077,-5,-6,11,48216
DATA,7906,-34,23,2079,-6,-4,10,48841
DATA,7907,-38,24,2073,-5,-2,10,49466
DATA,7908,-42,24,2078,-5,-5,12,50091
DATA,7909,-36,23,2083,-5,-4,11,50716
DATA,7910,-36,22,2075,-6,-3,9,51341
DATA,7911,-39,22,2075,-6,-3,10,51966
DATA,7912,-37,23,2080,-5,-5,10,52591
DATA,7913,-39,20,2079,-6,-2,10,53216
DATA,7914,-40,23,2071,-4,-1,11,53841
DATA,7915,-40,24,2074,-5,-6,9,54466
DATA,7916,-35,24,2081,-5,-5,10,55091
DATA,7917,-37,25,2074,-5,-1,11,55716
DATA,7918,-40,23,2075,-4,-3,10,56341
DATA,7919,-37,22,2078,-5,-6,11,56966
DATA,7920,-36,23,2079,-5,-3,9,57591
DATA,7921,-40,24,2074,-4,-2,9,58216
DATA,7922,-38,26,2075,-5,-5,11,58841
DATA,7923,-34,25,2078,-5,-5,12,59466
DATA,7924,-37,22,2073,-5,-1,10,60091
DATA,7925,-39,23,2074,-5,-4,11,60716
DATA,7926,-36,20,2083,-4,-7,12,61341
DATA,7927,-35,21,2075,-6,-2,10,61966
DATA,7928,-41,22,2072,-4,-2,10,62591
DATA,7929,-39,23,2078,-4,-7,11,63216
DATA,7930,-33,24,2082,-5,-5,11,63841
DATA,7931,-40,24,2071,-4,-1,10,64466
DATA,7932,-42,26,2073,-5,-5,9,65091
DATA,7933,-36,24,2080,-5,-7,12,180
DATA,7934,-35,22,2075,-5,-1,10,805
DATA,7935,-44,22,2069,-4,-1,10,1430
DATA,7936,-40,20,2080,-5,-7,12,2055
DATA,7937,-33,24,2080,-4,-3,12,2680
DATA,7938,-39,25,2071,-5,0,10,3305
DATA,7939,-42,23,2074,-4,-5,12,3930
DATA,7940,-36,25,2079,-5,-6,11,4555
DATA,7941,-37,22,2073,-5,-1,10,5180
DATA,7942,-44,25,2071,-5,-3,10,5805
DATA,7943,-38,23,2080,-5,-8,11,6430
DATA,7944,-33,21,2080,-5,-4,12,7055
DATA,7945,-42,23,2073,-5,-1,10,7680
DATA,7946,-40,25,2075,-5,-5,12,8305
DATA,7947,-36,27,2081,-5,-5,11,8930
DATA,7948,-36,25,2073,-6,0,9,9555
DATA,7949,-43,25,2071,-6,-4,10,10180
DATA,7950,-39,24,2079,-5,-7,12,10805
DATA,7951,-36,21,2079,-5,-2,10,11430
DATA,7952,-43,21,2071,-6,-2,9,12055
DATA,7953,-40,22,2076,-4,-6,12,12680
DATA,7954,-35,23,2079,-5,-6,10,13305
DATA,7955,-36,25,2072,-5,0,11,13930
DATA,7956,-44,24,2072,-4,-3,12,14555
DATA,7957,-37,22,2077,-5,-6,10,15180
DATA,7958,-36,24,2077,-6,-2,11,15805
DATA,7959,-41,24,2068,-5,-2,10,16430
DATA,7960,-39,23,2074,-4,-7,10,17055
DATA,7961,-34,23,2078,-6,-5,11,17680
DATA,7962,-37,24,2075,-6,0,10,18305
DATA,7963,-41,23,2075,-5,-3,11,18930
DATA,7964,-37,22,2080,-4,-6,12,19555
DATA,7965,-35,24,2074,-5,-3,10,20180
DATA,7966,-41,24,2070,-5,-2,9,20805
DATA,7967,-41,25,2076,-5,-7,13,21430
DATA,7968,-35,22,2080,-4,-4,10,22055
DATA,7969,-39,23,2072,-5,0,11,22680
DATA,7970,-40,25,2071,-5,-5,11,23305
DATA,7971,-37,25,2078,-6,-6,10,23930
DATA,7972,-38,22,2077,-6,-2,10,24555
DATA,7973,-42,24,2073,-5,-3,11,25180
DATA,7974,-38,22,2076,-5,-7,9,25805
DATA,7975,-35,20,2076,-6,-5,12,26430
DATA,7976,-40,22,2071,-5,-2,11,27055
DATA,7977,-43,23,2075,-5,-6,12,27680
DATA,7978,-36,23,2078,-6,-7,11,28305
DATA,7979,-36,23,2071,-6,-2,10,28930
DATA,7980,-42,22,2075,-5,-5,11,29555
DATA,7981,-38,23,2080,-5,-6,10,30180
DATA,7982,-36,24,2078,-7,-3,10,30805
DATA,7983,-42,22,2070,-6,-2,10,31430
DATA,7984,-37,24,2078,-5,-6,11,32055
DATA,7985,-34,23,2077,-5,-5,10,32680
DATA,7986,-40,23,2071,-5,-1,10,33305
DATA,7987,-41,23,2073,-5,-5,11,33930
DATA,7988,-37,23,2081,-5,-6,10,34555
DATA,7989,-35,21,2075,-5,-2,11,35180
DATA,7990,-43,23,2070,-5,-2,8,35805
DATA,7991,-37,26,2076,-5,-7,10,36430
DATA,7992,-34,22,2077,-5,-4,11,37055
DATA,7993,-38,25,2072,-6,-1,9,37680
DATA,7994,-40,25,2073,-5,-5,12,38305
DATA,7995,-36,24,2077,-5,-5,11,38930
DATA,7996,-37,24,2073,-6,-1,9,39555
DATA,7997,-42,22,2072,-4,-3,11,40180
DATA,7998,-36,23,2081,-5,-7,10,40805
DATA,7999,-33,23,2076,-6,-2,9,41430
DATA,8000,-40,22,2064,-6,-2,10,42055
DATA,8001,-42,23,2073,-5,-6,10,42680
DATA,8002,-33,23,2081,-5,-6,12,43305
DATA,8003,-38,24,2072,-5,-2,11,43930
DATA,8004,-44,24,2071,-4,-3,10,44555
DATA,8005,-38,24,2078,-5,-7,11,45180
DATA,8006,-34,22,2078,-6,-2,11,45805
DATA,8007,-39,25,2071,-6,0,9,46430
DATA,8008,-40,22,2077,-4,-7,11,47055
DATA,8009,-35,23,2078,-5,-4,11,47680
DATA,8010,-38,24,2068,-5,-1,9,48305
DATA,8011,-42,25,2068,-4,-3,10,48930
DATA,8012,-37,25,2081,-5,-7,12,49555
DATA,8013,-36,22,2076,-6,-2,10,50180
DATA,8014,-43,24,2069,-5,-2,10,50805
DATA,8015,-38,21,2078,-5,-7,12,51430
DATA,8016,-34,22,2081,-5,-5,12,52055
DATA,8017,-39,22,2073,-4,0,11,52680
DATA,8018,-42,24,2069,-3,-4,10,53305
DATA,8019,-37,23,2080,-5,-7,12,53930
DATA,8020,-36,22,2075,-6,-1,9,54555
DATA,8021,-43,24,2071,-5,-2,9,55180
DATA,8022,-39,20,2075,-5,-6,11,55805
DATA,8023,-33,23,2078,-5,-5,10,56430
DATA,8024,-36,22,2071,-5,-1,10,57055
DATA,8025,-44,24,2074,-5,-5,12,57680
DATA,8026,-35,23,2080,-5,-7,10,58305
DATA,8027,-34,23,2077,-6,-1,10,58930
DATA,8028,-41,26,2069,-5,-3,10,59555
DATA,8029,-39,25,2076,-6,-7,11,60180
DATA,8030,-35,24,2081,-4,-4,11,60805
DATA,8031,-39,22,2072,-4,-1,10,61430
DATA,8032,-41,25,2074,-5,-5,11,62055
DATA,8033,-35,22,2080,-5,-7,12,62680
DATA,8034,-34,21,2074,-4,-1,10,63305
DATA,8035,-43,24,2069,-5,-3,10,63930
DATA,8036,-38,24,2076,-6,-6,11,64555
DATA,8037,-35,24,2079,-5,-2,12,65180
DATA,8038,-39,22,2070,-5,-1,10,269
DATA,8039,-41,25,2074,-5,-5,10,894
DATA,8040,-36,22,2081,-6,-6,11,1519
DATA,8041,-37,23,2068,-5,-1,11,2144
DATA,8042,-41,22,2072,-5,-3,11,2769
DATA,8043,-39,22,2080,-6,-8,12,3394
DATA,8044,-35,20,2077,-5,-3,10,4019
DATA,8045,-41,26,2072,-6,-1,11,4644
DATA,8046,-40,24,2075,-5,-6,10,5269
DATA,8047,-34,23,2077,-5,-4,10,5894
DATA,8048,-35,25,2072,-6,-2,10,6519
DATA,8049,-42,25,2075,-4,-4,12,7144
DATA,8050,-36,24,2077,-5,-7,10,7769
DATA,8051,-35,21,2075,-6,-1,9,8394
DATA,8052,-41,21,2073,-5,-2,12,9019
DATA,8053,-39,24,2078,-6,-6,12,9644
DATA,8054,-36,22,2078,-5,-4,10,10269
DATA,8055,-39,23,2069,-6,0,10,10894
DATA,8056,-43,24,2071,-4,-5,11,11519
DATA,8057,-36,22,2080,-5,-6,11,12144
DATA,8058,-35,22,2073,-5,-1,9,12769
DATA,8059,-40,24,2070,-4,-1,10,13394
DATA,8060,-37,21,2079,-4,-7,11,14019
DATA,8061,-35,21,2078,-6,-3,13,14644
DATA,8062,-40,23,2069,-6,-1,9,15269
DATA,8063,-40,25,2076,-5,-7,10,15894
DATA,8064,-35,24,2079,-5,-6,11,16519
DATA,8065,-38,23,2072,-5,-1,9,17144
DATA,8066,-42,26,2072,-4,-4,12,17769
DATA,8067,-36,24,2077,-5,-7,12,18394
DATA,8068,-36,21,2074,-5,-3,10,19019
DATA,8069,-41,23,2068,-5,-2,10,19644
DATA,8070,-40,23,2075,-4,-6,11,20269
DATA,8071,-34,24,2076,-5,-5,11,20894
DATA,8072,-39,22,2069,-5,0,11,21519
DATA,8073,-42,23,2070,-4,-4,11,22144
DATA,8074,-37,22,2077,-5,-8,10,22769
DATA,8075,-36,22,2073,-5,-1,10,23394
DATA,8076,-41,23,2065,-5,-1,10,24019
DATA,8077,-39,26,2075,-5,-7,10,24644
DATA,8078,-34,22,2077,-6,-5,11,25269
DATA,8079,-38,24,2069,-4,-1,8,25894
DATA,8080,-42,21,2070,-5,-6,11,26519
DATA,8081,-35,22,2079,-4,-6,11,27144
DATA,8082,-35,24,2070,-5,-1,10,27769
DATA,8083,-42,24,2066,-5,-2,10,28394
DATA,8084,-40,24,2077,-4,-7,12,29019
DATA,8085,-32,24,2078,-5,-4,10,29644
DATA,8086,-39,22,2067,-4,0,10,30269
DATA,8087,-43,22,2073,-5,-5,10,30894
DATA,8088,-36,23,2080,-6,-6,11,31519
DATA,8089,-37,24,2073,-5,-1,11,32144
DATA,8090,-43,22,2068,-5,-3,10,32769
DATA,8091,-37,25,2078,-5,-8,11,33394
DATA,8092,-33,23,2079,-5,-4,12,34019
DATA,8093,-41,23,2071,-5,-1,10,34644
DATA,8094,-42,24,2075,-5,-6,12,35269
DATA,8095,-34,22,2078,-5,-6,12,35894
DATA,8096,-38,23,2072,-5,-1,10,36519
DATA,8097,-44,23,2069,-4,-3,10,37144
DATA,8098,-37,24,2077,-4,-7,10,37769
DATA,8099,-34,24,2078,-6,-3,10,38394
DATA,8100,-41,24,2070,-6,-1,9,39019
DATA,8101,-40,25,2075,-5,-7,12,39644
DATA,8102,-34,24,2079,-5,-5,12,40269
DATA,8103,-39,25,2072,-5,1,10,40894
DATA,8104,-44,22,2072,-5,-4,10,41519
DATA,8105,-35,23,2080,-5,-8,11,42144
DATA,8106,-35,25,2080,-4,-1,11,42769
DATA,8107,-41,23,2068,-5,0,10,43394
DATA,8108,-42,24,2075,-5,-8,11,44019
DATA,8109,-34,23,2081,-5,-5,11,44644
DATA,8110,-37,22,2073,-5,-2,10,45269
DATA,8111,-41,23,2074,-4,-4,12,45894
DATA,8112,-36,22,2078,-5,-7,11,46519
DATA,8113,-35,24,2078,-6,-3,10,47144
DATA,8114,-42,24,2069,-5,-2,10,47769
DATA,8115,-40,24,2079,-5,-8,11,48394
DATA,8116,-35,21,2082,-6,-3,12,49019
DATA,8117,-39,24,2073,-5,0,10,49644
DATA,8118,-44,23,2078,-6,-6,9,50269
DATA,8119,-35,22,2085,-5,-6,10,50894
DATA,8120,-36,23,2079,-6,-2,10,51519
DATA,8121,-42,25,2072,-5,-3,10,52144
DATA,8122,-39,23,2078,-5,-8,11,52769
DATA,8123,-36,23,2079,-5,-3,11,53394
DATA,8124,-40,24,2072,-5,-1,10,54019
DATA,8125,-44,23,2076,-5,-7,11,54644
DATA,8126,-34,22,2080,-5,-5,11,55269
DATA,8127,-37,21,2076,-6,-1,10,55894
DATA,8128,-42,22,2073,-4,-3,11,56519
DATA,8129,-38,23,2079,-5,-7,10,57144
DATA,8130,-33,23,2079,-6,-4,10,57769
DATA,8131,-40,22,2073,-5,-1,10,58394
DATA,8132,-40,23,2079,-5,-6,10,59019
DATA,8133,-34,22,2080,-5,-4,11,59644
DATA,8134,-39,22,2074,-5,-1,10,60269
DATA,8135,-43,24,2072,-5,-4,10,60894
DATA,8136,-35,24,2081,-5,-6,12,61519
DATA,8137,-36,23,2078,-6,-3,11,62144
DATA,8138,-41,24,2071,-4,-2,11,62769
DATA,8139,-40,24,2080,-5,-6,12,63394
DATA,8140,-36,24,2082,-5,-5,10,64019
DATA,8141,-37,25,2074,-5,-1,9,64644
DATA,8142,-40,23,2074,-5,-5,10,65269
DATA,8143,-37,24,2082,-4,-6,12,358
DATA,8144,-37,22,2080,-5,-2,9,983
DATA,8145,-41,24,2072,-5,-1,11,1608
DATA,8146,-39,26,2080,-4,-8,11,2233
DATA,8147,-32,24,2083,-5,-4,10,2858
DATA,8148,-38,22,2072,-5,0,9,3483
DATA,8149,-41,23,2076,-5,-5,11,4108
DATA,8150,-35,23,2083,-5,-6,11,4733
DATA,8151,-37,22,2074,-6,-1,10,5358
DATA,8152,-43,25,2070,-5,-3,10,5983
DATA,8153,-41,24,2081,-5,-8,11,6608
DATA,8154,-32,21,2080,-6,-3,9,7233
DATA,8155,-41,24,2073,-4,0,9,7858
DATA,8156,-42,22,2078,-4,-6,11,8483
DATA,8157,-35,22,2083,-5,-6,10,9108
DATA,8158,-38,22,2074,-5,-1,10,9733
DATA,8159,-44,22,2068,-4,-3,11,10358
DATA,8160,-38,22,2079,-5,-8,11,10983
DATA,8161,-35,22,2077,-5,-3,10,11608
DATA,8162,-41,24,2072,-5,0,9,12233
DATA,8163,-40,24,2076,-5,-7,10,12858
DATA,8164,-35,22,2083,-6,-5,11,13483
DATA,8165,-39,23,2074,-5,0,9,14108
DATA,8166,-42,22,2070,-5,-3,10,14733
DATA,8167,-37,24,2079,-4,-7,11,15358
DATA,8168,-33,21,2076,-6,-3,9,15983
DATA,8169,-42,24,2072,-5,-1,10,16608
DATA,8170,-41,22,2074,-4,-7,11,17233
DATA,8171,-35,22,2080,-6,-5,11,17858
DATA,8172,-39,24,2068,-5,0,11,18483
DATA,8173,-44,26,2068,-4,-3,11,19108
DATA,8174,-37,23,2080,-5,-6,10,19733
DATA,8175,-34,22,2078,-6,-1,9,20358
DATA,8176,-43,24,2069,-5,-3,10,20983
DATA,8177,-41,23,2076,-5,-7,10,21608
DATA,8178,-35,24,2082,-5,-4,11,22233
DATA,8179,-40,24,2071,-5,-1,9,22858
DATA,8180,-41,25,2071,-4,-4,9,23483
DATA,8181,-37,22,2080,-5,-7,10,24108
DATA,8182,-35,19,2076,-5,-1,9,24733
DATA,8183,-41,23,2071,-4,-2,10,25358
DATA,8184,-40,21,2076,-5,-6,11,25983
DATA,8185,-34,22,2080,-5,-3,10,26608
DATA,8186,-40,22,2071,-4,-2,9,27233
DATA,8187,-43,23,2073,-4,-6,11,27858
DATA,8188,-35,24,2082,-6,-6,11,28483
DATA,8189,-37,23,2076,-6,-2,11,29108
DATA,8190,-43,25,2074,-5,-3,10,29733
DATA,8191,-39,23,2077,-6,-6,11,30358
DATA,8192,-33,22,2079,-5,-3,11,30983
DATA,8193,-40,23,2073,-5,-1,10,31608
DATA,8194,-40,26,2078,-4,-6,11,32233
DATA,8195,-37,21,2082,-5,-5,11,32858
DATA,8196,-35,25,2078,-6,-2,11,33483
DATA,8197,-41,23,2078,-5,-4,11,34108
DATA,8198,-37,23,2081,-5,-6,12,34733
DATA,8199,-34,24,2077,-4,-2,10,35358
DATA,8200,-41,25,2075,-5,-1,11,35983
DATA,8201,-41,23,2082,-5,-5,12,36608
DATA,8202,-33,23,2084,-6,-5,11,37233
DATA,8203,-40,22,2076,-5,-2,11,37858
DATA,8204,-43,23,2077,-5,-4,10,38483
DATA,8205,-39,25,2081,-4,-6,11,39108
DATA,8206,-39,24,2080,-6,-2,11,39733
DATA,8207,-40,25,2075,-5,-3,9,40358
DATA,8208,-39,24,2080,-5,-5,11,40983
DATA,8209,-34,23,2078,-6,-4,12,41608
DATA,8210,-40,26,2074,-5,-2,10,42233
DATA,8211,-43,23,2080,-5,-5,12,42858
DATA,8212,-36,24,2083,-5,-6,12,43483
DATA,8213,-38,21,2077,-5,-1,11,44108
DATA,8214,-41,25,2075,-5,-4,12,44733
DATA,8215,-37,24,2084,-4,-8,12,45358
DATA,8216,-37,22,2080,-6,-2,10,45983
DATA,8217,-40,25,2070,-5,-1,9,46608
DATA,8218,-41,23,2080,-4,-6,11,47233
DATA,8219,-34,24,2083,-5,-5,10,47858
DATA,8220,-39,21,2073,-4,0,10,48483
DATA,8221,-43,23,2073,-5,-4,11,49108
DATA,8222,-38,22,2081,-5,-8,12,49733
DATA,8223,-34,22,2076,-5,-2,11,50358
DATA,8224,-43,25,2074,-6,-2,10,50983
DATA,8225,-40,25,2081,-6,-7,12,51608
DATA,8226,-35,24,2081,-6,-5,10,52233
DATA,8227,-38,23,2073,-5,-1,11,52858
DATA,8228,-42,24,2074,-5,-4,11,53483
DATA,8229,-36,23,2084,-5,-6,10,54108
DATA,8230,-37,19,2077,-5,-1,11,54733
DATA,8231,-41,24,2072,-5,-2,11,55358
DATA,8232,-40,23,2080,-5,-6,11,55983
DATA,8233,-34,22,2083,-6,-4,9,56608
DATA,8234,-40,24,2071,-4,-2,10,57233
DATA,8235,-43,22,2074,-4,-5,10,57858
DATA,8236,-36,24,2082,-5,-7,10,58483
DATA,8237,-35,22,2077,-5,-1,11,59108
DATA,8238,-42,24,2070,-5,-2,11,59733
DATA,8239,-40,22,2081,-5,-8,12,60358
DATA,8240,-32,21,2081,-5,-3,10,60983
DATA,8241,-41,23,2072,-5,-1,10,61608
DATA,8242,-41,25,2075,-5,-6,11,62233
DATA,8243,-35,24,2080,-5,-5,10,62858
DATA,8244,-35,22,2076,-6,-1,11,63483
DATA,8245,-43,25,2072,-5,-3,10,64108
DATA,8246,-38,23,2083,-5,-6,11,64733
DATA,8247,-34,23,2083,-6,-3,11,65358
DATA,8248,-42,22,2071,-5,0,10,447
DATA,8249,-43,23,2075,-5,-5,10,1072
DATA,8250,-35,21,2082,-6,-6,11,1697
DATA,8251,-37,23,2076,-5,0,10,2322
DATA,8252,-42,24,2072,-6,-3,10,2947
DATA,8253,-35,25,2080,-5,-7,11,3572
DATA,8254,-36,23,2080,-5,-3,12,4197
DATA,8255,-42,23,2072,-5,-1,9,4822
DATA,8256,-41,23,2078,-4,-6,12,5447
DATA,8257,-36,22,2081,-6,-5,11,6072
DATA,8258,-38,22,2077,-5,-2,11,6697
DATA,8259,-41,21,2074,-4,-4,12,7322
DATA,8260,-36,24,2081,-4,-6,10,7947
DATA,8261,-34,23,2078,-6,-3,10,8572
DATA,8262,-40,22,2070,-5,-1,9,9197
DATA,8263,-40,24,2078,-5,-7,11,9822
DATA,8264,-31,23,2084,-5,-6,10,10447
DATA,8265,-40,23,2076,-5,-1,10,11072
DATA,8266,-41,23,2076,-4,-4,10,11697
DATA,8267,-36,22,2082,-5,-6,11,12322
DATA,8268,-36,20,2078,-5,-2,11,12947
DATA,8269,-40,23,2072,-5,-3,11,13572
DATA,8270,-42,22,2077,-5,-7,11,14197
DATA,8271,-36,24,2082,-6,-5,10,14822
DATA,8272,-41,24,2076,-5,-1,11,15447
DATA,8273,-42,23,2078,-4,-6,10,16072
DATA,8274,-37,23,2081,-6,-6,10,16697
DATA,8275,-37,22,2079,-6,-3,11,17322
DATA,8276,-42,23,2073,-5,-3,10,17947
DATA,8277,-39,24,2077,-5,-7,10,18572
DATA,8278,-33,22,2079,-6,-3,11,19197
DATA,8279,-40,22,2074,-6,-2,9,19822
DATA,8280,-40,24,2077,-6,-5,11,20447
DATA,8281,-35,22,2081,-5,-4,11,21072
DATA,8282,-38,23,2077,-5,-2,10,21697
DATA,8283,-42,22,2075,-4,-3,11,22322
DATA,8284,-38,24,2084,-5,-6,11,22947
DATA,8285,-36,22,2074,-6,-2,9,23572
DATA,8286,-39,24,2072,-5,-3,10,24197
DATA,8287,-41,25,2079,-5,-5,10,24822
DATA,8288,-36,24,2080,-5,-5,10,25447
DATA,8289,-41,22,2074,-5,-2,10,26072
DATA,8290,-41,23,2074,-5,-4,11,26697
DATA,8291,-38,23,2083,-5,-6,12,27322
DATA,8292,-35,22,2075,-5,-2,9,27947
DATA,8293,-42,23,2072,-5,-2,10,28572
DATA,8294,-38,24,2079,-5,-7,10,29197
DATA,8295,-35,24,2080,-6,-4,11,29822
DATA,8296,-39,23,2076,-6,0,9,30447
DATA,8297,-42,24,2076,-4,-6,11,31072
DATA,8298,-36,22,2080,-5,-7,10,31697
DATA,8299,-37,22,2076,-5,-1,10,32322
DATA,8300,-41,23,2073,-4,-3,11,32947
DATA,8301,-38,23,2081,-5,-6,12,33572
DATA,8302,-35,23,2081,-5,-4,11,34197
DATA,8303,-41,24,2073,-5,-1,10,34822
DATA,8304,-41,23,2078,-4,-6,10,35447
DATA,8305,-34,22,2084,-5,-5,10,36072
DATA,8306,-35,22,2074,-5,-2,10,36697
DATA,8307,-44,22,2070,-5,-3,11,37322
DATA,8308,-39,24,2082,-4,-7,11,37947
DATA,8309,-34,22,2076,-6,-2,8,38572
DATA,8310,-42,24,2069,-5,-1,10,39197
DATA,8311,-42,26,2076,-4,-6,11,39822
DATA,8312,-37,21,2084,-6,-5,11,40447
DATA,8313,-39,22,2075,-6,0,9,41072
DATA,8314,-43,22,2073,-4,-4,11,41697
DATA,8315,-37,23,2080,-5,-8,10,42322
DATA,8316,-34,24,2079,-5,-3,10,42947
DATA,8317,-42,25,2071,-5,-1,10,43572
DATA,8318,-43,25,2077,-5,-7,11,44197
DATA,8319,-35,23,2082,-6,-5,10,44822
DATA,8320,-38,24,2074,-6,0,10,45447
DATA,8321,-44,24,2075,-5,-5,11,46072
DATA,8322,-38,26,2084,-5,-7,11,46697
DATA,8323,-35,24,2081,-5,-3,10,47322
DATA,8324,-43,25,2072,-5,-1,10,47947
DATA,8325,-40,24,2077,-4,-7,11,48572
DATA,8326,-36,24,2081,-5,-5,10,49197
DATA,8327,-38,21,2073,-6,-1,9,49822
DATA,8328,-43,23,2076,-5,-5,12,50447
DATA,8329,-37,22,2084,-4,-7,11,51072
DATA,8330,-35,23,2078,-6,-3,10,51697
DATA,8331,-42,24,2071,-5,-1,11,52322
DATA,8332,-40,21,2081,-5,-7,10,52947
DATA,8333,-34,23,2081,-5,-5,12,53572
DATA,8334,-40,23,2077,-5,0,10,54197
DATA,8335,-43,25,2075,-4,-5,10,54822
DATA,8336,-36,22,2080,-5,-7,12,55447
DATA,8337,-36,22,2077,-5,-1,10,56072
DATA,8338,-44,23,2072,-5,-1,10,56697
DATA,8339,-38,23,2080,-5,-8,13,57322
DATA,8340,-33,24,2079,-6,-4,11,57947
DATA,8341,-40,24,2078,-5,0,11,58572
DATA,8342,-43,23,2075,-4,-5,11,59197
DATA,8343,-37,25,2082,-5,-6,11,59822
DATA,8344,-35,23,2075,-5,-1,11,60447
DATA,8345,-42,24,2074,-5,-3,10,61072
DATA,8346,-39,21,2082,-5,-6,10,61697
DATA,8347,-36,23,2081,-6,-3,11,62322
DATA,8348,-40,23,2072,-5,-1,11,62947
DATA,8349,-41,22,2075,-5,-6,10,63572
DATA,8350,-35,22,2082,-5,-6,12,64197
DATA,8351,-36,23,2076,-4,-2,10,64822
DATA,8352,-42,23,2074,-5,-3,10,65447
DATA,8353,-40,23,2080,-5,-6,13,536
DATA,8354,-34,23,2079,-6,-3,10,1161
DATA,8355,-40,23,2073,-5,-2,11,1786
DATA,8356,-39,21,2077,-4,-5,12,2411
DATA,8357,-35,23,2083,-5,-5,10,3036
DATA,8358,-37,24,2075,-5,-1,10,3661
DATA,8359,-41,24,2075,-5,-3,11,4286
DATA,8360,-35,24,2081,-4,-6,11,4911
DATA,8361,-36,21,2075,-6,-1,10,5536
DATA,8362,-42,23,2074,-5,-2,10,6161
DATA,8363,-41,23,2078,-5,-7,11,6786
DATA,8364,-35,20,2079,-5,-5,11,7411
DATA,8365,-40,22,2074,-4,-1,9,8036
DATA,8366,-42,24,2074,-6,-5,10,8661
DATA,8367,-38,24,2077,-6,-5,11,9286
DATA,8368,-37,21,2075,-5,-2,10,9911
DATA,8369,-40,22,2071,-6,-3,10,10536
DATA,8370,-40,25,2078,-6,-7,10,11161
DATA,8371,-36,22,2077,-5,-4,10,11786
DATA,8372,-41,21,2072,-5,-3,10,12411
DATA,8373,-40,23,2072,-5,-5,10,13036
DATA,8374,-34,23,2078,-5,-5,11,13661
DATA,8375,-38,22,2071,-5,0,8,14286
DATA,8376,-43,23,2072,-5,-3,10,14911
DATA,8377,-36,23,2077,-5,-6,10,15536
DATA,8378,-36,23,2077,-5,-2,11,16161
DATA,8379,-41,22,2072,-5,-2,11,16786
DATA,8380,-40,23,2077,-5,-6,10,17411
DATA,8381,-33,24,2079,-4,-4,11,18036
DATA,8382,-37,24,2072,-4,-1,9,18661
DATA,8383,-43,25,2072,-4,-4,10,19286
DATA,8384,-39,23,2080,-5,-7,12,19911
DATA,8385,-35,23,2076,-5,-2,9,20536
DATA,8386,-40,25,2072,-5,-1,12,21161
DATA,8387,-41,24,2077,-5,-6,11,21786
DATA,8388,-35,23,2080,-5,-5,10,22411
DATA,8389,-37,24,2074,-5,0,10,23036
DATA,8390,-41,25,2075,-5,-4,10,23661
DATA,8391,-37,23,2081,-5,-7,12,24286
DATA,8392,-36,22,2077,-5,-2,11,24911
DATA,8393,-42,23,2074,-5,-2,11,25536
DATA,8394,-38,21,2080,-5,-7,10,26161
DATA,8395,-36,21,2082,-6,-4,11,26786
DATA,8396,-38,23,2075,-5,-1,10,27411
DATA,8397,-42,24,2076,-4,-5,11,28036
DATA,8398,-35,23,2083,-5,-7,11,28661
DATA,8399,-35,23,2078,-5,-1,10,29286
DATA,8400,-40,24,2074,-4,-2,11,29911
DATA,8401,-40,21,2080,-6,-7,11,30536
DATA,8402,-36,23,2082,-6,-4,10,31161
DATA,8403,-39,22,2074,-5,-2,11,31786
DATA,8404,-42,23,2077,-4,-5,11,32411
DATA,8405,-37,23,2084,-6,-6,10,33036
DATA,8406,-36,23,2078,-5,-1,11,33661
DATA,8407,-41,26,2075,-6,-3,10,34286
DATA,8408,-38,23,2082,-5,-6,11,34911
DATA,8409,-35,25,2080,-5,-4,10,35536
DATA,8410,-40,23,2074,-5,-2,11,36161
DATA,8411,-40,23,2077,-5,-5,12,36786
DATA,8412,-35,25,2082,-6,-5,10,37411
DATA,8413,-37,22,2075,-5,-1,10,38036
DATA,8414,-41,23,2073,-5,-2,12,38661
DATA,8415,-38,24,2081,-5,-7,10,39286
DATA,8416,-36,24,2081,-6,-3,10,39911
DATA,8417,-41,24,2074,-5,-1,11,40536
DATA,8418,-41,23,2077,-5,-5,10,41161
DATA,8419,-36,24,2082,-5,-5,12,41786
DATA,8420,-36,24,2079,-5,-1,9,42411
DATA,8421,-41,23,2076,-6,-5,10,43036
DATA,8422,-37,24,2078,-5,-6,11,43661
DATA,8423,-36,20,2080,-5,-3,10,44286
DATA,8424,-42,25,2074,-5,-2,10,44911
DATA,8425,-41,22,2081,-4,-7,10,45536
DATA,8426,-35,22,2082,-5,-5,10,46161
DATA,8427,-38,26,2076,-6,-2,11,46786
DATA,8428,-43,23,2078,-6,-4,11,47411
DATA,8429,-37,21,2083,-6,-6,10,48036
DATA,8430,-37,20,2078,-5,-2,10,48661
DATA,8431,-42,22,2074,-5,-3,10,49286
DATA,8432,-37,25,2079,-6,-6,11,49911
DATA,8433,-36,24,2080,-4,-3,9,50536
DATA,8434,-40,22,2075,-5,-3,10,51161
DATA,8435,-43,23,2077,-5,-6,9,51786
DATA,8436,-35,21,2082,-5,-6,11,52411
DATA,8437,-36,23,2076,-4,-2,9,53036
DATA,8438,-43,25,2075,-5,-2,10,53661
DATA,8439,-40,24,2081,-4,-5,11,54286
DATA,8440,-35,22,2078,-6,-4,11,54911
DATA,8441,-39,23,2077,-5,-1,10,55536
DATA,8442,-40,24,2076,-4,-5,11,56161
DATA,8443,-36,22,2080,-6,-5,10,56786
DATA,8444,-38,23,2076,-5,-3,10,57411
DATA,8445,-41,24,2077,-4,-4,11,58036
DATA,8446,-38,24,2078,-5,-5,11,58661
DATA,8447,-37,23,2078,-5,-2,11,59286
DATA,8448,-43,23,2075,-5,-3,9,59911
DATA,8449,-40,26,2081,-5,-6,10,60536
DATA,8450,-38,21,2080,-5,-4,10,61161
DATA,8451,-38,22,2077,-5,-2,9,61786
DATA,8452,-42,23,2077,-6,-5,11,62411
DATA,8453,-38,26,2079,-5,-5,12,63036
DATA,8454,-37,21,2077,-6,-3,10,63661
DATA,8455,-40,24,2074,-6,-3,10,64286
DATA,8456,-39,22,2079,-5,-6,12,64911
DATA,8457,-37,23,2079,-5,-4,10,0
DATA,8458,-40,22,2072,-3,0,10,625
DATA,8459,-40,23,2075,-5,-4,11,1250
DATA,8460,-35,23,2081,-5,-6,11,1875
DATA,8461,-35,23,2077,-5,-1,11,2500
DATA,8462,-41,27,2073,-5,-3,11,3125
DATA,8463,-39,23,2078,-6,-7,11,3750
DATA,8464,-34,22,2080,-5,-3,11,4375
DATA,8465,-41,22,2070,-4,-1,11,5000
DATA,8466,-42,23,2074,-5,-6,10,5625
DATA,8467,-37,21,2082,-5,-5,11,6250
DATA,8468,-38,23,2075,-6,-2,9,6875
DATA,8469,-43,21,2070,-5,-3,9,7500
DATA,8470,-37,22,2079,-5,-7,11,8125
DATA,8471,-34,23,2076,-6,-3,10,8750
DATA,8472,-41,23,2069,-5,-1,10,9375
DATA,8473,-42,22,2073,-4,-5,11,10000
DATA,8474,-35,23,2079,-5,-5,10,10625
DATA,8475,-39,22,2072,-5,-1,10,11250
DATA,8476,-41,23,2073,-5,-4,11,11875
DATA,8477,-38,23,2078,-5,-6,10,12500
DATA,8478,-36,21,2076,-6,-2,10,13125
DATA,8479,-41,25,2070,-4,-2,9,13750
DATA,8480,-39,23,2073,-4,-5,11,14375
DATA,8481,-37,23,2082,-5,-6,10,15000
DATA,8482,-38,25,2072,-6,-2,10,15625
DATA,8483,-41,21,2073,-5,-5,10,16250
DATA,8484,-37,23,2078,-5,-7,10,16875
DATA,8485,-36,22,2078,-6,-3,9,17500
DATA,8486,-41,24,2072,-6,-2,11,18125
DATA,8487,-40,23,2077,-5,-5,11,18750
DATA,8488,-34,22,2081,-5,-5,10,19375
DATA,8489,-39,23,2075,-5,-2,10,20000
DATA,8490,-41,26,2074,-4,-4,10,20625
DATA,8491,-36,22,2081,-5,-7,12,21250
DATA,8492,-36,23,2078,-5,-3,10,21875
DATA,8493,-42,24,2074,-5,-2,10,22500
DATA,8494,-40,24,2081,-5,-7,10,23125
DATA,8495,-37,25,2080,-6,-5,11,23750
DATA,8496,-39,24,2074,-5,-2,10,24375
DATA,8497,-42,23,2077,-5,-6,11,25000
DATA,8498,-37,23,2084,-5,-6,10,25625
DATA,8499,-38,23,2079,-5,-2,10,26250
DATA,8500,-42,22,2074,-5,-3,10,26875
DATA,8501,-39,25,2082,-5,-6,12,27500
DATA,8502,-36,22,2085,-5,-3,11,28125
DATA,8503,-40,23,2075,-5,-1,10,28750
DATA,8504,-43,23,2077,-4,-5,10,29375
DATA,8505,-36,22,2084,-5,-5,10,30000
DATA,8506,-35,22,2077,-5,-2,10,30625
DATA,8507,-42,23,2072,-5,-3,10,31250
DATA,8508,-37,22,2083,-5,-7,12,31875
DATA,8509,-36,25,2079,-5,-3,9,32500
DATA,8510,-40,23,2074,-4,-2,10,33125
DATA,8511,-41,25,2078,-6,-5,11,33750
DATA,8512,-35,22,2082,-5,-5,12,34375
DATA,8513,-37,24,2077,-5,-2,10,35000
DATA,8514,-42,24,2074,-4,-4,12,35625
DATA,8515,-36,21,2080,-5,-6,11,36250
DATA,8516,-35,23,2079,-5,-1,10,36875
DATA,8517,-40,23,2074,-4,-2,11,37500
DATA,8518,-38,25,2079,-4,-6,11,38125
DATA,8519,-36,23,2080,-5,-4,11,38750
DATA,8520,-37,25,2075,-4,-2,10,39375
DATA,8521,-43,23,2077,-4,-5,11,40000
DATA,8522,-37,22,2081,-4,-6,12,40625
DATA,8523,-35,20,2076,-5,-1,11,41250
DATA,8524,-41,23,2074,-5,-3,9,41875
DATA,8525,-40,24,2082,-4,-8,11,42500
DATA,8526,-33,26,2081,-5,-2,11,43125
DATA,8527,-41,22,2072,-4,0,10,43750
DATA,8528,-41,26,2075,-4,-5,11,44375
DATA,8529,-37,20,2081,-5,-6,10,45000
DATA,8530,-35,23,2076,-5,0,10,45625
DATA,8531,-44,24,2074,-4,-3,11,46250
DATA,8532,-38,22,2081,-5,-7,9,46875
DATA,8533,-37,24,2081,-5,-4,10,47500
DATA,8534,-41,23,2072,-5,0,9,48125
DATA,8535,-40,24,2077,-5,-5,11,48750
DATA,8536,-34,24,2083,-5,-6,11,49375
DATA,8537,-35,24,2073,-5,-1,10,50000
DATA,8538,-42,22,2073,-5,-3,11,50625
DATA,8539,-37,21,2081,-5,-7,11,51250
DATA,8540,-36,21,2079,-6,-2,11,51875
DATA,8541,-42,24,2072,-5,0,10,52500
DATA,8542,-42,25,2076,-4,-6,11,53125
DATA,8543,-35,23,2081,-5,-5,9,53750
DATA,8544,-38,23,2073,-5,-1,10,54375
DATA,8545,-44,24,2072,-4,-4,11,55000
DATA,8546,-38,21,2080,-6,-7,11,55625
DATA,8547,-34,24,2077,-5,-2,10,56250
DATA,8548,-41,22,2074,-3,-1,10,56875
DATA,8549,-39,22,2080,-4,-7,10,57500
DATA,8550,-32,22,2082,-5,-5,12,58125
DATA,8551,-38,24,2075,-5,0,11,58750
DATA,8552,-43,25,2075,-4,-4,10,59375
DATA,8553,-38,23,2081,-5,-7,11,60000
DATA,8554,-37,25,2077,-6,-1,10,60625
DATA,8555,-42,22,2070,-5,-1,10,61250
DATA,8556,-41,23,2079,-5,-6,12,61875
DATA,8557,-35,21,2083,-6,-5,10,62500
DATA,8558,-38,23,2074,-5,-1,10,63125
DATA,8559,-40,24,2075,-4,-4,11,63750
DATA,8560,-37,23,2083,-6,-6,10,64375
DATA,8561,-34,24,2077,-5,-2,11,65000
DATA,8562,-41,24,2072,-4,-1,10,89
DATA,8563,-40,24,2077,-5,-7,12,714
DATA,8564,-35,24,2082,-5,-5,12,1339
DATA,8565,-39,24,2074,-5,0,10,1964
DATA,8566,-44,25,2073,-6,-5,10,2589
DATA,8567,-35,25,2080,-5,-7,11,3214
DATA,8568,-36,22,2077,-5,-1,10,3839
DATA,8569,-42,23,2074,-5,-2,11,4464
DATA,8570,-38,23,2078,-4,-5,10,5089
DATA,8571,-37,23,2080,-5,-4,10,5714
DATA,8572,-39,22,2072,-5,-2,9,6339
DATA,8573,-41,25,2075,-4,-4,10,6964
DATA,8574,-38,24,2081,-5,-6,10,7589
DATA,8575,-35,23,2077,-5,-2,9,8214
DATA,8576,-41,24,2075,-5,-3,9,8839
DATA,8577,-38,23,2077,-5,-7,10,9464
DATA,8578,-34,22,2080,-5,-3,10,10089
DATA,8579,-41,22,2074,-5,-1,10,10714
DATA,8580,-42,24,2077,-4,-5,11,11339
DATA,8581,-35,23,2080,-4,-4,11,11964
DATA,8582,-38,21,2076,-5,-2,9,12589
DATA,8583,-42,24,2075,-5,-4,11,13214
DATA,8584,-37,23,2081,-4,-6,11,13839
DATA,8585,-35,22,2076,-5,-2,9,14464
DATA,8586,-41,22,2071,-5,-2,10,15089
DATA,8587,-41,21,2080,-5,-6,11,15714
DATA,8588,-34,19,2081,-6,-5,11,16339
DATA,8589,-37,19,2072,-4,-1,11,16964
DATA,8590,-42,22,2074,-4,-4,10,17589
DATA,8591,-37,23,2079,-5,-6,11,18214
DATA,8592,-37,23,2073,-4,-1,10,18839
DATA,8593,-42,24,2071,-4,-2,10,19464
DATA,8594,-38,24,2077,-6,-6,11,20089
DATA,8595,-35,22,2079,-5,-3,10,20714
DATA,8596,-41,23,2071,-6,-1,11,21339
DATA,8597,-40,24,2075,-5,-6,11,21964
DATA,8598,-34,22,2079,-6,-5,10,22589
DATA,8599,-37,24,2074,-5,-1,11,23214
DATA,8600,-41,23,2072,-5,-4,11,23839
DATA,8601,-38,24,2080,-4,-6,11,24464
DATA,8602,-34,22,2080,-6,-3,11,25089
DATA,8603,-40,23,2072,-5,-2,12,25714
DATA,8604,-41,23,2077,-4,-6,10,26339
DATA,8605,-35,23,2083,-5,-5,11,26964
DATA,8606,-39,22,2076,-5,0,10,27589
DATA,8607,-42,22,2074,-5,-5,10,28214
DATA,8608,-39,24,2083,-4,-6,12,28839
DATA,8609,-36,23,2081,-5,-3,10,29464
DATA,8610,-42,22,2073,-4,-2,10,30089
DATA,8611,-41,23,2078,-5,-6,11,30714
DATA,8612,-33,20,2079,-5,-5,11,31339
DATA,8613,-40,23,2074,-6,-1,10,31964
DATA,8614,-42,23,2076,-5,-4,12,32589
DATA,8615,-36,25,2080,-5,-7,11,33214
DATA,8616,-37,22,2076,-6,-2,10,33839
DATA,8617,-39,22,2070,-4,-2,11,34464
DATA,8618,-38,23,2079,-5,-7,11,35089
DATA,8619,-35,22,2080,-5,-4,10,35714
DATA,8620,-40,24,2075,-5,-1,9,36339
DATA,8621,-39,21,2075,-5,-5,10,36964
DATA,8622,-36,23,2080,-5,-6,11,37589
DATA,8623,-36,23,2076,-6,-2,8,38214
DATA,8624,-42,23,2073,-5,-2,10,38839
DATA,8625,-41,25,2081,-5,-6,11,39464
DATA,8626,-36,23,2079,-6,-3,11,40089
DATA,8627,-38,25,2073,-5,-2,9,40714
DATA,8628,-41,25,2073,-5,-6,12,41339
DATA,8629,-34,23,2083,-5,-6,10,41964
DATA,8630,-37,22,2076,-4,-2,11,42589
DATA,8631,-42,21,2070,-4,-3,11,43214
DATA,8632,-39,25,2080,-6,-7,11,43839
DATA,8633,-36,22,2078,-5,-4,10,44464
DATA,8634,-40,24,2068,-5,0,8,45089
DATA,8635,-41,25,2075,-5,-6,11,45714
DATA,8636,-33,21,2081,-5,-5,11,46339
DATA,8637,-38,25,2074,-5,-2,10,46964
DATA,8638,-43,24,2073,-4,-4,10,47589
DATA,8639,-38,25,2078,-5,-6,11,48214
DATA,8640,-35,25,2080,-5,-3,10,48839
DATA,8641,-40,25,2071,-5,-1,9,49464
DATA,8642,-40,22,2077,-5,-5,12,50089
DATA,8643,-36,21,2080,-5,-5,11,50714
DATA,8644,-37,24,2075,-6,-2,10,51339
DATA,8645,-40,23,2074,-4,-4,10,51964
DATA,8646,-38,24,2080,-5,-7,11,52589
DATA,8647,-34,23,2078,-5,-2,10,53214
DATA,8648,-41,24,2072,-4,-2,10,53839
DATA,8649,-41,24,2080,-6,-7,12,54464
DATA,8650,-36,22,2080,-5,-4,12,55089
DATA,8651,-38,24,2073,-4,-1,9,55714
DATA,8652,-40,23,2075,-4,-4,11,56339
DATA,8653,-38,21,2079,-5,-5,11,56964
DATA,8654,-37,23,2078,-5,-2,10,57589
DATA,8655,-40,22,2074,-5,-3,11,58214
DATA,8656,-40,24,2078,-4,-6,11,58839
DATA,8657,-36,22,2079,-5,-4,10,59464
DATA,8658,-38,24,2074,-5,-1,10,60089
DATA,8659,-40,22,2075,-5,-5,12,60714
DATA,8660,-37,24,2080,-5,-5,10,61339
DATA,8661,-37,21,2077,-6,-1,10,61964
DATA,8662,-42,23,2072,-4,-3,11,62589
DATA,8663,-38,25,2078,-4,-6,12,63214
DATA,8664,-39,22,2078,-4,-2,11,63839
DATA,8665,-40,23,2073,-5,-3,10,64464
DATA,8666,-40,22,2076,-5,-5,11,65089
DATA,8667,-36,21,2080,-6,-5,11,178
DATA,8668,-37,22,2073,-5,-2,11,803
DATA,8669,-42,25,2073,-4,-3,11,1428
DATA,8670,-37,26,2077,-4,-6,12,2053
DATA,8671,-38,23,2076,-5,-3,10,2678
DATA,8672,-43,24,2071,-5,-2,11,3303
DATA,8673,-38,25,2075,-4,-5,11,3928
DATA,8674,-36,23,2078,-5,-4,12,4553
DATA,8675,-38,22,2071,-5,-1,11,5178
DATA,8676,-43,23,2071,-4,-5,10,5803
DATA,8677,-37,23,2076,-6,-6,11,6428
DATA,8678,-38,24,2073,-5,-2,11,7053
DATA,8679,-40,25,2069,-5,-3,10,7678
DATA,8680,-39,22,2076,-4,-5,11,8303
DATA,8681,-34,21,2078,-5,-3,10,8928
DATA,8682,-41,23,2070,-5,-2,11,9553
DATA,8683,-41,24,2074,-5,-5,10,10178
DATA,8684,-35,24,2079,-5,-6,9,10803
DATA,8685,-36,23,2073,-5,-1,10,11428
DATA,8686,-41,24,2075,-5,-3,11,12053
DATA,8687,-37,24,2081,-5,-6,11,12678
DATA,8688,-36,24,2079,-6,-4,10,13303
DATA,8689,-41,22,2072,-5,-2,11,13928
DATA,8690,-41,24,2078,-4,-6,12,14553
DATA,8691,-36,23,2079,-5,-5,10,15178
DATA,8692,-38,22,2074,-5,-1,9,15803
DATA,8693,-42,26,2075,-4,-5,10,16428
DATA,8694,-37,25,2081,-4,-7,10,17053
DATA,8695,-36,21,2080,-4,-2,10,17678
DATA,8696,-41,24,2072,-5,-1,10,18303
DATA,8697,-40,24,2078,-5,-7,12,18928
DATA,8698,-34,23,2082,-5,-5,11,19553
DATA,8699,-38,22,2074,-6,0,9,20178
DATA,8700,-43,25,2074,-5,-5,11,20803
DATA,8701,-37,22,2081,-5,-8,11,21428
DATA,8702,-33,22,2080,-6,-2,10,22053
DATA,8703,-42,23,2075,-6,-2,10,22678
DATA,8704,-40,25,2079,-5,-7,10,23303
DATA,8705,-34,23,2082,-5,-5,10,23928
DATA,8706,-39,23,2073,-5,0,10,24553
DATA,8707,-43,24,2076,-4,-5,11,25178
DATA,8708,-36,25,2085,-5,-6,10,25803
DATA,8709,-36,21,2078,-5,-1,11,26428
DATA,8710,-43,23,2073,-4,-3,10,27053
DATA,8711,-39,24,2079,-5,-8,11,27678
DATA,8712,-33,24,2082,-6,-4,9,28303
DATA,8713,-39,23,2074,-5,0,10,28928
DATA,8714,-42,23,2074,-5,-5,11,29553
DATA,8715,-37,22,2082,-5,-6,12,30178
DATA,8716,-37,24,2076,-7,-1,10,30803
DATA,8717,-43,22,2073,-4,-2,10,31428
DATA,8718,-40,24,2080,-4,-7,10,32053
DATA,8719,-34,23,2082,-5,-4,10,32678
DATA,8720,-41,23,2074,-5,-1,11,33303
DATA,8721,-43,26,2080,-5,-5,10,33928
DATA,8722,-36,23,2081,-5,-6,11,34553
DATA,8723,-39,24,2078,-5,-1,11,35178
DATA,8724,-42,25,2072,-5,-4,10,35803
DATA,8725,-38,23,2081,-4,-7,12,36428
DATA,8726,-34,24,2081,-4,-3,11,37053
DATA,8727,-42,22,2071,-5,-1,10,37678
DATA,8728,-41,22,2077,-4,-6,11,38303
DATA,8729,-35,23,2083,-5,-5,11,38928
DATA,8730,-36,22,2077,-5,0,12,39553
DATA,8731,-43,23,2075,-5,-3,11,40178
DATA,8732,-36,23,2080,-5,-8,12,40803
DATA,8733,-36,22,2079,-5,-3,10,41428
DATA,8734,-41,24,2075,-5,-2,10,42053
DATA,8735,-41,24,2080,-4,-7,10,42678
DATA,8736,-36,22,2081,-6,-5,11,43303
DATA,8737,-39,25,2076,-5,-2,10,43928
DATA,8738,-41,21,2075,-4,-5,10,44553
DATA,8739,-38,22,2080,-4,-6,11,45178
DATA,8740,-36,21,2078,-5,-2,11,45803
DATA,8741,-40,23,2073,-5,-2,10,46428
DATA,8742,-38,24,2078,-5,-7,10,47053
DATA,8743,-35,22,2080,-5,-4,10,47678
DATA,8744,-41,25,2072,-5,-2,10,48303
DATA,8745,-44,24,2076,-6,-5,10,48928
DATA,8746,-37,24,2081,-5,-5,10,49553
DATA,8747,-38,23,2077,-6,-1,10,50178
DATA,8748,-42,23,2073,-4,-2,10,50803
DATA,8749,-37,23,2080,-5,-7,11,51428
DATA,8750,-37,21,2078,-5,-3,11,52053
DATA,8751,-40,23,2076,-5,-1,10,52678
DATA,8752,-40,23,2078,-5,-6,11,53303
DATA,8753,-35,23,2081,-5,-6,11,53928
DATA,8754,-38,23,2073,-5,-2,10,54553
DATA,8755,-43,23,2074,-4,-3,9,55178
DATA,8756,-38,23,2082,-4,-7,10,55803
DATA,8757,-36,22,2078,-6,-2,10,56428
DATA,8758,-41,23,2072,-5,-2,10,57053
DATA,8759,-39,23,2079,-5,-7,12,57678
DATA,8760,-34,21,2079,-6,-5,10,58303
DATA,8761,-39,23,2071,-5,-1,11,58928
DATA,8762,-42,22,2074,-4,-4,11,59553
DATA,8763,-37,24,2081,-5,-6,10,60178
DATA,8764,-36,21,2079,-5,-2,9,60803
DATA,8765,-42,23,2071,-5,-3,9,61428
DATA,8766,-40,22,2079,-5,-8,11,62053
DATA,8767,-33,22,2080,-5,-5,11,62678
DATA,8768,-38,22,2072,-5,0,10,63303
DATA,8769,-41,24,2072,-5,-6,11,63928
DATA,8770,-36,22,2081,-5,-7,11,64553
DATA,8771,-37,19,2074,-5,-1,10,65178
DATA,8772,-43,25,2069,-5,-3,10,267
DATA,8773,-38,23,2080,-4,-7,12,892
DATA,8774,-33,22,2078,-5,-4,12,1517
DATA,8775,-41,23,2069,-5,-1,11,2142
DATA,8776,-43,22,2075,-4,-5,11,2767
DATA,8777,-35,22,2080,-5,-6,11,3392
DATA,8778,-37,22,2076,-5,0,11,4017
DATA,8779,-44,23,2068,-5,-2,11,4642
DATA,8780,-40,22,2077,-5,-8,12,5267
DATA,8781,-32,22,2081,-5,-2,9,5892
DATA,8782,-41,24,2070,-5,0,10,6517
DATA,8783,-43,22,2075,-5,-7,11,7142
DATA,8784,-35,23,2080,-4,-6,11,7767
DATA,8785,-36,21,2075,-5,0,10,8392
DATA,8786,-44,24,2070,-4,-3,10,9017
DATA,8787,-40,23,2084,-4,-9,11,9642
DATA,8788,-34,22,2080,-5,-3,11,10267
DATA,8789,-40,24,2070,-5,0,10,10892
DATA,8790,-42,24,2077,-4,-6,11,11517
DATA,8791,-33,23,2084,-6,-6,11,12142
DATA,8792,-37,22,2077,-4,-1,10,12767
DATA,8793,-44,23,2073,-4,-3,11,13392
DATA,8794,-39,23,2085,-6,-8,12,14017
DATA,8795,-34,22,2080,-5,-2,10,14642
DATA,8796,-43,22,2073,-5,-1,8,15267
DATA,8797,-41,26,2077,-4,-6,12,15892
DATA,8798,-35,23,2083,-5,-4,11,16517
DATA,8799,-39,23,2075,-5,-2,10,17142
DATA,8800,-42,24,2073,-5,-4,12,17767
DATA,8801,-35,23,2084,-5,-7,10,18392
DATA,8802,-35,22,2078,-5,-2,11,19017
DATA,8803,-43,25,2073,-5,-2,11,19642
DATA,8804,-40,22,2079,-5,-7,12,20267
DATA,8805,-34,23,2083,-5,-4,9,20892
DATA,8806,-39,23,2077,-4,0,9,21517
DATA,8807,-43,23,2074,-5,-5,9,22142
DATA,8808,-37,25,2084,-5,-6,11,22767
DATA,8809,-34,22,2079,-5,-2,9,23392
DATA,8810,-43,23,2074,-5,-2,10,24017
DATA,8811,-41,24,2079,-4,-7,12,24642
DATA,8812,-35,24,2081,-5,-4,11,25267
DATA,8813,-39,22,2075,-4,-1,10,25892
DATA,8814,-42,23,2076,-4,-4,11,26517
DATA,8815,-36,25,2081,-5,-5,11,27142
DATA,8816,-37,23,2077,-5,-3,10,27767
DATA,8817,-42,26,2075,-5,-3,11,28392
DATA,8818,-37,23,2082,-5,-5,11,29017
DATA,8819,-36,23,2079,-6,-4,12,29642
DATA,8820,-40,22,2076,-5,-2,10,30267
DATA,8821,-40,23,2081,-5,-4,11,30892
DATA,8822,-36,21,2082,-6,-5,11,31517
DATA,8823,-39,22,2076,-5,-2,11,32142
DATA,8824,-43,23,2075,-5,-3,10,32767
DATA,8825,-40,24,2082,-5,-6,12,33392
DATA,8826,-38,24,2076,-5,-1,10,34017
DATA,8827,-40,22,2076,-5,-3,10,34642
DATA,8828,-41,21,2080,-5,-6,12,35267
DATA,8829,-36,22,2080,-5,-4,10,35892
DATA,8830,-41,20,2075,-5,-1,11,36517
DATA,8831,-40,23,2077,-5,-5,11,37142
DATA,8832,-38,21,2081,-4,-5,11,37767
DATA,8833,-36,24,2077,-5,-3,11,38392
DATA,8834,-40,23,2074,-4,-3,12,39017
DATA,8835,-39,23,2080,-4,-6,10,39642
DATA,8836,-34,23,2077,-5,-3,11,40267
DATA,8837,-40,22,2075,-5,-1,11,40892
DATA,8838,-41,22,2078,-5,-6,11,41517
DATA,8839,-36,24,2082,-5,-6,10,42142
DATA,8840,-36,22,2075,-5,-1,10,42767
DATA,8841,-43,24,2075,-6,-5,10,43392
DATA,8842,-37,25,2080,-5,-5,12,44017
DATA,8843,-36,22,2080,-5,-2,10,44642
DATA,8844,-41,24,2072,-6,-1,11,45267
DATA,8845,-41,22,2076,-4,-6,11,45892
DATA,8846,-35,23,2086,-5,-5,10,46517
DATA,8847,-37,25,2075,-4,0,10,47142
DATA,8848,-41,25,2074,-4,-4,11,47767
DATA,8849,-37,22,2083,-5,-8,11,48392
DATA,8850,-35,24,2078,-5,-2,12,49017
DATA,8851,-43,23,2074,-5,-2,10,49642
DATA,8852,-41,24,2077,-5,-7,11,50267
DATA,8853,-34,22,2081,-4,-4,10,50892
DATA,8854,-39,24,2073,-5,0,8,51517
DATA,8855,-40,24,2075,-4,-6,11,52142
DATA,8856,-37,23,2082,-4,-7,12,52767
DATA,8857,-37,23,2077,-6,-1,9,53392
DATA,8858,-42,24,2071,-4,-2,11,54017
DATA,8859,-38,23,2082,-5,-7,10,54642
DATA,8860,-34,23,2084,-6,-4,10,55267
DATA,8861,-39,25,2070,-5,-1,11,55892
DATA,8862,-39,26,2075,-5,-6,10,56517
DATA,8863,-37,22,2085,-4,-7,11,57142
DATA,8864,-36,22,2079,-5,-2,11,57767
DATA,8865,-43,24,2073,-4,-2,11,58392
DATA,8866,-38,24,2081,-5,-6,11,59017
DATA,8867,-34,21,2079,-5,-4,10,59642
DATA,8868,-42,22,2072,-4,0,9,60267
DATA,8869,-42,21,2075,-4,-5,11,60892
DATA,8870,-36,22,2080,-5,-5,11,61517
DATA,8871,-37,24,2075,-6,-1,10,62142
DATA,8872,-43,22,2072,-4,-3,11,62767
DATA,8873,-39,22,2079,-5,-7,11,63392
DATA,8874,-33,22,2079,-6,-4,10,64017
DATA,8875,-43,24,2070,-4,-1,10,64642
DATA,8876,-42,24,2077,-4,-6,11,65267
DATA,8877,-36,23,2083,-6,-6,11,356
DATA,8878,-37,23,2076,-5,-1,9,981
DATA,8879,-43,23,2071,-5,-4,11,1606
DATA,8880,-37,22,2082,-5,-8,12,2231
DATA,8881,-35,22,2080,-5,-2,11,2856
DATA,8882,-40,23,2070,-4,-1,10,3481
DATA,8883,-40,25,2078,-5,-6,11,4106
DATA,8884,-36,24,2081,-5,-5,11,4731
DATA,8885,-35,22,2076,-5,-1,10,5356
DATA,8886,-41,22,2074,-4,-4,10,5981
DATA,8887,-41,24,2080,-4,-6,11,6606
DATA,8888,-36,23,2078,-5,-3,11,7231
DATA,8889,-43,22,2076,-4,-2,11,7856
DATA,8890,-39,22,2079,-4,-5,12,8481
DATA,8891,-35,24,2077,-5,-4,10,9106
DATA,8892,-37,24,2074,-5,-1,10,9731
DATA,8893,-41,22,2073,-4,-5,11,10356
DATA,8894,-37,24,2076,-5,-7,11,10981
DATA,8895,-36,21,2073,-6,-3,11,11606
DATA,8896,-42,24,2072,-4,-2,9,12231
DATA,8897,-42,25,2077,-5,-5,11,12856
DATA,8898,-36,23,2078,-5,-4,11,13481
DATA,8899,-39,23,2072,-5,-2,11,14106
DATA,8900,-39,22,2075,-5,-5,11,14731
DATA,8901,-36,22,2081,-6,-5,11,15356
DATA,8902,-39,24,2075,-5,-2,9,15981
DATA,8903,-40,25,2077,-4,-4,11,16606
DATA,8904,-39,23,2081,-5,-6,12,17231
DATA,8905,-34,21,2083,-6,-4,11,17856
DATA,8906,-41,23,2073,-5,-2,11,18481
DATA,8907,-39,24,2081,-6,-7,12,19106
DATA,8908,-36,22,2084,-5,-4,12,19731
DATA,8909,-38,20,2074,-5,-2,10,20356
DATA,8910,-42,23,2076,-5,-4,11,20981
DATA,8911,-37,22,2080,-5,-6,11,21606
DATA,8912,-38,21,2079,-5,-3,10,22231
DATA,8913,-42,22,2075,-5,-4,11,22856
DATA,8914,-41,22,2080,-4,-6,11,23481
DATA,8915,-36,21,2081,-6,-4,11,24106
DATA,8916,-39,22,2073,-4,-1,11,24731
DATA,8917,-42,23,2076,-4,-5,11,25356
DATA,8918,-34,21,2084,-5,-6,10,25981
DATA,8919,-36,20,2075,-5,-1,11,26606
DATA,8920,-41,24,2071,-4,-2,11,27231
DATA,8921,-40,24,2080,-6,-7,11,27856
DATA,8922,-34,23,2081,-5,-3,11,28481
DATA,8923,-39,23,2072,-5,-1,10,29106
DATA,8924,-42,22,2078,-4,-5,11,29731
DATA,8925,-34,22,2083,-5,-6,13,30356
DATA,8926,-36,22,2076,-4,-1,10,30981
DATA,8927,-42,24,2071,-5,-3,10,31606
DATA,8928,-38,22,2082,-4,-7,11,32231
DATA,8929,-34,21,2080,-5,-3,11,32856
DATA,8930,-40,24,2071,-5,0,10,33481
DATA,8931,-41,22,2078,-5,-6,11,34106
DATA,8932,-35,22,2084,-5,-5,11,34731
DATA,8933,-36,22,2077,-5,-1,11,35356
DATA,8934,-45,22,2075,-4,-3,11,35981
DATA,8935,-36,22,2083,-5,-7,11,36606
DATA,8936,-34,22,2081,-5,-3,11,37231
DATA,8937,-43,22,2072,-5,-2,10,37856
DATA,8938,-42,23,2078,-4,-7,11,38481
DATA,8939,-33,23,2083,-5,-6,11,39106
DATA,8940,-38,22,2076,-6,0,9,39731
DATA,8941,-43,24,2076,-4,-5,11,40356
DATA,8942,-38,22,2085,-6,-8,11,40981
DATA,8943,-32,23,2079,-5,-2,11,41606
DATA,8944,-41,24,2072,-5,-2,10,42231
DATA,8945,-40,27,2077,-5,-8,11,42856
DATA,8946,-34,25,2084,-5,-4,11,43481
DATA,8947,-39,22,2075,-5,-1,10,44106
DATA,8948,-43,24,2074,-4,-4,11,44731
DATA,8949,-37,25,2079,-5,-7,10,45356
DATA,8950,-34,23,2078,-5,-1,11,45981
DATA,8951,-43,20,2070,-5,-2,10,46606
DATA,8952,-39,23,2079,-5,-7,11,47231
DATA,8953,-33,23,2082,-5,-4,12,47856
DATA,8954,-38,23,2071,-5,-1,10,48481
DATA,8955,-43,23,2073,-4,-5,11,49106
DATA,8956,-36,24,2081,-4,-7,12,49731
DATA,8957,-35,22,2074,-5,-2,10,50356
DATA,8958,-44,22,2072,-4,-2,10,50981
DATA,8959,-39,23,2081,-4,-5,10,51606
DATA,8960,-35,24,2080,-5,-4,10,52231
DATA,8961,-41,22,2075,-5,-1,10,52856
DATA,8962,-41,24,2077,-5,-5,12,53481
DATA,8963,-37,24,2080,-5,-5,10,54106
DATA,8964,-36,23,2075,-5,-1,10,54731
DATA,8965,-42,23,2073,-6,-4,10,55356
DATA,8966,-39,23,2080,-5,-7,12,55981
DATA,8967,-35,23,2079,-5,-4,12,56606
DATA,8968,-40,23,2071,-5,-2,11,57231
DATA,8969,-42,24,2072,-4,-6,11,57856
DATA,8970,-33,22,2078,-5,-5,11,58481
DATA,8971,-41,19,2073,-5,-1,10,59106
DATA,8972,-42,23,2075,-4,-4,11,59731
DATA,8973,-38,22,2076,-4,-6,10,60356
DATA,8974,-37,22,2074,-5,-2,10,60981
DATA,8975,-39,24,2069,-5,-1,11,61606
DATA,8976,-40,23,2072,-5,-6,11,62231
DATA,8977,-36,24,2078,-6,-5,9,62856
DATA,8978,-37,20,2074,-5,-1,11,63481
DATA,8979,-42,23,2072,-5,-4,9,64106
DATA,8980,-36,22,2078,-5,-7,12,64731
DATA,8981,-35,25,2074,-4,-3,10,65356
DATA,8982,-42,23,2068,-4,-3,10,445
DATA,8983,-40,23,2077,-4,-7,11,1070
DATA,8984,-35,21,2080,-5,-4,11,1695
DATA,8985,-39,21,2072,-5,0,11,2320
DATA,8986,-41,25,2072,-4,-5,13,2945
DATA,8987,-37,24,2079,-5,-6,11,3570
DATA,8988,-36,22,2076,-5,-2,10,4195
DATA,8989,-42,25,2075,-5,-4,12,4820
DATA,8990,-38,23,2080,-5,-7,11,5445
DATA,8991,-36,22,2079,-5,-4,10,6070
DATA,8992,-40,22,2069,-5,0,10,6695
DATA,8993,-42,23,2075,-3,-5,12,7320
DATA,8994,-35,22,2083,-5,-6,10,7945
DATA,8995,-37,23,2075,-5,0,10,8570
DATA,8996,-41,23,2074,-5,-3,10,9195
DATA,8997,-37,23,2083,-4,-6,11,9820
DATA,8998,-35,24,2080,-5,-3,11,10445
DATA,8999,-40,23,2071,-5,-2,11,11070
DATA,9000,-39,24,2077,-5,-6,12,11695
DATA,9001,-34,24,2084,-5,-5,11,12320
DATA,9002,-40,24,2075,-4,0,9,12945
DATA,9003,-43,23,2075,-4,-5,11,13570
DATA,9004,-38,23,2082,-5,-7,10,14195
DATA,9005,-36,22,2079,-6,-2,10,14820
DATA,9006,-40,23,2073,-5,-3,11,15445
DATA,9007,-40,25,2078,-5,-6,10,16070
DATA,9008,-35,23,2081,-5,-5,12,16695
DATA,9009,-36,25,2074,-6,-1,9,17320
DATA,9010,-42,24,2075,-5,-5,11,17945
DATA,9011,-35,22,2085,-5,-7,11,18570
DATA,9012,-36,26,2076,-4,-1,10,19195
DATA,9013,-41,24,2072,-5,-2,12,19820
DATA,9014,-41,26,2079,-5,-7,12,20445
DATA,9015,-32,22,2082,-5,-4,9,21070
DATA,9016,-39,21,2075,-6,-1,10,21695
DATA,9017,-41,23,2077,-4,-5,11,22320
DATA,9018,-38,20,2082,-4,-5,12,22945
DATA,9019,-34,23,2078,-5,-3,9,23570
DATA,9020,-42,23,2073,-4,-3,10,24195
DATA,9021,-38,24,2080,-5,-5,11,24820
DATA,9022,-36,23,2085,-5,-3,11,25445
DATA,9023,-39,22,2077,-4,-2,10,26070
DATA,9024,-41,26,2077,-4,-4,11,26695
DATA,9025,-34,23,2084,-6,-7,11,27320
DATA,9026,-36,23,2078,-6,-2,11,27945
DATA,9027,-42,22,2075,-5,-2,10,28570
DATA,9028,-40,22,2081,-5,-7,12,29195
DATA,9029,-32,22,2081,-5,-2,10,29820
DATA,9030,-41,24,2074,-5,-1,10,30445
DATA,9031,-41,25,2078,-4,-6,10,31070
DATA,9032,-34,22,2080,-5,-5,10,31695
DATA,9033,-39,26,2074,-6,-2,11,32320
DATA,9034,-41,23,2076,-5,-4,11,32945
DATA,9035,-38,21,2080,-5,-7,11,33570
DATA,9036,-34,23,2080,-4,-3,11,34195
DATA,9037,-42,23,2073,-4,-2,10,34820
DATA,9038,-40,24,2078,-5,-6,11,35445
DATA,9039,-34,24,2080,-5,-4,12,36070
DATA,9040,-37,23,2074,-5,-2,9,36695
DATA,9041,-41,24,2075,-5,-3,12,37320
DATA,9042,-37,22,2081,-5,-6,11,37945
DATA,9043,-38,23,2079,-5,-2,10,38570
DATA,9044,-42,23,2074,-5,-3,12,39195
DATA,9045,-36,25,2079,-5,-5,10,39820
DATA,9046,-34,22,2081,-5,-3,10,40445
DATA,9047,-38,23,2074,-6,-3,10,41070
DATA,9048,-43,25,2076,-5,-5,10,41695
DATA,9049,-39,22,2081,-5,-5,11,42320
DATA,9050,-38,22,2079,-5,-2,11,42945
DATA,9051,-41,22,2074,-5,-2,10,43570
DATA,9052,-40,23,2079,-5,-6,9,44195
DATA,9053,-36,24,2079,-5,-3,11,44820
DATA,9054,-39,24,2073,-5,-2,9,45445
DATA,9055,-41,22,2078,-4,-6,12,46070
DATA,9056,-37,22,2079,-4,-6,10,46695
DATA,9057,-37,23,2075,-5,-2,10,47320
DATA,9058,-41,22,2073,-5,-4,12,47945
DATA,9059,-37,24,2080,-5,-5,11,48570
DATA,9060,-36,24,2079,-6,-4,10,49195
DATA,9061,-42,23,2070,-6,-2,10,49820
DATA,9062,-39,23,2078,-4,-5,11,50445
DATA,9063,-36,22,2078,-4,-4,10,51070
DATA,9064,-38,24,2072,-5,-1,10,51695
DATA,9065,-40,23,2073,-5,-4,11,52320
DATA,9066,-36,22,2077,-4,-7,10,52945
DATA,9067,-36,23,2075,-4,-2,11,53570
DATA,9068,-41,23,2072,-4,-1,10,54195
DATA,9069,-39,23,2075,-5,-6,11,54820
DATA,9070,-36,22,2079,-5,-3,11,55445
DATA,9071,-40,23,2067,-6,-1,10,56070
DATA,9072,-43,26,2073,-4,-5,11,56695
DATA,9073,-34,25,2077,-6,-6,12,57320
DATA,9074,-39,21,2075,-4,-2,11,57945
DATA,9075,-42,21,2069,-5,-4,11,58570
DATA,9076,-39,23,2077,-5,-7,11,59195
DATA,9077,-35,23,2077,-5,-4,10,59820
DATA,9078,-38,23,2071,-5,-1,10,60445
DATA,9079,-39,24,2072,-4,-6,12,61070
DATA,9080,-34,24,2080,-5,-6,12,61695
DATA,9081,-39,23,2073,-6,-1,11,62320
DATA,9082,-42,24,2072,-5,-3,10,62945
DATA,9083,-38,23,2080,-5,-7,12,63570
DATA,9084,-37,23,2076,-5,-3,10,64195
DATA,9085,-40,22,2071,-5,-1,9,64820
DATA,9086,-40,25,2074,-4,-6,11,65445
DATA,9087,-36,22,2081,-5,-5,10,534
DATA,9088,-38,24,2075,-5,-2,11,1159
DATA,9089,-43,23,2074,-5,-3,12,1784
DATA,9090,-39,22,2077,-5,-6,11,2409
DATA,9091,-38,22,2077,-6,-4,10,3034
DATA,9092,-41,23,2071,-5,-2,10,3659
DATA,9093,-44,24,2079,-4,-5,11,4284
DATA,9094,-35,24,2080,-5,-6,10,4909
DATA,9095,-36,22,2074,-5,-2,10,5534
DATA,9096,-44,22,2072,-5,-3,11,6159
DATA,9097,-38,23,2082,-5,-7,11,6784
DATA,9098,-36,24,2080,-4,-2,11,7409
DATA,9099,-43,23,2072,-5,-2,9,8034
DATA,9100,-40,23,2077,-4,-6,12,8659
DATA,9101,-33,25,2080,-5,-5,11,9284
DATA,9102,-39,21,2076,-4,-1,10,9909
DATA,9103,-43,23,2074,-4,-4,12,10534
DATA,9104,-37,22,2082,-4,-7,11,11159
DATA,9105,-36,24,2078,-5,-3,10,11784
DATA,9106,-42,26,2074,-4,-1,11,12409
DATA,9107,-40,22,2080,-5,-5,11,13034
DATA,9108,-36,22,2081,-7,-4,11,13659
DATA,9109,-39,25,2075,-5,-1,10,14284
DATA,9110,-40,24,2079,-4,-4,11,14909
DATA,9111,-36,22,2082,-4,-5,12,15534
DATA,9112,-37,23,2079,-5,-2,11,16159
DATA,9113,-40,23,2074,-5,-4,10,16784
DATA,9114,-40,23,2081,-5,-6,11,17409
DATA,9115,-36,22,2083,-6,-5,10,18034
DATA,9116,-40,24,2076,-6,-2,11,18659
DATA,9117,-43,23,2077,-5,-5,11,19284
DATA,9118,-34,22,2080,-5,-5,11,19909
DATA,9119,-37,24,2075,-5,-1,10,20534
DATA,9120,-41,24,2074,-4,-3,11,21159
DATA,9121,-39,24,2082,-5,-6,10,21784
DATA,9122,-35,22,2081,-6,-3,10,22409
DATA,9123,-40,22,2074,-5,-3,11,23034
DATA,9124,-40,23,2078,-5,-5,11,23659
DATA,9125,-36,24,2080,-6,-5,10,24284
DATA,9126,-40,22,2074,-5,-2,11,24909
DATA,9127,-40,22,2076,-5,-4,10,25534
DATA,9128,-38,25,2080,-5,-6,10,26159
DATA,9129,-38,24,2079,-5,-2,10,26784
DATA,9130,-41,23,2072,-4,-3,11,27409
DATA,9131,-41,24,2082,-5,-6,11,28034
DATA,9132,-35,21,2080,-6,-4,11,28659
DATA,9133,-38,25,2074,-5,-2,10,29284
DATA,9134,-40,23,2074,-5,-5,10,29909
DATA,9135,-37,25,2080,-6,-5,11,30534
DATA,9136,-36,21,2077,-5,-2,10,31159
DATA,9137,-44,25,2075,-4,-3,11,31784
DATA,9138,-39,23,2081,-5,-6,11,32409
DATA,9139,-37,23,2078,-6,-4,11,33034
DATA,9140,-40,25,2075,-5,-2,10,33659
DATA,9141,-38,25,2077,-5,-5,11,34284
DATA,9142,-35,24,2081,-5,-4,11,34909
DATA,9143,-37,22,2075,-5,-3,11,35534
DATA,9144,-41,21,2073,-5,-3,11,36159
DATA,9145,-39,24,2081,-6,-6,11,36784
DATA,9146,-34,23,2080,-5,-3,10,37409
DATA,9147,-41,23,2075,-5,-2,10,38034
DATA,9148,-40,24,2077,-4,-5,10,38659
DATA,9149,-35,22,2080,-4,-5,11,39284
DATA,9150,-35,24,2076,-5,-2,10,39909
DATA,9151,-42,22,2074,-4,-2,10,40534
DATA,9152,-37,24,2082,-5,-7,11,41159
DATA,9153,-35,22,2081,-4,-3,11,41784
DATA,9154,-43,24,2073,-5,-1,10,42409
DATA,9155,-41,24,2078,-5,-7,10,43034
DATA,9156,-33,23,2083,-5,-6,11,43659
DATA,9157,-38,22,2077,-5,-1,8,44284
DATA,9158,-43,24,2074,-5,-4,9,44909
DATA,9159,-39,20,2082,-5,-8,11,45534
DATA,9160,-36,23,2079,-5,-3,11,46159
DATA,9161,-42,26,2073,-5,-1,10,46784
DATA,9162,-42,23,2079,-4,-6,10,47409
DATA,9163,-34,24,2083,-5,-3,10,48034
DATA,9164,-39,22,2075,-5,0,10,48659
DATA,9165,-43,24,2075,-4,-5,12,49284
DATA,9166,-35,24,2083,-5,-7,11,49909
DATA,9167,-36,23,2078,-6,0,11,50534
DATA,9168,-42,24,2071,-5,-1,9,51159
DATA,9169,-40,26,2077,-5,-6,13,51784
DATA,9170,-34,26,2084,-5,-5,10,52409
DATA,9171,-39,22,2075,-5,-1,10,53034
DATA,9172,-43,21,2073,-4,-5,11,53659
DATA,9173,-36,25,2084,-5,-7,11,54284
DATA,9174,-36,23,2077,-5,-1,10,54909
DATA,9175,-43,24,2073,-5,-2,10,55534
DATA,9176,-39,24,2077,-5,-7,11,56159
DATA,9177,-37,24,2083,-6,-5,11,56784
DATA,9178,-41,23,2074,-5,0,10,57409
DATA,9179,-41,24,2077,-4,-5,11,58034
DATA,9180,-36,24,2082,-6,-6,11,58659
DATA,9181,-36,22,2077,-5,-1,10,59284
DATA,9182,-41,23,2073,-5,-2,10,59909
DATA,9183,-36,24,2081,-4,-7,11,60534
DATA,9184,-35,24,2081,-5,-3,9,61159
DATA,9185,-39,24,2074,-5,-1,9,61784
DATA,9186,-42,24,2075,-4,-5,11,62409
DATA,9187,-35,26,2082,-5,-6,10,63034
DATA,9188,-34,22,2080,-6,-1,10,63659
DATA,9189,-41,24,2074,-4,-3,9,64284
DATA,9190,-37,24,2077,-5,-6,10,64909
DATA,9191,-34,21,2079,-5,-3,11,65534
DATA,9192,-42,22,2072,-4,-2,10,623
DATA,9193,-42,23,2076,-5,-5,12,1248
DATA,9194,-33,22,2079,-5,-4,10,1873
DATA,9195,-36,22,2074,-5,-1,12,2498
DATA,9196,-41,26,2072,-4,-3,10,3123
DATA,9197,-39,21,2079,-5,-7,11,3748
DATA,9198,-36,21,2076,-5,-2,11,4373
DATA,9199,-41,24,2070,-5,-2,11,4998
DATA,9200,-41,25,2077,-5,-6,11,5623
DATA,9201,-36,24,2082,-5,-4,10,6248
DATA,9202,-35,23,2076,-5,-2,9,6873
DATA,9203,-42,22,2075,-5,-4,11,7498
DATA,9204,-37,24,2078,-5,-6,10,8123
DATA,9205,-37,22,2075,-5,-2,11,8748
DATA,9206,-41,24,2075,-5,-2,10,9373
DATA,9207,-40,24,2079,-5,-8,11,9998
DATA,9208,-34,22,2079,-5,-5,11,10623
DATA,9209,-42,22,2075,-5,-1,10,11248
DATA,9210,-42,24,2076,-5,-5,10,11873
DATA,9211,-35,23,2082,-5,-5,11,12498
DATA,9212,-37,23,2076,-4,-2,10,13123
DATA,9213,-42,24,2076,-5,-4,11,13748
DATA,9214,-38,24,2080,-5,-6,11,14373
DATA,9215,-37,24,2079,-4,-4,12,14998
DATA,9216,-41,23,2074,-4,-1,10,15623
DATA,9217,-40,24,2078,-4,-7,11,16248
DATA,9218,-36,23,2080,-6,-6,10,16873
DATA,9219,-38,24,2075,-4,-1,11,17498
DATA,9220,-43,24,2075,-5,-4,10,18123
DATA,9221,-35,22,2081,-5,-6,11,18748
DATA,9222,-37,21,2077,-5,-4,10,19373
DATA,9223,-41,26,2074,-5,-2,10,19998
DATA,9224,-40,21,2080,-5,-5,11,20623
DATA,9225,-36,23,2079,-5,-5,12,21248
DATA,9226,-40,24,2072,-5,-1,9,21873
DATA,9227,-42,25,2075,-5,-4,9,22498
DATA,9228,-37,23,2083,-5,-7,11,23123
DATA,9229,-36,24,2077,-6,-3,9,23748
DATA,9230,-42,23,2072,-5,-2,10,24373
DATA,9231,-41,23,2080,-4,-7,11,24998
DATA,9232,-35,21,2082,-5,-4,10,25623
DATA,9233,-39,23,2073,-6,0,12,26248
DATA,9234,-42,24,2074,-4,-5,10,26873
DATA,9235,-36,23,2083,-6,-7,11,27498
DATA,9236,-36,22,2078,-5,-1,11,28123
DATA,9237,-43,25,2070,-5,-1,9,28748
DATA,9238,-39,23,2080,-5,-7,10,29373
DATA,9239,-31,23,2079,-5,-5,11,29998
DATA,9240,-41,22,2075,-4,-1,10,30623
DATA,9241,-43,23,2076,-5,-6,10,31248
DATA,9242,-33,23,2083,-5,-7,11,31873
DATA,9243,-37,24,2077,-5,0,11,32498
DATA,9244,-42,23,2071,-4,-4,11,33123
DATA,9245,-39,24,2082,-6,-7,11,33748
DATA,9246,-32,21,2080,-6,-3,11,34373
DATA,9247,-42,26,2074,-5,0,10,34998
DATA,9248,-42,25,2076,-4,-7,11,35623
DATA,9249,-36,23,2081,-5,-6,9,36248
DATA,9250,-41,22,2076,-5,-1,10,36873
DATA,9251,-42,22,2073,-5,-3,10,37498
DATA,9252,-41,23,2080,-5,-7,11,38123
DATA,9253,-36,22,2078,-6,-3,11,38748
DATA,9254,-39,24,2072,-5,-1,10,39373
DATA,9255,-42,24,2074,-5,-6,11,39998
DATA,9256,-35,22,2080,-5,-6,12,40623
DATA,9257,-36,23,2076,-5,-1,10,41248
DATA,9258,-41,23,2071,-5,-3,10,41873
DATA,9259,-37,23,2080,-6,-7,10,42498
DATA,9260,-35,21,2079,-5,-2,9,43123
DATA,9261,-40,25,2069,-5,-1,10,43748
DATA,9262,-41,23,2078,-5,-6,11,44373
DATA,9263,-34,23,2082,-6,-5,10,44998
DATA,9264,-37,24,2076,-5,-2,11,45623
DATA,9265,-42,22,2071,-5,-4,11,46248
DATA,9266,-37,23,2079,-4,-6,11,46873
DATA,9267,-36,24,2079,-5,-2,12,47498
DATA,9268,-40,22,2071,-4,-3,10,48123
DATA,9269,-42,23,2076,-5,-6,11,48748
DATA,9270,-35,23,2079,-5,-6,12,49373
DATA,9271,-39,23,2072,-6,-2,9,49998
DATA,9272,-42,24,2071,-5,-5,12,50623
DATA,9273,-37,22,2080,-4,-7,11,51248
DATA,9274,-38,23,2075,-6,-1,9,51873
DATA,9275,-42,22,2067,-5,-2,10,52498
DATA,9276,-39,23,2075,-6,-7,11,53123
DATA,9277,-34,23,2075,-5,-5,10,53748
DATA,9278,-39,23,2075,-5,-2,11,54373
DATA,9279,-40,22,2073,-6,-5,11,54998
DATA,9280,-37,23,2077,-6,-6,11,55623
DATA,9281,-37,25,2074,-5,-3,12,56248
DATA,9282,-40,23,2073,-4,-3,10,56873
DATA,9283,-40,24,2078,-5,-7,10,57498
DATA,9284,-34,24,2078,-4,-3,11,58123
DATA,9285,-42,23,2073,-6,-1,10,58748
DATA,9286,-40,23,2076,-5,-5,12,59373
DATA,9287,-37,23,2078,-4,-5,11,59998
DATA,9288,-38,23,2075,-5,-2,10,60623
DATA,9289,-42,23,2073,-6,-3,11,61248
DATA,9290,-38,22,2078,-5,-5,11,61873
DATA,9291,-37,24,2075,-5,-4,11,62498
DATA,9292,-40,22,2074,-4,-2,9,63123
DATA,9293,-37,25,2080,-5,-6,10,63748
DATA,9294,-37,22,2078,-5,-6,12,64373
DATA,9295,-37,23,2076,-5,-3,10,64998
DATA,9296,-41,21,2076,-5,-5,11,87
DATA,9297,-38,22,2080,-6,-6,10,712
DATA,9298,-36,23,2077,-5,-2,10,1337
DATA,9299,-43,23,2074,-5,-2,10,1962
DATA,9300,-38,24,2081,-5,-7,11,2587
DATA,9301,-35,25,2082,-5,-4,11,3212
DATA,9302,-39,23,2075,-5,-2,10,3837
DATA,9303,-41,22,2077,-4,-5,11,4462
DATA,9304,-36,25,2080,-5,-5,11,5087
DATA,9305,-38,22,2079,-5,-1,10,5712
DATA,9306,-40,23,2077,-4,-3,10,6337
DATA,9307,-39,21,2081,-5,-6,12,6962
DATA,9308,-36,23,2082,-5,-4,10,7587
DATA,9309,-40,23,2075,-5,-2,10,8212
DATA,9310,-41,22,2079,-5,-6,10,8837
DATA,9311,-37,23,2084,-6,-6,10,9462
DATA,9312,-36,21,2077,-4,-1,11,10087
DATA,9313,-43,23,2074,-4,-3,11,10712
DATA,9314,-37,22,2083,-5,-8,12,11337
DATA,9315,-37,24,2079,-5,-2,11,11962
DATA,9316,-41,24,2074,-6,-2,10,12587
DATA,9317,-41,23,2080,-4,-6,13,13212
DATA,9318,-34,22,2084,-7,-5,10,13837
DATA,9319,-40,23,2073,-6,0,10,14462
DATA,9320,-42,25,2075,-5,-4,11,15087
DATA,9321,-36,25,2083,-4,-7,11,15712
DATA,9322,-37,24,2080,-6,-2,11,16337
DATA,9323,-44,23,2075,-4,-1,10,16962
DATA,9324,-39,21,2079,-4,-6,10,17587
DATA,9325,-34,24,2084,-5,-4,11,18212
DATA,9326,-37,24,2074,-5,-1,10,18837
DATA,9327,-42,24,2074,-5,-5,9,19462
DATA,9328,-38,22,2083,-4,-6,12,20087
DATA,9329,-35,20,2079,-7,-1,10,20712
DATA,9330,-39,23,2074,-5,-2,10,21337
DATA,9331,-40,22,2079,-5,-6,12,21962
DATA,9332,-34,23,2084,-5,-5,11,22587
DATA,9333,-39,23,2077,-5,0,11,23212
DATA,9334,-41,25,2077,-4,-4,11,23837
DATA,9335,-36,25,2083,-5,-6,10,24462
DATA,9336,-35,24,2076,-5,-1,9,25087
DATA,9337,-41,23,2076,-5,-2,11,25712
DATA,9338,-38,21,2079,-4,-6,10,26337
DATA,9339,-35,24,2080,-6,-4,10,26962
DATA,9340,-40,23,2076,-5,-1,10,27587
DATA,9341,-42,24,2077,-5,-6,12,28212
DATA,9342,-34,23,2084,-5,-5,11,28837
DATA,9343,-37,22,2077,-5,-2,10,29462
DATA,9344,-44,24,2073,-6,-4,11,30087
DATA,9345,-40,22,2079,-5,-7,12,30712
DATA,9346,-35,24,2081,-5,-3,11,31337
DATA,9347,-40,23,2075,-6,-1,11,31962
DATA,9348,-42,24,2077,-5,-6,11,32587
DATA,9349,-36,25,2081,-6,-6,10,33212
DATA,9350,-37,25,2076,-5,-1,9,33837
DATA,9351,-41,24,2073,-5,-3,9,34462
DATA,9352,-36,23,2079,-5,-5,11,35087
DATA,9353,-33,22,2079,-5,-3,11,35712
DATA,9354,-40,21,2076,-5,-2,9,36337
DATA,9355,-39,23,2079,-5,-6,10,36962
DATA,9356,-35,23,2081,-5,-5,10,37587
DATA,9357,-39,22,2075,-5,-1,9,38212
DATA,9358,-41,24,2077,-5,-4,11,38837
DATA,9359,-36,23,2082,-5,-6,12,39462
DATA,9360,-37,22,2077,-5,-1,10,40087
DATA,9361,-41,24,2074,-4,-3,10,40712
DATA,9362,-40,24,2079,-5,-6,11,41337
DATA,9363,-35,23,2079,-6,-4,10,41962
DATA,9364,-40,23,2072,-5,-1,12,42587
DATA,9365,-42,22,2075,-5,-5,10,43212
DATA,9366,-36,21,2079,-5,-4,11,43837
DATA,9367,-39,23,2075,-4,-2,10,44462
DATA,9368,-43,23,2073,-5,-3,10,45087
DATA,9369,-37,22,2079,-5,-5,12,45712
DATA,9370,-34,25,2079,-6,-2,10,46337
DATA,9371,-40,22,2072,-5,-1,10,46962
DATA,9372,-40,22,2075,-5,-5,11,47587
DATA,9373,-35,22,2081,-5,-4,11,48212
DATA,9374,-38,22,2070,-5,-2,10,48837
DATA,9375,-43,22,2074,-5,-3,12,49462
DATA,9376,-37,22,2080,-5,-7,11,50087
DATA,9377,-37,21,2075,-6,-3,10,50712
DATA,9378,-41,24,2070,-5,-2,11,51337
DATA,9379,-39,24,2078,-4,-7,11,51962
DATA,9380,-35,23,2079,-4,-5,9,52587
DATA,9381,-37,21,2072,-5,-1,11,53212
DATA,9382,-39,23,2072,-4,-5,11,53837
DATA,9383,-36,25,2081,-6,-6,12,54462
DATA,9384,-35,24,2080,-6,-2,10,55087
DATA,9385,-43,23,2070,-5,-2,10,55712
DATA,9386,-38,24,2078,-5,-8,11,56337
DATA,9387,-34,23,2081,-5,-4,12,56962
DATA,9388,-41,24,2072,-5,0,10,57587
DATA,9389,-41,23,2075,-5,-5,11,58212
DATA,9390,-37,23,2085,-5,-6,11,58837
DATA,9391,-35,23,2077,-6,-1,10,59462
DATA,9392,-42,23,2073,-5,-3,11,60087
DATA,9393,-38,25,2078,-4,-8,11,60712
DATA,9394,-31,23,2079,-5,-2,10,61337
DATA,9395,-40,23,2072,-5,1,10,61962
DATA,9396,-43,24,2075,-5,-5,12,62587
DATA,9397,-34,24,2084,-5,-6,12,63212
DATA,9398,-38,22,2075,-5,-1,10,63837
DATA,9399,-45,23,2073,-5,-3,9,64462
DATA,9400,-37,23,2081,-4,-7,13,65087
DATA,9401,-33,24,2081,-4,-3,10,176
DATA,9402,-41,22,2069,-4,1,9,801
DATA,9403,-43,24,2078,-4,-6,11,1426
DATA,9404,-35,22,2084,-5,-5,10,2051
DATA,9405,-36,23,2078,-5,0,10,2676
DATA,9406,-45,25,2072,-4,-3,11,3301
DATA,9407,-39,23,2081,-5,-7,12,3926
DATA,9408,-34,23,2081,-5,-3,9,4551
DATA,9409,-42,22,2072,-4,0,9,5176
DATA,9410,-40,24,2076,-3,-7,10,5801
DATA,9411,-35,22,2083,-5,-5,10,6426
DATA,9412,-39,23,2076,-5,0,10,7051
DATA,9413,-45,23,2075,-5,-3,10,7676
DATA,9414,-37,23,2084,-5,-8,11,8301
DATA,9415,-34,22,2077,-6,-2,10,8926
DATA,9416,-40,25,2074,-5,0,11,9551
DATA,9417,-42,24,2078,-5,-7,13,10176
DATA,9418,-34,22,2083,-5,-6,12,10801
DATA,9419,-38,23,2074,-6,-1,9,11426
DATA,9420,-43,24,2073,-4,-5,12,12051
DATA,9421,-37,24,2082,-5,-7,11,12676
DATA,9422,-35,22,2077,-5,-2,11,13301
DATA,9423,-40,23,2073,-4,-2,9,13926
DATA,9424,-41,23,2082,-5,-9,10,14551
DATA,9425,-36,21,2083,-5,-5,10,15176
DATA,9426,-40,24,2074,-6,0,10,15801
DATA,9427,-43,24,2074,-5,-7,11,16426
DATA,9428,-33,24,2084,-5,-6,11,17051
DATA,9429,-35,23,2080,-6,-1,11,17676
DATA,9430,-42,24,2075,-5,-3,11,18301
DATA,9431,-41,21,2081,-4,-6,12,18926
DATA,9432,-33,23,2082,-6,-4,11,19551
DATA,9433,-40,24,2074,-5,-2,11,20176
DATA,9434,-40,23,2077,-5,-6,10,20801
DATA,9435,-35,23,2082,-6,-5,11,21426
DATA,9436,-36,22,2077,-5,-1,11,22051
DATA,9437,-42,23,2074,-5,-3,12,22676
DATA,9438,-39,23,2083,-4,-6,10,23301
DATA,9439,-35,23,2080,-5,-3,11,23926
DATA,9440,-41,23,2072,-4,-2,11,24551
DATA,9441,-41,23,2076,-5,-6,10,25176
DATA,9442,-34,23,2081,-5,-6,12,25801
DATA,9443,-37,23,2075,-6,-1,11,26426
DATA,9444,-43,23,2073,-4,-4,9,27051
DATA,9445,-38,23,2084,-6,-7,11,27676
DATA,9446,-37,22,2080,-5,-2,10,28301
DATA,9447,-43,25,2075,-6,-2,10,28926
DATA,9448,-39,22,2079,-5,-7,11,29551
DATA,9449,-35,23,2082,-6,-4,9,30176
DATA,9450,-38,26,2073,-5,-1,11,30801
DATA,9451,-41,24,2075,-5,-5,10,31426
DATA,9452,-36,22,2085,-5,-6,11,32051
DATA,9453,-34,23,2079,-5,0,9,32676
DATA,9454,-41,23,2074,-4,-2,10,33301
DATA,9455,-38,21,2082,-5,-6,11,33926
DATA,9456,-35,23,2080,-6,-3,10,34551
DATA,9457,-40,23,2073,-5,-1,10,35176
DATA,9458,-42,25,2075,-4,-6,11,35801
DATA,9459,-36,23,2086,-5,-5,11,36426
DATA,9460,-35,22,2078,-5,-1,10,37051
DATA,9461,-44,23,2073,-3,-3,11,37676
DATA,9462,-37,23,2080,-5,-8,11,38301
DATA,9463,-34,22,2081,-6,-3,10,38926
DATA,9464,-42,23,2073,-5,0,11,39551
DATA,9465,-40,25,2076,-5,-6,12,40176
DATA,9466,-33,22,2084,-5,-5,10,40801
DATA,9467,-38,23,2073,-5,-1,10,41426
DATA,9468,-44,23,2072,-4,-4,11,42051
DATA,9469,-37,22,2081,-5,-7,11,42676
DATA,9470,-35,23,2078,-5,-3,11,43301
DATA,9471,-42,22,2071,-6,-2,9,43926
DATA,9472,-39,22,2077,-5,-6,11,44551
DATA,9473,-33,24,2084,-5,-5,11,45176
DATA,9474,-38,22,2077,-5,-1,10,45801
DATA,9475,-41,24,2075,-5,-6,10,46426
DATA,9476,-37,20,2081,-5,-7,11,47051
DATA,9477,-35,22,2080,-5,-3,10,47676
DATA,9478,-43,23,2073,-5,-3,9,48301
DATA,9479,-41,22,2078,-5,-7,10,48926
DATA,9480,-35,22,2084,-5,-5,11,49551
DATA,9481,-39,22,2074,-5,0,10,50176
DATA,9482,-41,23,2074,-4,-3,11,50801
DATA,9483,-36,22,2080,-6,-6,11,51426
DATA,9484,-35,24,2079,-4,-3,11,52051
DATA,9485,-41,24,2072,-5,-2,11,52676
DATA,9486,-41,24,2080,-4,-7,12,53301
DATA,9487,-35,22,2084,-5,-4,10,53926
DATA,9488,-40,23,2074,-5,-1,9,54551
DATA,9489,-42,22,2075,-5,-5,10,55176
DATA,9490,-36,23,2083,-5,-6,11,55801
DATA,9491,-35,25,2076,-5,-1,10,56426
DATA,9492,-43,22,2071,-5,-3,11,57051
DATA,9493,-38,22,2077,-4,-6,11,57676
DATA,9494,-36,24,2081,-5,-3,11,58301
DATA,9495,-41,21,2075,-4,-3,11,58926
DATA,9496,-41,25,2074,-5,-6,12,59551
DATA,9497,-37,22,2080,-5,-5,11,60176
DATA,9498,-36,21,2071,-5,-1,12,60801
DATA,9499,-42,24,2071,-4,-3,9,61426
DATA,9500,-40,25,2077,-5,-5,11,62051
DATA,9501,-36,23,2081,-5,-3,10,62676
DATA,9502,-41,22,2075,-5,-1,9,63301
DATA,9503,-38,24,2078,-6,-6,10,63926
DATA,9504,-35,21,2080,-5,-5,11,64551
DATA,9505,-38,22,2076,-5,-1,11,65176
DATA,9506,-43,23,2074,-4,-4,11,265
DATA,9507,-38,24,2082,-5,-7,10,890
DATA,9508,-36,21,2078,-5,-3,11,1515
DATA,9509,-44,22,2073,-5,-3,10,2140
DATA,9510,-40,26,2081,-5,-7,10,2765
DATA,9511,-36,24,2081,-6,-4,12,3390
DATA,9512,-39,22,2076,-5,-1,11,4015
DATA,9513,-40,24,2077,-4,-4,10,4640
DATA,9514,-37,22,2080,-5,-5,11,5265
DATA,9515,-37,23,2079,-6,-2,9,5890
DATA,9516,-42,23,2078,-4,-4,11,6515
DATA,9517,-40,23,2079,-5,-6,11,7140
DATA,9518,-35,21,2082,-5,-3,10,7765
DATA,9519,-38,23,2074,-5,-2,10,8390
DATA,9520,-42,24,2078,-5,-5,11,9015
DATA,9521,-38,21,2083,-5,-6,12,9640
DATA,9522,-36,22,2078,-5,-3,11,10265
DATA,9523,-43,25,2075,-5,-3,11,10890
DATA,9524,-39,22,2081,-5,-5,10,11515
DATA,9525,-36,23,2079,-6,-4,10,12140
DATA,9526,-40,23,2073,-5,-1,10,12765
DATA,9527,-41,23,2077,-4,-5,12,13390
DATA,9528,-37,22,2083,-5,-5,13,14015
DATA,9529,-38,22,2076,-5,-2,9,14640
DATA,9530,-43,22,2078,-4,-4,11,15265
DATA,9531,-39,22,2082,-5,-6,11,15890
DATA,9532,-36,25,2081,-5,-2,9,16515
DATA,9533,-42,23,2073,-5,-1,10,17140
DATA,9534,-41,23,2079,-4,-6,10,17765
DATA,9535,-34,21,2082,-5,-5,12,18390
DATA,9536,-39,23,2076,-5,-1,11,19015
DATA,9537,-41,23,2079,-5,-4,12,19640
DATA,9538,-37,23,2083,-5,-5,10,20265
DATA,9539,-38,21,2078,-5,-1,11,20890
DATA,9540,-43,21,2073,-4,-3,10,21515
DATA,9541,-38,22,2081,-5,-7,10,22140
DATA,9542,-34,22,2080,-5,-4,11,22765
DATA,9543,-41,24,2070,-4,-1,9,23390
DATA,9544,-42,24,2075,-4,-5,11,24015
DATA,9545,-36,22,2083,-4,-5,10,24640
DATA,9546,-39,22,2080,-5,-2,9,25265
DATA,9547,-42,22,2074,-5,-4,10,25890
DATA,9548,-39,23,2079,-4,-8,10,26515
DATA,9549,-34,22,2079,-5,-4,9,27140
DATA,9550,-40,24,2071,-5,-1,11,27765
DATA,9551,-41,24,2077,-4,-5,10,28390
DATA,9552,-39,23,2082,-5,-6,11,29015
DATA,9553,-37,23,2075,-5,-1,10,29640
DATA,9554,-43,22,2073,-4,-3,10,30265
DATA,9555,-38,24,2080,-5,-7,11,30890
DATA,9556,-35,23,2079,-4,-3,11,31515
DATA,9557,-41,24,2073,-5,-1,10,32140
DATA,9558,-41,25,2077,-6,-7,12,32765
DATA,9559,-36,21,2085,-5,-5,10,33390
DATA,9560,-37,21,2075,-5,-1,9,34015
DATA,9561,-43,23,2072,-4,-3,11,34640
DATA,9562,-36,23,2079,-5,-7,12,35265
DATA,9563,-34,21,2077,-6,-2,10,35890
DATA,9564,-42,24,2074,-5,-1,8,36515
DATA,9565,-42,23,2079,-5,-6,10,37140
DATA,9566,-35,22,2081,-5,-4,9,37765
DATA,9567,-38,22,2073,-5,-1,10,38390
DATA,9568,-43,24,2071,-4,-4,12,39015
DATA,9569,-37,24,2078,-5,-6,12,39640
DATA,9570,-37,23,2077,-5,-2,12,40265
DATA,9571,-43,24,2070,-5,-3,10,40890
DATA,9572,-39,25,2077,-5,-6,12,41515
DATA,9573,-37,22,2079,-5,-4,11,42140
DATA,9574,-39,23,2071,-5,-2,10,42765
DATA,9575,-42,25,2074,-5,-4,11,43390
DATA,9576,-36,22,2077,-5,-6,11,44015
DATA,9577,-37,23,2074,-6,-2,9,44640
DATA,9578,-43,23,2069,-5,-3,10,45265
DATA,9579,-40,23,2077,-5,-6,10,45890
DATA,9580,-35,21,2078,-5,-3,9,46515
DATA,9581,-43,21,2069,-4,-2,10,47140
DATA,9582,-42,24,2075,-4,-5,10,47765
DATA,9583,-35,22,2079,-5,-5,10,48390
DATA,9584,-38,21,2074,-5,-1,9,49015
DATA,9585,-44,23,2073,-4,-3,11,49640
DATA,9586,-37,20,2081,-4,-5,11,50265
DATA,9587,-37,21,2079,-5,-3,11,50890
DATA,9588,-41,22,2073,-6,-2,10,51515
DATA,9589,-37,24,2077,-5,-7,11,52140
DATA,9590,-36,21,2080,-5,-5,11,52765
DATA,9591,-38,24,2072,-5,-1,11,53390
DATA,9592,-41,24,2074,-6,-4,12,54015
DATA,9593,-36,22,2081,-5,-7,11,54640
DATA,9594,-36,23,2076,-4,-2,10,55265
DATA,9595,-42,21,2073,-5,-3,11,55890
DATA,9596,-39,25,2080,-5,-6,11,56515
DATA,9597,-33,25,2083,-5,-4,11,57140
DATA,9598,-39,23,2073,-4,-1,11,57765
DATA,9599,-41,24,2079,-5,-6,11,58390